v -0.146409 -0.319458 0.0679408 1 1 1
v -0.165825 -0.315053 0.0670039 1 1 1
v -0.126888 -0.321193 0.0683098 1 1 1
v -0.107366 -0.321793 0.0684372 1 1 1
v -0.0878452 -0.321963 0.0684735 1 1 1
v -0.0683241 -0.321991 0.0684793 1 1 1
v -0.0488029 -0.321989 0.0684791 1 1 1
v -0.0292817 -0.321994 0.06848 1 1 1
v -0.0097605 -0.321996 0.0684805 1 1 1
v 0.00976062 -0.321996 0.0684805 1 1 1
v 0.0292817 -0.321994 0.06848 1 1 1
v 0.048803 -0.32199 0.0684791 1 1 1
v 0.0683241 -0.321991 0.0684793 1 1 1
v 0.0878453 -0.321963 0.0684735 1 1 1
v 0.107366 -0.321793 0.0684372 1 1 1
v 0.126888 -0.321193 0.0683098 1 1 1
v 0.146409 -0.319458 0.0679408 1 1 1
v 0.165825 -0.315053 0.0670039 1 1 1
v -0.185451 -0.302003 0.0642285 1 1 1
v -0.19024 -0.295959 0.062943 1 1 1
v -0.16593 -0.315024 0.0669977 1 1 1
v 0.16593 -0.315024 0.0669977 1 1 1
v 0.185451 -0.302003 0.0642284 1 1 1
v 0.19024 -0.295959 0.062943 1 1 1
v -0.194865 -0.276865 0.0588822 1 1 1
v 0.194865 -0.276865 0.0588822 1 1 1
v -0.193113 -0.257771 0.0548213 1 1 1
v 0.193113 -0.257771 0.0548213 1 1 1
v -0.302578 -0.246571 0.0524395 1 1 1
v -0.320046 -0.238677 0.0507605 1 1 1
v -0.283057 -0.24378 0.0518458 1 1 1
v -0.276915 -0.238677 0.0507605 1 1 1
v -0.187904 -0.238677 0.0507605 1 1 1
v 0.187904 -0.238677 0.0507605 1 1 1
v 0.283057 -0.24378 0.0518458 1 1 1
v 0.276915 -0.238677 0.0507605 1 1 1
v 0.302578 -0.246571 0.0524395 1 1 1
v 0.320046 -0.238677 0.0507605 1 1 1
v -0.34162 -0.222424 0.047304 1 1 1
v -0.344441 -0.219582 0.0466997 1 1 1
v -0.322099 -0.237885 0.0505922 1 1 1
v -0.263536 -0.223966 0.047632 1 1 1
v -0.260869 -0.219582 0.0466997 1 1 1
v -0.185451 -0.232179 0.0493786 1 1 1
v -0.181901 -0.219582 0.0466997 1 1 1
v 0.185451 -0.232179 0.0493787 1 1 1
v 0.181901 -0.219582 0.0466997 1 1 1
v 0.263536 -0.223966 0.047632 1 1 1
v 0.260869 -0.219582 0.0466997 1 1 1
v 0.322099 -0.237885 0.0505922 1 1 1
v 0.34162 -0.222424 0.0473039 1 1 1
v 0.344441 -0.219582 0.0466997 1 1 1
v -0.361142 -0.202895 0.0431507 1 1 1
v -0.363404 -0.200488 0.0426388 1 1 1
v -0.251498 -0.200488 0.0426388 1 1 1
v -0.175893 -0.200488 0.0426388 1 1 1
v 0.175893 -0.200488 0.0426388 1 1 1
v 0.251498 -0.200488 0.0426388 1 1 1
v 0.361142 -0.202895 0.0431507 1 1 1
v 0.363404 -0.200488 0.0426388 1 1 1
v -0.380663 -0.181895 0.0386845 1 1 1
v -0.381134 -0.181394 0.038578 1 1 1
v -0.244481 -0.181394 0.038578 1 1 1
v -0.168892 -0.181394 0.038578 1 1 1
v 0.168892 -0.181394 0.038578 1 1 1
v 0.244481 -0.181394 0.038578 1 1 1
v 0.380663 -0.181895 0.0386845 1 1 1
v 0.381134 -0.181394 0.038578 1 1 1
v -0.398947 -0.1623 0.0345171 1 1 1
v -0.244015 -0.180058 0.0382938 1 1 1
v -0.236839 -0.1623 0.0345171 1 1 1
v -0.16593 -0.174077 0.0370218 1 1 1
v -0.16231 -0.1623 0.0345171 1 1 1
v 0.16593 -0.174077 0.0370219 1 1 1
v 0.16231 -0.1623 0.0345171 1 1 1
v 0.244015 -0.180058 0.0382938 1 1 1
v 0.236839 -0.1623 0.0345171 1 1 1
v 0.398947 -0.1623 0.0345171 1 1 1
v -0.400184 -0.160958 0.0342318 1 1 1
v -0.416833 -0.143206 0.0304563 1 1 1
v -0.230365 -0.143206 0.0304563 1 1 1
v -0.15622 -0.143206 0.0304563 1 1 1
v 0.15622 -0.143206 0.0304563 1 1 1
v 0.230365 -0.143206 0.0304563 1 1 1
v 0.400184 -0.160958 0.0342318 1 1 1
v 0.416833 -0.143206 0.0304563 1 1 1
v -0.419705 -0.140083 0.0297921 1 1 1
v -0.43468 -0.124112 0.0263955 1 1 1
v -0.224525 -0.124112 0.0263955 1 1 1
v -0.14922 -0.124112 0.0263955 1 1 1
v 0.14922 -0.124112 0.0263955 1 1 1
v 0.224526 -0.124112 0.0263955 1 1 1
v 0.419705 -0.140083 0.0297921 1 1 1
v 0.43468 -0.124112 0.0263955 1 1 1
v -0.439226 -0.119166 0.0253436 1 1 1
v -0.452459 -0.105018 0.0223346 1 1 1
v -0.224493 -0.12401 0.0263738 1 1 1
v -0.216916 -0.105018 0.0223346 1 1 1
v -0.146409 -0.11713 0.0249106 1 1 1
v -0.142727 -0.105018 0.0223346 1 1 1
v 0.146409 -0.11713 0.0249107 1 1 1
v 0.142727 -0.105018 0.0223346 1 1 1
v 0.224494 -0.12401 0.0263739 1 1 1
v 0.216916 -0.105018 0.0223346 1 1 1
v 0.439226 -0.119166 0.0253436 1 1 1
v 0.452459 -0.105018 0.0223346 1 1 1
v -0.458747 -0.0981626 0.0208767 1 1 1
v -0.47019 -0.0859235 0.0182738 1 1 1
v -0.210476 -0.0859235 0.0182738 1 1 1
v -0.136675 -0.0859235 0.0182738 1 1 1
v 0.136676 -0.0859235 0.0182738 1 1 1
v 0.210476 -0.0859235 0.0182738 1 1 1
v 0.458748 -0.0981626 0.0208767 1 1 1
v 0.47019 -0.0859235 0.0182738 1 1 1
v -0.478269 -0.0770986 0.0163969 1 1 1
v -0.487846 -0.0668294 0.0142129 1 1 1
v -0.204972 -0.0680573 0.0144741 1 1 1
v -0.204462 -0.0668294 0.0142129 1 1 1
v -0.129731 -0.0668294 0.0142129 1 1 1
v 0.129731 -0.0668294 0.0142129 1 1 1
v 0.204972 -0.0680575 0.0144741 1 1 1
v 0.204462 -0.0668294 0.0142129 1 1 1
v 0.478269 -0.0770987 0.016397 1 1 1
v 0.487846 -0.0668294 0.0142129 1 1 1
v -0.49779 -0.0559526 0.0118997 1 1 1
v -0.505448 -0.0477352 0.0101521 1 1 1
v -0.196988 -0.0477352 0.0101521 1 1 1
v -0.126888 -0.0597053 0.0126978 1 1 1
v -0.123294 -0.0477352 0.0101521 1 1 1
v 0.126888 -0.0597054 0.0126978 1 1 1
v 0.123294 -0.0477352 0.0101521 1 1 1
v 0.196988 -0.0477352 0.0101521 1 1 1
v 0.49779 -0.0559526 0.0118997 1 1 1
v 0.505448 -0.0477352 0.0101521 1 1 1
v -0.517311 -0.0347395 0.00738821 1 1 1
v -0.522993 -0.0286412 0.00609126 1 1 1
v -0.190685 -0.0286412 0.00609126 1 1 1
v -0.117342 -0.0286412 0.00609126 1 1 1
v 0.117342 -0.0286412 0.00609126 1 1 1
v 0.190685 -0.0286412 0.00609126 1 1 1
v 0.517311 -0.0347394 0.0073882 1 1 1
v 0.522993 -0.0286412 0.00609126 1 1 1
v -0.536832 -0.0135128 0.00287383 1 1 1
v -0.540542 -0.00954698 0.0020304 1 1 1
v -0.185451 -0.0112828 0.00239957 1 1 1
v -0.184743 -0.00954698 0.0020304 1 1 1
v -0.110551 -0.00954698 0.0020304 1 1 1
v 0.110551 -0.00954698 0.0020304 1 1 1
v 0.185451 -0.011283 0.0023996 1 1 1
v 0.184743 -0.00954698 0.0020304 1 1 1
v 0.536832 -0.0135127 0.00287381 1 1 1
v 0.540541 -0.00954698 0.0020304 1 1 1
v -0.556353 0.00762384 -0.0016214 1 1 1
v -0.558169 0.0095471 -0.00203043 1 1 1
v -0.177377 0.0095471 -0.00203043 1 1 1
v -0.107366 -0.00144243 0.000306768 1 1 1
v -0.104108 0.0095471 -0.00203043 1 1 1
v 0.107366 -0.0014426 0.000306805 1 1 1
v 0.104108 0.0095471 -0.00203043 1 1 1
v 0.177377 0.0095471 -0.00203043 1 1 1
v 0.556353 0.00762397 -0.00162143 1 1 1
v 0.558169 0.0095471 -0.00203043 1 1 1
v -0.575874 0.0286134 -0.00608536 1 1 1
v -0.171113 0.0286412 -0.00609126 1 1 1
v -0.09826 0.0286412 -0.00609126 1 1 1
v 0.09826 0.0286412 -0.00609126 1 1 1
v 0.171113 0.0286412 -0.00609126 1 1 1
v 0.575874 0.0286135 -0.00608538 1 1 1
v -0.594047 0.0477354 -0.0101521 1 1 1
v -0.16593 0.0456982 -0.00971887 1 1 1
v -0.165085 0.0477354 -0.0101521 1 1 1
v -0.0915515 0.0477354 -0.0101521 1 1 1
v 0.0915515 0.0477354 -0.0101521 1 1 1
v 0.16593 0.0456981 -0.00971884 1 1 1
v 0.165085 0.0477354 -0.0101521 1 1 1
v 0.594047 0.0477354 -0.0101521 1 1 1
v -0.595396 0.0491778 -0.0104589 1 1 1
v -0.612185 0.0668294 -0.0142129 1 1 1
v -0.157637 0.0668294 -0.0142129 1 1 1
v -0.0878452 0.0570262 -0.012128 1 1 1
v -0.0848661 0.0668294 -0.0142129 1 1 1
v 0.0878453 0.057026 -0.012128 1 1 1
v 0.0848662 0.0668294 -0.0142129 1 1 1
v 0.157637 0.0668294 -0.0142129 1 1 1
v 0.595396 0.0491778 -0.0104589 1 1 1
v 0.612185 0.0668294 -0.0142129 1 1 1
v -0.614917 0.069756 -0.0148353 1 1 1
v -0.630274 0.0859236 -0.0182738 1 1 1
v -0.151304 0.0859236 -0.0182738 1 1 1
v -0.0787657 0.0859236 -0.0182738 1 1 1
v 0.0787657 0.0859236 -0.0182738 1 1 1
v 0.151304 0.0859236 -0.0182738 1 1 1
v 0.614917 0.069756 -0.0148354 1 1 1
v 0.630274 0.0859236 -0.0182738 1 1 1
v -0.634438 0.090392 -0.0192241 1 1 1
v -0.648316 0.105018 -0.0223346 1 1 1
v -0.146409 0.102011 -0.0216952 1 1 1
v -0.145169 0.105018 -0.0223346 1 1 1
v -0.0715613 0.105018 -0.0223346 1 1 1
v 0.0715612 0.105018 -0.0223346 1 1 1
v 0.146409 0.102011 -0.0216952 1 1 1
v 0.145169 0.105018 -0.0223346 1 1 1
v 0.634438 0.090392 -0.0192241 1 1 1
v 0.648316 0.105018 -0.0223346 1 1 1
v -0.653959 0.111088 -0.0236256 1 1 1
v -0.666244 0.124112 -0.0263955 1 1 1
v -0.138044 0.124112 -0.0263955 1 1 1
v -0.0683241 0.112636 -0.0239549 1 1 1
v -0.0644386 0.124112 -0.0263955 1 1 1
v 0.0683241 0.112636 -0.0239549 1 1 1
v 0.0644385 0.124112 -0.0263955 1 1 1
v 0.138044 0.124112 -0.0263955 1 1 1
v 0.653959 0.111088 -0.0236256 1 1 1
v 0.666244 0.124112 -0.0263955 1 1 1
v -0.67348 0.132406 -0.0281595 1 1 1
v -0.682929 0.143206 -0.0304563 1 1 1
v -0.132579 0.143206 -0.0304563 1 1 1
v -0.0573107 0.143206 -0.0304563 1 1 1
v 0.0573107 0.143206 -0.0304563 1 1 1
v 0.132579 0.143206 -0.0304563 1 1 1
v 0.67348 0.132406 -0.0281595 1 1 1
v 0.682929 0.143206 -0.0304563 1 1 1
v -0.693001 0.158693 -0.03375 1 1 1
v -0.695392 0.1623 -0.0345171 1 1 1
v -0.129055 0.1623 -0.0345171 1 1 1
v -0.0488029 0.160128 -0.0340552 1 1 1
v -0.0476284 0.1623 -0.0345171 1 1 1
v 0.048803 0.160128 -0.0340551 1 1 1
v 0.0476284 0.1623 -0.0345171 1 1 1
v 0.129055 0.1623 -0.0345171 1 1 1
v 0.693002 0.158693 -0.03375 1 1 1
v 0.695392 0.1623 -0.0345171 1 1 1
v -0.702684 0.181394 -0.038578 1 1 1
v -0.128985 0.181394 -0.038578 1 1 1
v -0.0331976 0.181394 -0.038578 1 1 1
v 0.0331976 0.181394 -0.038578 1 1 1
v 0.128985 0.181394 -0.038578 1 1 1
v 0.702684 0.181394 -0.038578 1 1 1
v -0.704277 0.200488 -0.0426388 1 1 1
v -0.136621 0.200488 -0.0426388 1 1 1
v -0.0292817 0.184935 -0.039331 1 1 1
v -0.0097605 0.194142 -0.0412892 1 1 1
v 0.00976062 0.194142 -0.0412892 1 1 1
v 0.0292817 0.184935 -0.039331 1 1 1
v 0.136621 0.200488 -0.0426388 1 1 1
v 0.704277 0.200488 -0.0426388 1 1 1
v -0.701938 0.219582 -0.0466997 1 1 1
v -0.146409 0.209645 -0.0445863 1 1 1
v -0.165389 0.219582 -0.0466997 1 1 1
v 0.146409 0.209645 -0.0445863 1 1 1
v 0.165389 0.219582 -0.0466997 1 1 1
v 0.701938 0.219582 -0.0466997 1 1 1
v -0.697008 0.238677 -0.0507605 1 1 1
v -0.244015 0.237146 -0.050435 1 1 1
v -0.253184 0.238677 -0.0507605 1 1 1
v -0.224493 0.233772 -0.0497174 1 1 1
v -0.204972 0.230091 -0.0489347 1 1 1
v -0.185451 0.225787 -0.0480193 1 1 1
v -0.16593 0.219806 -0.0467473 1 1 1
v 0.16593 0.219806 -0.0467473 1 1 1
v 0.185451 0.225787 -0.0480193 1 1 1
v 0.204972 0.230091 -0.0489347 1 1 1
v 0.224494 0.233772 -0.0497174 1 1 1
v 0.244015 0.237146 -0.050435 1 1 1
v 0.253184 0.238677 -0.0507605 1 1 1
v 0.697008 0.238677 -0.0507605 1 1 1
v -0.693001 0.250042 -0.0531776 1 1 1
v -0.690487 0.257771 -0.0548213 1 1 1
v -0.34162 0.255395 -0.0543161 1 1 1
v -0.355866 0.257771 -0.0548213 1 1 1
v -0.322099 0.251994 -0.0535928 1 1 1
v -0.302578 0.248441 -0.0528371 1 1 1
v -0.283057 0.24475 -0.0520521 1 1 1
v -0.263536 0.240859 -0.0512247 1 1 1
v 0.263536 0.240859 -0.0512247 1 1 1
v 0.283057 0.24475 -0.0520521 1 1 1
v 0.302578 0.248441 -0.0528371 1 1 1
v 0.322099 0.251994 -0.0535928 1 1 1
v 0.34162 0.255395 -0.0543161 1 1 1
v 0.355866 0.257771 -0.0548213 1 1 1
v 0.693002 0.250042 -0.0531776 1 1 1
v 0.690487 0.257771 -0.0548213 1 1 1
v -0.681696 0.276865 -0.0588822 1 1 1
v -0.439226 0.273615 -0.058191 1 1 1
v -0.458696 0.276865 -0.0588822 1 1 1
v -0.419705 0.270178 -0.0574601 1 1 1
v -0.400184 0.266584 -0.0566958 1 1 1
v -0.380663 0.262853 -0.0559023 1 1 1
v -0.361142 0.25889 -0.0550593 1 1 1
v 0.361142 0.25889 -0.0550593 1 1 1
v 0.380663 0.262853 -0.0559023 1 1 1
v 0.400184 0.266585 -0.0566958 1 1 1
v 0.419705 0.270178 -0.0574601 1 1 1
v 0.439226 0.273615 -0.058191 1 1 1
v 0.458696 0.276865 -0.0588822 1 1 1
v 0.681695 0.276865 -0.0588822 1 1 1
v -0.67348 0.288144 -0.061281 1 1 1
v -0.663824 0.295959 -0.062943 1 1 1
v -0.556353 0.295073 -0.0627545 1 1 1
v -0.561744 0.295959 -0.062943 1 1 1
v -0.536832 0.291778 -0.0620538 1 1 1
v -0.517311 0.288308 -0.0613159 1 1 1
v -0.49779 0.2847 -0.0605484 1 1 1
v -0.478269 0.28092 -0.0597445 1 1 1
v 0.478269 0.28092 -0.0597445 1 1 1
v 0.49779 0.2847 -0.0605484 1 1 1
v 0.517311 0.288308 -0.0613159 1 1 1
v 0.536832 0.291778 -0.0620538 1 1 1
v 0.556353 0.295073 -0.0627545 1 1 1
v 0.561744 0.295959 -0.062943 1 1 1
v 0.67348 0.288144 -0.0612809 1 1 1
v 0.663824 0.295959 -0.062943 1 1 1
v -0.653959 0.301871 -0.0642003 1 1 1
v -0.634438 0.305783 -0.0650324 1 1 1
v -0.614917 0.305197 -0.0649078 1 1 1
v -0.595396 0.302505 -0.0643353 1 1 1
v -0.575874 0.298887 -0.0635657 1 1 1
v 0.575874 0.298887 -0.0635657 1 1 1
v 0.595396 0.302505 -0.0643353 1 1 1
v 0.614917 0.305197 -0.0649078 1 1 1
v 0.634438 0.305783 -0.0650324 1 1 1
v 0.653959 0.301871 -0.0642003 1 1 1
v -0.146409 -0.283909 0.22562 1 1 1
v -0.157209 -0.281431 0.225093 1 1 1
v -0.126888 -0.285841 0.226031 1 1 1
v -0.107366 -0.286531 0.226178 1 1 1
v -0.0878452 -0.286738 0.226222 1 1 1
v -0.0683241 -0.286778 0.22623 1 1 1
v -0.0488029 -0.286779 0.226231 1 1 1
v -0.0292817 -0.286785 0.226232 1 1 1
v -0.0097605 -0.286787 0.226232 1 1 1
v 0.00976062 -0.286787 0.226232 1 1 1
v 0.0292817 -0.286785 0.226232 1 1 1
v 0.048803 -0.286779 0.226231 1 1 1
v 0.0683241 -0.286778 0.22623 1 1 1
v 0.0878453 -0.286738 0.226222 1 1 1
v 0.107366 -0.286531 0.226178 1 1 1
v 0.126888 -0.285841 0.226031 1 1 1
v 0.146409 -0.283909 0.22562 1 1 1
v 0.157209 -0.281431 0.225093 1 1 1
v -0.185451 -0.264656 0.221526 1 1 1
v -0.187294 -0.262337 0.221032 1 1 1
v -0.16593 -0.279001 0.224576 1 1 1
v 0.16593 -0.279001 0.224576 1 1 1
v 0.185451 -0.264656 0.221526 1 1 1
v 0.187294 -0.262337 0.221032 1 1 1
v -0.192624 -0.243243 0.216972 1 1 1
v 0.192624 -0.243243 0.216972 1 1 1
v -0.191129 -0.224149 0.212911 1 1 1
v 0.191129 -0.224149 0.212911 1 1 1
v -0.302578 -0.209728 0.209844 1 1 1
v -0.312808 -0.205055 0.20885 1 1 1
v -0.283057 -0.206573 0.209173 1 1 1
v -0.281195 -0.205055 0.20885 1 1 1
v -0.185918 -0.205055 0.20885 1 1 1
v 0.185918 -0.205055 0.20885 1 1 1
v 0.283057 -0.206573 0.209173 1 1 1
v 0.281195 -0.205055 0.20885 1 1 1
v 0.302578 -0.209728 0.209844 1 1 1
v 0.312808 -0.205055 0.20885 1 1 1
v -0.322099 -0.201432 0.208079 1 1 1
v -0.341172 -0.185961 0.204789 1 1 1
v -0.263536 -0.186063 0.204811 1 1 1
v -0.263473 -0.185961 0.204789 1 1 1
v -0.185451 -0.203791 0.208581 1 1 1
v -0.180524 -0.185961 0.204789 1 1 1
v 0.185451 -0.203791 0.208581 1 1 1
v 0.180524 -0.185961 0.204789 1 1 1
v 0.263536 -0.186063 0.204811 1 1 1
v 0.263472 -0.185961 0.204789 1 1 1
v 0.322099 -0.201432 0.208079 1 1 1
v 0.341172 -0.185961 0.204789 1 1 1
v -0.34162 -0.185617 0.204716 1 1 1
v -0.360414 -0.166867 0.200728 1 1 1
v -0.253407 -0.166867 0.200728 1 1 1
v -0.174478 -0.166867 0.200728 1 1 1
v 0.174478 -0.166867 0.200728 1 1 1
v 0.253407 -0.166867 0.200728 1 1 1
v 0.34162 -0.185617 0.204716 1 1 1
v 0.360414 -0.166867 0.200728 1 1 1
v -0.361142 -0.166154 0.200577 1 1 1
v -0.378468 -0.147772 0.196667 1 1 1
v -0.24598 -0.147772 0.196667 1 1 1
v -0.167376 -0.147772 0.196667 1 1 1
v 0.167376 -0.147772 0.196667 1 1 1
v 0.24598 -0.147772 0.196667 1 1 1
v 0.361142 -0.166154 0.200577 1 1 1
v 0.378468 -0.147772 0.196667 1 1 1
v -0.380663 -0.145434 0.19617 1 1 1
v -0.396343 -0.128678 0.192607 1 1 1
v -0.244015 -0.142247 0.195492 1 1 1
v -0.238422 -0.128678 0.192607 1 1 1
v -0.16593 -0.144131 0.195893 1 1 1
v -0.161268 -0.128678 0.192607 1 1 1
v 0.16593 -0.144131 0.195893 1 1 1
v 0.161268 -0.128678 0.192607 1 1 1
v 0.244015 -0.142247 0.195492 1 1 1
v 0.238422 -0.128678 0.192607 1 1 1
v 0.380663 -0.145434 0.19617 1 1 1
v 0.396343 -0.128678 0.192607 1 1 1
v -0.400184 -0.124504 0.191719 1 1 1
v -0.414153 -0.109584 0.188546 1 1 1
v -0.231599 -0.109584 0.188546 1 1 1
v -0.155171 -0.109584 0.188546 1 1 1
v 0.155171 -0.109584 0.188546 1 1 1
v 0.231599 -0.109584 0.188546 1 1 1
v 0.400184 -0.124504 0.191719 1 1 1
v 0.414153 -0.109584 0.188546 1 1 1
v -0.419705 -0.103536 0.187259 1 1 1
v -0.431917 -0.0904901 0.184485 1 1 1
v -0.22547 -0.0904901 0.184485 1 1 1
v -0.148137 -0.0904901 0.184485 1 1 1
v 0.148137 -0.0904901 0.184485 1 1 1
v 0.22547 -0.0904901 0.184485 1 1 1
v 0.419705 -0.103536 0.187259 1 1 1
v 0.431918 -0.0904901 0.184485 1 1 1
v -0.439226 -0.082526 0.182791 1 1 1
v -0.44962 -0.0713961 0.180424 1 1 1
v -0.224493 -0.0875117 0.183851 1 1 1
v -0.2178 -0.0713961 0.180424 1 1 1
v -0.146409 -0.0861224 0.183556 1 1 1
v -0.142063 -0.0713961 0.180424 1 1 1
v 0.146409 -0.0861225 0.183556 1 1 1
v 0.142063 -0.0713961 0.180424 1 1 1
v 0.224494 -0.0875119 0.183851 1 1 1
v 0.2178 -0.0713961 0.180424 1 1 1
v 0.439226 -0.082526 0.182791 1 1 1
v 0.44962 -0.0713961 0.180424 1 1 1
v -0.458747 -0.0614301 0.178305 1 1 1
v -0.467269 -0.0523019 0.176363 1 1 1
v -0.210912 -0.0523019 0.176363 1 1 1
v -0.136142 -0.0523019 0.176363 1 1 1
v 0.136142 -0.0523019 0.176363 1 1 1
v 0.210912 -0.0523019 0.176363 1 1 1
v 0.458748 -0.0614301 0.178305 1 1 1
v 0.467269 -0.0523019 0.176363 1 1 1
v -0.478269 -0.0402681 0.173804 1 1 1
v -0.484843 -0.0332078 0.172302 1 1 1
v -0.204972 -0.0340812 0.172488 1 1 1
v -0.204596 -0.0332078 0.172302 1 1 1
v -0.129426 -0.0332078 0.172302 1 1 1
v 0.129426 -0.0332078 0.172302 1 1 1
v 0.204972 -0.0340814 0.172488 1 1 1
v 0.204596 -0.0332078 0.172302 1 1 1
v 0.478269 -0.0402681 0.173804 1 1 1
v 0.484843 -0.0332078 0.172302 1 1 1
v -0.49779 -0.0190265 0.169286 1 1 1
v -0.502362 -0.0141136 0.168242 1 1 1
v -0.196951 -0.0141136 0.168242 1 1 1
v -0.126888 -0.0264913 0.170874 1 1 1
v -0.123445 -0.0141136 0.168242 1 1 1
v 0.126888 -0.0264914 0.170874 1 1 1
v 0.123445 -0.0141136 0.168242 1 1 1
v 0.196951 -0.0141136 0.168242 1 1 1
v 0.49779 -0.0190265 0.169286 1 1 1
v 0.502362 -0.0141136 0.168242 1 1 1
v -0.517311 0.00228284 0.164754 1 1 1
v -0.519821 0.00498048 0.164181 1 1 1
v -0.190681 0.00498048 0.164181 1 1 1
v -0.118063 0.00498048 0.164181 1 1 1
v 0.118063 0.00498048 0.164181 1 1 1
v 0.190681 0.00498048 0.164181 1 1 1
v 0.517311 0.00228289 0.164754 1 1 1
v 0.519821 0.00498048 0.164181 1 1 1
v -0.536832 0.0235891 0.160223 1 1 1
v -0.537286 0.0240747 0.16012 1 1 1
v -0.185451 0.0228223 0.160386 1 1 1
v -0.184954 0.0240747 0.16012 1 1 1
v -0.112168 0.0240747 0.16012 1 1 1
v 0.112168 0.0240747 0.16012 1 1 1
v 0.185451 0.0228221 0.160386 1 1 1
v 0.184954 0.0240747 0.16012 1 1 1
v 0.536832 0.0235892 0.160223 1 1 1
v 0.537286 0.0240747 0.16012 1 1 1
v -0.555122 0.0431687 0.156059 1 1 1
v -0.177742 0.0431687 0.156059 1 1 1
v -0.107366 0.0379556 0.157168 1 1 1
v -0.106001 0.0431687 0.156059 1 1 1
v 0.107366 0.0379554 0.157168 1 1 1
v 0.106001 0.0431687 0.156059 1 1 1
v 0.177742 0.0431687 0.156059 1 1 1
v 0.555122 0.0431687 0.156059 1 1 1
v -0.556353 0.0444921 0.155778 1 1 1
v -0.573164 0.0622628 0.151998 1 1 1
v -0.171531 0.0622628 0.151998 1 1 1
v -0.101119 0.0622628 0.151998 1 1 1
v 0.101119 0.0622628 0.151998 1 1 1
v 0.171531 0.0622628 0.151998 1 1 1
v 0.556353 0.0444922 0.155778 1 1 1
v 0.573164 0.0622628 0.151998 1 1 1
v -0.575874 0.0651642 0.151381 1 1 1
v -0.591286 0.081357 0.147937 1 1 1
v -0.16593 0.0807242 0.148072 1 1 1
v -0.165655 0.081357 0.147937 1 1 1
v -0.0956644 0.081357 0.147937 1 1 1
v 0.0956644 0.081357 0.147937 1 1 1
v 0.16593 0.080724 0.148072 1 1 1
v 0.165655 0.081357 0.147937 1 1 1
v 0.575874 0.0651643 0.151381 1 1 1
v 0.591286 0.081357 0.147937 1 1 1
v -0.595396 0.0857447 0.147004 1 1 1
v -0.609403 0.100451 0.143876 1 1 1
v -0.157753 0.100451 0.143876 1 1 1
v -0.0886893 0.100451 0.143876 1 1 1
v 0.0886893 0.100451 0.143876 1 1 1
v 0.157753 0.100451 0.143876 1 1 1
v 0.595396 0.0857448 0.147004 1 1 1
v 0.609403 0.100451 0.143876 1 1 1
v -0.614917 0.10635 0.142622 1 1 1
v -0.627464 0.119545 0.139816 1 1 1
v -0.151119 0.119545 0.139816 1 1 1
v -0.0878452 0.102416 0.143459 1 1 1
v -0.082428 0.119545 0.139816 1 1 1
v 0.0878453 0.102416 0.143459 1 1 1
v 0.0824281 0.119545 0.139816 1 1 1
v 0.151119 0.119545 0.139816 1 1 1
v 0.614917 0.10635 0.142622 1 1 1
v 0.627464 0.119545 0.139816 1 1 1
v -0.634438 0.127023 0.138225 1 1 1
v -0.645464 0.138639 0.135755 1 1 1
v -0.146409 0.134716 0.136589 1 1 1
v -0.144723 0.138639 0.135755 1 1 1
v -0.0748061 0.138639 0.135755 1 1 1
v 0.074806 0.138639 0.135755 1 1 1
v 0.146409 0.134716 0.136589 1 1 1
v 0.144723 0.138639 0.135755 1 1 1
v 0.634438 0.127023 0.138225 1 1 1
v 0.645464 0.138639 0.135755 1 1 1
v -0.653959 0.147782 0.13381 1 1 1
v -0.663336 0.157734 0.131694 1 1 1
v -0.137795 0.157734 0.131694 1 1 1
v -0.0683241 0.15158 0.133003 1 1 1
v -0.0658218 0.157734 0.131694 1 1 1
v 0.0683241 0.15158 0.133003 1 1 1
v 0.0658217 0.157734 0.131694 1 1 1
v 0.137795 0.157734 0.131694 1 1 1
v 0.653959 0.147782 0.13381 1 1 1
v 0.663336 0.157734 0.131694 1 1 1
v -0.67348 0.169383 0.129216 1 1 1
v -0.679977 0.176828 0.127633 1 1 1
v -0.132797 0.176828 0.127633 1 1 1
v -0.0575765 0.176828 0.127633 1 1 1
v 0.0575765 0.176828 0.127633 1 1 1
v 0.132797 0.176828 0.127633 1 1 1
v 0.67348 0.169383 0.129216 1 1 1
v 0.679977 0.176828 0.127633 1 1 1
v -0.692473 0.195922 0.123572 1 1 1
v -0.129779 0.195922 0.123572 1 1 1
v -0.0488029 0.19272 0.124253 1 1 1
v -0.0469016 0.195922 0.123572 1 1 1
v 0.048803 0.19272 0.124253 1 1 1
v 0.0469016 0.195922 0.123572 1 1 1
v 0.129779 0.195922 0.123572 1 1 1
v 0.692473 0.195922 0.123572 1 1 1
v -0.693001 0.197313 0.123276 1 1 1
v -0.700069 0.215016 0.119511 1 1 1
v -0.13024 0.215016 0.119511 1 1 1
v -0.0314601 0.215016 0.119511 1 1 1
v 0.0314601 0.215016 0.119511 1 1 1
v 0.130241 0.215016 0.119511 1 1 1
v 0.693002 0.197313 0.123276 1 1 1
v 0.700069 0.215016 0.119511 1 1 1
v -0.701842 0.23411 0.115451 1 1 1
v -0.138655 0.23411 0.115451 1 1 1
v -0.0292817 0.216949 0.1191 1 1 1
v -0.0097605 0.226312 0.117109 1 1 1
v 0.00976062 0.226312 0.117109 1 1 1
v 0.0292817 0.216949 0.1191 1 1 1
v 0.138656 0.23411 0.115451 1 1 1
v 0.701842 0.23411 0.115451 1 1 1
v -0.6995 0.253204 0.11139 1 1 1
v -0.16593 0.251868 0.111674 1 1 1
v -0.170003 0.253204 0.11139 1 1 1
v -0.146409 0.241279 0.113926 1 1 1
v 0.146409 0.241279 0.113926 1 1 1
v 0.16593 0.251868 0.111674 1 1 1
v 0.170003 0.253204 0.11139 1 1 1
v 0.6995 0.253204 0.11139 1 1 1
v -0.694416 0.272298 0.107329 1 1 1
v -0.244015 0.269583 0.107906 1 1 1
v -0.260215 0.272298 0.107329 1 1 1
v -0.224493 0.266134 0.10864 1 1 1
v -0.204972 0.262363 0.109442 1 1 1
v -0.185451 0.257936 0.110383 1 1 1
v 0.185451 0.257936 0.110383 1 1 1
v 0.204972 0.262363 0.109442 1 1 1
v 0.224494 0.266134 0.10864 1 1 1
v 0.244015 0.269583 0.107906 1 1 1
v 0.260215 0.272298 0.107329 1 1 1
v 0.694416 0.272298 0.107329 1 1 1
v -0.693001 0.276329 0.106472 1 1 1
v -0.688119 0.291392 0.103268 1 1 1
v -0.361142 0.291163 0.103317 1 1 1
v -0.36252 0.291392 0.103268 1 1 1
v -0.34162 0.287884 0.104014 1 1 1
v -0.322099 0.284412 0.104753 1 1 1
v -0.302578 0.280779 0.105525 1 1 1
v -0.283057 0.276996 0.10633 1 1 1
v -0.263536 0.273 0.10718 1 1 1
v 0.263536 0.273 0.10718 1 1 1
v 0.283057 0.276996 0.10633 1 1 1
v 0.302578 0.280779 0.105525 1 1 1
v 0.322099 0.284412 0.104753 1 1 1
v 0.34162 0.287884 0.104014 1 1 1
v 0.361142 0.291163 0.103317 1 1 1
v 0.36252 0.291392 0.103268 1 1 1
v 0.693002 0.276328 0.106472 1 1 1
v 0.688119 0.291392 0.103268 1 1 1
v -0.678778 0.310486 0.0992072 1 1 1
v -0.458747 0.309392 0.0994399 1 1 1
v -0.46542 0.310486 0.0992072 1 1 1
v -0.439226 0.306106 0.100139 1 1 1
v -0.419705 0.302627 0.100879 1 1 1
v -0.400184 0.298971 0.101656 1 1 1
v -0.380663 0.295155 0.102468 1 1 1
v 0.380663 0.295155 0.102468 1 1 1
v 0.400184 0.298971 0.101656 1 1 1
v 0.419705 0.302627 0.100879 1 1 1
v 0.439226 0.306106 0.100139 1 1 1
v 0.458748 0.309392 0.0994399 1 1 1
v 0.46542 0.310486 0.0992072 1 1 1
v 0.678778 0.310486 0.0992072 1 1 1
v -0.67348 0.317788 0.0976543 1 1 1
v -0.659038 0.329581 0.0951464 1 1 1
v -0.556353 0.327294 0.0956327 1 1 1
v -0.57066 0.329581 0.0951464 1 1 1
v -0.536832 0.324019 0.0963292 1 1 1
v -0.517311 0.320556 0.0970656 1 1 1
v -0.49779 0.316936 0.0978355 1 1 1
v -0.478269 0.313122 0.0986467 1 1 1
v 0.478269 0.313122 0.0986467 1 1 1
v 0.49779 0.316936 0.0978355 1 1 1
v 0.517311 0.320556 0.0970656 1 1 1
v 0.536832 0.324019 0.0963292 1 1 1
v 0.556353 0.327294 0.0956327 1 1 1
v 0.57066 0.329581 0.0951464 1 1 1
v 0.67348 0.317788 0.0976543 1 1 1
v 0.659038 0.329581 0.0951464 1 1 1
v -0.653959 0.332651 0.0944934 1 1 1
v -0.634438 0.337149 0.0935368 1 1 1
v -0.614917 0.33682 0.0936067 1 1 1
v -0.595396 0.334225 0.0941587 1 1 1
v -0.575874 0.33063 0.0949233 1 1 1
v 0.575874 0.33063 0.0949233 1 1 1
v 0.595396 0.334225 0.0941587 1 1 1
v 0.614917 0.33682 0.0936067 1 1 1
v 0.634438 0.337149 0.0935368 1 1 1
v 0.653959 0.332651 0.0944934 1 1 1
v -0.146409 -0.248215 0.383431 1 1 1
v -0.148297 -0.247777 0.383337 1 1 1
v -0.126888 -0.250355 0.383887 1 1 1
v -0.107366 -0.251141 0.384054 1 1 1
v -0.0878452 -0.251387 0.384107 1 1 1
v -0.0683241 -0.25144 0.384118 1 1 1
v -0.0488029 -0.251444 0.384119 1 1 1
v -0.0292817 -0.25145 0.38412 1 1 1
v -0.0097605 -0.251452 0.384121 1 1 1
v 0.00976062 -0.251452 0.384121 1 1 1
v 0.0292817 -0.25145 0.38412 1 1 1
v 0.048803 -0.251444 0.384119 1 1 1
v 0.0683241 -0.25144 0.384118 1 1 1
v 0.0878453 -0.251387 0.384107 1 1 1
v 0.107366 -0.251141 0.384054 1 1 1
v 0.126888 -0.250355 0.383887 1 1 1
v 0.146409 -0.248215 0.383431 1 1 1
v 0.148297 -0.247777 0.383337 1 1 1
v -0.16593 -0.242809 0.382278 1 1 1
v -0.184114 -0.228685 0.379267 1 1 1
v 0.16593 -0.242809 0.382278 1 1 1
v 0.184114 -0.228685 0.379267 1 1 1
v -0.185451 -0.225373 0.378561 1 1 1
v -0.190248 -0.209593 0.375197 1 1 1
v 0.185451 -0.225373 0.378561 1 1 1
v 0.190248 -0.209593 0.375197 1 1 1
v -0.189024 -0.1905 0.371127 1 1 1
v 0.189024 -0.1905 0.371127 1 1 1
v -0.302578 -0.172677 0.367327 1 1 1
v -0.305324 -0.171408 0.367056 1 1 1
v -0.294826 -0.171408 0.367056 1 1 1
v -0.185451 -0.177129 0.368276 1 1 1
v -0.184273 -0.171408 0.367056 1 1 1
v 0.185451 -0.177129 0.368276 1 1 1
v 0.184273 -0.171408 0.367056 1 1 1
v 0.302578 -0.172677 0.367327 1 1 1
v 0.294826 -0.171408 0.367056 1 1 1
v 0.305324 -0.171408 0.367056 1 1 1
v -0.322099 -0.164786 0.365645 1 1 1
v -0.337425 -0.152316 0.362986 1 1 1
v -0.283057 -0.169342 0.366616 1 1 1
v -0.266497 -0.152316 0.362986 1 1 1
v -0.179058 -0.152316 0.362986 1 1 1
v 0.179058 -0.152316 0.362986 1 1 1
v 0.283057 -0.169342 0.366616 1 1 1
v 0.266497 -0.152316 0.362986 1 1 1
v 0.322099 -0.164786 0.365645 1 1 1
v 0.337425 -0.152316 0.362986 1 1 1
v -0.34162 -0.149092 0.362299 1 1 1
v -0.357495 -0.133224 0.358916 1 1 1
v -0.263536 -0.148225 0.362114 1 1 1
v -0.255478 -0.133224 0.358916 1 1 1
v -0.172971 -0.133224 0.358916 1 1 1
v 0.172971 -0.133224 0.358916 1 1 1
v 0.263536 -0.148226 0.362114 1 1 1
v 0.255478 -0.133224 0.358916 1 1 1
v 0.34162 -0.149092 0.362299 1 1 1
v 0.357495 -0.133224 0.358916 1 1 1
v -0.361142 -0.129644 0.358153 1 1 1
v -0.375738 -0.114132 0.354846 1 1 1
v -0.247603 -0.114132 0.354846 1 1 1
v -0.16593 -0.114514 0.354927 1 1 1
v -0.165813 -0.114132 0.354846 1 1 1
v 0.16593 -0.114514 0.354927 1 1 1
v 0.165813 -0.114132 0.354846 1 1 1
v 0.247603 -0.114132 0.354846 1 1 1
v 0.361142 -0.129644 0.358153 1 1 1
v 0.375738 -0.114132 0.354846 1 1 1
v -0.380663 -0.108877 0.353725 1 1 1
v -0.393589 -0.0950398 0.350776 1 1 1
v -0.244015 -0.104244 0.352738 1 1 1
v -0.240139 -0.0950398 0.350776 1 1 1
v -0.160156 -0.0950398 0.350776 1 1 1
v 0.160156 -0.0950398 0.350776 1 1 1
v 0.244015 -0.104244 0.352738 1 1 1
v 0.240139 -0.0950398 0.350776 1 1 1
v 0.380663 -0.108876 0.353725 1 1 1
v 0.393588 -0.0950398 0.350776 1 1 1
v -0.400184 -0.0878586 0.349245 1 1 1
v -0.411317 -0.0759476 0.346705 1 1 1
v -0.232939 -0.0759476 0.346705 1 1 1
v -0.154051 -0.0759476 0.346705 1 1 1
v 0.154051 -0.0759476 0.346705 1 1 1
v 0.232939 -0.0759476 0.346705 1 1 1
v 0.400184 -0.0878586 0.349245 1 1 1
v 0.411317 -0.0759476 0.346705 1 1 1
v -0.419705 -0.066795 0.344754 1 1 1
v -0.428995 -0.0568555 0.342635 1 1 1
v -0.226497 -0.0568555 0.342635 1 1 1
v -0.146978 -0.0568555 0.342635 1 1 1
v 0.146978 -0.0568555 0.342635 1 1 1
v 0.226497 -0.0568555 0.342635 1 1 1
v 0.419705 -0.066795 0.344754 1 1 1
v 0.428995 -0.0568555 0.342635 1 1 1
v -0.439226 -0.0456887 0.340255 1 1 1
v -0.446616 -0.0377634 0.338565 1 1 1
v -0.224493 -0.0509847 0.341384 1 1 1
v -0.218765 -0.0377634 0.338565 1 1 1
v -0.146409 -0.0553896 0.342323 1 1 1
v -0.14137 -0.0377634 0.338565 1 1 1
v 0.146409 -0.0553898 0.342323 1 1 1
v 0.14137 -0.0377634 0.338565 1 1 1
v 0.224494 -0.0509849 0.341384 1 1 1
v 0.218765 -0.0377634 0.338565 1 1 1
v 0.439226 -0.0456887 0.340255 1 1 1
v 0.446616 -0.0377634 0.338565 1 1 1
v -0.458747 -0.0244968 0.335737 1 1 1
v -0.464177 -0.0186712 0.334495 1 1 1
v -0.211386 -0.0186712 0.334495 1 1 1
v -0.13559 -0.0186712 0.334495 1 1 1
v 0.13559 -0.0186712 0.334495 1 1 1
v 0.211386 -0.0186712 0.334495 1 1 1
v 0.458748 -0.0244968 0.335737 1 1 1
v 0.464178 -0.0186712 0.334495 1 1 1
v -0.478269 -0.00323325 0.331204 1 1 1
v -0.481666 0.000420839 0.330425 1 1 1
v -0.204972 -0.000108378 0.330537 1 1 1
v -0.204735 0.000420839 0.330425 1 1 1
v -0.129117 0.000420839 0.330425 1 1 1
v 0.129117 0.000420839 0.330425 1 1 1
v 0.204972 -0.000108568 0.330537 1 1 1
v 0.204735 0.000420839 0.330425 1 1 1
v 0.478269 -0.00323328 0.331204 1 1 1
v 0.481666 0.000420839 0.330425 1 1 1
v -0.49779 0.018107 0.326654 1 1 1
v -0.499096 0.019513 0.326354 1 1 1
v -0.196913 0.019513 0.326354 1 1 1
v -0.126888 0.00667223 0.329092 1 1 1
v -0.123591 0.019513 0.326354 1 1 1
v 0.126888 0.00667207 0.329092 1 1 1
v 0.123592 0.019513 0.326354 1 1 1
v 0.196913 0.019513 0.326354 1 1 1
v 0.49779 0.018107 0.326654 1 1 1
v 0.499096 0.019513 0.326354 1 1 1
v -0.516613 0.0386051 0.322284 1 1 1
v -0.190676 0.0386051 0.322284 1 1 1
v -0.11875 0.0386051 0.322284 1 1 1
v 0.11875 0.0386051 0.322284 1 1 1
v 0.190676 0.0386051 0.322284 1 1 1
v 0.516613 0.0386051 0.322284 1 1 1
v -0.517311 0.0393651 0.322122 1 1 1
v -0.534383 0.0576973 0.318214 1 1 1
v -0.185451 0.0569687 0.318369 1 1 1
v -0.18517 0.0576973 0.318214 1 1 1
v -0.113666 0.0576973 0.318214 1 1 1
v 0.113666 0.0576973 0.318214 1 1 1
v 0.185451 0.0569685 0.318369 1 1 1
v 0.18517 0.0576973 0.318214 1 1 1
v 0.517311 0.0393651 0.322122 1 1 1
v 0.534383 0.0576973 0.318214 1 1 1
v -0.536832 0.0603496 0.317649 1 1 1
v -0.552258 0.0767894 0.314144 1 1 1
v -0.178122 0.0767894 0.314144 1 1 1
v -0.107993 0.0767894 0.314144 1 1 1
v 0.107993 0.0767894 0.314144 1 1 1
v 0.178122 0.0767894 0.314144 1 1 1
v 0.536832 0.0603497 0.317649 1 1 1
v 0.552258 0.0767894 0.314144 1 1 1
v -0.556353 0.081189 0.313206 1 1 1
v -0.570266 0.0958815 0.310074 1 1 1
v -0.171972 0.0958815 0.310074 1 1 1
v -0.107366 0.0788874 0.313696 1 1 1
v -0.103747 0.0958815 0.310074 1 1 1
v 0.107366 0.0788872 0.313697 1 1 1
v 0.103747 0.0958815 0.310074 1 1 1
v 0.171972 0.0958815 0.310074 1 1 1
v 0.556353 0.0811891 0.313206 1 1 1
v 0.570266 0.0958815 0.310074 1 1 1
v -0.575874 0.101876 0.308796 1 1 1
v -0.588358 0.114974 0.306003 1 1 1
v -0.166167 0.114974 0.306003 1 1 1
v -0.0993937 0.114974 0.306003 1 1 1
v 0.0993937 0.114974 0.306003 1 1 1
v 0.166167 0.114974 0.306003 1 1 1
v 0.575874 0.101876 0.308796 1 1 1
v 0.588358 0.114974 0.306003 1 1 1
v -0.595396 0.122476 0.304404 1 1 1
v -0.606452 0.134066 0.301933 1 1 1
v -0.16593 0.11572 0.305844 1 1 1
v -0.157889 0.134066 0.301933 1 1 1
v -0.0938157 0.134066 0.301933 1 1 1
v 0.0938157 0.134066 0.301933 1 1 1
v 0.16593 0.11572 0.305844 1 1 1
v 0.157889 0.134066 0.301933 1 1 1
v 0.595396 0.122476 0.304404 1 1 1
v 0.606452 0.134066 0.301933 1 1 1
v -0.614917 0.143108 0.300006 1 1 1
v -0.624486 0.153158 0.297863 1 1 1
v -0.150907 0.153158 0.297863 1 1 1
v -0.0878452 0.147928 0.298978 1 1 1
v -0.0860972 0.153158 0.297863 1 1 1
v 0.0878453 0.147928 0.298978 1 1 1
v 0.0860973 0.153158 0.297863 1 1 1
v 0.150907 0.153158 0.297863 1 1 1
v 0.614917 0.143108 0.300006 1 1 1
v 0.624486 0.153158 0.297863 1 1 1
v -0.634438 0.163819 0.29559 1 1 1
v -0.642444 0.17225 0.293793 1 1 1
v -0.146409 0.167313 0.294845 1 1 1
v -0.144185 0.17225 0.293793 1 1 1
v -0.0781402 0.17225 0.293793 1 1 1
v 0.0781402 0.17225 0.293793 1 1 1
v 0.146409 0.167313 0.294845 1 1 1
v 0.144185 0.17225 0.293793 1 1 1
v 0.634438 0.163819 0.29559 1 1 1
v 0.642444 0.17225 0.293793 1 1 1
v -0.653959 0.184647 0.29115 1 1 1
v -0.660261 0.191342 0.289723 1 1 1
v -0.137509 0.191342 0.289723 1 1 1
v -0.0683241 0.189203 0.290179 1 1 1
v -0.0672984 0.191342 0.289723 1 1 1
v 0.0683241 0.189202 0.290179 1 1 1
v 0.0672984 0.191342 0.289723 1 1 1
v 0.137509 0.191342 0.289723 1 1 1
v 0.653959 0.184647 0.29115 1 1 1
v 0.660261 0.191342 0.289723 1 1 1
v -0.67348 0.206553 0.28648 1 1 1
v -0.676859 0.210434 0.285652 1 1 1
v -0.133038 0.210434 0.285652 1 1 1
v -0.0578613 0.210434 0.285652 1 1 1
v 0.0578613 0.210434 0.285652 1 1 1
v 0.133038 0.210434 0.285652 1 1 1
v 0.67348 0.206553 0.28648 1 1 1
v 0.676859 0.210434 0.285652 1 1 1
v -0.689863 0.229526 0.281582 1 1 1
v -0.130565 0.229526 0.281582 1 1 1
v -0.0488029 0.225409 0.28246 1 1 1
v -0.0461217 0.229526 0.281582 1 1 1
v 0.048803 0.225409 0.28246 1 1 1
v 0.0461218 0.229526 0.281582 1 1 1
v 0.130565 0.229526 0.281582 1 1 1
v 0.689863 0.229526 0.281582 1 1 1
v -0.693001 0.237809 0.279816 1 1 1
v -0.697306 0.248619 0.277512 1 1 1
v -0.131592 0.248619 0.277512 1 1 1
v -0.0295962 0.248619 0.277512 1 1 1
v 0.0295962 0.248619 0.277512 1 1 1
v 0.131592 0.248619 0.277512 1 1 1
v 0.693002 0.237809 0.279816 1 1 1
v 0.697306 0.248619 0.277512 1 1 1
v -0.699267 0.267711 0.273442 1 1 1
v -0.14084 0.267711 0.273442 1 1 1
v -0.0292817 0.248892 0.277454 1 1 1
v -0.0097605 0.258404 0.275426 1 1 1
v 0.00976062 0.258404 0.275426 1 1 1
v 0.0292817 0.248892 0.277454 1 1 1
v 0.14084 0.267711 0.273442 1 1 1
v 0.699267 0.267711 0.273442 1 1 1
v -0.696922 0.286803 0.269372 1 1 1
v -0.16593 0.283838 0.270004 1 1 1
v -0.175028 0.286803 0.269372 1 1 1
v -0.146409 0.272796 0.272358 1 1 1
v 0.146409 0.272796 0.272358 1 1 1
v 0.16593 0.283838 0.270004 1 1 1
v 0.175028 0.286803 0.269372 1 1 1
v 0.696922 0.286803 0.269372 1 1 1
v -0.693001 0.301332 0.266274 1 1 1
v -0.691929 0.305895 0.265301 1 1 1
v -0.263536 0.30524 0.265441 1 1 1
v -0.267436 0.305895 0.265301 1 1 1
v -0.244015 0.301925 0.266148 1 1 1
v -0.224493 0.298398 0.2669 1 1 1
v -0.204972 0.294531 0.267724 1 1 1
v -0.185451 0.289978 0.268695 1 1 1
v 0.185451 0.289978 0.268695 1 1 1
v 0.204972 0.294531 0.267724 1 1 1
v 0.224494 0.298398 0.2669 1 1 1
v 0.244015 0.301925 0.266148 1 1 1
v 0.263536 0.30524 0.265441 1 1 1
v 0.267436 0.305895 0.265301 1 1 1
v 0.693002 0.301332 0.266274 1 1 1
v 0.691929 0.305895 0.265301 1 1 1
v -0.685613 0.324987 0.261231 1 1 1
v -0.361142 0.323626 0.261521 1 1 1
v -0.369285 0.324987 0.261231 1 1 1
v -0.34162 0.320281 0.262234 1 1 1
v -0.322099 0.316735 0.26299 1 1 1
v -0.302578 0.313016 0.263783 1 1 1
v -0.283057 0.309138 0.26461 1 1 1
v 0.283057 0.309138 0.26461 1 1 1
v 0.302578 0.313016 0.263783 1 1 1
v 0.322099 0.316735 0.26299 1 1 1
v 0.34162 0.320281 0.262234 1 1 1
v 0.361142 0.323626 0.261521 1 1 1
v 0.369285 0.324987 0.261231 1 1 1
v 0.685613 0.324987 0.261231 1 1 1
v -0.675701 0.344079 0.257161 1 1 1
v -0.458747 0.341818 0.257643 1 1 1
v -0.472673 0.344079 0.257161 1 1 1
v -0.439226 0.338503 0.25835 1 1 1
v -0.419705 0.334981 0.259101 1 1 1
v -0.400184 0.33126 0.259894 1 1 1
v -0.380663 0.327355 0.260726 1 1 1
v 0.380663 0.327355 0.260726 1 1 1
v 0.400184 0.33126 0.259894 1 1 1
v 0.419705 0.334981 0.259101 1 1 1
v 0.439226 0.338503 0.25835 1 1 1
v 0.458748 0.341818 0.257643 1 1 1
v 0.472673 0.344079 0.257161 1 1 1
v 0.675701 0.344079 0.257161 1 1 1
v -0.67348 0.347152 0.256506 1 1 1
v -0.65404 0.363171 0.253091 1 1 1
v -0.575874 0.362446 0.253245 1 1 1
v -0.580858 0.363171 0.253091 1 1 1
v -0.556353 0.359396 0.253896 1 1 1
v -0.536832 0.356144 0.254589 1 1 1
v -0.517311 0.352691 0.255325 1 1 1
v -0.49779 0.349062 0.256099 1 1 1
v -0.478269 0.345215 0.256919 1 1 1
v 0.478269 0.345215 0.256919 1 1 1
v 0.49779 0.349062 0.256099 1 1 1
v 0.517311 0.352691 0.255325 1 1 1
v 0.536832 0.356144 0.254589 1 1 1
v 0.556353 0.359396 0.253896 1 1 1
v 0.575874 0.362447 0.253245 1 1 1
v 0.580858 0.363171 0.253091 1 1 1
v 0.67348 0.347152 0.256506 1 1 1
v 0.65404 0.363171 0.253091 1 1 1
v -0.634438 0.368338 0.251989 1 1 1
v -0.614917 0.368284 0.252001 1 1 1
v -0.595396 0.365793 0.252532 1 1 1
v 0.595396 0.365793 0.252532 1 1 1
v 0.614917 0.368284 0.252001 1 1 1
v 0.634438 0.368338 0.251989 1 1 1
v -0.126888 -0.213436 0.547288 1 1 1
v -0.132483 -0.212801 0.547141 1 1 1
v -0.107366 -0.21432 0.547494 1 1 1
v -0.0878452 -0.214606 0.54756 1 1 1
v -0.0683241 -0.214673 0.547576 1 1 1
v -0.0488029 -0.214681 0.547578 1 1 1
v -0.0292817 -0.214688 0.547579 1 1 1
v -0.0097605 -0.21469 0.54758 1 1 1
v 0.00976062 -0.21469 0.54758 1 1 1
v 0.0292817 -0.214688 0.547579 1 1 1
v 0.048803 -0.214681 0.547578 1 1 1
v 0.0683241 -0.214673 0.547576 1 1 1
v 0.0878453 -0.214606 0.54756 1 1 1
v 0.107366 -0.21432 0.547494 1 1 1
v 0.126888 -0.213436 0.547288 1 1 1
v 0.132483 -0.212801 0.547141 1 1 1
v -0.16593 -0.205178 0.54537 1 1 1
v -0.180646 -0.193787 0.542723 1 1 1
v -0.146409 -0.211212 0.546772 1 1 1
v 0.146409 -0.211212 0.546772 1 1 1
v 0.16593 -0.205178 0.54537 1 1 1
v 0.180646 -0.193787 0.542723 1 1 1
v -0.185451 -0.182104 0.540009 1 1 1
v -0.187727 -0.174772 0.538306 1 1 1
v 0.185451 -0.182104 0.540009 1 1 1
v 0.187727 -0.174772 0.538306 1 1 1
v -0.186786 -0.155757 0.533888 1 1 1
v 0.186787 -0.155757 0.533888 1 1 1
v -0.185451 -0.150629 0.532697 1 1 1
v -0.18266 -0.136742 0.529471 1 1 1
v 0.185451 -0.150629 0.532697 1 1 1
v 0.18266 -0.136742 0.529471 1 1 1
v -0.322099 -0.126977 0.527202 1 1 1
v -0.333474 -0.117727 0.525053 1 1 1
v -0.302578 -0.134677 0.528991 1 1 1
v -0.283057 -0.131051 0.528149 1 1 1
v -0.269811 -0.117727 0.525053 1 1 1
v -0.177494 -0.117727 0.525053 1 1 1
v 0.177494 -0.117727 0.525053 1 1 1
v 0.283057 -0.131051 0.528149 1 1 1
v 0.269811 -0.117727 0.525053 1 1 1
v 0.302578 -0.134677 0.528991 1 1 1
v 0.322099 -0.126977 0.527202 1 1 1
v 0.333474 -0.117727 0.525053 1 1 1
v -0.34162 -0.111468 0.523599 1 1 1
v -0.354406 -0.0987127 0.520636 1 1 1
v -0.263536 -0.109275 0.523089 1 1 1
v -0.257732 -0.0987127 0.520636 1 1 1
v -0.171363 -0.0987127 0.520636 1 1 1
v 0.171363 -0.0987127 0.520636 1 1 1
v 0.263536 -0.109275 0.52309 1 1 1
v 0.257732 -0.0987127 0.520636 1 1 1
v 0.34162 -0.111467 0.523599 1 1 1
v 0.354406 -0.0987127 0.520636 1 1 1
v -0.361142 -0.0921116 0.519102 1 1 1
v -0.372847 -0.0796979 0.516218 1 1 1
v -0.249368 -0.0796979 0.516218 1 1 1
v -0.16593 -0.0840551 0.51723 1 1 1
v -0.16462 -0.0796979 0.516218 1 1 1
v 0.16593 -0.0840553 0.51723 1 1 1
v 0.16462 -0.0796979 0.516218 1 1 1
v 0.249368 -0.0796979 0.516218 1 1 1
v 0.361142 -0.0921115 0.519102 1 1 1
v 0.372847 -0.0796979 0.516218 1 1 1
v -0.380663 -0.0713734 0.514284 1 1 1
v -0.39067 -0.0606831 0.511801 1 1 1
v -0.244015 -0.0653218 0.512878 1 1 1
v -0.242008 -0.0606831 0.511801 1 1 1
v -0.158969 -0.0606831 0.511801 1 1 1
v 0.158969 -0.0606831 0.511801 1 1 1
v 0.244015 -0.065322 0.512878 1 1 1
v 0.242008 -0.0606831 0.511801 1 1 1
v 0.380663 -0.0713734 0.514284 1 1 1
v 0.39067 -0.0606831 0.511801 1 1 1
v -0.400184 -0.0503463 0.509399 1 1 1
v -0.408313 -0.0416683 0.507383 1 1 1
v -0.234397 -0.0416683 0.507383 1 1 1
v -0.152853 -0.0416683 0.507383 1 1 1
v 0.152853 -0.0416683 0.507383 1 1 1
v 0.234397 -0.0416683 0.507383 1 1 1
v 0.400184 -0.0503462 0.509399 1 1 1
v 0.408313 -0.0416683 0.507383 1 1 1
v -0.419705 -0.0292642 0.504501 1 1 1
v -0.425897 -0.0226536 0.502966 1 1 1
v -0.227619 -0.0226536 0.502966 1 1 1
v -0.146409 -0.0242043 0.503326 1 1 1
v -0.145959 -0.0226536 0.502966 1 1 1
v 0.146409 -0.0242044 0.503326 1 1 1
v 0.145959 -0.0226536 0.502966 1 1 1
v 0.227619 -0.0226536 0.502966 1 1 1
v 0.419705 -0.0292641 0.504501 1 1 1
v 0.425897 -0.0226536 0.502966 1 1 1
v -0.439226 -0.00813914 0.499593 1 1 1
v -0.443432 -0.00363887 0.498548 1 1 1
v -0.224493 -0.0139093 0.500934 1 1 1
v -0.219823 -0.00363887 0.498548 1 1 1
v -0.140646 -0.00363887 0.498548 1 1 1
v 0.140646 -0.00363887 0.498548 1 1 1
v 0.224494 -0.0139095 0.500934 1 1 1
v 0.219823 -0.00363887 0.498548 1 1 1
v 0.439226 -0.00813913 0.499593 1 1 1
v 0.443432 -0.00363887 0.498548 1 1 1
v -0.458747 0.0130706 0.494666 1 1 1
v -0.460901 0.015376 0.49413 1 1 1
v -0.211904 0.015376 0.49413 1 1 1
v -0.135018 0.015376 0.49413 1 1 1
v 0.135018 0.015376 0.49413 1 1 1
v 0.211904 0.015376 0.49413 1 1 1
v 0.458748 0.0130706 0.494666 1 1 1
v 0.460901 0.015376 0.49413 1 1 1
v -0.478269 0.0343574 0.489721 1 1 1
v -0.204972 0.0341966 0.489758 1 1 1
v -0.204882 0.0343907 0.489713 1 1 1
v -0.128801 0.0343907 0.489713 1 1 1
v 0.128801 0.0343907 0.489713 1 1 1
v 0.204972 0.0341964 0.489758 1 1 1
v 0.204882 0.0343907 0.489713 1 1 1
v 0.478269 0.0343574 0.489721 1 1 1
v -0.495993 0.0534055 0.485295 1 1 1
v -0.196874 0.0534055 0.485295 1 1 1
v -0.126888 0.040085 0.48839 1 1 1
v -0.123735 0.0534055 0.485295 1 1 1
v 0.126888 0.0400849 0.48839 1 1 1
v 0.123735 0.0534055 0.485295 1 1 1
v 0.196874 0.0534055 0.485295 1 1 1
v 0.495993 0.0534055 0.485295 1 1 1
v -0.49779 0.0553588 0.484842 1 1 1
v -0.513671 0.0724202 0.480878 1 1 1
v -0.190672 0.0724202 0.480878 1 1 1
v -0.119407 0.0724202 0.480878 1 1 1
v 0.119407 0.0724202 0.480878 1 1 1
v 0.190672 0.0724202 0.480878 1 1 1
v 0.49779 0.0553588 0.484842 1 1 1
v 0.513671 0.0724202 0.480878 1 1 1
v -0.517311 0.0763696 0.47996 1 1 1
v -0.531387 0.0914351 0.47646 1 1 1
v -0.185451 0.0912762 0.476497 1 1 1
v -0.185391 0.0914351 0.47646 1 1 1
v -0.115059 0.0914351 0.47646 1 1 1
v 0.115059 0.0914351 0.47646 1 1 1
v 0.185451 0.091276 0.476497 1 1 1
v 0.185391 0.0914351 0.47646 1 1 1
v 0.517311 0.0763696 0.47996 1 1 1
v 0.531387 0.0914351 0.47646 1 1 1
v -0.536832 0.0973081 0.475096 1 1 1
v -0.549214 0.11045 0.472043 1 1 1
v -0.178516 0.11045 0.472043 1 1 1
v -0.110502 0.11045 0.472043 1 1 1
v 0.110502 0.11045 0.472043 1 1 1
v 0.178516 0.11045 0.472043 1 1 1
v 0.536832 0.0973082 0.475096 1 1 1
v 0.549214 0.11045 0.472043 1 1 1
v -0.556353 0.118081 0.47027 1 1 1
v -0.567186 0.129465 0.467625 1 1 1
v -0.172438 0.129465 0.467625 1 1 1
v -0.107366 0.122908 0.469148 1 1 1
v -0.106172 0.129465 0.467625 1 1 1
v 0.107366 0.122908 0.469148 1 1 1
v 0.106172 0.129465 0.467625 1 1 1
v 0.172438 0.129465 0.467625 1 1 1
v 0.556353 0.118081 0.47027 1 1 1
v 0.567186 0.129465 0.467625 1 1 1
v -0.575874 0.1387 0.46548 1 1 1
v -0.585247 0.148479 0.463208 1 1 1
v -0.166608 0.148479 0.463208 1 1 1
v -0.102791 0.148479 0.463208 1 1 1
v 0.102791 0.148479 0.463208 1 1 1
v 0.166608 0.148479 0.463208 1 1 1
v 0.575874 0.1387 0.46548 1 1 1
v 0.585247 0.148479 0.463208 1 1 1
v -0.595396 0.159237 0.460709 1 1 1
v -0.603317 0.167494 0.45879 1 1 1
v -0.16593 0.15059 0.462717 1 1 1
v -0.158048 0.167494 0.45879 1 1 1
v -0.0984497 0.167494 0.45879 1 1 1
v 0.0984497 0.167494 0.45879 1 1 1
v 0.16593 0.15059 0.462717 1 1 1
v 0.158048 0.167494 0.45879 1 1 1
v 0.595396 0.159237 0.460708 1 1 1
v 0.603317 0.167494 0.45879 1 1 1
v -0.614917 0.179816 0.455928 1 1 1
v -0.621323 0.186509 0.454373 1 1 1
v -0.150658 0.186509 0.454373 1 1 1
v -0.0910475 0.186509 0.454373 1 1 1
v 0.0910475 0.186509 0.454373 1 1 1
v 0.150658 0.186509 0.454373 1 1 1
v 0.614917 0.179816 0.455928 1 1 1
v 0.621323 0.186509 0.454373 1 1 1
v -0.634438 0.200488 0.451125 1 1 1
v -0.63924 0.205524 0.449955 1 1 1
v -0.146409 0.199484 0.451358 1 1 1
v -0.143522 0.205524 0.449955 1 1 1
v -0.0878452 0.191712 0.453164 1 1 1
v -0.0815673 0.205524 0.449955 1 1 1
v 0.0878453 0.191712 0.453164 1 1 1
v 0.0815674 0.205524 0.449955 1 1 1
v 0.146409 0.199483 0.451358 1 1 1
v 0.143522 0.205524 0.449955 1 1 1
v 0.634438 0.200488 0.451125 1 1 1
v 0.63924 0.205524 0.449955 1 1 1
v -0.653959 0.221313 0.446287 1 1 1
v -0.657003 0.224538 0.445538 1 1 1
v -0.137178 0.224538 0.445538 1 1 1
v -0.0691709 0.224538 0.445538 1 1 1
v 0.0691708 0.224538 0.445538 1 1 1
v 0.137178 0.224538 0.445538 1 1 1
v 0.653959 0.221314 0.446287 1 1 1
v 0.657004 0.224538 0.445538 1 1 1
v -0.67348 0.24346 0.441142 1 1 1
v -0.673561 0.243553 0.44112 1 1 1
v -0.133306 0.243553 0.44112 1 1 1
v -0.0683241 0.225677 0.445273 1 1 1
v -0.0581673 0.243553 0.44112 1 1 1
v 0.0683241 0.225677 0.445273 1 1 1
v 0.0581673 0.243553 0.44112 1 1 1
v 0.133306 0.243553 0.44112 1 1 1
v 0.67348 0.243461 0.441141 1 1 1
v 0.673561 0.243553 0.44112 1 1 1
v -0.687096 0.262568 0.436702 1 1 1
v -0.131422 0.262568 0.436702 1 1 1
v -0.0488029 0.257648 0.437845 1 1 1
v -0.0452829 0.262568 0.436702 1 1 1
v 0.048803 0.257648 0.437845 1 1 1
v 0.0452829 0.262568 0.436702 1 1 1
v 0.131422 0.262568 0.436702 1 1 1
v 0.687096 0.262568 0.436702 1 1 1
v -0.693001 0.27812 0.433089 1 1 1
v -0.694382 0.281583 0.432285 1 1 1
v -0.133052 0.281583 0.432285 1 1 1
v -0.0292817 0.280191 0.432608 1 1 1
v -0.0268205 0.281583 0.432285 1 1 1
v 0.0292817 0.280191 0.432608 1 1 1
v 0.0268204 0.281583 0.432285 1 1 1
v 0.133052 0.281583 0.432285 1 1 1
v 0.693002 0.278121 0.433089 1 1 1
v 0.694382 0.281583 0.432285 1 1 1
v -0.69654 0.300597 0.427867 1 1 1
v -0.143191 0.300597 0.427867 1 1 1
v -0.0097605 0.289764 0.430384 1 1 1
v 0.00976062 0.289764 0.430384 1 1 1
v 0.143191 0.300597 0.427867 1 1 1
v 0.69654 0.300597 0.427867 1 1 1
v -0.694192 0.319612 0.42345 1 1 1
v -0.16593 0.314945 0.424534 1 1 1
v -0.180409 0.319612 0.42345 1 1 1
v -0.146409 0.303485 0.427196 1 1 1
v 0.146409 0.303485 0.427196 1 1 1
v 0.16593 0.314945 0.424534 1 1 1
v 0.180409 0.319612 0.42345 1 1 1
v 0.694192 0.319612 0.42345 1 1 1
v -0.693001 0.324034 0.422423 1 1 1
v -0.689575 0.338627 0.419032 1 1 1
v -0.263536 0.336719 0.419476 1 1 1
v -0.274888 0.338627 0.419032 1 1 1
v -0.244015 0.333346 0.420259 1 1 1
v -0.224493 0.32975 0.421095 1 1 1
v -0.204972 0.3258 0.422012 1 1 1
v -0.185451 0.321133 0.423097 1 1 1
v 0.185451 0.321133 0.423097 1 1 1
v 0.204972 0.3258 0.422012 1 1 1
v 0.224494 0.32975 0.421095 1 1 1
v 0.244015 0.333346 0.420259 1 1 1
v 0.263536 0.336719 0.419476 1 1 1
v 0.274888 0.338627 0.419032 1 1 1
v 0.693002 0.324033 0.422423 1 1 1
v 0.689575 0.338627 0.419032 1 1 1
v -0.682958 0.357642 0.414615 1 1 1
v -0.361142 0.355093 0.415207 1 1 1
v -0.37639 0.357642 0.414615 1 1 1
v -0.34162 0.351691 0.415997 1 1 1
v -0.322099 0.348079 0.416836 1 1 1
v -0.302578 0.344285 0.417718 1 1 1
v -0.283057 0.340322 0.418638 1 1 1
v 0.283057 0.340322 0.418638 1 1 1
v 0.302578 0.344285 0.417718 1 1 1
v 0.322099 0.348079 0.416836 1 1 1
v 0.34162 0.351691 0.415997 1 1 1
v 0.361142 0.355093 0.415207 1 1 1
v 0.376391 0.357642 0.414615 1 1 1
v 0.682958 0.357642 0.414615 1 1 1
v -0.67348 0.375126 0.410553 1 1 1
v -0.672349 0.376657 0.410197 1 1 1
v -0.478269 0.376309 0.410278 1 1 1
v -0.480429 0.376657 0.410197 1 1 1
v -0.458747 0.373173 0.411007 1 1 1
v -0.439226 0.369843 0.41178 1 1 1
v -0.419705 0.366289 0.412606 1 1 1
v -0.400184 0.362514 0.413483 1 1 1
v -0.380663 0.358531 0.414408 1 1 1
v 0.380663 0.358531 0.414408 1 1 1
v 0.400184 0.362514 0.413483 1 1 1
v 0.419705 0.36629 0.412606 1 1 1
v 0.439226 0.369843 0.41178 1 1 1
v 0.458748 0.373173 0.411007 1 1 1
v 0.478269 0.376309 0.410278 1 1 1
v 0.480429 0.376657 0.410197 1 1 1
v 0.67348 0.375125 0.410553 1 1 1
v 0.672349 0.376657 0.410197 1 1 1
v -0.653959 0.392718 0.406466 1 1 1
v -0.644141 0.395671 0.40578 1 1 1
v -0.575874 0.393325 0.406325 1 1 1
v -0.592691 0.395671 0.40578 1 1 1
v -0.556353 0.39033 0.407021 1 1 1
v -0.536832 0.387117 0.407767 1 1 1
v -0.517311 0.383692 0.408563 1 1 1
v -0.49779 0.38007 0.409404 1 1 1
v 0.49779 0.38007 0.409404 1 1 1
v 0.517311 0.383692 0.408563 1 1 1
v 0.536832 0.387117 0.407767 1 1 1
v 0.556353 0.39033 0.407021 1 1 1
v 0.575874 0.393325 0.406325 1 1 1
v 0.592691 0.395671 0.40578 1 1 1
v 0.653959 0.392718 0.406466 1 1 1
v 0.644141 0.395671 0.40578 1 1 1
v -0.634438 0.398268 0.405176 1 1 1
v -0.614917 0.398506 0.405121 1 1 1
v -0.595396 0.396139 0.405671 1 1 1
v 0.595396 0.396139 0.405671 1 1 1
v 0.614917 0.398506 0.405121 1 1 1
v 0.634438 0.398268 0.405176 1 1 1
v -0.0292817 -0.176079 0.705232 1 1 1
v -0.0444351 -0.176073 0.705231 1 1 1
v -0.0097605 -0.176081 0.705233 1 1 1
v 0.00976062 -0.176081 0.705233 1 1 1
v 0.0292817 -0.176079 0.705232 1 1 1
v 0.0444413 -0.176073 0.705231 1 1 1
v -0.16593 -0.165618 0.702779 1 1 1
v -0.176975 -0.157067 0.700773 1 1 1
v -0.146409 -0.172367 0.704362 1 1 1
v -0.126888 -0.174855 0.704945 1 1 1
v -0.107366 -0.175724 0.705149 1 1 1
v -0.0878452 -0.175997 0.705213 1 1 1
v -0.0683241 -0.176063 0.705229 1 1 1
v -0.0488029 -0.176071 0.705231 1 1 1
v 0.048803 -0.176071 0.705231 1 1 1
v 0.0683241 -0.176063 0.705229 1 1 1
v 0.0878453 -0.175997 0.705213 1 1 1
v 0.107366 -0.175724 0.705149 1 1 1
v 0.126888 -0.174855 0.704945 1 1 1
v 0.146409 -0.172367 0.704362 1 1 1
v 0.16593 -0.165618 0.702779 1 1 1
v 0.176975 -0.157067 0.700773 1 1 1
v -0.185076 -0.138062 0.696316 1 1 1
v 0.185076 -0.138062 0.696316 1 1 1
v -0.184597 -0.119056 0.691859 1 1 1
v 0.184597 -0.119056 0.691859 1 1 1
v -0.180936 -0.100051 0.687401 1 1 1
v 0.180937 -0.100051 0.687401 1 1 1
v -0.322099 -0.0869229 0.684322 1 1 1
v -0.329305 -0.0810456 0.682944 1 1 1
v -0.302578 -0.0946037 0.686123 1 1 1
v -0.283057 -0.0905187 0.685165 1 1 1
v -0.273452 -0.0810456 0.682944 1 1 1
v -0.175823 -0.0810456 0.682944 1 1 1
v 0.175823 -0.0810456 0.682944 1 1 1
v 0.283057 -0.0905187 0.685165 1 1 1
v 0.273452 -0.0810456 0.682944 1 1 1
v 0.302578 -0.0946037 0.686123 1 1 1
v 0.322099 -0.0869229 0.684322 1 1 1
v 0.329305 -0.0810456 0.682944 1 1 1
v -0.34162 -0.071546 0.680716 1 1 1
v -0.351133 -0.0620402 0.678486 1 1 1
v -0.263536 -0.067996 0.679883 1 1 1
v -0.260196 -0.0620402 0.678486 1 1 1
v -0.169646 -0.0620402 0.678486 1 1 1
v 0.169646 -0.0620402 0.678486 1 1 1
v 0.263536 -0.0679961 0.679883 1 1 1
v 0.260196 -0.0620402 0.678486 1 1 1
v 0.34162 -0.0715459 0.680716 1 1 1
v 0.351133 -0.0620402 0.678486 1 1 1
v -0.361142 -0.0522104 0.676181 1 1 1
v -0.36978 -0.0430347 0.674029 1 1 1
v -0.251292 -0.0430347 0.674029 1 1 1
v -0.16593 -0.0518106 0.676087 1 1 1
v -0.163343 -0.0430347 0.674029 1 1 1
v 0.16593 -0.0518107 0.676087 1 1 1
v 0.163343 -0.0430347 0.674029 1 1 1
v 0.251292 -0.0430347 0.674029 1 1 1
v 0.361142 -0.0522104 0.676181 1 1 1
v 0.36978 -0.0430347 0.674029 1 1 1
v -0.380663 -0.0314236 0.671305 1 1 1
v -0.387574 -0.0240293 0.669571 1 1 1
v -0.244043 -0.0240293 0.669571 1 1 1
v -0.157698 -0.0240293 0.669571 1 1 1
v 0.157698 -0.0240293 0.669571 1 1 1
v 0.244043 -0.0240293 0.669571 1 1 1
v 0.380663 -0.0314236 0.671305 1 1 1
v 0.387574 -0.0240293 0.669571 1 1 1
v -0.400184 -0.0103067 0.666353 1 1 1
v -0.405125 -0.00502376 0.665114 1 1 1
v -0.235991 -0.00502376 0.665114 1 1 1
v -0.151569 -0.00502376 0.665114 1 1 1
v 0.151569 -0.00502376 0.665114 1 1 1
v 0.235991 -0.00502376 0.665114 1 1 1
v 0.400184 -0.0103066 0.666353 1 1 1
v 0.405125 -0.00502376 0.665114 1 1 1
v -0.419705 0.0108756 0.661385 1 1 1
v -0.42261 0.0139816 0.660656 1 1 1
v -0.228847 0.0139816 0.660656 1 1 1
v -0.146409 0.00926399 0.661763 1 1 1
v -0.145081 0.0139816 0.660656 1 1 1
v 0.146409 0.00926386 0.661763 1 1 1
v 0.145081 0.0139816 0.660656 1 1 1
v 0.228847 0.0139816 0.660656 1 1 1
v 0.419705 0.0108757 0.661385 1 1 1
v 0.42261 0.0139816 0.660656 1 1 1
v -0.439226 0.0321008 0.656407 1 1 1
v -0.440053 0.032987 0.656199 1 1 1
v -0.224493 0.0256334 0.657923 1 1 1
v -0.220988 0.032987 0.656199 1 1 1
v -0.13989 0.032987 0.656199 1 1 1
v 0.13989 0.032987 0.656199 1 1 1
v 0.224494 0.0256332 0.657924 1 1 1
v 0.220988 0.032987 0.656199 1 1 1
v 0.439226 0.0321008 0.656407 1 1 1
v 0.440053 0.032987 0.656199 1 1 1
v -0.457628 0.0519926 0.651741 1 1 1
v -0.212472 0.0519926 0.651741 1 1 1
v -0.134427 0.0519926 0.651741 1 1 1
v 0.134427 0.0519926 0.651741 1 1 1
v 0.212472 0.0519926 0.651741 1 1 1
v 0.457628 0.0519926 0.651741 1 1 1
v -0.458747 0.0532108 0.651456 1 1 1
v -0.475291 0.0709979 0.647284 1 1 1
v -0.205017 0.0709979 0.647284 1 1 1
v -0.12848 0.0709979 0.647284 1 1 1
v 0.12848 0.0709979 0.647284 1 1 1
v 0.205017 0.0709979 0.647284 1 1 1
v 0.458748 0.0532108 0.651456 1 1 1
v 0.475291 0.0709979 0.647284 1 1 1
v -0.478269 0.0742398 0.646523 1 1 1
v -0.492926 0.0900035 0.642826 1 1 1
v -0.204972 0.0711171 0.647256 1 1 1
v -0.196833 0.0900035 0.642826 1 1 1
v -0.126888 0.0760728 0.646094 1 1 1
v -0.123875 0.0900035 0.642826 1 1 1
v 0.126888 0.0760726 0.646094 1 1 1
v 0.123875 0.0900035 0.642826 1 1 1
v 0.204972 0.0711169 0.647256 1 1 1
v 0.196833 0.0900035 0.642826 1 1 1
v 0.478269 0.0742398 0.646524 1 1 1
v 0.492926 0.0900035 0.642826 1 1 1
v -0.49779 0.0952974 0.641585 1 1 1
v -0.510542 0.109009 0.638369 1 1 1
v -0.190667 0.109009 0.638369 1 1 1
v -0.120035 0.109009 0.638369 1 1 1
v 0.120035 0.109009 0.638369 1 1 1
v 0.190668 0.109009 0.638369 1 1 1
v 0.49779 0.0952974 0.641585 1 1 1
v 0.510542 0.109009 0.638369 1 1 1
v -0.517311 0.116356 0.636646 1 1 1
v -0.5282 0.128014 0.633911 1 1 1
v -0.185561 0.128014 0.633911 1 1 1
v -0.116357 0.128014 0.633911 1 1 1
v 0.116357 0.128014 0.633911 1 1 1
v 0.185561 0.128014 0.633911 1 1 1
v 0.517311 0.116356 0.636646 1 1 1
v 0.5282 0.128014 0.633911 1 1 1
v -0.536832 0.137321 0.631729 1 1 1
v -0.545976 0.14702 0.629454 1 1 1
v -0.185451 0.128428 0.633815 1 1 1
v -0.178927 0.14702 0.629454 1 1 1
v -0.11276 0.14702 0.629454 1 1 1
v 0.112759 0.14702 0.629454 1 1 1
v 0.185451 0.128428 0.633815 1 1 1
v 0.178927 0.14702 0.629454 1 1 1
v 0.536832 0.137321 0.631729 1 1 1
v 0.545976 0.14702 0.629454 1 1 1
v -0.556353 0.158097 0.626856 1 1 1
v -0.563909 0.166025 0.624996 1 1 1
v -0.17293 0.166025 0.624996 1 1 1
v -0.109073 0.166025 0.624996 1 1 1
v 0.109073 0.166025 0.624996 1 1 1
v 0.17293 0.166025 0.624996 1 1 1
v 0.556353 0.158098 0.626856 1 1 1
v 0.563909 0.166025 0.624996 1 1 1
v -0.575874 0.178718 0.622019 1 1 1
v -0.581936 0.185031 0.620539 1 1 1
v -0.167081 0.185031 0.620539 1 1 1
v -0.107366 0.174571 0.622992 1 1 1
v -0.105897 0.185031 0.620539 1 1 1
v 0.107366 0.17457 0.622992 1 1 1
v 0.105897 0.185031 0.620539 1 1 1
v 0.167081 0.185031 0.620539 1 1 1
v 0.575874 0.178718 0.622019 1 1 1
v 0.581936 0.185031 0.620539 1 1 1
v -0.595396 0.199266 0.6172 1 1 1
v -0.599981 0.204036 0.616082 1 1 1
v -0.16593 0.188584 0.619706 1 1 1
v -0.158239 0.204036 0.616082 1 1 1
v -0.102658 0.204036 0.616082 1 1 1
v 0.102658 0.204036 0.616082 1 1 1
v 0.16593 0.188584 0.619706 1 1 1
v 0.158239 0.204036 0.616082 1 1 1
v 0.595396 0.199266 0.6172 1 1 1
v 0.599981 0.204036 0.616082 1 1 1
v -0.614917 0.219868 0.612368 1 1 1
v -0.61796 0.223042 0.611624 1 1 1
v -0.150364 0.223042 0.611624 1 1 1
v -0.0967238 0.223042 0.611624 1 1 1
v 0.0967238 0.223042 0.611624 1 1 1
v 0.150364 0.223042 0.611624 1 1 1
v 0.614917 0.219868 0.612368 1 1 1
v 0.61796 0.223042 0.611624 1 1 1
v -0.634438 0.240581 0.60751 1 1 1
v -0.635837 0.242047 0.607167 1 1 1
v -0.146409 0.234755 0.608877 1 1 1
v -0.142686 0.242047 0.607167 1 1 1
v -0.0878452 0.236665 0.608429 1 1 1
v -0.0850907 0.242047 0.607167 1 1 1
v 0.0878453 0.236665 0.608429 1 1 1
v 0.0850908 0.242047 0.607167 1 1 1
v 0.146409 0.234755 0.608877 1 1 1
v 0.142686 0.242047 0.607167 1 1 1
v 0.634438 0.240581 0.60751 1 1 1
v 0.635837 0.242047 0.607167 1 1 1
v -0.653609 0.261052 0.602709 1 1 1
v -0.136792 0.261052 0.602709 1 1 1
v -0.0717251 0.261052 0.602709 1 1 1
v 0.071725 0.261052 0.602709 1 1 1
v 0.136792 0.261052 0.602709 1 1 1
v 0.653609 0.261052 0.602709 1 1 1
v -0.653959 0.261442 0.602618 1 1 1
v -0.670592 0.280058 0.598252 1 1 1
v -0.133606 0.280058 0.598252 1 1 1
v -0.0683241 0.265067 0.601768 1 1 1
v -0.0584969 0.280058 0.598252 1 1 1
v 0.0683241 0.265067 0.601768 1 1 1
v 0.0584969 0.280058 0.598252 1 1 1
v 0.133606 0.280058 0.598252 1 1 1
v 0.653959 0.261442 0.602618 1 1 1
v 0.670592 0.280058 0.598252 1 1 1
v -0.67348 0.284042 0.597317 1 1 1
v -0.684157 0.299063 0.593794 1 1 1
v -0.13236 0.299063 0.593794 1 1 1
v -0.0488029 0.293408 0.595121 1 1 1
v -0.0443782 0.299063 0.593794 1 1 1
v 0.048803 0.293408 0.595121 1 1 1
v 0.0443783 0.299063 0.593794 1 1 1
v 0.13236 0.299063 0.593794 1 1 1
v 0.67348 0.284042 0.597317 1 1 1
v 0.684157 0.299063 0.593794 1 1 1
v -0.691561 0.318069 0.589337 1 1 1
v -0.134633 0.318069 0.589337 1 1 1
v -0.0292817 0.315023 0.590051 1 1 1
v -0.0236727 0.318069 0.589337 1 1 1
v 0.0292817 0.315023 0.590051 1 1 1
v 0.0236727 0.318069 0.589337 1 1 1
v 0.134633 0.318069 0.589337 1 1 1
v 0.691561 0.318069 0.589337 1 1 1
v -0.693001 0.331639 0.586154 1 1 1
v -0.693646 0.337074 0.584879 1 1 1
v -0.145728 0.337074 0.584879 1 1 1
v -0.0097605 0.324618 0.587801 1 1 1
v 0.00976062 0.324618 0.587801 1 1 1
v 0.145729 0.337074 0.584879 1 1 1
v 0.693002 0.33164 0.586154 1 1 1
v 0.693646 0.337074 0.584879 1 1 1
v -0.693001 0.342322 0.583648 1 1 1
v -0.691598 0.35608 0.580422 1 1 1
v -0.185451 0.355886 0.580467 1 1 1
v -0.186273 0.35608 0.580422 1 1 1
v -0.16593 0.349601 0.581941 1 1 1
v -0.146409 0.337676 0.584738 1 1 1
v 0.146409 0.337676 0.584738 1 1 1
v 0.16593 0.349601 0.581941 1 1 1
v 0.185451 0.355886 0.580467 1 1 1
v 0.186273 0.35608 0.580422 1 1 1
v 0.693002 0.342322 0.583649 1 1 1
v 0.691598 0.35608 0.580422 1 1 1
v -0.687072 0.375085 0.575964 1 1 1
v -0.263536 0.371844 0.576725 1 1 1
v -0.282737 0.375085 0.575964 1 1 1
v -0.244015 0.368396 0.577533 1 1 1
v -0.224493 0.364714 0.578397 1 1 1
v -0.204972 0.360662 0.579347 1 1 1
v 0.204972 0.360662 0.579347 1 1 1
v 0.224494 0.364714 0.578397 1 1 1
v 0.244015 0.368396 0.577533 1 1 1
v 0.263536 0.371844 0.576725 1 1 1
v 0.282737 0.375085 0.575964 1 1 1
v 0.687072 0.375085 0.575964 1 1 1
v -0.68014 0.394091 0.571507 1 1 1
v -0.380663 0.393576 0.571627 1 1 1
v -0.383702 0.394091 0.571507 1 1 1
v -0.361142 0.39028 0.572401 1 1 1
v -0.34162 0.386802 0.573216 1 1 1
v -0.322099 0.383106 0.574083 1 1 1
v -0.302578 0.379219 0.574995 1 1 1
v -0.283057 0.375152 0.575949 1 1 1
v 0.283057 0.375152 0.575949 1 1 1
v 0.302578 0.379219 0.574995 1 1 1
v 0.322099 0.383106 0.574083 1 1 1
v 0.34162 0.386802 0.573216 1 1 1
v 0.361142 0.39028 0.572401 1 1 1
v 0.380663 0.393576 0.571627 1 1 1
v 0.383702 0.394091 0.571507 1 1 1
v 0.68014 0.394091 0.571507 1 1 1
v -0.67348 0.406419 0.568615 1 1 1
v -0.668577 0.413096 0.567049 1 1 1
v -0.478269 0.411454 0.567435 1 1 1
v -0.488649 0.413096 0.567049 1 1 1
v -0.458747 0.408306 0.568173 1 1 1
v -0.439226 0.404949 0.56896 1 1 1
v -0.419705 0.401351 0.569804 1 1 1
v -0.400184 0.397504 0.570706 1 1 1
v 0.400184 0.397504 0.570706 1 1 1
v 0.419705 0.401351 0.569804 1 1 1
v 0.439226 0.404949 0.56896 1 1 1
v 0.458748 0.408306 0.568173 1 1 1
v 0.478269 0.411454 0.567435 1 1 1
v 0.488649 0.413096 0.567049 1 1 1
v 0.67348 0.406419 0.568615 1 1 1
v 0.668577 0.413096 0.567049 1 1 1
v -0.653959 0.425942 0.564036 1 1 1
v -0.634438 0.431989 0.562618 1 1 1
v -0.630176 0.432101 0.562592 1 1 1
v -0.595396 0.430648 0.562933 1 1 1
v -0.611209 0.432101 0.562592 1 1 1
v -0.575874 0.42802 0.563549 1 1 1
v -0.556353 0.425074 0.56424 1 1 1
v -0.536832 0.421895 0.564986 1 1 1
v -0.517311 0.418489 0.565785 1 1 1
v -0.49779 0.414863 0.566635 1 1 1
v 0.49779 0.414863 0.566635 1 1 1
v 0.517311 0.418489 0.565785 1 1 1
v 0.536832 0.421895 0.564986 1 1 1
v 0.556353 0.425074 0.56424 1 1 1
v 0.575874 0.42802 0.563549 1 1 1
v 0.595396 0.430648 0.562933 1 1 1
v 0.611209 0.432101 0.562592 1 1 1
v 0.634438 0.431989 0.562618 1 1 1
v 0.630175 0.432101 0.562592 1 1 1
v 0.653959 0.425942 0.564036 1 1 1
v -0.614917 0.432524 0.562493 1 1 1
v 0.614917 0.432524 0.562493 1 1 1
v -0.16593 -0.125298 0.861127 1 1 1
v -0.173081 -0.119766 0.859796 1 1 1
v -0.146409 -0.132791 0.862929 1 1 1
v -0.126888 -0.135652 0.863617 1 1 1
v -0.107366 -0.136704 0.86387 1 1 1
v -0.0878452 -0.137059 0.863955 1 1 1
v -0.0683241 -0.137156 0.863979 1 1 1
v -0.0488029 -0.137173 0.863983 1 1 1
v -0.0292817 -0.137181 0.863985 1 1 1
v -0.0097605 -0.137183 0.863985 1 1 1
v 0.00976062 -0.137183 0.863985 1 1 1
v 0.0292817 -0.137181 0.863985 1 1 1
v 0.048803 -0.137173 0.863983 1 1 1
v 0.0683241 -0.137156 0.863979 1 1 1
v 0.0878453 -0.137059 0.863955 1 1 1
v 0.107366 -0.136704 0.86387 1 1 1
v 0.126888 -0.135652 0.863617 1 1 1
v 0.146409 -0.132791 0.862929 1 1 1
v 0.16593 -0.125298 0.861127 1 1 1
v 0.173081 -0.119766 0.859796 1 1 1
v -0.182433 -0.100786 0.855231 1 1 1
v 0.182433 -0.100786 0.855231 1 1 1
v -0.182519 -0.081806 0.850666 1 1 1
v 0.182519 -0.081806 0.850666 1 1 1
v -0.179092 -0.0628261 0.846101 1 1 1
v 0.179092 -0.0628261 0.846101 1 1 1
v -0.322099 -0.0461345 0.842086 1 1 1
v -0.324898 -0.0438462 0.841536 1 1 1
v -0.302578 -0.0537918 0.843928 1 1 1
v -0.283057 -0.0492363 0.842832 1 1 1
v -0.277469 -0.0438462 0.841536 1 1 1
v -0.174034 -0.0438462 0.841536 1 1 1
v 0.174034 -0.0438462 0.841536 1 1 1
v 0.283057 -0.0492364 0.842832 1 1 1
v 0.277469 -0.0438462 0.841536 1 1 1
v 0.302578 -0.0537918 0.843928 1 1 1
v 0.322099 -0.0461345 0.842086 1 1 1
v 0.324898 -0.0438462 0.841536 1 1 1
v -0.34162 -0.030906 0.838423 1 1 1
v -0.347658 -0.0248664 0.836971 1 1 1
v -0.263536 -0.025977 0.837238 1 1 1
v -0.262899 -0.0248664 0.836971 1 1 1
v -0.167806 -0.0248664 0.836971 1 1 1
v 0.167806 -0.0248664 0.836971 1 1 1
v 0.263536 -0.0259771 0.837238 1 1 1
v 0.262899 -0.0248664 0.836971 1 1 1
v 0.34162 -0.030906 0.838423 1 1 1
v 0.347658 -0.0248664 0.836971 1 1 1
v -0.361142 -0.0116053 0.833781 1 1 1
v -0.366521 -0.00588641 0.832406 1 1 1
v -0.253399 -0.00588641 0.832406 1 1 1
v -0.16593 -0.0195901 0.835702 1 1 1
v -0.161973 -0.00588641 0.832406 1 1 1
v 0.16593 -0.0195902 0.835702 1 1 1
v 0.161973 -0.00588641 0.832406 1 1 1
v 0.253399 -0.00588641 0.832406 1 1 1
v 0.361142 -0.0116052 0.833781 1 1 1
v 0.366521 -0.00588641 0.832406 1 1 1
v -0.380663 0.00921734 0.828773 1 1 1
v -0.384282 0.0130934 0.827841 1 1 1
v -0.245761 0.0130934 0.827841 1 1 1
v -0.156334 0.0130934 0.827841 1 1 1
v 0.156334 0.0130934 0.827841 1 1 1
v 0.245761 0.0130934 0.827841 1 1 1
v 0.380663 0.00921741 0.828773 1 1 1
v 0.384282 0.0130934 0.827841 1 1 1
v -0.400184 0.030412 0.823675 1 1 1
v -0.401737 0.0320734 0.823276 1 1 1
v -0.244015 0.0176625 0.826742 1 1 1
v -0.237741 0.0320734 0.823276 1 1 1
v -0.150189 0.0320734 0.823276 1 1 1
v 0.150189 0.0320734 0.823276 1 1 1
v 0.244015 0.0176623 0.826742 1 1 1
v 0.237741 0.0320734 0.823276 1 1 1
v 0.400184 0.0304121 0.823675 1 1 1
v 0.401737 0.0320734 0.823276 1 1 1
v -0.4192 0.0510532 0.818711 1 1 1
v -0.230199 0.0510532 0.818711 1 1 1
v -0.146409 0.0427823 0.8207 1 1 1
v -0.144158 0.0510532 0.818711 1 1 1
v 0.146409 0.0427822 0.8207 1 1 1
v 0.144158 0.0510532 0.818711 1 1 1
v 0.230199 0.0510532 0.818711 1 1 1
v 0.4192 0.0510532 0.818711 1 1 1
v -0.419705 0.0516032 0.818578 1 1 1
v -0.436865 0.0700331 0.814146 1 1 1
v -0.224493 0.0656134 0.815209 1 1 1
v -0.222277 0.0700331 0.814146 1 1 1
v -0.139098 0.0700331 0.814146 1 1 1
v 0.139098 0.0700331 0.814146 1 1 1
v 0.224494 0.0656132 0.815209 1 1 1
v 0.222277 0.0700331 0.814146 1 1 1
v 0.419705 0.0516033 0.818578 1 1 1
v 0.436865 0.0700331 0.814146 1 1 1
v -0.439226 0.0726 0.813528 1 1 1
v -0.454495 0.0890131 0.809581 1 1 1
v -0.213099 0.0890131 0.809581 1 1 1
v -0.133815 0.0890131 0.809581 1 1 1
v 0.133815 0.0890131 0.809581 1 1 1
v 0.213099 0.0890131 0.809581 1 1 1
v 0.439226 0.0726 0.813528 1 1 1
v 0.454495 0.0890131 0.809581 1 1 1
v -0.458747 0.0936422 0.808467 1 1 1
v -0.47209 0.107993 0.805016 1 1 1
v -0.205136 0.107993 0.805016 1 1 1
v -0.128154 0.107993 0.805016 1 1 1
v 0.128154 0.107993 0.805016 1 1 1
v 0.205136 0.107993 0.805016 1 1 1
v 0.458748 0.0936422 0.808467 1 1 1
v 0.47209 0.107993 0.805016 1 1 1
v -0.478269 0.114721 0.803397 1 1 1
v -0.489657 0.126973 0.800451 1 1 1
v -0.204972 0.108405 0.804916 1 1 1
v -0.196792 0.126973 0.800451 1 1 1
v -0.126888 0.112338 0.803971 1 1 1
v -0.124011 0.126973 0.800451 1 1 1
v 0.126888 0.112337 0.803971 1 1 1
v 0.124011 0.126973 0.800451 1 1 1
v 0.204972 0.108405 0.804917 1 1 1
v 0.196792 0.126973 0.800451 1 1 1
v 0.478269 0.114721 0.803397 1 1 1
v 0.489657 0.126973 0.800451 1 1 1
v -0.49779 0.135825 0.798321 1 1 1
v -0.507208 0.145953 0.795886 1 1 1
v -0.190663 0.145953 0.795886 1 1 1
v -0.120636 0.145953 0.795886 1 1 1
v 0.120637 0.145953 0.795886 1 1 1
v 0.190663 0.145953 0.795886 1 1 1
v 0.49779 0.135825 0.798321 1 1 1
v 0.507208 0.145953 0.795886 1 1 1
v -0.517311 0.156914 0.793249 1 1 1
v -0.524804 0.164933 0.79132 1 1 1
v -0.185713 0.164933 0.79132 1 1 1
v -0.11757 0.164933 0.79132 1 1 1
v 0.11757 0.164933 0.79132 1 1 1
v 0.185713 0.164933 0.79132 1 1 1
v 0.517311 0.156914 0.793249 1 1 1
v 0.524804 0.164933 0.79132 1 1 1
v -0.536832 0.177884 0.788205 1 1 1
v -0.542523 0.183913 0.786755 1 1 1
v -0.185451 0.165962 0.791073 1 1 1
v -0.179354 0.183913 0.786755 1 1 1
v -0.114802 0.183913 0.786755 1 1 1
v 0.114802 0.183913 0.786755 1 1 1
v 0.185451 0.165962 0.791073 1 1 1
v 0.179354 0.183913 0.786755 1 1 1
v 0.536832 0.177884 0.788205 1 1 1
v 0.542523 0.183913 0.786755 1 1 1
v -0.556353 0.198642 0.783213 1 1 1
v -0.560414 0.202892 0.78219 1 1 1
v -0.17345 0.202892 0.78219 1 1 1
v -0.112296 0.202892 0.78219 1 1 1
v 0.112296 0.202892 0.78219 1 1 1
v 0.17345 0.202892 0.78219 1 1 1
v 0.556353 0.198642 0.783213 1 1 1
v 0.560414 0.202892 0.78219 1 1 1
v -0.575874 0.219245 0.778257 1 1 1
v -0.578405 0.221872 0.777625 1 1 1
v -0.167589 0.221872 0.777625 1 1 1
v -0.109757 0.221872 0.777625 1 1 1
v 0.109757 0.221872 0.777625 1 1 1
v 0.167589 0.221872 0.777625 1 1 1
v 0.575874 0.219245 0.778257 1 1 1
v 0.578405 0.221872 0.777625 1 1 1
v -0.595396 0.239785 0.773317 1 1 1
v -0.596425 0.240852 0.77306 1 1 1
v -0.16593 0.226946 0.776405 1 1 1
v -0.15847 0.240852 0.77306 1 1 1
v -0.107366 0.234396 0.774613 1 1 1
v -0.106497 0.240852 0.77306 1 1 1
v 0.107366 0.234396 0.774613 1 1 1
v 0.106497 0.240852 0.77306 1 1 1
v 0.16593 0.226946 0.776405 1 1 1
v 0.15847 0.240852 0.77306 1 1 1
v 0.595396 0.239785 0.773317 1 1 1
v 0.596425 0.240852 0.77306 1 1 1
v -0.614451 0.259832 0.768495 1 1 1
v -0.150011 0.259832 0.768495 1 1 1
v -0.101897 0.259832 0.768495 1 1 1
v 0.101897 0.259832 0.768495 1 1 1
v 0.150011 0.259832 0.768495 1 1 1
v 0.614451 0.259832 0.768495 1 1 1
v -0.614917 0.260325 0.768377 1 1 1
v -0.632535 0.278812 0.76393 1 1 1
v -0.146409 0.27012 0.766021 1 1 1
v -0.141598 0.278812 0.76393 1 1 1
v -0.0895202 0.278812 0.76393 1 1 1
v 0.0895202 0.278812 0.76393 1 1 1
v 0.146409 0.27012 0.766021 1 1 1
v 0.141598 0.278812 0.76393 1 1 1
v 0.614917 0.260325 0.768377 1 1 1
v 0.632535 0.278812 0.76393 1 1 1
v -0.634438 0.280839 0.763443 1 1 1
v -0.650474 0.297792 0.759365 1 1 1
v -0.136333 0.297792 0.759365 1 1 1
v -0.0878452 0.280308 0.76357 1 1 1
v -0.0744143 0.297792 0.759365 1 1 1
v 0.0878453 0.280308 0.76357 1 1 1
v 0.0744143 0.297792 0.759365 1 1 1
v 0.136333 0.297792 0.759365 1 1 1
v 0.634438 0.280839 0.763443 1 1 1
v 0.650474 0.297792 0.759365 1 1 1
v -0.653959 0.301666 0.758433 1 1 1
v -0.667445 0.316772 0.7548 1 1 1
v -0.133945 0.316772 0.7548 1 1 1
v -0.0683241 0.304154 0.757835 1 1 1
v -0.0588529 0.316772 0.7548 1 1 1
v 0.0683241 0.304154 0.757835 1 1 1
v 0.0588529 0.316772 0.7548 1 1 1
v 0.133945 0.316772 0.7548 1 1 1
v 0.653959 0.301666 0.758433 1 1 1
v 0.667444 0.316772 0.7548 1 1 1
v -0.67348 0.325109 0.752795 1 1 1
v -0.681031 0.335752 0.750235 1 1 1
v -0.13339 0.335752 0.750235 1 1 1
v -0.0488029 0.329436 0.751754 1 1 1
v -0.0433996 0.335752 0.750235 1 1 1
v 0.048803 0.329436 0.751754 1 1 1
v 0.0433996 0.335752 0.750235 1 1 1
v 0.13339 0.335752 0.750235 1 1 1
v 0.67348 0.325109 0.752795 1 1 1
v 0.681031 0.335752 0.750235 1 1 1
v -0.688796 0.354732 0.74567 1 1 1
v -0.136351 0.354732 0.74567 1 1 1
v -0.0292817 0.350044 0.746797 1 1 1
v -0.0202686 0.354732 0.74567 1 1 1
v 0.0292817 0.350044 0.746797 1 1 1
v 0.0202686 0.354732 0.74567 1 1 1
v 0.136351 0.354732 0.74567 1 1 1
v 0.688796 0.354732 0.74567 1 1 1
v -0.690964 0.373711 0.741105 1 1 1
v -0.146409 0.371178 0.741714 1 1 1
v -0.148606 0.373711 0.741105 1 1 1
v -0.0097605 0.359578 0.744504 1 1 1
v 0.00976062 0.359578 0.744504 1 1 1
v 0.146409 0.371178 0.741714 1 1 1
v 0.148606 0.373711 0.741105 1 1 1
v 0.690964 0.373711 0.741105 1 1 1
v -0.689058 0.392691 0.73654 1 1 1
v -0.185451 0.390869 0.736978 1 1 1
v -0.1932 0.392691 0.73654 1 1 1
v -0.16593 0.384301 0.738558 1 1 1
v 0.16593 0.384301 0.738558 1 1 1
v 0.185451 0.390869 0.736978 1 1 1
v 0.1932 0.392691 0.73654 1 1 1
v 0.689058 0.392691 0.73654 1 1 1
v -0.684406 0.411671 0.731975 1 1 1
v -0.283057 0.410376 0.732286 1 1 1
v -0.290567 0.411671 0.731975 1 1 1
v -0.263536 0.407016 0.733095 1 1 1
v -0.244015 0.403491 0.733942 1 1 1
v -0.224493 0.399721 0.734849 1 1 1
v -0.204972 0.395564 0.735849 1 1 1
v 0.204972 0.395564 0.735849 1 1 1
v 0.224494 0.399721 0.734849 1 1 1
v 0.244015 0.403491 0.733942 1 1 1
v 0.263536 0.407016 0.733095 1 1 1
v 0.283057 0.410376 0.732286 1 1 1
v 0.290567 0.411671 0.731975 1 1 1
v 0.684406 0.411671 0.731975 1 1 1
v -0.677144 0.430651 0.72741 1 1 1
v -0.380663 0.428868 0.727839 1 1 1
v -0.391193 0.430651 0.72741 1 1 1
v -0.361142 0.425505 0.728648 1 1 1
v -0.34162 0.421949 0.729503 1 1 1
v -0.322099 0.418167 0.730413 1 1 1
v -0.302578 0.414183 0.731371 1 1 1
v 0.302578 0.414183 0.731371 1 1 1
v 0.322099 0.418167 0.730413 1 1 1
v 0.34162 0.421949 0.729503 1 1 1
v 0.361142 0.425505 0.728648 1 1 1
v 0.380663 0.428868 0.727839 1 1 1
v 0.391193 0.430651 0.72741 1 1 1
v 0.677144 0.430651 0.72741 1 1 1
v -0.67348 0.437454 0.725774 1 1 1
v -0.664587 0.449631 0.722845 1 1 1
v -0.478269 0.446612 0.723571 1 1 1
v -0.497701 0.449631 0.722845 1 1 1
v -0.458747 0.443457 0.72433 1 1 1
v -0.439226 0.440077 0.725143 1 1 1
v -0.419705 0.436435 0.726019 1 1 1
v -0.400184 0.432515 0.726962 1 1 1
v 0.400184 0.432515 0.726962 1 1 1
v 0.419705 0.436435 0.726019 1 1 1
v 0.439226 0.440077 0.725143 1 1 1
v 0.458748 0.443457 0.72433 1 1 1
v 0.478269 0.446612 0.723571 1 1 1
v 0.497701 0.449631 0.722845 1 1 1
v 0.67348 0.437453 0.725774 1 1 1
v 0.664587 0.449631 0.722845 1 1 1
v -0.653959 0.459025 0.720586 1 1 1
v -0.634438 0.465911 0.718929 1 1 1
v -0.614917 0.466801 0.718715 1 1 1
v -0.595396 0.465202 0.7191 1 1 1
v -0.575874 0.462676 0.719707 1 1 1
v -0.556353 0.459788 0.720402 1 1 1
v -0.536832 0.45665 0.721157 1 1 1
v -0.517311 0.45327 0.72197 1 1 1
v -0.49779 0.449648 0.722841 1 1 1
v 0.49779 0.449648 0.722841 1 1 1
v 0.517311 0.45327 0.72197 1 1 1
v 0.536832 0.45665 0.721157 1 1 1
v 0.556353 0.459788 0.720402 1 1 1
v 0.575874 0.462676 0.719707 1 1 1
v 0.595396 0.465202 0.7191 1 1 1
v 0.614917 0.466801 0.718715 1 1 1
v 0.634438 0.465911 0.718929 1 1 1
v 0.653959 0.459025 0.720586 1 1 1
v -0.16593 -0.0831748 1.02204 1 1 1
v -0.168945 -0.0808491 1.02145 1 1 1
v -0.146409 -0.091429 1.02416 1 1 1
v -0.126888 -0.0946769 1.025 1 1 1
v -0.107366 -0.0959193 1.02532 1 1 1
v -0.0878452 -0.09636 1.02543 1 1 1
v -0.0683241 -0.0964904 1.02546 1 1 1
v -0.0488029 -0.0965166 1.02547 1 1 1
v -0.0292817 -0.0965263 1.02547 1 1 1
v -0.0097605 -0.0965277 1.02547 1 1 1
v 0.00976062 -0.0965277 1.02547 1 1 1
v 0.0292817 -0.0965263 1.02547 1 1 1
v 0.048803 -0.0965166 1.02547 1 1 1
v 0.0683241 -0.0964904 1.02546 1 1 1
v 0.0878453 -0.09636 1.02543 1 1 1
v 0.107366 -0.0959193 1.02532 1 1 1
v 0.126888 -0.0946769 1.025 1 1 1
v 0.146409 -0.091429 1.02416 1 1 1
v 0.16593 -0.0831747 1.02204 1 1 1
v 0.168945 -0.0808491 1.02145 1 1 1
v -0.17961 -0.0619415 1.01659 1 1 1
v 0.17961 -0.0619415 1.01659 1 1 1
v -0.180294 -0.043034 1.01173 1 1 1
v 0.180294 -0.043034 1.01173 1 1 1
v -0.177114 -0.0241264 1.00688 1 1 1
v 0.177114 -0.0241264 1.00688 1 1 1
v -0.302578 -0.0113108 1.00359 1 1 1
v -0.318076 -0.00521889 1.00202 1 1 1
v -0.283057 -0.00628333 1.0023 1 1 1
v -0.281924 -0.00521889 1.00202 1 1 1
v -0.172114 -0.00521889 1.00202 1 1 1
v 0.172114 -0.00521889 1.00202 1 1 1
v 0.283057 -0.00628338 1.0023 1 1 1
v 0.281924 -0.00521889 1.00202 1 1 1
v 0.302578 -0.0113108 1.00359 1 1 1
v 0.318076 -0.00521889 1.00202 1 1 1
v -0.34162 0.0113468 0.997767 1 1 1
v -0.343965 0.0136886 0.997166 1 1 1
v -0.322099 -0.0038303 1.00167 1 1 1
v -0.26603 0.0136886 0.997166 1 1 1
v -0.16593 0.0134218 0.997235 1 1 1
v -0.165855 0.0136886 0.997166 1 1 1
v 0.16593 0.0134217 0.997235 1 1 1
v 0.165855 0.0136886 0.997166 1 1 1
v 0.26603 0.0136886 0.997166 1 1 1
v 0.322099 -0.00383028 1.00167 1 1 1
v 0.34162 0.0113469 0.997767 1 1 1
v 0.343965 0.0136886 0.997166 1 1 1
v -0.361142 0.0305675 0.992831 1 1 1
v -0.363053 0.0325962 0.99231 1 1 1
v -0.263536 0.017516 0.996183 1 1 1
v -0.255716 0.0325962 0.99231 1 1 1
v -0.160502 0.0325962 0.99231 1 1 1
v 0.160502 0.0325962 0.99231 1 1 1
v 0.263536 0.0175159 0.996183 1 1 1
v 0.255715 0.0325962 0.99231 1 1 1
v 0.361142 0.0305675 0.992831 1 1 1
v 0.363053 0.0325962 0.99231 1 1 1
v -0.380663 0.0513795 0.987486 1 1 1
v -0.380779 0.0515037 0.987454 1 1 1
v -0.247647 0.0515037 0.987454 1 1 1
v -0.154868 0.0515037 0.987454 1 1 1
v 0.154868 0.0515037 0.987454 1 1 1
v 0.247647 0.0515037 0.987454 1 1 1
v 0.380663 0.0513796 0.987486 1 1 1
v 0.380779 0.0515037 0.987454 1 1 1
v -0.398403 0.0704113 0.982598 1 1 1
v -0.244015 0.0607354 0.985083 1 1 1
v -0.239669 0.0704113 0.982598 1 1 1
v -0.148704 0.0704113 0.982598 1 1 1
v 0.148704 0.0704113 0.982598 1 1 1
v 0.244015 0.0607352 0.985083 1 1 1
v 0.239669 0.0704113 0.982598 1 1 1
v 0.398403 0.0704113 0.982598 1 1 1
v -0.400184 0.0723414 0.982102 1 1 1
v -0.416006 0.0893187 0.977742 1 1 1
v -0.231693 0.0893187 0.977742 1 1 1
v -0.146409 0.0770632 0.980889 1 1 1
v -0.143184 0.0893187 0.977742 1 1 1
v 0.146409 0.0770631 0.980889 1 1 1
v 0.143185 0.0893187 0.977742 1 1 1
v 0.231693 0.0893187 0.977742 1 1 1
v 0.400184 0.0723414 0.982102 1 1 1
v 0.416006 0.0893187 0.977742 1 1 1
v -0.419705 0.0933371 0.97671 1 1 1
v -0.433595 0.108226 0.972886 1 1 1
v -0.224493 0.106752 0.973264 1 1 1
v -0.223712 0.108226 0.972886 1 1 1
v -0.13827 0.108226 0.972886 1 1 1
v 0.13827 0.108226 0.972886 1 1 1
v 0.224494 0.106752 0.973264 1 1 1
v 0.223712 0.108226 0.972886 1 1 1
v 0.419705 0.0933371 0.97671 1 1 1
v 0.433595 0.108226 0.972886 1 1 1
v -0.439226 0.114337 0.971316 1 1 1
v -0.451154 0.127134 0.96803 1 1 1
v -0.213793 0.127134 0.96803 1 1 1
v -0.133182 0.127134 0.96803 1 1 1
v 0.133182 0.127134 0.96803 1 1 1
v 0.213793 0.127134 0.96803 1 1 1
v 0.439226 0.114337 0.971316 1 1 1
v 0.451154 0.127134 0.96803 1 1 1
v -0.458747 0.135384 0.965911 1 1 1
v -0.468676 0.146041 0.963174 1 1 1
v -0.205267 0.146041 0.963174 1 1 1
v -0.127822 0.146041 0.963174 1 1 1
v 0.127822 0.146041 0.963174 1 1 1
v 0.205267 0.146041 0.963174 1 1 1
v 0.458748 0.135384 0.965911 1 1 1
v 0.468677 0.146041 0.963174 1 1 1
v -0.478269 0.156466 0.960496 1 1 1
v -0.48617 0.164949 0.958318 1 1 1
v -0.204972 0.146742 0.962994 1 1 1
v -0.196749 0.164949 0.958318 1 1 1
v -0.126888 0.149513 0.962282 1 1 1
v -0.124145 0.164949 0.958318 1 1 1
v 0.126888 0.149513 0.962282 1 1 1
v 0.124145 0.164949 0.958318 1 1 1
v 0.204972 0.146742 0.962994 1 1 1
v 0.196749 0.164949 0.958318 1 1 1
v 0.478269 0.156466 0.960496 1 1 1
v 0.486171 0.164949 0.958318 1 1 1
v -0.49779 0.177568 0.955077 1 1 1
v -0.503652 0.183856 0.953462 1 1 1
v -0.190659 0.183856 0.953462 1 1 1
v -0.121213 0.183856 0.953462 1 1 1
v 0.121213 0.183856 0.953462 1 1 1
v 0.190659 0.183856 0.953462 1 1 1
v 0.49779 0.177568 0.955077 1 1 1
v 0.503652 0.183856 0.953462 1 1 1
v -0.517311 0.198635 0.949666 1 1 1
v -0.521181 0.202764 0.948605 1 1 1
v -0.185867 0.202764 0.948605 1 1 1
v -0.118706 0.202764 0.948605 1 1 1
v 0.118706 0.202764 0.948605 1 1 1
v 0.185867 0.202764 0.948605 1 1 1
v 0.517311 0.198635 0.949666 1 1 1
v 0.521181 0.202764 0.948605 1 1 1
v -0.536832 0.219554 0.944293 1 1 1
v -0.538839 0.221671 0.943749 1 1 1
v -0.185451 0.204477 0.948166 1 1 1
v -0.179799 0.221671 0.943749 1 1 1
v -0.116658 0.221671 0.943749 1 1 1
v 0.116658 0.221671 0.943749 1 1 1
v 0.185451 0.204476 0.948166 1 1 1
v 0.179799 0.221671 0.943749 1 1 1
v 0.536832 0.219554 0.944293 1 1 1
v 0.538839 0.221671 0.943749 1 1 1
v -0.556353 0.240235 0.938982 1 1 1
v -0.556684 0.240579 0.938893 1 1 1
v -0.174002 0.240579 0.938893 1 1 1
v -0.115112 0.240579 0.938893 1 1 1
v 0.115112 0.240579 0.938893 1 1 1
v 0.174002 0.240579 0.938893 1 1 1
v 0.556353 0.240235 0.938982 1 1 1
v 0.556684 0.240579 0.938893 1 1 1
v -0.574794 0.259487 0.934037 1 1 1
v -0.168138 0.259487 0.934037 1 1 1
v -0.113959 0.259487 0.934037 1 1 1
v 0.113959 0.259487 0.934037 1 1 1
v 0.168138 0.259487 0.934037 1 1 1
v 0.574794 0.259487 0.934037 1 1 1
v -0.575874 0.260621 0.933746 1 1 1
v -0.592995 0.278394 0.929181 1 1 1
v -0.16593 0.26615 0.932326 1 1 1
v -0.158758 0.278394 0.929181 1 1 1
v -0.112282 0.278394 0.929181 1 1 1
v 0.112282 0.278394 0.929181 1 1 1
v 0.16593 0.26615 0.932326 1 1 1
v 0.158758 0.278394 0.929181 1 1 1
v 0.575874 0.260621 0.933746 1 1 1
v 0.592995 0.278394 0.929181 1 1 1
v -0.595396 0.280916 0.928533 1 1 1
v -0.611151 0.297302 0.924325 1 1 1
v -0.14958 0.297302 0.924325 1 1 1
v -0.107366 0.294072 0.925155 1 1 1
v -0.106629 0.297302 0.924325 1 1 1
v 0.107366 0.294072 0.925155 1 1 1
v 0.106629 0.297302 0.924325 1 1 1
v 0.14958 0.297302 0.924325 1 1 1
v 0.595396 0.280916 0.928533 1 1 1
v 0.611151 0.297302 0.924325 1 1 1
v -0.614917 0.301267 0.923307 1 1 1
v -0.629223 0.316209 0.919469 1 1 1
v -0.146409 0.305958 0.922102 1 1 1
v -0.140125 0.316209 0.919469 1 1 1
v -0.0962026 0.316209 0.919469 1 1 1
v 0.0962026 0.316209 0.919469 1 1 1
v 0.146409 0.305958 0.922102 1 1 1
v 0.140125 0.316209 0.919469 1 1 1
v 0.614917 0.301267 0.923307 1 1 1
v 0.629223 0.316209 0.919469 1 1 1
v -0.634438 0.321744 0.918047 1 1 1
v -0.647128 0.335117 0.914613 1 1 1
v -0.135782 0.335117 0.914613 1 1 1
v -0.0878452 0.323154 0.917685 1 1 1
v -0.0772483 0.335117 0.914613 1 1 1
v 0.0878453 0.323154 0.917685 1 1 1
v 0.0772483 0.335117 0.914613 1 1 1
v 0.135782 0.335117 0.914613 1 1 1
v 0.634438 0.321744 0.918047 1 1 1
v 0.647128 0.335117 0.914613 1 1 1
v -0.653959 0.342695 0.912667 1 1 1
v -0.664088 0.354024 0.909757 1 1 1
v -0.13433 0.354024 0.909757 1 1 1
v -0.0683241 0.343409 0.912483 1 1 1
v -0.0592382 0.354024 0.909757 1 1 1
v 0.0683241 0.343409 0.912483 1 1 1
v 0.0592382 0.354024 0.909757 1 1 1
v 0.13433 0.354024 0.909757 1 1 1
v 0.653959 0.342695 0.912667 1 1 1
v 0.664088 0.354024 0.909757 1 1 1
v -0.67348 0.366985 0.906428 1 1 1
v -0.677701 0.372932 0.904901 1 1 1
v -0.134527 0.372932 0.904901 1 1 1
v -0.0488029 0.366034 0.906672 1 1 1
v -0.0423378 0.372932 0.904901 1 1 1
v 0.048803 0.366034 0.906672 1 1 1
v 0.0423378 0.372932 0.904901 1 1 1
v 0.134527 0.372932 0.904901 1 1 1
v 0.67348 0.366985 0.906428 1 1 1
v 0.677701 0.372932 0.904901 1 1 1
v -0.685845 0.391839 0.900045 1 1 1
v -0.138224 0.391839 0.900045 1 1 1
v -0.0292817 0.385537 0.901663 1 1 1
v -0.0165765 0.391839 0.900045 1 1 1
v 0.0292817 0.385537 0.901663 1 1 1
v 0.0165765 0.391839 0.900045 1 1 1
v 0.138224 0.391839 0.900045 1 1 1
v 0.685845 0.391839 0.900045 1 1 1
v -0.688213 0.410747 0.895189 1 1 1
v -0.146409 0.404759 0.896727 1 1 1
v -0.151777 0.410747 0.895189 1 1 1
v -0.0097605 0.394908 0.899257 1 1 1
v 0.00976062 0.394908 0.899257 1 1 1
v 0.146409 0.404759 0.896727 1 1 1
v 0.151778 0.410747 0.895189 1 1 1
v 0.688213 0.410747 0.895189 1 1 1
v -0.686346 0.429654 0.890333 1 1 1
v -0.185451 0.426109 0.891243 1 1 1
v -0.200627 0.429654 0.890333 1 1 1
v -0.16593 0.419265 0.893001 1 1 1
v 0.16593 0.419265 0.893001 1 1 1
v 0.185451 0.426109 0.891243 1 1 1
v 0.200626 0.429654 0.890333 1 1 1
v 0.686346 0.429654 0.890333 1 1 1
v -0.681562 0.448562 0.885477 1 1 1
v -0.283057 0.445842 0.886175 1 1 1
v -0.298821 0.448562 0.885477 1 1 1
v -0.263536 0.442416 0.887055 1 1 1
v -0.244015 0.438818 0.887979 1 1 1
v -0.224493 0.434964 0.888969 1 1 1
v -0.204972 0.430708 0.890062 1 1 1
v 0.204972 0.430708 0.890062 1 1 1
v 0.224494 0.434964 0.888969 1 1 1
v 0.244015 0.438818 0.887979 1 1 1
v 0.263536 0.442416 0.887055 1 1 1
v 0.283057 0.445842 0.886175 1 1 1
v 0.298821 0.448562 0.885477 1 1 1
v 0.681562 0.448562 0.885477 1 1 1
v -0.673954 0.467469 0.880621 1 1 1
v -0.380663 0.464352 0.881421 1 1 1
v -0.399118 0.467469 0.880621 1 1 1
v -0.361142 0.460923 0.882302 1 1 1
v -0.34162 0.45729 0.883235 1 1 1
v -0.322099 0.453424 0.884228 1 1 1
v -0.302578 0.449348 0.885275 1 1 1
v 0.302578 0.449348 0.885275 1 1 1
v 0.322099 0.453424 0.884228 1 1 1
v 0.34162 0.45729 0.883235 1 1 1
v 0.361142 0.460924 0.882302 1 1 1
v 0.380663 0.464352 0.881421 1 1 1
v 0.399118 0.467469 0.880621 1 1 1
v 0.673953 0.467469 0.880621 1 1 1
v -0.67348 0.468349 0.880395 1 1 1
v -0.660361 0.486377 0.875765 1 1 1
v -0.49779 0.484911 0.876141 1 1 1
v -0.507507 0.486377 0.875765 1 1 1
v -0.478269 0.481901 0.876914 1 1 1
v -0.458747 0.47875 0.877723 1 1 1
v -0.439226 0.475356 0.878595 1 1 1
v -0.419705 0.471677 0.87954 1 1 1
v -0.400184 0.46769 0.880564 1 1 1
v 0.400184 0.46769 0.880564 1 1 1
v 0.419705 0.471677 0.87954 1 1 1
v 0.439226 0.475356 0.878595 1 1 1
v 0.458748 0.47875 0.877723 1 1 1
v 0.478269 0.481901 0.876914 1 1 1
v 0.49779 0.484911 0.876141 1 1 1
v 0.507507 0.486377 0.875765 1 1 1
v 0.67348 0.468348 0.880395 1 1 1
v 0.660361 0.486377 0.875765 1 1 1
v -0.653959 0.492057 0.874306 1 1 1
v -0.634438 0.499821 0.872312 1 1 1
v -0.614917 0.501161 0.871968 1 1 1
v -0.595396 0.49979 0.87232 1 1 1
v -0.575874 0.497382 0.872938 1 1 1
v -0.556353 0.494567 0.873661 1 1 1
v -0.536832 0.491484 0.874453 1 1 1
v -0.517311 0.488144 0.875311 1 1 1
v 0.517311 0.488144 0.875311 1 1 1
v 0.536832 0.491484 0.874453 1 1 1
v 0.556353 0.494567 0.873661 1 1 1
v 0.575874 0.497382 0.872938 1 1 1
v 0.595396 0.49979 0.87232 1 1 1
v 0.614917 0.501161 0.871968 1 1 1
v 0.634438 0.499821 0.872312 1 1 1
v 0.653959 0.492057 0.874306 1 1 1
v -0.146409 -0.0486154 1.18022 1 1 1
v -0.164115 -0.0405996 1.17816 1 1 1
v -0.126888 -0.0522853 1.18117 1 1 1
v -0.107366 -0.0537353 1.18154 1 1 1
v -0.0878452 -0.0542694 1.18168 1 1 1
v -0.0683241 -0.0544359 1.18172 1 1 1
v -0.0488029 -0.0544719 1.18173 1 1 1
v -0.0292817 -0.0544835 1.18174 1 1 1
v -0.0097605 -0.0544847 1.18174 1 1 1
v 0.00976062 -0.0544847 1.18174 1 1 1
v 0.0292817 -0.0544835 1.18174 1 1 1
v 0.048803 -0.0544719 1.18173 1 1 1
v 0.0683241 -0.0544359 1.18172 1 1 1
v 0.0878453 -0.0542694 1.18168 1 1 1
v 0.107366 -0.0537353 1.18154 1 1 1
v 0.126888 -0.0522853 1.18117 1 1 1
v 0.146409 -0.0486154 1.18022 1 1 1
v 0.164115 -0.0405996 1.17816 1 1 1
v -0.16593 -0.0390109 1.17775 1 1 1
v -0.176586 -0.0216949 1.17329 1 1 1
v 0.16593 -0.0390109 1.17775 1 1 1
v 0.176586 -0.0216949 1.17329 1 1 1
v -0.177904 -0.00279021 1.16843 1 1 1
v 0.177904 -0.00279021 1.16843 1 1 1
v -0.174987 0.0161145 1.16356 1 1 1
v 0.174987 0.0161145 1.16356 1 1 1
v -0.302578 0.0330027 1.15921 1 1 1
v -0.307618 0.0350192 1.15869 1 1 1
v -0.294626 0.0350192 1.15869 1 1 1
v -0.170048 0.0350192 1.15869 1 1 1
v 0.170048 0.0350192 1.15869 1 1 1
v 0.302578 0.0330026 1.15921 1 1 1
v 0.294626 0.0350192 1.15869 1 1 1
v 0.307618 0.0350192 1.15869 1 1 1
v -0.322099 0.0401134 1.15738 1 1 1
v -0.339673 0.0539239 1.15383 1 1 1
v -0.283057 0.0384435 1.15781 1 1 1
v -0.269549 0.0539239 1.15383 1 1 1
v -0.16593 0.0477504 1.15542 1 1 1
v -0.164234 0.0539239 1.15383 1 1 1
v 0.16593 0.0477502 1.15542 1 1 1
v 0.164234 0.0539239 1.15383 1 1 1
v 0.283057 0.0384434 1.15781 1 1 1
v 0.269549 0.0539239 1.15383 1 1 1
v 0.322099 0.0401134 1.15738 1 1 1
v 0.339673 0.0539239 1.15383 1 1 1
v -0.34162 0.0553652 1.15345 1 1 1
v -0.359364 0.0728286 1.14896 1 1 1
v -0.263536 0.062917 1.15151 1 1 1
v -0.258274 0.0728286 1.14896 1 1 1
v -0.158916 0.0728286 1.14896 1 1 1
v 0.158916 0.0728286 1.14896 1 1 1
v 0.263536 0.0629168 1.15151 1 1 1
v 0.258274 0.0728286 1.14896 1 1 1
v 0.34162 0.0553653 1.15345 1 1 1
v 0.359364 0.0728286 1.14896 1 1 1
v -0.361142 0.0745288 1.14852 1 1 1
v -0.377401 0.0917333 1.14409 1 1 1
v -0.249728 0.0917333 1.14409 1 1 1
v -0.153288 0.0917333 1.14409 1 1 1
v 0.153288 0.0917333 1.14409 1 1 1
v 0.249728 0.0917333 1.14409 1 1 1
v 0.361142 0.0745289 1.14852 1 1 1
v 0.377401 0.0917333 1.14409 1 1 1
v -0.380663 0.0951696 1.14321 1 1 1
v -0.395063 0.110638 1.13922 1 1 1
v -0.244015 0.105862 1.14045 1 1 1
v -0.241806 0.110638 1.13922 1 1 1
v -0.1471 0.110638 1.13922 1 1 1
v 0.1471 0.110638 1.13922 1 1 1
v 0.244015 0.105862 1.14045 1 1 1
v 0.241806 0.110638 1.13922 1 1 1
v 0.380663 0.0951696 1.14321 1 1 1
v 0.395063 0.110638 1.13922 1 1 1
v -0.400184 0.1162 1.13779 1 1 1
v -0.412594 0.129543 1.13436 1 1 1
v -0.233354 0.129543 1.13436 1 1 1
v -0.146409 0.112703 1.13869 1 1 1
v -0.142158 0.129543 1.13436 1 1 1
v 0.146409 0.112703 1.13869 1 1 1
v 0.142158 0.129543 1.13436 1 1 1
v 0.233354 0.129543 1.13436 1 1 1
v 0.400184 0.1162 1.13779 1 1 1
v 0.412594 0.129543 1.13436 1 1 1
v -0.419705 0.137284 1.13236 1 1 1
v -0.430099 0.148447 1.12949 1 1 1
v -0.225095 0.148447 1.12949 1 1 1
v -0.137402 0.148447 1.12949 1 1 1
v 0.137403 0.148447 1.12949 1 1 1
v 0.225095 0.148447 1.12949 1 1 1
v 0.419705 0.137284 1.13236 1 1 1
v 0.430099 0.148447 1.12949 1 1 1
v -0.439226 0.158371 1.12694 1 1 1
v -0.447583 0.167352 1.12462 1 1 1
v -0.224493 0.14971 1.12917 1 1 1
v -0.214566 0.167352 1.12462 1 1 1
v -0.132526 0.167352 1.12462 1 1 1
v 0.132526 0.167352 1.12462 1 1 1
v 0.224494 0.14971 1.12917 1 1 1
v 0.214566 0.167352 1.12462 1 1 1
v 0.439226 0.158371 1.12694 1 1 1
v 0.447583 0.167352 1.12462 1 1 1
v -0.458747 0.179505 1.12149 1 1 1
v -0.465027 0.186257 1.11976 1 1 1
v -0.205411 0.186257 1.11976 1 1 1
v -0.127486 0.186257 1.11976 1 1 1
v 0.127486 0.186257 1.11976 1 1 1
v 0.205411 0.186257 1.11976 1 1 1
v 0.458748 0.179505 1.12149 1 1 1
v 0.465027 0.186257 1.11976 1 1 1
v -0.478269 0.200672 1.11605 1 1 1
v -0.482443 0.205162 1.11489 1 1 1
v -0.204972 0.187246 1.1195 1 1 1
v -0.196705 0.205162 1.11489 1 1 1
v -0.126888 0.188692 1.11913 1 1 1
v -0.124276 0.205162 1.11489 1 1 1
v 0.126888 0.188692 1.11913 1 1 1
v 0.124276 0.205162 1.11489 1 1 1
v 0.204972 0.187245 1.1195 1 1 1
v 0.196705 0.205162 1.11489 1 1 1
v 0.478269 0.200672 1.11605 1 1 1
v 0.482443 0.205162 1.11489 1 1 1
v -0.49779 0.221854 1.11059 1 1 1
v -0.499849 0.224066 1.11002 1 1 1
v -0.190655 0.224066 1.11002 1 1 1
v -0.121765 0.224066 1.11002 1 1 1
v 0.121765 0.224066 1.11002 1 1 1
v 0.190655 0.224066 1.11002 1 1 1
v 0.49779 0.221854 1.11059 1 1 1
v 0.499849 0.224066 1.11002 1 1 1
v -0.517307 0.242971 1.10516 1 1 1
v -0.186025 0.242971 1.10516 1 1 1
v -0.11977 0.242971 1.10516 1 1 1
v 0.119771 0.242971 1.10516 1 1 1
v 0.186025 0.242971 1.10516 1 1 1
v 0.517307 0.242971 1.10516 1 1 1
v -0.53512 0.261876 1.10029 1 1 1
v -0.185451 0.245457 1.10452 1 1 1
v -0.180264 0.261876 1.10029 1 1 1
v -0.118351 0.261876 1.10029 1 1 1
v 0.118351 0.261876 1.10029 1 1 1
v 0.185451 0.245457 1.10452 1 1 1
v 0.180264 0.261876 1.10029 1 1 1
v 0.535119 0.261876 1.10029 1 1 1
v -0.536832 0.263691 1.09982 1 1 1
v -0.553133 0.28078 1.09542 1 1 1
v -0.174587 0.28078 1.09542 1 1 1
v -0.117593 0.28078 1.09542 1 1 1
v 0.117593 0.28078 1.09542 1 1 1
v 0.174587 0.28078 1.09542 1 1 1
v 0.536832 0.263691 1.09982 1 1 1
v 0.553133 0.28078 1.09542 1 1 1
v -0.556353 0.284167 1.09455 1 1 1
v -0.571271 0.299685 1.09055 1 1 1
v -0.168731 0.299685 1.09055 1 1 1
v -0.117492 0.299685 1.09055 1 1 1
v 0.117492 0.299685 1.09055 1 1 1
v 0.168731 0.299685 1.09055 1 1 1
v 0.556353 0.284167 1.09455 1 1 1
v 0.571271 0.299685 1.09055 1 1 1
v -0.575874 0.304508 1.08931 1 1 1
v -0.589464 0.31859 1.08569 1 1 1
v -0.16593 0.308055 1.0884 1 1 1
v -0.159124 0.31859 1.08569 1 1 1
v -0.117504 0.31859 1.08569 1 1 1
v 0.117504 0.31859 1.08569 1 1 1
v 0.16593 0.308055 1.0884 1 1 1
v 0.159124 0.31859 1.08569 1 1 1
v 0.575874 0.304508 1.08931 1 1 1
v 0.589464 0.31859 1.08569 1 1 1
v -0.595396 0.32481 1.08409 1 1 1
v -0.607613 0.337495 1.08082 1 1 1
v -0.14904 0.337495 1.08082 1 1 1
v -0.115191 0.337495 1.08082 1 1 1
v 0.115191 0.337495 1.08082 1 1 1
v 0.149041 0.337495 1.08082 1 1 1
v 0.595396 0.32481 1.08409 1 1 1
v 0.607613 0.337495 1.08082 1 1 1
v -0.614917 0.345174 1.07884 1 1 1
v -0.625674 0.356399 1.07595 1 1 1
v -0.146409 0.344331 1.07906 1 1 1
v -0.138018 0.356399 1.07595 1 1 1
v -0.107366 0.347609 1.07822 1 1 1
v -0.102335 0.356399 1.07595 1 1 1
v 0.107366 0.347609 1.07822 1 1 1
v 0.102335 0.356399 1.07595 1 1 1
v 0.146409 0.344331 1.07906 1 1 1
v 0.138018 0.356399 1.07595 1 1 1
v 0.614917 0.345174 1.07884 1 1 1
v 0.625674 0.356399 1.07595 1 1 1
v -0.634438 0.365699 1.07356 1 1 1
v -0.643547 0.375304 1.07109 1 1 1
v -0.135105 0.375304 1.07109 1 1 1
v -0.0878452 0.367751 1.07303 1 1 1
v -0.0802391 0.375304 1.07109 1 1 1
v 0.0878453 0.367751 1.07303 1 1 1
v 0.0802391 0.375304 1.07109 1 1 1
v 0.135105 0.375304 1.07109 1 1 1
v 0.634438 0.365699 1.07356 1 1 1
v 0.643547 0.375304 1.07109 1 1 1
v -0.653959 0.386874 1.06811 1 1 1
v -0.660501 0.394209 1.06622 1 1 1
v -0.134771 0.394209 1.06622 1 1 1
v -0.0683241 0.385249 1.06853 1 1 1
v -0.0596568 0.394209 1.06622 1 1 1
v 0.0683241 0.385249 1.06853 1 1 1
v 0.0596568 0.394209 1.06622 1 1 1
v 0.134771 0.394209 1.06622 1 1 1
v 0.653959 0.386874 1.06811 1 1 1
v 0.660501 0.394209 1.06622 1 1 1
v -0.67348 0.412173 1.06159 1 1 1
v -0.674145 0.413113 1.06135 1 1 1
v -0.135788 0.413113 1.06135 1 1 1
v -0.0488029 0.405663 1.06327 1 1 1
v -0.0411818 0.413113 1.06135 1 1 1
v 0.048803 0.405663 1.06327 1 1 1
v 0.0411818 0.413113 1.06135 1 1 1
v 0.135788 0.413113 1.06135 1 1 1
v 0.67348 0.412173 1.06159 1 1 1
v 0.674145 0.413113 1.06135 1 1 1
v -0.682689 0.432018 1.05649 1 1 1
v -0.140273 0.432018 1.05649 1 1 1
v -0.0292817 0.424091 1.05853 1 1 1
v -0.0125582 0.432018 1.05649 1 1 1
v 0.0292817 0.424091 1.05853 1 1 1
v 0.0125582 0.432018 1.05649 1 1 1
v 0.140273 0.432018 1.05649 1 1 1
v 0.682689 0.432018 1.05649 1 1 1
v -0.685269 0.450923 1.05162 1 1 1
v -0.146409 0.441383 1.05407 1 1 1
v -0.155233 0.450923 1.05162 1 1 1
v -0.0097605 0.43325 1.05617 1 1 1
v 0.00976062 0.43325 1.05617 1 1 1
v 0.146409 0.441383 1.05407 1 1 1
v 0.155233 0.450923 1.05162 1 1 1
v 0.685269 0.450923 1.05162 1 1 1
v -0.683444 0.469827 1.04675 1 1 1
v -0.204972 0.469073 1.04695 1 1 1
v -0.208702 0.469827 1.04675 1 1 1
v -0.185451 0.464434 1.04814 1 1 1
v -0.16593 0.45728 1.04998 1 1 1
v 0.16593 0.45728 1.04998 1 1 1
v 0.185451 0.464434 1.04814 1 1 1
v 0.204972 0.469073 1.04695 1 1 1
v 0.208702 0.469827 1.04675 1 1 1
v 0.683444 0.469827 1.04675 1 1 1
v -0.678521 0.488732 1.04188 1 1 1
v -0.302578 0.487901 1.0421 1 1 1
v -0.30726 0.488732 1.04188 1 1 1
v -0.283057 0.484485 1.04298 1 1 1
v -0.263536 0.480976 1.04388 1 1 1
v -0.244015 0.477284 1.04483 1 1 1
v -0.224493 0.473325 1.04585 1 1 1
v 0.224494 0.473325 1.04585 1 1 1
v 0.244015 0.477284 1.04483 1 1 1
v 0.263536 0.480976 1.04388 1 1 1
v 0.283057 0.484485 1.04298 1 1 1
v 0.302578 0.487901 1.0421 1 1 1
v 0.30726 0.488732 1.04188 1 1 1
v 0.678521 0.488732 1.04188 1 1 1
v -0.67348 0.501229 1.03867 1 1 1
v -0.670465 0.507637 1.03702 1 1 1
v -0.400184 0.506443 1.03732 1 1 1
v -0.407234 0.507637 1.03702 1 1 1
v -0.380663 0.503092 1.03819 1 1 1
v -0.361142 0.49958 1.03909 1 1 1
v -0.34162 0.495849 1.04005 1 1 1
v -0.322099 0.491877 1.04107 1 1 1
v 0.322099 0.491877 1.04107 1 1 1
v 0.34162 0.495849 1.04005 1 1 1
v 0.361142 0.49958 1.03909 1 1 1
v 0.380663 0.503092 1.03819 1 1 1
v 0.400184 0.506443 1.03732 1 1 1
v 0.407234 0.507637 1.03702 1 1 1
v 0.67348 0.501229 1.03867 1 1 1
v 0.670465 0.507637 1.03702 1 1 1
v -0.655877 0.526542 1.03215 1 1 1
v -0.517311 0.526358 1.0322 1 1 1
v -0.518579 0.526542 1.03215 1 1 1
v -0.49779 0.523488 1.03294 1 1 1
v -0.478269 0.520495 1.03371 1 1 1
v -0.458747 0.51734 1.03452 1 1 1
v -0.439226 0.51392 1.0354 1 1 1
v -0.419705 0.510189 1.03636 1 1 1
v 0.419705 0.510189 1.03636 1 1 1
v 0.439226 0.51392 1.0354 1 1 1
v 0.458748 0.51734 1.03452 1 1 1
v 0.478269 0.520495 1.03371 1 1 1
v 0.49779 0.523488 1.03294 1 1 1
v 0.517311 0.526358 1.0322 1 1 1
v 0.518579 0.526542 1.03215 1 1 1
v 0.655877 0.526542 1.03215 1 1 1
v -0.653959 0.528257 1.03171 1 1 1
v -0.634438 0.53699 1.02946 1 1 1
v -0.614917 0.538819 1.02899 1 1 1
v -0.595396 0.537691 1.02928 1 1 1
v -0.575874 0.535401 1.02987 1 1 1
v -0.556353 0.532657 1.03058 1 1 1
v -0.536832 0.529624 1.03136 1 1 1
v 0.536832 0.529624 1.03136 1 1 1
v 0.556353 0.532657 1.03058 1 1 1
v 0.575874 0.535401 1.02987 1 1 1
v 0.595396 0.537691 1.02928 1 1 1
v 0.614917 0.538819 1.02899 1 1 1
v 0.634438 0.53699 1.02946 1 1 1
v 0.653959 0.528257 1.03171 1 1 1
v -0.146409 -0.00425548 1.34099 1 1 1
v -0.15799 0.000990957 1.33954 1 1 1
v -0.126888 -0.00835656 1.34211 1 1 1
v -0.107366 -0.0100212 1.34257 1 1 1
v -0.0878452 -0.0106527 1.34275 1 1 1
v -0.0683241 -0.0108571 1.3428 1 1 1
v -0.0488029 -0.0109033 1.34281 1 1 1
v -0.0292817 -0.010917 1.34282 1 1 1
v -0.0097605 -0.0109181 1.34282 1 1 1
v 0.00976062 -0.0109181 1.34282 1 1 1
v 0.0292817 -0.010917 1.34282 1 1 1
v 0.048803 -0.0109033 1.34281 1 1 1
v 0.0683241 -0.0108571 1.3428 1 1 1
v 0.0878453 -0.0106527 1.34275 1 1 1
v 0.107366 -0.0100213 1.34257 1 1 1
v 0.126888 -0.00835656 1.34211 1 1 1
v 0.146409 -0.00425547 1.34099 1 1 1
v 0.15799 0.000990957 1.33954 1 1 1
v -0.16593 0.00790169 1.33764 1 1 1
v -0.173344 0.0198122 1.33436 1 1 1
v 0.16593 0.00790175 1.33764 1 1 1
v 0.173344 0.0198122 1.33436 1 1 1
v -0.175333 0.0386334 1.32918 1 1 1
v 0.175333 0.0386334 1.32918 1 1 1
v -0.172695 0.0574546 1.324 1 1 1
v 0.172695 0.0574546 1.324 1 1 1
v -0.167821 0.0762759 1.31882 1 1 1
v 0.167821 0.0762759 1.31882 1 1 1
v -0.322099 0.0853048 1.31633 1 1 1
v -0.334551 0.095097 1.31364 1 1 1
v -0.302578 0.0785129 1.3182 1 1 1
v -0.283057 0.084417 1.31658 1 1 1
v -0.273472 0.095097 1.31364 1 1 1
v -0.16593 0.0822647 1.31717 1 1 1
v -0.162485 0.095097 1.31364 1 1 1
v 0.16593 0.0822645 1.31717 1 1 1
v 0.162485 0.095097 1.31364 1 1 1
v 0.283057 0.0844169 1.31658 1 1 1
v 0.273472 0.095097 1.31364 1 1 1
v 0.302578 0.0785128 1.3182 1 1 1
v 0.322099 0.0853048 1.31633 1 1 1
v 0.334552 0.095097 1.31364 1 1 1
v -0.34162 0.100338 1.3122 1 1 1
v -0.355438 0.113918 1.30846 1 1 1
v -0.263536 0.109486 1.30968 1 1 1
v -0.261112 0.113918 1.30846 1 1 1
v -0.157206 0.113918 1.30846 1 1 1
v 0.157206 0.113918 1.30846 1 1 1
v 0.263536 0.109486 1.30968 1 1 1
v 0.261112 0.113918 1.30846 1 1 1
v 0.34162 0.100338 1.3122 1 1 1
v 0.355438 0.113918 1.30846 1 1 1
v -0.361142 0.11937 1.30696 1 1 1
v -0.373801 0.132739 1.30328 1 1 1
v -0.252034 0.132739 1.30328 1 1 1
v -0.151583 0.132739 1.30328 1 1 1
v 0.151583 0.132739 1.30328 1 1 1
v 0.252033 0.132739 1.30328 1 1 1
v 0.361142 0.11937 1.30696 1 1 1
v 0.373801 0.132739 1.30328 1 1 1
v -0.380663 0.139956 1.30129 1 1 1
v -0.391489 0.151561 1.2981 1 1 1
v -0.244151 0.151561 1.2981 1 1 1
v -0.146409 0.14873 1.29888 1 1 1
v -0.145675 0.151561 1.2981 1 1 1
v 0.146409 0.148729 1.29888 1 1 1
v 0.145675 0.151561 1.2981 1 1 1
v 0.244151 0.151561 1.2981 1 1 1
v 0.380663 0.139956 1.30129 1 1 1
v 0.391489 0.151561 1.2981 1 1 1
v -0.400184 0.160985 1.2955 1 1 1
v -0.408943 0.170382 1.29292 1 1 1
v -0.244015 0.151885 1.29801 1 1 1
v -0.235209 0.170382 1.29292 1 1 1
v -0.141076 0.170382 1.29292 1 1 1
v 0.141076 0.170382 1.29292 1 1 1
v 0.244015 0.151885 1.29801 1 1 1
v 0.235209 0.170382 1.29292 1 1 1
v 0.400184 0.160985 1.2955 1 1 1
v 0.408943 0.170382 1.29292 1 1 1
v -0.419705 0.182072 1.2897 1 1 1
v -0.42636 0.189203 1.28774 1 1 1
v -0.226413 0.189203 1.28774 1 1 1
v -0.136495 0.189203 1.28774 1 1 1
v 0.136495 0.189203 1.28774 1 1 1
v 0.226413 0.189203 1.28774 1 1 1
v 0.419705 0.182072 1.2897 1 1 1
v 0.42636 0.189203 1.28774 1 1 1
v -0.439226 0.20316 1.28389 1 1 1
v -0.443763 0.208024 1.28256 1 1 1
v -0.224493 0.192965 1.2867 1 1 1
v -0.215432 0.208024 1.28256 1 1 1
v -0.131849 0.208024 1.28256 1 1 1
v 0.131849 0.208024 1.28256 1 1 1
v 0.224494 0.192965 1.2867 1 1 1
v 0.215432 0.208024 1.28256 1 1 1
v 0.439226 0.20316 1.28389 1 1 1
v 0.443763 0.208024 1.28256 1 1 1
v -0.458747 0.224297 1.27808 1 1 1
v -0.461123 0.226846 1.27737 1 1 1
v -0.20557 0.226846 1.27737 1 1 1
v -0.127145 0.226846 1.27737 1 1 1
v 0.127145 0.226846 1.27737 1 1 1
v 0.20557 0.226846 1.27737 1 1 1
v 0.458748 0.224297 1.27808 1 1 1
v 0.461124 0.226846 1.27737 1 1 1
v -0.478269 0.245465 1.27225 1 1 1
v -0.478457 0.245667 1.27219 1 1 1
v -0.204972 0.228116 1.27703 1 1 1
v -0.19666 0.245667 1.27219 1 1 1
v -0.126888 0.228003 1.27706 1 1 1
v -0.124405 0.245667 1.27219 1 1 1
v 0.126888 0.228002 1.27706 1 1 1
v 0.124405 0.245667 1.27219 1 1 1
v 0.204972 0.228116 1.27703 1 1 1
v 0.19666 0.245667 1.27219 1 1 1
v 0.478269 0.245465 1.27225 1 1 1
v 0.478457 0.245667 1.27219 1 1 1
v -0.495987 0.264488 1.26701 1 1 1
v -0.190651 0.264488 1.26701 1 1 1
v -0.122296 0.264488 1.26701 1 1 1
v 0.122296 0.264488 1.26701 1 1 1
v 0.190651 0.264488 1.26701 1 1 1
v 0.495987 0.264488 1.26701 1 1 1
v -0.49779 0.266427 1.26648 1 1 1
v -0.513608 0.283309 1.26183 1 1 1
v -0.186185 0.283309 1.26183 1 1 1
v -0.120771 0.283309 1.26183 1 1 1
v 0.120771 0.283309 1.26183 1 1 1
v 0.186185 0.283309 1.26183 1 1 1
v 0.49779 0.266427 1.26648 1 1 1
v 0.513608 0.283309 1.26183 1 1 1
v -0.517311 0.28726 1.26075 1 1 1
v -0.531382 0.30213 1.25665 1 1 1
v -0.185451 0.286659 1.26091 1 1 1
v -0.180748 0.30213 1.25665 1 1 1
v -0.119902 0.30213 1.25665 1 1 1
v 0.119902 0.30213 1.25665 1 1 1
v 0.185451 0.286659 1.26091 1 1 1
v 0.180748 0.30213 1.25665 1 1 1
v 0.517311 0.28726 1.26075 1 1 1
v 0.531382 0.30213 1.25665 1 1 1
v -0.536832 0.307879 1.25507 1 1 1
v -0.549368 0.320952 1.25147 1 1 1
v -0.17521 0.320952 1.25147 1 1 1
v -0.119794 0.320952 1.25147 1 1 1
v 0.119794 0.320952 1.25147 1 1 1
v 0.17521 0.320952 1.25147 1 1 1
v 0.536832 0.307879 1.25507 1 1 1
v 0.549368 0.320952 1.25147 1 1 1
v -0.556353 0.328255 1.24946 1 1 1
v -0.567492 0.339773 1.24629 1 1 1
v -0.169375 0.339773 1.24629 1 1 1
v -0.120501 0.339773 1.24629 1 1 1
v 0.120501 0.339773 1.24629 1 1 1
v 0.169375 0.339773 1.24629 1 1 1
v 0.556353 0.328255 1.24946 1 1 1
v 0.567492 0.339773 1.24629 1 1 1
v -0.575874 0.3485 1.24389 1 1 1
v -0.585675 0.358594 1.24111 1 1 1
v -0.16593 0.349912 1.2435 1 1 1
v -0.159607 0.358594 1.24111 1 1 1
v -0.121694 0.358594 1.24111 1 1 1
v 0.121694 0.358594 1.24111 1 1 1
v 0.16593 0.349912 1.2435 1 1 1
v 0.159607 0.358594 1.24111 1 1 1
v 0.575874 0.3485 1.24389 1 1 1
v 0.585675 0.358594 1.24111 1 1 1
v -0.595396 0.368724 1.23832 1 1 1
v -0.603817 0.377415 1.23593 1 1 1
v -0.148347 0.377415 1.23593 1 1 1
v -0.122012 0.377415 1.23593 1 1 1
v 0.122012 0.377415 1.23593 1 1 1
v 0.148347 0.377415 1.23593 1 1 1
v 0.595396 0.368724 1.23832 1 1 1
v 0.603817 0.377415 1.23593 1 1 1
v -0.614917 0.38902 1.23274 1 1 1
v -0.621869 0.396237 1.23075 1 1 1
v -0.146409 0.382137 1.23463 1 1 1
v -0.134762 0.396237 1.23075 1 1 1
v -0.109811 0.396237 1.23075 1 1 1
v 0.109811 0.396237 1.23075 1 1 1
v 0.146409 0.382137 1.23463 1 1 1
v 0.134763 0.396237 1.23075 1 1 1
v 0.614917 0.38902 1.23274 1 1 1
v 0.621869 0.396237 1.23075 1 1 1
v -0.634438 0.409517 1.22709 1 1 1
v -0.639712 0.415058 1.22557 1 1 1
v -0.134257 0.415058 1.22557 1 1 1
v -0.107366 0.397033 1.23053 1 1 1
v -0.0878452 0.411155 1.22664 1 1 1
v -0.0833967 0.415058 1.22557 1 1 1
v 0.0878453 0.411155 1.22664 1 1 1
v 0.0833967 0.415058 1.22557 1 1 1
v 0.107366 0.397032 1.23053 1 1 1
v 0.134257 0.415058 1.22557 1 1 1
v 0.634438 0.409517 1.22709 1 1 1
v 0.639712 0.415058 1.22557 1 1 1
v -0.653959 0.430852 1.22122 1 1 1
v -0.656663 0.433879 1.22039 1 1 1
v -0.135281 0.433879 1.22039 1 1 1
v -0.0683241 0.42637 1.22246 1 1 1
v -0.0601124 0.433879 1.22039 1 1 1
v 0.0683241 0.42637 1.22246 1 1 1
v 0.0601123 0.433879 1.22039 1 1 1
v 0.135281 0.433879 1.22039 1 1 1
v 0.653959 0.430852 1.22122 1 1 1
v 0.656663 0.433879 1.22039 1 1 1
v -0.670637 0.4527 1.21521 1 1 1
v -0.137194 0.4527 1.21521 1 1 1
v -0.0488029 0.444777 1.21739 1 1 1
v -0.0399191 0.4527 1.21521 1 1 1
v 0.048803 0.444777 1.21739 1 1 1
v 0.0399191 0.4527 1.21521 1 1 1
v 0.137194 0.4527 1.21521 1 1 1
v 0.670637 0.4527 1.21521 1 1 1
v -0.67348 0.458759 1.21354 1 1 1
v -0.679309 0.471521 1.21003 1 1 1
v -0.142524 0.471521 1.21003 1 1 1
v -0.0292817 0.462018 1.21264 1 1 1
v -0.0097605 0.470896 1.2102 1 1 1
v 0.00976062 0.470896 1.2102 1 1 1
v 0.0292817 0.462018 1.21264 1 1 1
v 0.142524 0.471521 1.21003 1 1 1
v 0.67348 0.458759 1.21354 1 1 1
v 0.679309 0.471521 1.21003 1 1 1
v -0.682112 0.490343 1.20485 1 1 1
v -0.146409 0.477219 1.20846 1 1 1
v -0.15901 0.490343 1.20485 1 1 1
v 0.146409 0.477219 1.20846 1 1 1
v 0.15901 0.490343 1.20485 1 1 1
v 0.682112 0.490343 1.20485 1 1 1
v -0.680333 0.509164 1.19967 1 1 1
v -0.204972 0.506644 1.20036 1 1 1
v -0.217468 0.509164 1.19967 1 1 1
v -0.185451 0.501825 1.20169 1 1 1
v -0.16593 0.494382 1.20374 1 1 1
v 0.16593 0.494382 1.20374 1 1 1
v 0.185451 0.501825 1.20169 1 1 1
v 0.204972 0.506644 1.20036 1 1 1
v 0.217468 0.509164 1.19967 1 1 1
v 0.680333 0.509164 1.19967 1 1 1
v -0.675263 0.527985 1.19449 1 1 1
v -0.302578 0.52561 1.19514 1 1 1
v -0.315955 0.527985 1.19449 1 1 1
v -0.283057 0.52213 1.1961 1 1 1
v -0.263536 0.518544 1.19709 1 1 1
v -0.244015 0.514767 1.19812 1 1 1
v -0.224493 0.510715 1.19924 1 1 1
v 0.224494 0.510715 1.19924 1 1 1
v 0.244015 0.514767 1.19812 1 1 1
v 0.263536 0.518544 1.19709 1 1 1
v 0.283057 0.52213 1.1961 1 1 1
v 0.302578 0.52561 1.19514 1 1 1
v 0.315955 0.527985 1.19449 1 1 1
v 0.675263 0.527985 1.19449 1 1 1
v -0.67348 0.532411 1.19327 1 1 1
v -0.666723 0.546806 1.18931 1 1 1
v -0.400184 0.544172 1.19003 1 1 1
v -0.415863 0.546806 1.18931 1 1 1
v -0.380663 0.540769 1.19097 1 1 1
v -0.361142 0.537178 1.19196 1 1 1
v -0.34162 0.533356 1.19301 1 1 1
v -0.322099 0.529289 1.19413 1 1 1
v 0.322099 0.529289 1.19413 1 1 1
v 0.34162 0.533356 1.19301 1 1 1
v 0.361142 0.537178 1.19196 1 1 1
v 0.380663 0.540769 1.19097 1 1 1
v 0.400184 0.544172 1.19003 1 1 1
v 0.415863 0.546806 1.18931 1 1 1
v 0.67348 0.53241 1.19327 1 1 1
v 0.666723 0.546806 1.18931 1 1 1
v -0.653959 0.562885 1.18488 1 1 1
v -0.649671 0.565628 1.18413 1 1 1
v -0.517311 0.563697 1.18466 1 1 1
v -0.531245 0.565628 1.18413 1 1 1
v -0.49779 0.560888 1.18543 1 1 1
v -0.478269 0.557929 1.18624 1 1 1
v -0.458747 0.554787 1.18711 1 1 1
v -0.439226 0.551357 1.18805 1 1 1
v -0.419705 0.547588 1.18909 1 1 1
v 0.419705 0.547588 1.18909 1 1 1
v 0.439226 0.551357 1.18805 1 1 1
v 0.458748 0.554787 1.18711 1 1 1
v 0.478269 0.557929 1.18624 1 1 1
v 0.49779 0.560888 1.18543 1 1 1
v 0.517311 0.563697 1.18466 1 1 1
v 0.531245 0.565628 1.18413 1 1 1
v 0.653959 0.562885 1.18488 1 1 1
v 0.649671 0.565628 1.18413 1 1 1
v -0.634438 0.572807 1.18215 1 1 1
v -0.614917 0.575153 1.1815 1 1 1
v -0.595396 0.574293 1.18174 1 1 1
v -0.575874 0.572144 1.18233 1 1 1
v -0.556353 0.56949 1.18306 1 1 1
v -0.536832 0.56653 1.18388 1 1 1
v 0.536832 0.56653 1.18388 1 1 1
v 0.556353 0.56949 1.18306 1 1 1
v 0.575874 0.572144 1.18233 1 1 1
v 0.595396 0.574293 1.18174 1 1 1
v 0.614917 0.575153 1.1815 1 1 1
v 0.634438 0.572807 1.18215 1 1 1
v -0.146409 0.0422103 1.49829 1 1 1
v -0.151479 0.0445149 1.49763 1 1 1
v -0.126888 0.0376425 1.49958 1 1 1
v -0.107366 0.0357452 1.50012 1 1 1
v -0.0878452 0.0350081 1.50033 1 1 1
v -0.0683241 0.0347627 1.5004 1 1 1
v -0.0488029 0.0347053 1.50041 1 1 1
v -0.0292817 0.0346894 1.50042 1 1 1
v -0.0097605 0.0346886 1.50042 1 1 1
v 0.00976062 0.0346886 1.50042 1 1 1
v 0.0292817 0.0346894 1.50042 1 1 1
v 0.048803 0.0347053 1.50041 1 1 1
v 0.0683241 0.0347627 1.5004 1 1 1
v 0.0878453 0.0350081 1.50033 1 1 1
v 0.107366 0.0357452 1.50012 1 1 1
v 0.126888 0.0376425 1.49958 1 1 1
v 0.146409 0.0422103 1.49829 1 1 1
v 0.151479 0.0445149 1.49763 1 1 1
v -0.16593 0.0570477 1.49408 1 1 1
v -0.169857 0.0632953 1.49231 1 1 1
v 0.16593 0.0570477 1.49408 1 1 1
v 0.169856 0.0632953 1.49231 1 1 1
v -0.172559 0.0820757 1.48698 1 1 1
v 0.172559 0.0820757 1.48698 1 1 1
v -0.170218 0.100856 1.48165 1 1 1
v 0.170218 0.100856 1.48165 1 1 1
v -0.16593 0.117699 1.47688 1 1 1
v -0.165501 0.119636 1.47633 1 1 1
v 0.16593 0.117698 1.47688 1 1 1
v 0.165501 0.119636 1.47633 1 1 1
v -0.322099 0.132892 1.47257 1 1 1
v -0.329102 0.138417 1.471 1 1 1
v -0.302578 0.126326 1.47443 1 1 1
v -0.283057 0.132801 1.47259 1 1 1
v -0.277873 0.138417 1.471 1 1 1
v -0.160593 0.138417 1.471 1 1 1
v 0.160593 0.138417 1.471 1 1 1
v 0.283057 0.132801 1.47259 1 1 1
v 0.277873 0.138417 1.471 1 1 1
v 0.302578 0.126326 1.47443 1 1 1
v 0.322099 0.132892 1.47257 1 1 1
v 0.329102 0.138417 1.471 1 1 1
v -0.34162 0.147738 1.46836 1 1 1
v -0.351235 0.157197 1.46567 1 1 1
v -0.264326 0.157197 1.46567 1 1 1
v -0.155355 0.157197 1.46567 1 1 1
v 0.155355 0.157197 1.46567 1 1 1
v 0.264326 0.157197 1.46567 1 1 1
v 0.34162 0.147738 1.46836 1 1 1
v 0.351235 0.157197 1.46567 1 1 1
v -0.361142 0.16668 1.46298 1 1 1
v -0.369941 0.175978 1.46035 1 1 1
v -0.263536 0.158491 1.46531 1 1 1
v -0.254603 0.175978 1.46035 1 1 1
v -0.149737 0.175978 1.46035 1 1 1
v 0.149737 0.175978 1.46035 1 1 1
v 0.263536 0.158491 1.46531 1 1 1
v 0.254602 0.175978 1.46035 1 1 1
v 0.361142 0.16668 1.46298 1 1 1
v 0.369941 0.175978 1.46035 1 1 1
v -0.380663 0.18726 1.45715 1 1 1
v -0.387656 0.194758 1.45502 1 1 1
v -0.24629 0.194758 1.45502 1 1 1
v -0.146409 0.18658 1.45734 1 1 1
v -0.144372 0.194758 1.45502 1 1 1
v 0.146409 0.18658 1.45734 1 1 1
v 0.144372 0.194758 1.45502 1 1 1
v 0.24629 0.194758 1.45502 1 1 1
v 0.380663 0.18726 1.45715 1 1 1
v 0.387656 0.194758 1.45502 1 1 1
v -0.400184 0.208341 1.45117 1 1 1
v -0.405028 0.213538 1.44969 1 1 1
v -0.244015 0.19998 1.45354 1 1 1
v -0.237296 0.213538 1.44969 1 1 1
v -0.139932 0.213538 1.44969 1 1 1
v 0.139932 0.213538 1.44969 1 1 1
v 0.244015 0.19998 1.45354 1 1 1
v 0.237296 0.213538 1.44969 1 1 1
v 0.400184 0.208341 1.45117 1 1 1
v 0.405028 0.213538 1.44969 1 1 1
v -0.419705 0.229484 1.44517 1 1 1
v -0.42235 0.232319 1.44437 1 1 1
v -0.227908 0.232319 1.44437 1 1 1
v -0.135544 0.232319 1.44437 1 1 1
v 0.135544 0.232319 1.44437 1 1 1
v 0.227908 0.232319 1.44437 1 1 1
v 0.419705 0.229484 1.44517 1 1 1
v 0.42235 0.232319 1.44437 1 1 1
v -0.439226 0.250628 1.43917 1 1 1
v -0.439666 0.251099 1.43904 1 1 1
v -0.224493 0.23855 1.4426 1 1 1
v -0.216408 0.251099 1.43904 1 1 1
v -0.131148 0.251099 1.43904 1 1 1
v 0.131148 0.251099 1.43904 1 1 1
v 0.224494 0.23855 1.4426 1 1 1
v 0.216408 0.251099 1.43904 1 1 1
v 0.439226 0.250628 1.43917 1 1 1
v 0.439666 0.251099 1.43904 1 1 1
v -0.457105 0.269879 1.43371 1 1 1
v -0.205748 0.269879 1.43371 1 1 1
v -0.126888 0.269531 1.43381 1 1 1
v -0.126835 0.269879 1.43371 1 1 1
v 0.126888 0.269531 1.43381 1 1 1
v 0.126835 0.269879 1.43371 1 1 1
v 0.205748 0.269879 1.43371 1 1 1
v 0.457105 0.269879 1.43371 1 1 1
v -0.458747 0.271656 1.43321 1 1 1
v -0.47458 0.28866 1.42839 1 1 1
v -0.204972 0.271431 1.43327 1 1 1
v -0.196614 0.28866 1.42839 1 1 1
v -0.124531 0.28866 1.42839 1 1 1
v 0.124531 0.28866 1.42839 1 1 1
v 0.204972 0.271431 1.43327 1 1 1
v 0.196614 0.28866 1.42839 1 1 1
v 0.458748 0.271656 1.43321 1 1 1
v 0.47458 0.28866 1.42839 1 1 1
v -0.478269 0.292647 1.42726 1 1 1
v -0.492067 0.30744 1.42306 1 1 1
v -0.190648 0.30744 1.42306 1 1 1
v -0.122805 0.30744 1.42306 1 1 1
v 0.122805 0.30744 1.42306 1 1 1
v 0.190648 0.30744 1.42306 1 1 1
v 0.478269 0.292647 1.42726 1 1 1
v 0.492067 0.30744 1.42306 1 1 1
v -0.49779 0.313591 1.42131 1 1 1
v -0.509635 0.326221 1.41773 1 1 1
v -0.186349 0.326221 1.41773 1 1 1
v -0.121713 0.326221 1.41773 1 1 1
v 0.121713 0.326221 1.41773 1 1 1
v 0.186349 0.326221 1.41773 1 1 1
v 0.49779 0.313591 1.42131 1 1 1
v 0.509635 0.326221 1.41773 1 1 1
v -0.517311 0.334396 1.41541 1 1 1
v -0.527366 0.345001 1.41241 1 1 1
v -0.185451 0.330563 1.4165 1 1 1
v -0.181254 0.345001 1.41241 1 1 1
v -0.121328 0.345001 1.41241 1 1 1
v 0.121328 0.345001 1.41241 1 1 1
v 0.185451 0.330562 1.4165 1 1 1
v 0.181254 0.345001 1.41241 1 1 1
v 0.517311 0.334396 1.41541 1 1 1
v 0.527366 0.345001 1.41241 1 1 1
v -0.536832 0.354958 1.40958 1 1 1
v -0.545319 0.363781 1.40708 1 1 1
v -0.175874 0.363781 1.40708 1 1 1
v -0.121759 0.363781 1.40708 1 1 1
v 0.121759 0.363781 1.40708 1 1 1
v 0.175874 0.363781 1.40708 1 1 1
v 0.536832 0.354958 1.40958 1 1 1
v 0.545319 0.363781 1.40708 1 1 1
v -0.556353 0.375275 1.40382 1 1 1
v -0.563427 0.382562 1.40175 1 1 1
v -0.170076 0.382562 1.40175 1 1 1
v -0.123094 0.382562 1.40175 1 1 1
v 0.123094 0.382562 1.40175 1 1 1
v 0.170076 0.382562 1.40175 1 1 1
v 0.556353 0.375275 1.40382 1 1 1
v 0.563427 0.382562 1.40175 1 1 1
v -0.575874 0.39547 1.39809 1 1 1
v -0.581599 0.401342 1.39643 1 1 1
v -0.16593 0.394599 1.39834 1 1 1
v -0.160272 0.401342 1.39643 1 1 1
v -0.125132 0.401342 1.39643 1 1 1
v 0.125132 0.401342 1.39643 1 1 1
v 0.16593 0.394598 1.39834 1 1 1
v 0.160272 0.401342 1.39643 1 1 1
v 0.575874 0.39547 1.39809 1 1 1
v 0.581599 0.401342 1.39643 1 1 1
v -0.595396 0.415663 1.39236 1 1 1
v -0.599733 0.420123 1.3911 1 1 1
v -0.147424 0.420123 1.3911 1 1 1
v -0.126888 0.418897 1.39145 1 1 1
v -0.130015 0.420123 1.3911 1 1 1
v 0.126888 0.418897 1.39145 1 1 1
v 0.130014 0.420123 1.3911 1 1 1
v 0.147424 0.420123 1.3911 1 1 1
v 0.595396 0.415663 1.39236 1 1 1
v 0.599733 0.420123 1.3911 1 1 1
v -0.614917 0.435943 1.38661 1 1 1
v -0.617777 0.438903 1.38577 1 1 1
v -0.146409 0.422411 1.39045 1 1 1
v -0.124473 0.438903 1.38577 1 1 1
v -0.126888 0.423401 1.39017 1 1 1
v 0.126888 0.423401 1.39017 1 1 1
v 0.124473 0.438903 1.38577 1 1 1
v 0.146409 0.422411 1.39045 1 1 1
v 0.614917 0.435943 1.38661 1 1 1
v 0.617777 0.438903 1.38577 1 1 1
v -0.634438 0.456471 1.38079 1 1 1
v -0.635593 0.457683 1.38045 1 1 1
v -0.129058 0.438903 1.38577 1 1 1
v -0.133161 0.457683 1.38045 1 1 1
v -0.107366 0.445859 1.3838 1 1 1
v -0.0878452 0.456816 1.38069 1 1 1
v -0.0867357 0.457683 1.38045 1 1 1
v 0.0878453 0.456816 1.38069 1 1 1
v 0.0867358 0.457683 1.38045 1 1 1
v 0.107366 0.445859 1.3838 1 1 1
v 0.129058 0.438903 1.38577 1 1 1
v 0.133162 0.457683 1.38045 1 1 1
v 0.634438 0.456471 1.38079 1 1 1
v 0.635593 0.457683 1.38045 1 1 1
v -0.65266 0.476464 1.37512 1 1 1
v -0.135879 0.476464 1.37512 1 1 1
v -0.0683241 0.470191 1.3769 1 1 1
v -0.0606102 0.476464 1.37512 1 1 1
v 0.0683241 0.47019 1.3769 1 1 1
v 0.0606101 0.476464 1.37512 1 1 1
v 0.135879 0.476464 1.37512 1 1 1
v 0.65266 0.476464 1.37512 1 1 1
v -0.653959 0.478118 1.37465 1 1 1
v -0.666936 0.495244 1.36979 1 1 1
v -0.138772 0.495244 1.36979 1 1 1
v -0.0488029 0.486872 1.37217 1 1 1
v -0.0385342 0.495244 1.36979 1 1 1
v 0.048803 0.486872 1.37217 1 1 1
v 0.0385342 0.495244 1.36979 1 1 1
v 0.138772 0.495244 1.36979 1 1 1
v 0.653959 0.478118 1.37465 1 1 1
v 0.666936 0.495244 1.36979 1 1 1
v -0.67348 0.509203 1.36583 1 1 1
v -0.675679 0.514024 1.36447 1 1 1
v -0.145009 0.514024 1.36447 1 1 1
v -0.0292817 0.502941 1.36761 1 1 1
v -0.0097605 0.511618 1.36515 1 1 1
v 0.00976062 0.511618 1.36515 1 1 1
v 0.0292817 0.502941 1.36761 1 1 1
v 0.145009 0.514024 1.36447 1 1 1
v 0.67348 0.509204 1.36583 1 1 1
v 0.675679 0.514024 1.36447 1 1 1
v -0.678719 0.532805 1.35914 1 1 1
v -0.146409 0.515998 1.36391 1 1 1
v -0.163156 0.532805 1.35914 1 1 1
v 0.146409 0.515998 1.36391 1 1 1
v 0.163156 0.532805 1.35914 1 1 1
v 0.678719 0.532805 1.35914 1 1 1
v -0.676988 0.551585 1.35381 1 1 1
v -0.224493 0.551143 1.35394 1 1 1
v -0.226834 0.551585 1.35381 1 1 1
v -0.204972 0.547174 1.35506 1 1 1
v -0.185451 0.542155 1.35649 1 1 1
v -0.16593 0.534397 1.35869 1 1 1
v 0.16593 0.534397 1.35869 1 1 1
v 0.185451 0.542155 1.35649 1 1 1
v 0.204972 0.547174 1.35506 1 1 1
v 0.224494 0.551143 1.35394 1 1 1
v 0.226834 0.551585 1.35381 1 1 1
v 0.676988 0.551585 1.35381 1 1 1
v -0.67348 0.564431 1.35017 1 1 1
v -0.671785 0.570366 1.34849 1 1 1
v -0.322099 0.569839 1.34864 1 1 1
v -0.325025 0.570366 1.34849 1 1 1
v -0.302578 0.566342 1.34963 1 1 1
v -0.283057 0.562783 1.35064 1 1 1
v -0.263536 0.559104 1.35168 1 1 1
v -0.244015 0.555226 1.35278 1 1 1
v 0.244015 0.555226 1.35278 1 1 1
v 0.263536 0.559104 1.35168 1 1 1
v 0.283057 0.562783 1.35064 1 1 1
v 0.302578 0.566342 1.34963 1 1 1
v 0.322099 0.569839 1.34864 1 1 1
v 0.325025 0.570366 1.34849 1 1 1
v 0.67348 0.564431 1.35017 1 1 1
v 0.671785 0.570366 1.34849 1 1 1
v -0.662716 0.589146 1.34316 1 1 1
v -0.419705 0.588268 1.34341 1 1 1
v -0.425131 0.589146 1.34316 1 1 1
v -0.400184 0.584979 1.34434 1 1 1
v -0.380663 0.58151 1.34533 1 1 1
v -0.361142 0.577824 1.34637 1 1 1
v -0.34162 0.573893 1.34749 1 1 1
v 0.34162 0.573893 1.34749 1 1 1
v 0.361142 0.577824 1.34637 1 1 1
v 0.380663 0.58151 1.34533 1 1 1
v 0.400184 0.58498 1.34434 1 1 1
v 0.419705 0.588268 1.34341 1 1 1
v 0.425131 0.589146 1.34316 1 1 1
v 0.662716 0.589146 1.34316 1 1 1
v -0.653959 0.600234 1.34001 1 1 1
v -0.642116 0.607926 1.33783 1 1 1
v -0.536832 0.606718 1.33818 1 1 1
v -0.54633 0.607926 1.33783 1 1 1
v -0.517311 0.604114 1.33891 1 1 1
v -0.49779 0.601367 1.33969 1 1 1
v -0.478269 0.598444 1.34052 1 1 1
v -0.458747 0.595312 1.34141 1 1 1
v -0.439226 0.591867 1.34239 1 1 1
v 0.439226 0.591867 1.34239 1 1 1
v 0.458748 0.595312 1.34141 1 1 1
v 0.478269 0.598444 1.34052 1 1 1
v 0.49779 0.601367 1.33969 1 1 1
v 0.517311 0.604114 1.33891 1 1 1
v 0.536832 0.606718 1.33818 1 1 1
v 0.54633 0.607926 1.33783 1 1 1
v 0.653959 0.600234 1.34001 1 1 1
v 0.642116 0.607926 1.33783 1 1 1
v -0.634438 0.611601 1.33679 1 1 1
v -0.614917 0.61451 1.33597 1 1 1
v -0.595396 0.613937 1.33613 1 1 1
v -0.575874 0.611938 1.33669 1 1 1
v -0.556353 0.609381 1.33742 1 1 1
v 0.556353 0.609381 1.33742 1 1 1
v 0.575874 0.611938 1.33669 1 1 1
v 0.595396 0.613937 1.33613 1 1 1
v 0.614917 0.61451 1.33597 1 1 1
v 0.634438 0.611601 1.33679 1 1 1
v -0.126888 0.0854067 1.65783 1 1 1
v -0.143544 0.0896188 1.65658 1 1 1
v -0.107366 0.0832636 1.65846 1 1 1
v -0.0878452 0.0824142 1.65872 1 1 1
v -0.0683241 0.0821249 1.6588 1 1 1
v -0.0488029 0.0820557 1.65882 1 1 1
v -0.0292817 0.0820375 1.65883 1 1 1
v -0.0097605 0.0820369 1.65883 1 1 1
v 0.00976062 0.0820369 1.65883 1 1 1
v 0.0292817 0.0820375 1.65883 1 1 1
v 0.048803 0.0820557 1.65882 1 1 1
v 0.0683241 0.0821249 1.6588 1 1 1
v 0.0878453 0.0824142 1.65872 1 1 1
v 0.107366 0.0832636 1.65846 1 1 1
v 0.126888 0.0854067 1.65783 1 1 1
v 0.143544 0.0896188 1.65658 1 1 1
v -0.16593 0.108066 1.65111 1 1 1
v -0.1661 0.108335 1.65103 1 1 1
v -0.146409 0.0906612 1.65627 1 1 1
v 0.146409 0.0906612 1.65627 1 1 1
v 0.16593 0.108067 1.65111 1 1 1
v 0.1661 0.108335 1.65103 1 1 1
v -0.169561 0.12705 1.64548 1 1 1
v 0.169561 0.12705 1.64548 1 1 1
v -0.167538 0.145766 1.63993 1 1 1
v 0.167538 0.145766 1.63993 1 1 1
v -0.16593 0.152319 1.63799 1 1 1
v -0.16333 0.164482 1.63438 1 1 1
v 0.16593 0.152319 1.63799 1 1 1
v 0.16333 0.164482 1.63438 1 1 1
v -0.322099 0.182248 1.62911 1 1 1
v -0.3233 0.183197 1.62883 1 1 1
v -0.302578 0.17592 1.63099 1 1 1
v -0.283057 0.18297 1.6289 1 1 1
v -0.28284 0.183197 1.62883 1 1 1
v -0.158543 0.183197 1.62883 1 1 1
v 0.158543 0.183197 1.62883 1 1 1
v 0.283057 0.18297 1.6289 1 1 1
v 0.28284 0.183197 1.62883 1 1 1
v 0.302578 0.17592 1.63099 1 1 1
v 0.322099 0.182248 1.62911 1 1 1
v 0.3233 0.183197 1.62883 1 1 1
v -0.34162 0.196885 1.62477 1 1 1
v -0.346732 0.201913 1.62328 1 1 1
v -0.26811 0.201913 1.62328 1 1 1
v -0.153351 0.201913 1.62328 1 1 1
v 0.153351 0.201913 1.62328 1 1 1
v 0.26811 0.201913 1.62328 1 1 1
v 0.34162 0.196885 1.62477 1 1 1
v 0.346733 0.201913 1.62328 1 1 1
v -0.361142 0.215711 1.61919 1 1 1
v -0.365799 0.220629 1.61773 1 1 1
v -0.263536 0.209148 1.62114 1 1 1
v -0.257479 0.220629 1.61773 1 1 1
v -0.147738 0.220629 1.61773 1 1 1
v 0.147738 0.220629 1.61773 1 1 1
v 0.263536 0.209148 1.62114 1 1 1
v 0.257479 0.220629 1.61773 1 1 1
v 0.361142 0.215711 1.61919 1 1 1
v 0.365799 0.220629 1.61773 1 1 1
v -0.380663 0.23626 1.6131 1 1 1
v -0.383543 0.239345 1.61218 1 1 1
v -0.248686 0.239345 1.61218 1 1 1
v -0.146409 0.225006 1.61643 1 1 1
v -0.142991 0.239345 1.61218 1 1 1
v 0.146409 0.225006 1.61643 1 1 1
v 0.142991 0.239345 1.61218 1 1 1
v 0.248686 0.239345 1.61218 1 1 1
v 0.380663 0.23626 1.6131 1 1 1
v 0.383543 0.239345 1.61218 1 1 1
v -0.400184 0.25737 1.60684 1 1 1
v -0.400828 0.25806 1.60663 1 1 1
v -0.244015 0.249651 1.60913 1 1 1
v -0.239656 0.25806 1.60663 1 1 1
v -0.138728 0.25806 1.60663 1 1 1
v 0.138728 0.25806 1.60663 1 1 1
v 0.244015 0.249651 1.60913 1 1 1
v 0.239656 0.25806 1.60663 1 1 1
v 0.400184 0.25737 1.60684 1 1 1
v 0.400828 0.25806 1.60663 1 1 1
v -0.418189 0.276776 1.60108 1 1 1
v -0.229613 0.276776 1.60108 1 1 1
v -0.134551 0.276776 1.60108 1 1 1
v 0.134551 0.276776 1.60108 1 1 1
v 0.229613 0.276776 1.60108 1 1 1
v 0.418189 0.276776 1.60108 1 1 1
v -0.419705 0.278417 1.6006 1 1 1
v -0.435618 0.295492 1.59553 1 1 1
v -0.224493 0.285431 1.59852 1 1 1
v -0.217516 0.295492 1.59553 1 1 1
v -0.130427 0.295492 1.59553 1 1 1
v 0.130427 0.295492 1.59553 1 1 1
v 0.224494 0.28543 1.59852 1 1 1
v 0.217516 0.295492 1.59553 1 1 1
v 0.419705 0.278417 1.6006 1 1 1
v 0.435618 0.295492 1.59553 1 1 1
v -0.439226 0.299392 1.59438 1 1 1
v -0.453031 0.314208 1.58998 1 1 1
v -0.205948 0.314208 1.58998 1 1 1
v -0.126888 0.312293 1.59055 1 1 1
v -0.126629 0.314208 1.58998 1 1 1
v 0.126888 0.312293 1.59055 1 1 1
v 0.126629 0.314208 1.58998 1 1 1
v 0.205948 0.314208 1.58998 1 1 1
v 0.439226 0.299392 1.59438 1 1 1
v 0.453031 0.314208 1.58998 1 1 1
v -0.458747 0.320383 1.58815 1 1 1
v -0.470441 0.332923 1.58443 1 1 1
v -0.204972 0.316037 1.58944 1 1 1
v -0.196568 0.332923 1.58443 1 1 1
v -0.124657 0.332923 1.58443 1 1 1
v 0.124657 0.332923 1.58443 1 1 1
v 0.204972 0.316037 1.58944 1 1 1
v 0.196568 0.332923 1.58443 1 1 1
v 0.458748 0.320383 1.58815 1 1 1
v 0.470442 0.332923 1.58443 1 1 1
v -0.478269 0.341372 1.58193 1 1 1
v -0.487862 0.351639 1.57889 1 1 1
v -0.190646 0.351639 1.57889 1 1 1
v -0.123296 0.351639 1.57889 1 1 1
v 0.123296 0.351639 1.57889 1 1 1
v 0.190646 0.351639 1.57889 1 1 1
v 0.478269 0.341372 1.58193 1 1 1
v 0.487862 0.351639 1.57889 1 1 1
v -0.49779 0.362288 1.57573 1 1 1
v -0.505373 0.370355 1.57334 1 1 1
v -0.186516 0.370355 1.57334 1 1 1
v -0.1226 0.370355 1.57334 1 1 1
v 0.1226 0.370355 1.57334 1 1 1
v 0.186516 0.370355 1.57334 1 1 1
v 0.49779 0.362288 1.57573 1 1 1
v 0.505373 0.370355 1.57334 1 1 1
v -0.517311 0.383032 1.56958 1 1 1
v -0.523055 0.389071 1.56779 1 1 1
v -0.185451 0.375833 1.57171 1 1 1
v -0.181784 0.389071 1.56779 1 1 1
v -0.122641 0.389071 1.56779 1 1 1
v 0.122641 0.389071 1.56779 1 1 1
v 0.185451 0.375833 1.57171 1 1 1
v 0.181784 0.389071 1.56779 1 1 1
v 0.517311 0.383032 1.56958 1 1 1
v 0.523055 0.389071 1.56779 1 1 1
v -0.536832 0.403503 1.56351 1 1 1
v -0.54097 0.407786 1.56224 1 1 1
v -0.176582 0.407786 1.56224 1 1 1
v -0.123523 0.407786 1.56224 1 1 1
v 0.123523 0.407786 1.56224 1 1 1
v 0.176582 0.407786 1.56224 1 1 1
v 0.536832 0.403503 1.56351 1 1 1
v 0.54097 0.407786 1.56224 1 1 1
v -0.556353 0.423731 1.55751 1 1 1
v -0.559056 0.426502 1.55669 1 1 1
v -0.170841 0.426502 1.55669 1 1 1
v -0.125349 0.426502 1.55669 1 1 1
v 0.12535 0.426502 1.55669 1 1 1
v 0.170841 0.426502 1.55669 1 1 1
v 0.556353 0.423732 1.55751 1 1 1
v 0.559056 0.426502 1.55669 1 1 1
v -0.575874 0.443852 1.55154 1 1 1
v -0.577213 0.445218 1.55114 1 1 1
v -0.16593 0.440537 1.55253 1 1 1
v -0.161242 0.445218 1.55114 1 1 1
v -0.126888 0.438341 1.55318 1 1 1
v -0.130036 0.445218 1.55114 1 1 1
v 0.126888 0.438341 1.55318 1 1 1
v 0.130036 0.445218 1.55114 1 1 1
v 0.16593 0.440537 1.55253 1 1 1
v 0.161242 0.445218 1.55114 1 1 1
v 0.575874 0.443852 1.55154 1 1 1
v 0.577213 0.445218 1.55114 1 1 1
v -0.595343 0.463934 1.54559 1 1 1
v -0.146409 0.463512 1.54571 1 1 1
v 0.146409 0.463512 1.54571 1 1 1
v 0.595343 0.463934 1.54559 1 1 1
v -0.595396 0.463988 1.54557 1 1 1
v -0.613494 0.482649 1.54004 1 1 1
v 0.595396 0.463988 1.54557 1 1 1
v 0.613495 0.482649 1.54004 1 1 1
v -0.614917 0.484134 1.5396 1 1 1
v -0.631431 0.501365 1.53449 1 1 1
v -0.126888 0.4904 1.53774 1 1 1
v -0.131696 0.501365 1.53449 1 1 1
v -0.107366 0.49443 1.53655 1 1 1
v -0.0934249 0.501365 1.53449 1 1 1
v 0.107366 0.49443 1.53655 1 1 1
v 0.0934248 0.501365 1.53449 1 1 1
v 0.126888 0.4904 1.53774 1 1 1
v 0.131696 0.501365 1.53449 1 1 1
v 0.614917 0.484134 1.5396 1 1 1
v 0.631431 0.501365 1.53449 1 1 1
v -0.634438 0.50462 1.53352 1 1 1
v -0.648587 0.520081 1.52894 1 1 1
v -0.136587 0.520081 1.52894 1 1 1
v -0.0878452 0.503262 1.53393 1 1 1
v -0.0683241 0.51489 1.53048 1 1 1
v -0.0611549 0.520081 1.52894 1 1 1
v 0.0683241 0.51489 1.53048 1 1 1
v 0.0611548 0.520081 1.52894 1 1 1
v 0.0878453 0.503262 1.53393 1 1 1
v 0.136587 0.520081 1.52894 1 1 1
v 0.634438 0.50462 1.53352 1 1 1
v 0.648587 0.520081 1.52894 1 1 1
v -0.653959 0.526918 1.52691 1 1 1
v -0.662956 0.538796 1.52339 1 1 1
v -0.140552 0.538796 1.52339 1 1 1
v -0.0488029 0.530025 1.52599 1 1 1
v -0.03701 0.538796 1.52339 1 1 1
v 0.048803 0.530025 1.52599 1 1 1
v 0.03701 0.538796 1.52339 1 1 1
v 0.140552 0.538796 1.52339 1 1 1
v 0.653959 0.526918 1.52691 1 1 1
v 0.662956 0.538796 1.52339 1 1 1
v -0.671876 0.557512 1.51784 1 1 1
v -0.146409 0.554202 1.51882 1 1 1
v -0.147753 0.557512 1.51784 1 1 1
v -0.0292817 0.544881 1.52159 1 1 1
v -0.0097605 0.553325 1.51908 1 1 1
v 0.00976062 0.553325 1.51908 1 1 1
v 0.0292817 0.544881 1.52159 1 1 1
v 0.146409 0.554202 1.51882 1 1 1
v 0.147753 0.557512 1.51784 1 1 1
v 0.671876 0.557512 1.51784 1 1 1
v -0.67348 0.566894 1.51506 1 1 1
v -0.675067 0.576228 1.51229 1 1 1
v -0.16593 0.575003 1.51265 1 1 1
v -0.168018 0.576228 1.51229 1 1 1
v 0.16593 0.575003 1.51265 1 1 1
v 0.168018 0.576228 1.51229 1 1 1
v 0.67348 0.566894 1.51506 1 1 1
v 0.675067 0.576228 1.51229 1 1 1
v -0.67348 0.593915 1.50705 1 1 1
v -0.673391 0.594944 1.50674 1 1 1
v -0.224493 0.592621 1.50743 1 1 1
v -0.236769 0.594944 1.50674 1 1 1
v -0.204972 0.588511 1.50865 1 1 1
v -0.185451 0.583288 1.5102 1 1 1
v 0.185451 0.583288 1.5102 1 1 1
v 0.204972 0.588511 1.50865 1 1 1
v 0.224494 0.592621 1.50743 1 1 1
v 0.236769 0.594944 1.50674 1 1 1
v 0.67348 0.593913 1.50705 1 1 1
v 0.673391 0.594944 1.50674 1 1 1
v -0.668065 0.613659 1.50119 1 1 1
v -0.322099 0.611456 1.50185 1 1 1
v -0.334322 0.613659 1.50119 1 1 1
v -0.302578 0.607885 1.5029 1 1 1
v -0.283057 0.60424 1.50399 1 1 1
v -0.263536 0.600463 1.5051 1 1 1
v -0.244015 0.596481 1.50629 1 1 1
v 0.244015 0.596481 1.50629 1 1 1
v 0.263536 0.600463 1.5051 1 1 1
v 0.283057 0.60424 1.50399 1 1 1
v 0.302578 0.607885 1.5029 1 1 1
v 0.322099 0.611456 1.50185 1 1 1
v 0.334322 0.613659 1.50119 1 1 1
v 0.668065 0.613659 1.50119 1 1 1
v -0.658421 0.632375 1.49564 1 1 1
v -0.419705 0.629903 1.49638 1 1 1
v -0.435206 0.632375 1.49564 1 1 1
v -0.400184 0.626589 1.49736 1 1 1
v -0.380663 0.62305 1.49841 1 1 1
v -0.361142 0.619262 1.49953 1 1 1
v -0.34162 0.615216 1.50073 1 1 1
v 0.34162 0.615216 1.50073 1 1 1
v 0.361142 0.619262 1.49953 1 1 1
v 0.380663 0.62305 1.49841 1 1 1
v 0.400184 0.626589 1.49736 1 1 1
v 0.419705 0.629903 1.49638 1 1 1
v 0.435206 0.632375 1.49564 1 1 1
v 0.658421 0.632375 1.49564 1 1 1
v -0.653959 0.638049 1.49396 1 1 1
v -0.634438 0.650966 1.49013 1 1 1
v -0.633841 0.651091 1.49009 1 1 1
v -0.556353 0.6501 1.49039 1 1 1
v -0.56532 0.651091 1.49009 1 1 1
v -0.536832 0.647757 1.49108 1 1 1
v -0.517311 0.645256 1.49182 1 1 1
v -0.49779 0.642585 1.49262 1 1 1
v -0.478269 0.639708 1.49347 1 1 1
v -0.458747 0.636596 1.49439 1 1 1
v -0.439226 0.633142 1.49542 1 1 1
v 0.439226 0.633142 1.49542 1 1 1
v 0.458748 0.636596 1.49439 1 1 1
v 0.478269 0.639708 1.49347 1 1 1
v 0.49779 0.642585 1.49262 1 1 1
v 0.517311 0.645256 1.49182 1 1 1
v 0.536832 0.647757 1.49108 1 1 1
v 0.556353 0.6501 1.49039 1 1 1
v 0.56532 0.651091 1.49009 1 1 1
v 0.634438 0.650966 1.49013 1 1 1
v 0.633841 0.651091 1.49009 1 1 1
v 0.653959 0.638049 1.49396 1 1 1
v -0.614917 0.654485 1.48909 1 1 1
v -0.595396 0.654226 1.48916 1 1 1
v -0.575874 0.652395 1.48971 1 1 1
v 0.575874 0.652395 1.48971 1 1 1
v 0.595396 0.654226 1.48916 1 1 1
v 0.614917 0.654485 1.48909 1 1 1
v -0.126888 0.135492 1.81617 1 1 1
v -0.132211 0.136848 1.81574 1 1 1
v -0.107366 0.133088 1.81692 1 1 1
v -0.0878452 0.132119 1.81722 1 1 1
v -0.0683241 0.131783 1.81733 1 1 1
v -0.0488029 0.131701 1.81735 1 1 1
v -0.0292817 0.13168 1.81736 1 1 1
v -0.0097605 0.13168 1.81736 1 1 1
v 0.00976062 0.13168 1.81736 1 1 1
v 0.0292817 0.13168 1.81736 1 1 1
v 0.048803 0.131701 1.81735 1 1 1
v 0.0683241 0.131783 1.81733 1 1 1
v 0.0878453 0.132119 1.81722 1 1 1
v 0.107366 0.133088 1.81692 1 1 1
v 0.126888 0.135492 1.81617 1 1 1
v 0.132212 0.136848 1.81574 1 1 1
v -0.146409 0.142038 1.81412 1 1 1
v -0.161494 0.155481 1.80992 1 1 1
v 0.146409 0.142038 1.81412 1 1 1
v 0.161494 0.155481 1.80992 1 1 1
v -0.16593 0.17217 1.80471 1 1 1
v -0.16631 0.174114 1.8041 1 1 1
v 0.16593 0.172171 1.80471 1 1 1
v 0.16631 0.174114 1.8041 1 1 1
v -0.16593 0.178169 1.80283 1 1 1
v -0.164741 0.192746 1.79828 1 1 1
v 0.16593 0.178169 1.80283 1 1 1
v 0.164741 0.192746 1.79828 1 1 1
v -0.160971 0.211379 1.79246 1 1 1
v 0.160971 0.211379 1.79246 1 1 1
v -0.302578 0.227884 1.7873 1 1 1
v -0.309047 0.230012 1.78664 1 1 1
v -0.296375 0.230012 1.78664 1 1 1
v -0.156314 0.230012 1.78664 1 1 1
v 0.156314 0.230012 1.78664 1 1 1
v 0.302578 0.227884 1.7873 1 1 1
v 0.296375 0.230012 1.78664 1 1 1
v 0.309047 0.230012 1.78664 1 1 1
v -0.34162 0.248376 1.7809 1 1 1
v -0.341894 0.248645 1.78081 1 1 1
v -0.322099 0.233856 1.78544 1 1 1
v -0.283057 0.235582 1.7849 1 1 1
v -0.272397 0.248645 1.78081 1 1 1
v -0.151172 0.248645 1.78081 1 1 1
v 0.151172 0.248645 1.78081 1 1 1
v 0.283057 0.235582 1.7849 1 1 1
v 0.272396 0.248645 1.78081 1 1 1
v 0.322099 0.233856 1.78544 1 1 1
v 0.34162 0.248376 1.7809 1 1 1
v 0.341894 0.248645 1.78081 1 1 1
v -0.361142 0.267067 1.77506 1 1 1
v -0.361342 0.267278 1.77499 1 1 1
v -0.263536 0.262134 1.7766 1 1 1
v -0.260723 0.267278 1.77499 1 1 1
v -0.146409 0.264694 1.7758 1 1 1
v -0.145775 0.267278 1.77499 1 1 1
v 0.146409 0.264694 1.7758 1 1 1
v 0.145775 0.267278 1.77499 1 1 1
v 0.263536 0.262134 1.7766 1 1 1
v 0.260723 0.267278 1.77499 1 1 1
v 0.361142 0.267067 1.77506 1 1 1
v 0.361342 0.267278 1.77499 1 1 1
v -0.379162 0.285911 1.76917 1 1 1
v -0.251388 0.285911 1.76917 1 1 1
v -0.141523 0.285911 1.76917 1 1 1
v 0.141523 0.285911 1.76917 1 1 1
v 0.251388 0.285911 1.76917 1 1 1
v 0.379162 0.285911 1.76917 1 1 1
v -0.380663 0.287465 1.76869 1 1 1
v -0.396593 0.304544 1.76335 1 1 1
v -0.244015 0.301485 1.76431 1 1 1
v -0.242349 0.304544 1.76335 1 1 1
v -0.137456 0.304544 1.76335 1 1 1
v 0.137456 0.304544 1.76335 1 1 1
v 0.244015 0.301485 1.76431 1 1 1
v 0.242349 0.304544 1.76335 1 1 1
v 0.380663 0.287465 1.76869 1 1 1
v 0.396593 0.304544 1.76335 1 1 1
v -0.400184 0.308407 1.76214 1 1 1
v -0.413949 0.323176 1.75753 1 1 1
v -0.231577 0.323176 1.75753 1 1 1
v -0.133513 0.323176 1.75753 1 1 1
v 0.133513 0.323176 1.75753 1 1 1
v 0.231577 0.323176 1.75753 1 1 1
v 0.400184 0.308407 1.76214 1 1 1
v 0.413949 0.323176 1.75753 1 1 1
v -0.419705 0.329394 1.75559 1 1 1
v -0.431301 0.341809 1.75171 1 1 1
v -0.224493 0.334204 1.75408 1 1 1
v -0.218786 0.341809 1.75171 1 1 1
v -0.129684 0.341809 1.75171 1 1 1
v 0.129684 0.341809 1.75171 1 1 1
v 0.224494 0.334204 1.75408 1 1 1
v 0.218786 0.341809 1.75171 1 1 1
v 0.419705 0.329394 1.75559 1 1 1
v 0.431301 0.341809 1.75171 1 1 1
v -0.439226 0.350357 1.74904 1 1 1
v -0.448645 0.360442 1.74588 1 1 1
v -0.206174 0.360442 1.74588 1 1 1
v -0.126888 0.35657 1.74709 1 1 1
v -0.126429 0.360442 1.74588 1 1 1
v 0.126888 0.35657 1.74709 1 1 1
v 0.126429 0.360442 1.74588 1 1 1
v 0.206174 0.360442 1.74588 1 1 1
v 0.439226 0.350357 1.74904 1 1 1
v 0.448645 0.360442 1.74588 1 1 1
v -0.458747 0.37133 1.74248 1 1 1
v -0.465987 0.379075 1.74006 1 1 1
v -0.204972 0.362546 1.74523 1 1 1
v -0.196522 0.379075 1.74006 1 1 1
v -0.124782 0.379075 1.74006 1 1 1
v 0.124782 0.379075 1.74006 1 1 1
v 0.204972 0.362546 1.74523 1 1 1
v 0.196522 0.379075 1.74006 1 1 1
v 0.458748 0.37133 1.74248 1 1 1
v 0.465987 0.379075 1.74006 1 1 1
v -0.478269 0.392299 1.73593 1 1 1
v -0.483336 0.397708 1.73424 1 1 1
v -0.190645 0.397708 1.73424 1 1 1
v -0.123768 0.397708 1.73424 1 1 1
v 0.123768 0.397708 1.73424 1 1 1
v 0.190645 0.397708 1.73424 1 1 1
v 0.478269 0.392299 1.73593 1 1 1
v 0.483336 0.397708 1.73424 1 1 1
v -0.49779 0.413165 1.72941 1 1 1
v -0.500784 0.416341 1.72842 1 1 1
v -0.186686 0.416341 1.72842 1 1 1
v -0.123438 0.416341 1.72842 1 1 1
v 0.123438 0.416341 1.72842 1 1 1
v 0.186686 0.416341 1.72842 1 1 1
v 0.49779 0.413165 1.72941 1 1 1
v 0.500785 0.416341 1.72842 1 1 1
v -0.517311 0.433821 1.72296 1 1 1
v -0.518412 0.434974 1.7226 1 1 1
v -0.185451 0.423135 1.7263 1 1 1
v -0.182338 0.434974 1.7226 1 1 1
v -0.123855 0.434974 1.7226 1 1 1
v 0.123855 0.434974 1.7226 1 1 1
v 0.185451 0.423135 1.7263 1 1 1
v 0.182338 0.434974 1.7226 1 1 1
v 0.517311 0.433821 1.72296 1 1 1
v 0.518412 0.434974 1.7226 1 1 1
v -0.536317 0.453606 1.71678 1 1 1
v -0.177339 0.453606 1.71678 1 1 1
v -0.125114 0.453606 1.71678 1 1 1
v 0.125114 0.453606 1.71678 1 1 1
v 0.177339 0.453606 1.71678 1 1 1
v 0.536317 0.453606 1.71678 1 1 1
v -0.536832 0.454139 1.71661 1 1 1
v -0.554476 0.472239 1.71095 1 1 1
v -0.171679 0.472239 1.71095 1 1 1
v -0.126888 0.468858 1.71201 1 1 1
v -0.12787 0.472239 1.71095 1 1 1
v 0.126888 0.468858 1.71201 1 1 1
v 0.12787 0.472239 1.71095 1 1 1
v 0.171679 0.472239 1.71095 1 1 1
v 0.536832 0.454139 1.71661 1 1 1
v 0.554476 0.472239 1.71095 1 1 1
v -0.556353 0.474168 1.71035 1 1 1
v -0.57272 0.490872 1.70513 1 1 1
v -0.16593 0.488381 1.70591 1 1 1
v -0.16279 0.490872 1.70513 1 1 1
v -0.135428 0.490872 1.70513 1 1 1
v 0.135428 0.490872 1.70513 1 1 1
v 0.16593 0.488381 1.70591 1 1 1
v 0.16279 0.490872 1.70513 1 1 1
v 0.556353 0.474168 1.71035 1 1 1
v 0.57272 0.490872 1.70513 1 1 1
v -0.575874 0.494109 1.70412 1 1 1
v -0.590953 0.509505 1.69931 1 1 1
v -0.146409 0.506751 1.70017 1 1 1
v 0.146409 0.506751 1.70017 1 1 1
v 0.575874 0.494109 1.70412 1 1 1
v 0.590953 0.509505 1.69931 1 1 1
v -0.595396 0.514077 1.69788 1 1 1
v -0.609107 0.528138 1.69349 1 1 1
v 0.595396 0.514077 1.69788 1 1 1
v 0.609107 0.528138 1.69349 1 1 1
v -0.614917 0.534173 1.6916 1 1 1
v -0.627038 0.546771 1.68767 1 1 1
v -0.126888 0.542615 1.68897 1 1 1
v -0.129632 0.546771 1.68767 1 1 1
v -0.107366 0.543775 1.6886 1 1 1
v -0.100992 0.546771 1.68767 1 1 1
v 0.107366 0.543775 1.6886 1 1 1
v 0.100992 0.546771 1.68767 1 1 1
v 0.126888 0.542615 1.68897 1 1 1
v 0.129632 0.546771 1.68767 1 1 1
v 0.614917 0.534173 1.6916 1 1 1
v 0.627038 0.546771 1.68767 1 1 1
v -0.634438 0.554762 1.68517 1 1 1
v -0.644193 0.565404 1.68185 1 1 1
v -0.137439 0.565404 1.68185 1 1 1
v -0.0878452 0.551085 1.68632 1 1 1
v -0.0683241 0.561165 1.68317 1 1 1
v -0.0617536 0.565404 1.68185 1 1 1
v 0.0683241 0.561165 1.68317 1 1 1
v 0.0617536 0.565404 1.68185 1 1 1
v 0.0878453 0.551085 1.68632 1 1 1
v 0.137439 0.565404 1.68185 1 1 1
v 0.634438 0.554762 1.68517 1 1 1
v 0.644193 0.565404 1.68185 1 1 1
v -0.653959 0.577827 1.67796 1 1 1
v -0.658662 0.584036 1.67602 1 1 1
v -0.142576 0.584036 1.67602 1 1 1
v -0.0488029 0.574908 1.67888 1 1 1
v -0.0353243 0.584036 1.67602 1 1 1
v 0.048803 0.574908 1.67888 1 1 1
v 0.0353243 0.584036 1.67602 1 1 1
v 0.142576 0.584036 1.67602 1 1 1
v 0.653959 0.577827 1.67796 1 1 1
v 0.658662 0.584036 1.67602 1 1 1
v -0.667909 0.602669 1.6702 1 1 1
v -0.146409 0.592976 1.67323 1 1 1
v -0.150804 0.602669 1.6702 1 1 1
v -0.0292817 0.588523 1.67462 1 1 1
v -0.0097605 0.596708 1.67206 1 1 1
v 0.00976062 0.596708 1.67206 1 1 1
v 0.0292817 0.588523 1.67462 1 1 1
v 0.146409 0.592976 1.67323 1 1 1
v 0.150804 0.602669 1.6702 1 1 1
v 0.667909 0.602669 1.6702 1 1 1
v -0.671224 0.621302 1.66438 1 1 1
v -0.16593 0.616756 1.6658 1 1 1
v -0.173886 0.621302 1.66438 1 1 1
v 0.16593 0.616756 1.6658 1 1 1
v 0.173886 0.621302 1.66438 1 1 1
v 0.671224 0.621302 1.66438 1 1 1
v -0.669626 0.639935 1.65856 1 1 1
v -0.244015 0.639332 1.65875 1 1 1
v -0.2473 0.639935 1.65856 1 1 1
v -0.224493 0.635601 1.65991 1 1 1
v -0.204972 0.631343 1.66124 1 1 1
v -0.185451 0.625911 1.66294 1 1 1
v 0.185451 0.625911 1.66294 1 1 1
v 0.204972 0.631343 1.66124 1 1 1
v 0.224494 0.635601 1.65991 1 1 1
v 0.244015 0.639332 1.65875 1 1 1
v 0.2473 0.639935 1.65856 1 1 1
v 0.669626 0.639935 1.65856 1 1 1
v -0.664052 0.658568 1.65274 1 1 1
v -0.34162 0.658125 1.65288 1 1 1
v -0.34407 0.658568 1.65274 1 1 1
v -0.322099 0.654586 1.65398 1 1 1
v -0.302578 0.650931 1.65512 1 1 1
v -0.283057 0.647193 1.65629 1 1 1
v -0.263536 0.643312 1.6575 1 1 1
v 0.263536 0.643312 1.6575 1 1 1
v 0.283057 0.647193 1.65629 1 1 1
v 0.302578 0.650931 1.65512 1 1 1
v 0.322099 0.654586 1.65398 1 1 1
v 0.34162 0.658125 1.65288 1 1 1
v 0.34407 0.658568 1.65274 1 1 1
v 0.664052 0.658568 1.65274 1 1 1
v -0.653959 0.676959 1.64699 1 1 1
v -0.653754 0.677201 1.64692 1 1 1
v -0.439226 0.676117 1.64725 1 1 1
v -0.446497 0.677201 1.64692 1 1 1
v -0.419705 0.67304 1.64822 1 1 1
v -0.400184 0.669703 1.64926 1 1 1
v -0.380663 0.666088 1.65039 1 1 1
v -0.361142 0.662189 1.65161 1 1 1
v 0.361142 0.662189 1.65161 1 1 1
v 0.380663 0.666088 1.65039 1 1 1
v 0.400184 0.669703 1.64926 1 1 1
v 0.419705 0.67304 1.64822 1 1 1
v 0.439226 0.676117 1.64725 1 1 1
v 0.446497 0.677201 1.64692 1 1 1
v 0.653959 0.676959 1.64699 1 1 1
v 0.653754 0.677201 1.64692 1 1 1
v -0.634438 0.69146 1.64246 1 1 1
v -0.614917 0.695772 1.64111 1 1 1
v -0.600344 0.695834 1.64109 1 1 1
v -0.575874 0.694382 1.64155 1 1 1
v -0.59515 0.695834 1.64109 1 1 1
v -0.556353 0.692405 1.64216 1 1 1
v -0.536832 0.690204 1.64285 1 1 1
v -0.517311 0.687821 1.6436 1 1 1
v -0.49779 0.68524 1.6444 1 1 1
v -0.478269 0.682421 1.64528 1 1 1
v -0.458747 0.679341 1.64625 1 1 1
v 0.458748 0.679341 1.64625 1 1 1
v 0.478269 0.682422 1.64528 1 1 1
v 0.49779 0.68524 1.6444 1 1 1
v 0.517311 0.687821 1.6436 1 1 1
v 0.536832 0.690204 1.64285 1 1 1
v 0.556353 0.692405 1.64216 1 1 1
v 0.575874 0.694382 1.64155 1 1 1
v 0.59515 0.695834 1.64109 1 1 1
v 0.614917 0.695772 1.64111 1 1 1
v 0.600345 0.695834 1.64109 1 1 1
v 0.634438 0.69146 1.64246 1 1 1
v -0.595396 0.695854 1.64109 1 1 1
v 0.595396 0.695854 1.64109 1 1 1
v -0.107366 0.184824 1.9727 1 1 1
v -0.114838 0.185801 1.97239 1 1 1
v -0.0878452 0.183724 1.97306 1 1 1
v -0.0683241 0.183337 1.97318 1 1 1
v -0.0488029 0.183241 1.97321 1 1 1
v -0.0292817 0.183218 1.97322 1 1 1
v -0.0097605 0.183218 1.97322 1 1 1
v 0.00976062 0.183218 1.97322 1 1 1
v 0.0292817 0.183218 1.97322 1 1 1
v 0.048803 0.183241 1.97321 1 1 1
v 0.0683241 0.183337 1.97318 1 1 1
v 0.0878453 0.183724 1.97306 1 1 1
v 0.107366 0.184824 1.9727 1 1 1
v 0.114838 0.185801 1.97239 1 1 1
v -0.146409 0.195435 1.96929 1 1 1
v -0.156496 0.204385 1.96641 1 1 1
v -0.126888 0.187667 1.97179 1 1 1
v 0.126888 0.187667 1.97179 1 1 1
v 0.146409 0.195435 1.96929 1 1 1
v 0.156496 0.204385 1.96641 1 1 1
v -0.162737 0.22297 1.96044 1 1 1
v 0.162737 0.22297 1.96044 1 1 1
v -0.16185 0.241554 1.95446 1 1 1
v 0.16185 0.241554 1.95446 1 1 1
v -0.158404 0.260138 1.94849 1 1 1
v 0.158404 0.260138 1.94849 1 1 1
v -0.153891 0.278723 1.94251 1 1 1
v 0.153891 0.278723 1.94251 1 1 1
v -0.322099 0.287695 1.93963 1 1 1
v -0.334961 0.297307 1.93654 1 1 1
v -0.302578 0.282139 1.94142 1 1 1
v -0.283057 0.290473 1.93874 1 1 1
v -0.277281 0.297307 1.93654 1 1 1
v -0.148807 0.297307 1.93654 1 1 1
v 0.148807 0.297307 1.93654 1 1 1
v 0.283057 0.290473 1.93874 1 1 1
v 0.277281 0.297307 1.93654 1 1 1
v 0.302578 0.282139 1.94142 1 1 1
v 0.322099 0.287695 1.93963 1 1 1
v 0.334961 0.297307 1.93654 1 1 1
v -0.34162 0.301945 1.93505 1 1 1
v -0.356174 0.315891 1.93056 1 1 1
v -0.264457 0.315891 1.93056 1 1 1
v -0.146409 0.305705 1.93384 1 1 1
v -0.144028 0.315891 1.93056 1 1 1
v 0.146409 0.305705 1.93384 1 1 1
v 0.144028 0.315891 1.93056 1 1 1
v 0.264457 0.315891 1.93056 1 1 1
v 0.34162 0.301945 1.93505 1 1 1
v 0.356174 0.315891 1.93056 1 1 1
v -0.361142 0.320472 1.92909 1 1 1
v -0.374539 0.334476 1.92459 1 1 1
v -0.263536 0.317395 1.93008 1 1 1
v -0.254453 0.334476 1.92459 1 1 1
v -0.13997 0.334476 1.92459 1 1 1
v 0.13997 0.334476 1.92459 1 1 1
v 0.263536 0.317395 1.93008 1 1 1
v 0.254453 0.334476 1.92459 1 1 1
v 0.361142 0.320472 1.92909 1 1 1
v 0.374539 0.334476 1.92459 1 1 1
v -0.380663 0.340816 1.92255 1 1 1
v -0.392086 0.35306 1.91862 1 1 1
v -0.245195 0.35306 1.91862 1 1 1
v -0.13612 0.35306 1.91862 1 1 1
v 0.13612 0.35306 1.91862 1 1 1
v 0.245195 0.35306 1.91862 1 1 1
v 0.380663 0.340816 1.92255 1 1 1
v 0.392086 0.35306 1.91862 1 1 1
v -0.400184 0.36177 1.91581 1 1 1
v -0.40939 0.371644 1.91264 1 1 1
v -0.244015 0.355277 1.9179 1 1 1
v -0.23386 0.371644 1.91264 1 1 1
v -0.132434 0.371644 1.91264 1 1 1
v 0.132434 0.371644 1.91264 1 1 1
v 0.244015 0.355277 1.9179 1 1 1
v 0.23386 0.371644 1.91264 1 1 1
v 0.400184 0.36177 1.91581 1 1 1
v 0.40939 0.371644 1.91264 1 1 1
v -0.419705 0.382783 1.90906 1 1 1
v -0.426663 0.390229 1.90667 1 1 1
v -0.224493 0.385023 1.90834 1 1 1
v -0.220252 0.390229 1.90667 1 1 1
v -0.128925 0.390229 1.90667 1 1 1
v 0.128925 0.390229 1.90667 1 1 1
v 0.224494 0.385023 1.90834 1 1 1
v 0.220252 0.390229 1.90667 1 1 1
v 0.419705 0.382783 1.90906 1 1 1
v 0.426663 0.390229 1.90667 1 1 1
v -0.439226 0.403773 1.90231 1 1 1
v -0.443935 0.408813 1.90069 1 1 1
v -0.206432 0.408813 1.90069 1 1 1
v -0.126888 0.402426 1.90274 1 1 1
v -0.126237 0.408813 1.90069 1 1 1
v 0.126888 0.402425 1.90274 1 1 1
v 0.126237 0.408813 1.90069 1 1 1
v 0.206432 0.408813 1.90069 1 1 1
v 0.439226 0.403773 1.90231 1 1 1
v 0.443935 0.408813 1.90069 1 1 1
v -0.458747 0.424769 1.89556 1 1 1
v -0.461206 0.427397 1.89472 1 1 1
v -0.204972 0.411194 1.89993 1 1 1
v -0.196477 0.427397 1.89472 1 1 1
v -0.124907 0.427397 1.89472 1 1 1
v 0.124907 0.427397 1.89472 1 1 1
v 0.204972 0.411194 1.89993 1 1 1
v 0.196477 0.427397 1.89472 1 1 1
v 0.458748 0.424769 1.89556 1 1 1
v 0.461206 0.427397 1.89472 1 1 1
v -0.478269 0.445756 1.88881 1 1 1
v -0.47848 0.445982 1.88874 1 1 1
v -0.190647 0.445982 1.88874 1 1 1
v -0.124223 0.445982 1.88874 1 1 1
v 0.124223 0.445982 1.88874 1 1 1
v 0.190647 0.445982 1.88874 1 1 1
v 0.478269 0.445756 1.88881 1 1 1
v 0.47848 0.445982 1.88874 1 1 1
v -0.495967 0.464566 1.88277 1 1 1
v -0.186862 0.464566 1.88277 1 1 1
v -0.124229 0.464566 1.88277 1 1 1
v 0.124229 0.464566 1.88277 1 1 1
v 0.186862 0.464566 1.88277 1 1 1
v 0.495967 0.464566 1.88277 1 1 1
v -0.49779 0.466492 1.88215 1 1 1
v -0.513655 0.48315 1.87679 1 1 1
v -0.185451 0.472925 1.88008 1 1 1
v -0.182919 0.48315 1.87679 1 1 1
v -0.124977 0.48315 1.87679 1 1 1
v 0.124977 0.48315 1.87679 1 1 1
v 0.185451 0.472925 1.88008 1 1 1
v 0.182919 0.48315 1.87679 1 1 1
v 0.49779 0.466492 1.88215 1 1 1
v 0.513655 0.48315 1.87679 1 1 1
v -0.517311 0.48696 1.87557 1 1 1
v -0.531597 0.501734 1.87082 1 1 1
v -0.17815 0.501734 1.87082 1 1 1
v -0.126553 0.501734 1.87082 1 1 1
v 0.126553 0.501734 1.87082 1 1 1
v 0.17815 0.501734 1.87082 1 1 1
v 0.517311 0.48696 1.87557 1 1 1
v 0.531597 0.501734 1.87082 1 1 1
v -0.536832 0.507127 1.86908 1 1 1
v -0.54974 0.520319 1.86484 1 1 1
v -0.1726 0.520319 1.86484 1 1 1
v -0.126888 0.504427 1.86995 1 1 1
v -0.131403 0.520319 1.86484 1 1 1
v 0.126888 0.504427 1.86995 1 1 1
v 0.131403 0.520319 1.86484 1 1 1
v 0.1726 0.520319 1.86484 1 1 1
v 0.536832 0.507127 1.86908 1 1 1
v 0.54974 0.520319 1.86484 1 1 1
v -0.556353 0.527085 1.86267 1 1 1
v -0.567979 0.538903 1.85887 1 1 1
v -0.16593 0.538731 1.85892 1 1 1
v -0.165633 0.538903 1.85887 1 1 1
v -0.138906 0.538903 1.85887 1 1 1
v 0.138906 0.538903 1.85887 1 1 1
v 0.16593 0.538731 1.85892 1 1 1
v 0.165633 0.538903 1.85887 1 1 1
v 0.556353 0.527085 1.86267 1 1 1
v 0.567979 0.538903 1.85887 1 1 1
v -0.575874 0.546971 1.85627 1 1 1
v -0.586216 0.557487 1.85289 1 1 1
v -0.146409 0.552326 1.85455 1 1 1
v 0.146409 0.552326 1.85455 1 1 1
v 0.575874 0.546971 1.85627 1 1 1
v 0.586216 0.557487 1.85289 1 1 1
v -0.595396 0.566898 1.84987 1 1 1
v -0.604371 0.576072 1.84692 1 1 1
v 0.595396 0.566898 1.84987 1 1 1
v 0.604371 0.576072 1.84692 1 1 1
v -0.614917 0.587 1.8434 1 1 1
v -0.622296 0.594656 1.84094 1 1 1
v 0.614917 0.587 1.8434 1 1 1
v 0.622296 0.594656 1.84094 1 1 1
v -0.634438 0.607766 1.83673 1 1 1
v -0.639453 0.61324 1.83497 1 1 1
v -0.126888 0.594956 1.84085 1 1 1
v -0.138483 0.61324 1.83497 1 1 1
v -0.107366 0.594882 1.84087 1 1 1
v -0.0878452 0.60103 1.83889 1 1 1
v -0.0683241 0.609832 1.83606 1 1 1
v -0.0624119 0.61324 1.83497 1 1 1
v 0.0683241 0.609832 1.83606 1 1 1
v 0.0624119 0.61324 1.83497 1 1 1
v 0.0878453 0.60103 1.83889 1 1 1
v 0.107366 0.594882 1.84087 1 1 1
v 0.126888 0.594956 1.84085 1 1 1
v 0.138483 0.61324 1.83497 1 1 1
v 0.634438 0.607766 1.83673 1 1 1
v 0.639453 0.61324 1.83497 1 1 1
v -0.653959 0.63173 1.82902 1 1 1
v -0.654031 0.631825 1.82899 1 1 1
v -0.144893 0.631825 1.82899 1 1 1
v -0.0488029 0.622352 1.83204 1 1 1
v -0.0334536 0.631825 1.82899 1 1 1
v 0.048803 0.622352 1.83204 1 1 1
v 0.0334535 0.631825 1.82899 1 1 1
v 0.144893 0.631825 1.82899 1 1 1
v 0.653959 0.63173 1.82902 1 1 1
v 0.654031 0.631825 1.82899 1 1 1
v -0.663621 0.650409 1.82302 1 1 1
v -0.146409 0.634958 1.82799 1 1 1
v -0.154222 0.650409 1.82302 1 1 1
v -0.0292817 0.634743 1.82805 1 1 1
v -0.0097605 0.642666 1.82551 1 1 1
v 0.00976062 0.642666 1.82551 1 1 1
v 0.0292817 0.634743 1.82805 1 1 1
v 0.146409 0.634958 1.82799 1 1 1
v 0.154222 0.650409 1.82302 1 1 1
v 0.663621 0.650409 1.82302 1 1 1
v -0.66714 0.668993 1.81704 1 1 1
v -0.16593 0.660956 1.81963 1 1 1
v -0.180371 0.668993 1.81704 1 1 1
v 0.16593 0.660956 1.81963 1 1 1
v 0.180371 0.668993 1.81704 1 1 1
v 0.66714 0.668993 1.81704 1 1 1
v -0.665554 0.687578 1.81107 1 1 1
v -0.244015 0.684939 1.81192 1 1 1
v -0.25833 0.687578 1.81107 1 1 1
v -0.224493 0.681077 1.81316 1 1 1
v -0.204972 0.676649 1.81458 1 1 1
v -0.185451 0.670986 1.8164 1 1 1
v 0.185451 0.670986 1.8164 1 1 1
v 0.204972 0.676649 1.81458 1 1 1
v 0.224494 0.681077 1.81316 1 1 1
v 0.244015 0.684939 1.81192 1 1 1
v 0.25833 0.687578 1.81107 1 1 1
v 0.665554 0.687578 1.81107 1 1 1
v -0.659719 0.706162 1.80509 1 1 1
v -0.34162 0.70391 1.80582 1 1 1
v -0.354041 0.706162 1.80509 1 1 1
v -0.322099 0.70028 1.80698 1 1 1
v -0.302578 0.69652 1.80819 1 1 1
v -0.283057 0.692669 1.80943 1 1 1
v -0.263536 0.688666 1.81072 1 1 1
v 0.263536 0.688666 1.81072 1 1 1
v 0.283057 0.692669 1.80943 1 1 1
v 0.302578 0.69652 1.80819 1 1 1
v 0.322099 0.70028 1.80698 1 1 1
v 0.34162 0.70391 1.80582 1 1 1
v 0.354041 0.706162 1.80509 1 1 1
v 0.659719 0.706162 1.80509 1 1 1
v -0.653959 0.716721 1.8017 1 1 1
v -0.64725 0.724746 1.79912 1 1 1
v -0.458747 0.724675 1.79914 1 1 1
v -0.459268 0.724746 1.79912 1 1 1
v -0.439226 0.721834 1.80005 1 1 1
v -0.419705 0.718786 1.80103 1 1 1
v -0.400184 0.715415 1.80212 1 1 1
v -0.380663 0.711708 1.80331 1 1 1
v -0.361142 0.707678 1.80461 1 1 1
v 0.361142 0.707678 1.80461 1 1 1
v 0.380663 0.711708 1.80331 1 1 1
v 0.400184 0.715415 1.80212 1 1 1
v 0.419705 0.718786 1.80103 1 1 1
v 0.439226 0.721834 1.80005 1 1 1
v 0.458748 0.724675 1.79914 1 1 1
v 0.459268 0.724746 1.79912 1 1 1
v 0.653959 0.716721 1.8017 1 1 1
v 0.64725 0.724746 1.79912 1 1 1
v -0.634438 0.734321 1.79604 1 1 1
v -0.614917 0.739587 1.79435 1 1 1
v -0.595396 0.740198 1.79415 1 1 1
v -0.575874 0.739027 1.79453 1 1 1
v -0.556353 0.737246 1.7951 1 1 1
v -0.536832 0.7352 1.79576 1 1 1
v -0.517311 0.732946 1.79648 1 1 1
v -0.49779 0.730464 1.79728 1 1 1
v -0.478269 0.72771 1.79817 1 1 1
v 0.478269 0.72771 1.79817 1 1 1
v 0.49779 0.730464 1.79728 1 1 1
v 0.517311 0.732946 1.79648 1 1 1
v 0.536832 0.7352 1.79576 1 1 1
v 0.556353 0.737246 1.7951 1 1 1
v 0.575874 0.739027 1.79453 1 1 1
v 0.595396 0.740198 1.79415 1 1 1
v 0.614917 0.739587 1.79435 1 1 1
v 0.634438 0.734321 1.79604 1 1 1
v -0.146409 0.25172 2.12763 1 1 1
v -0.151085 0.25583 2.1262 1 1 1
v -0.126888 0.242835 2.1307 1 1 1
v -0.107366 0.239412 2.13189 1 1 1
v -0.0878452 0.23813 2.13233 1 1 1
v -0.0683241 0.237701 2.13248 1 1 1
v -0.0488029 0.237596 2.13251 1 1 1
v -0.0292817 0.237571 2.13252 1 1 1
v -0.0097605 0.237572 2.13252 1 1 1
v 0.00976062 0.237572 2.13252 1 1 1
v 0.0292817 0.237571 2.13252 1 1 1
v 0.048803 0.237596 2.13251 1 1 1
v 0.0683241 0.237701 2.13248 1 1 1
v 0.0878453 0.23813 2.13233 1 1 1
v 0.107366 0.239412 2.13189 1 1 1
v 0.126888 0.242835 2.1307 1 1 1
v 0.146409 0.25172 2.12763 1 1 1
v 0.151085 0.25583 2.1262 1 1 1
v -0.158839 0.274278 2.11982 1 1 1
v 0.158839 0.274278 2.11982 1 1 1
v -0.158693 0.292726 2.11344 1 1 1
v 0.158693 0.292726 2.11344 1 1 1
v -0.1556 0.311174 2.10705 1 1 1
v 0.1556 0.311174 2.10705 1 1 1
v -0.151246 0.329622 2.10067 1 1 1
v 0.151246 0.329622 2.10067 1 1 1
v -0.322099 0.344065 2.09567 1 1 1
v -0.327454 0.34807 2.09429 1 1 1
v -0.302578 0.338984 2.09743 1 1 1
v -0.283057 0.347892 2.09435 1 1 1
v -0.2829 0.34807 2.09429 1 1 1
v -0.146409 0.347442 2.0945 1 1 1
v -0.146263 0.34807 2.09429 1 1 1
v 0.146409 0.347442 2.0945 1 1 1
v 0.146263 0.34807 2.09429 1 1 1
v 0.283057 0.347892 2.09435 1 1 1
v 0.282899 0.34807 2.09429 1 1 1
v 0.302578 0.338984 2.09743 1 1 1
v 0.322099 0.344065 2.09567 1 1 1
v 0.327454 0.34807 2.09429 1 1 1
v -0.34162 0.357957 2.09087 1 1 1
v -0.350586 0.366518 2.0879 1 1 1
v -0.26894 0.366518 2.0879 1 1 1
v -0.142162 0.366518 2.0879 1 1 1
v 0.142162 0.366518 2.0879 1 1 1
v 0.26894 0.366518 2.0879 1 1 1
v 0.34162 0.357957 2.09087 1 1 1
v 0.350586 0.366518 2.0879 1 1 1
v -0.361142 0.376224 2.08455 1 1 1
v -0.369545 0.384966 2.08152 1 1 1
v -0.263536 0.374942 2.08499 1 1 1
v -0.257959 0.384966 2.08152 1 1 1
v -0.138322 0.384966 2.08152 1 1 1
v 0.138323 0.384966 2.08152 1 1 1
v 0.263536 0.374942 2.08499 1 1 1
v 0.257959 0.384966 2.08152 1 1 1
v 0.361142 0.376224 2.08454 1 1 1
v 0.369545 0.384966 2.08152 1 1 1
v -0.380663 0.396426 2.07755 1 1 1
v -0.387216 0.403414 2.07514 1 1 1
v -0.24814 0.403414 2.07514 1 1 1
v -0.134714 0.403414 2.07514 1 1 1
v 0.134714 0.403414 2.07514 1 1 1
v 0.24814 0.403414 2.07514 1 1 1
v 0.380663 0.396426 2.07755 1 1 1
v 0.387216 0.403414 2.07514 1 1 1
v -0.400184 0.417291 2.07033 1 1 1
v -0.404468 0.421862 2.06875 1 1 1
v -0.244015 0.410694 2.07262 1 1 1
v -0.236546 0.421862 2.06875 1 1 1
v -0.131311 0.421862 2.06875 1 1 1
v 0.131311 0.421862 2.06875 1 1 1
v 0.244015 0.410694 2.07262 1 1 1
v 0.236546 0.421862 2.06875 1 1 1
v 0.400184 0.417291 2.07033 1 1 1
v 0.404468 0.421862 2.06875 1 1 1
v -0.419705 0.438231 2.06309 1 1 1
v -0.421658 0.44031 2.06237 1 1 1
v -0.224493 0.437481 2.06335 1 1 1
v -0.221965 0.44031 2.06237 1 1 1
v -0.128149 0.44031 2.06237 1 1 1
v 0.128149 0.44031 2.06237 1 1 1
v 0.224494 0.437481 2.06335 1 1 1
v 0.221965 0.44031 2.06237 1 1 1
v 0.419705 0.438231 2.06309 1 1 1
v 0.421658 0.44031 2.06237 1 1 1
v -0.438875 0.458758 2.05599 1 1 1
v -0.206729 0.458758 2.05599 1 1 1
v -0.126888 0.449045 2.05935 1 1 1
v -0.126052 0.458758 2.05599 1 1 1
v 0.126888 0.449044 2.05935 1 1 1
v 0.126052 0.458758 2.05599 1 1 1
v 0.206729 0.458758 2.05599 1 1 1
v 0.438875 0.458758 2.05599 1 1 1
v -0.439226 0.459134 2.05586 1 1 1
v -0.456184 0.477206 2.0496 1 1 1
v -0.204972 0.461405 2.05507 1 1 1
v -0.196434 0.477206 2.0496 1 1 1
v -0.125033 0.477206 2.0496 1 1 1
v 0.125033 0.477206 2.0496 1 1 1
v 0.204972 0.461405 2.05507 1 1 1
v 0.196434 0.477206 2.0496 1 1 1
v 0.439226 0.459134 2.05586 1 1 1
v 0.456184 0.477206 2.0496 1 1 1
v -0.458747 0.479946 2.04865 1 1 1
v -0.473512 0.495654 2.04322 1 1 1
v -0.190652 0.495654 2.04322 1 1 1
v -0.124663 0.495654 2.04322 1 1 1
v 0.124663 0.495654 2.04322 1 1 1
v 0.190652 0.495654 2.04322 1 1 1
v 0.458748 0.479945 2.04865 1 1 1
v 0.473512 0.495654 2.04322 1 1 1
v -0.478269 0.50071 2.04147 1 1 1
v -0.490952 0.514102 2.03684 1 1 1
v -0.187041 0.514102 2.03684 1 1 1
v -0.124978 0.514102 2.03684 1 1 1
v 0.124978 0.514102 2.03684 1 1 1
v 0.187042 0.514102 2.03684 1 1 1
v 0.478269 0.50071 2.04147 1 1 1
v 0.490952 0.514102 2.03684 1 1 1
v -0.49779 0.521279 2.03435 1 1 1
v -0.508596 0.532549 2.03045 1 1 1
v -0.185451 0.524286 2.03331 1 1 1
v -0.183529 0.532549 2.03045 1 1 1
v -0.126018 0.532549 2.03045 1 1 1
v 0.126018 0.532549 2.03045 1 1 1
v 0.185451 0.524286 2.03331 1 1 1
v 0.183529 0.532549 2.03045 1 1 1
v 0.49779 0.521279 2.03435 1 1 1
v 0.508596 0.532549 2.03045 1 1 1
v -0.517311 0.541563 2.02733 1 1 1
v -0.526504 0.550997 2.02407 1 1 1
v -0.179021 0.550997 2.02407 1 1 1
v -0.126888 0.541484 2.02736 1 1 1
v -0.128772 0.550997 2.02407 1 1 1
v 0.126888 0.541485 2.02736 1 1 1
v 0.128773 0.550997 2.02407 1 1 1
v 0.179021 0.550997 2.02407 1 1 1
v 0.517311 0.541563 2.02733 1 1 1
v 0.526504 0.550997 2.02407 1 1 1
v -0.536832 0.561549 2.02042 1 1 1
v -0.544623 0.569445 2.01768 1 1 1
v -0.173617 0.569445 2.01768 1 1 1
v -0.134135 0.569445 2.01768 1 1 1
v 0.134135 0.569445 2.01768 1 1 1
v 0.173617 0.569445 2.01768 1 1 1
v 0.536832 0.561549 2.02042 1 1 1
v 0.544623 0.569445 2.01768 1 1 1
v -0.556353 0.581345 2.01357 1 1 1
v -0.562851 0.587893 2.0113 1 1 1
v -0.166824 0.587893 2.0113 1 1 1
v -0.141334 0.587893 2.0113 1 1 1
v 0.141334 0.587893 2.0113 1 1 1
v 0.166824 0.587893 2.0113 1 1 1
v 0.556353 0.581345 2.01357 1 1 1
v 0.562851 0.587893 2.0113 1 1 1
v -0.575874 0.601086 2.00674 1 1 1
v -0.581086 0.606341 2.00492 1 1 1
v -0.16593 0.59008 2.01054 1 1 1
v -0.146409 0.598728 2.00755 1 1 1
v 0.146409 0.598728 2.00755 1 1 1
v 0.16593 0.59008 2.01054 1 1 1
v 0.575874 0.601086 2.00674 1 1 1
v 0.581086 0.606341 2.00492 1 1 1
v -0.595396 0.62089 1.99988 1 1 1
v -0.599241 0.624789 1.99853 1 1 1
v 0.595396 0.62089 1.99988 1 1 1
v 0.599241 0.624789 1.99853 1 1 1
v -0.614917 0.640922 1.99295 1 1 1
v -0.617161 0.643237 1.99215 1 1 1
v 0.614917 0.640922 1.99295 1 1 1
v 0.617161 0.643237 1.99215 1 1 1
v -0.634328 0.661685 1.98577 1 1 1
v -0.126888 0.646162 1.99114 1 1 1
v -0.139789 0.661685 1.98577 1 1 1
v -0.107366 0.646163 1.99114 1 1 1
v -0.0878452 0.651343 1.98935 1 1 1
v -0.0683241 0.659025 1.98669 1 1 1
v -0.0631396 0.661685 1.98577 1 1 1
v 0.0683241 0.659025 1.98669 1 1 1
v 0.0631395 0.661685 1.98577 1 1 1
v 0.0878453 0.651343 1.98935 1 1 1
v 0.107366 0.646163 1.99114 1 1 1
v 0.126888 0.646162 1.99114 1 1 1
v 0.139789 0.661685 1.98577 1 1 1
v 0.634328 0.661685 1.98577 1 1 1
v -0.634438 0.661817 1.98572 1 1 1
v -0.649136 0.680133 1.97938 1 1 1
v -0.146409 0.676727 1.98056 1 1 1
v -0.147455 0.680133 1.97938 1 1 1
v -0.0488029 0.670389 1.98276 1 1 1
v -0.0313657 0.680133 1.97938 1 1 1
v 0.048803 0.670389 1.98276 1 1 1
v 0.0313656 0.680133 1.97938 1 1 1
v 0.146409 0.676727 1.98056 1 1 1
v 0.147455 0.680133 1.97938 1 1 1
v 0.634438 0.661818 1.98572 1 1 1
v 0.649136 0.680133 1.97938 1 1 1
v -0.653959 0.688892 1.97635 1 1 1
v -0.658973 0.698581 1.973 1 1 1
v -0.158076 0.698581 1.973 1 1 1
v -0.0292817 0.681496 1.97891 1 1 1
v -0.0097605 0.689101 1.97628 1 1 1
v 0.00976062 0.689101 1.97628 1 1 1
v 0.0292817 0.681496 1.97891 1 1 1
v 0.158076 0.698581 1.973 1 1 1
v 0.653959 0.688892 1.97635 1 1 1
v 0.658973 0.698581 1.973 1 1 1
v -0.662708 0.717029 1.96662 1 1 1
v -0.185451 0.716122 1.96693 1 1 1
v -0.187916 0.717029 1.96662 1 1 1
v -0.16593 0.705372 1.97065 1 1 1
v 0.16593 0.705372 1.97065 1 1 1
v 0.185451 0.716122 1.96693 1 1 1
v 0.187916 0.717029 1.96662 1 1 1
v 0.662708 0.717029 1.96662 1 1 1
v -0.661136 0.735477 1.96023 1 1 1
v -0.263536 0.73433 1.96063 1 1 1
v -0.269832 0.735477 1.96023 1 1 1
v -0.244015 0.730674 1.96189 1 1 1
v -0.224493 0.726683 1.96328 1 1 1
v -0.204972 0.722089 1.96487 1 1 1
v 0.204972 0.722089 1.96487 1 1 1
v 0.224494 0.726683 1.96328 1 1 1
v 0.244015 0.730674 1.96189 1 1 1
v 0.263536 0.73433 1.96063 1 1 1
v 0.269832 0.735477 1.96023 1 1 1
v 0.661135 0.735477 1.96023 1 1 1
v -0.655026 0.753925 1.95385 1 1 1
v -0.361142 0.753331 1.95405 1 1 1
v -0.364448 0.753925 1.95385 1 1 1
v -0.34162 0.74977 1.95529 1 1 1
v -0.322099 0.746049 1.95657 1 1 1
v -0.302578 0.742187 1.95791 1 1 1
v -0.283057 0.738227 1.95928 1 1 1
v 0.283057 0.738227 1.95928 1 1 1
v 0.302578 0.742187 1.95791 1 1 1
v 0.322099 0.746049 1.95657 1 1 1
v 0.34162 0.74977 1.95529 1 1 1
v 0.361142 0.753331 1.95405 1 1 1
v 0.364448 0.753925 1.95385 1 1 1
v 0.655026 0.753925 1.95385 1 1 1
v -0.653959 0.755885 1.95317 1 1 1
v -0.640302 0.772373 1.94747 1 1 1
v -0.458747 0.770269 1.94819 1 1 1
v -0.47476 0.772373 1.94747 1 1 1
v -0.439226 0.767529 1.94914 1 1 1
v -0.419705 0.764531 1.95018 1 1 1
v -0.400184 0.761139 1.95135 1 1 1
v -0.380663 0.757345 1.95267 1 1 1
v 0.380663 0.757345 1.95267 1 1 1
v 0.400184 0.761139 1.95135 1 1 1
v 0.419705 0.764531 1.95018 1 1 1
v 0.439226 0.767529 1.94914 1 1 1
v 0.458748 0.770269 1.94819 1 1 1
v 0.47476 0.772373 1.94747 1 1 1
v 0.653959 0.755884 1.95317 1 1 1
v 0.640302 0.772373 1.94747 1 1 1
v -0.634438 0.776793 1.94594 1 1 1
v -0.614917 0.783074 1.94376 1 1 1
v -0.595396 0.784263 1.94335 1 1 1
v -0.575874 0.783428 1.94364 1 1 1
v -0.556353 0.781874 1.94418 1 1 1
v -0.536832 0.780012 1.94482 1 1 1
v -0.517311 0.777917 1.94555 1 1 1
v -0.49779 0.775561 1.94636 1 1 1
v -0.478269 0.772899 1.94728 1 1 1
v 0.478269 0.772899 1.94728 1 1 1
v 0.49779 0.775561 1.94636 1 1 1
v 0.517311 0.777917 1.94555 1 1 1
v 0.536832 0.780012 1.94482 1 1 1
v 0.556353 0.781874 1.94418 1 1 1
v 0.575874 0.783428 1.94364 1 1 1
v 0.595396 0.784263 1.94335 1 1 1
v 0.614917 0.783074 1.94376 1 1 1
v 0.634438 0.776793 1.94594 1 1 1
v -0.126888 0.300492 2.28465 1 1 1
v -0.144838 0.309551 2.28142 1 1 1
v -0.107366 0.296444 2.28609 1 1 1
v -0.0878452 0.294848 2.28666 1 1 1
v -0.0683241 0.294275 2.28686 1 1 1
v -0.0488029 0.294114 2.28692 1 1 1
v -0.0292817 0.294072 2.28693 1 1 1
v -0.0097605 0.29407 2.28693 1 1 1
v 0.00976062 0.29407 2.28693 1 1 1
v 0.0292817 0.294072 2.28693 1 1 1
v 0.048803 0.294114 2.28692 1 1 1
v 0.0683241 0.294275 2.28686 1 1 1
v 0.0878453 0.294848 2.28666 1 1 1
v 0.107366 0.296444 2.28609 1 1 1
v 0.126888 0.300492 2.28465 1 1 1
v 0.144838 0.309551 2.28142 1 1 1
v -0.146409 0.311356 2.28077 1 1 1
v -0.154594 0.327939 2.27486 1 1 1
v 0.146409 0.311356 2.28077 1 1 1
v 0.154594 0.327939 2.27486 1 1 1
v -0.155248 0.346327 2.26831 1 1 1
v 0.155248 0.346327 2.26831 1 1 1
v -0.152541 0.364715 2.26175 1 1 1
v 0.152541 0.364715 2.26175 1 1 1
v -0.148365 0.383103 2.2552 1 1 1
v 0.148365 0.383103 2.2552 1 1 1
v -0.302578 0.398867 2.24958 1 1 1
v -0.313116 0.401491 2.24865 1 1 1
v -0.296476 0.401491 2.24865 1 1 1
v -0.146409 0.39067 2.2525 1 1 1
v -0.144036 0.401491 2.24865 1 1 1
v 0.146409 0.39067 2.2525 1 1 1
v 0.144036 0.401491 2.24865 1 1 1
v 0.302578 0.398867 2.24958 1 1 1
v 0.296476 0.401491 2.24865 1 1 1
v 0.313116 0.401491 2.24865 1 1 1
v -0.34162 0.417063 2.2431 1 1 1
v -0.344569 0.419879 2.24209 1 1 1
v -0.322099 0.403498 2.24793 1 1 1
v -0.283057 0.408563 2.24613 1 1 1
v -0.274114 0.419879 2.24209 1 1 1
v -0.140181 0.419879 2.24209 1 1 1
v 0.140181 0.419879 2.24209 1 1 1
v 0.283057 0.408563 2.24613 1 1 1
v 0.274114 0.419879 2.24209 1 1 1
v 0.322099 0.403498 2.24793 1 1 1
v 0.34162 0.417063 2.2431 1 1 1
v 0.344569 0.419879 2.24209 1 1 1
v -0.361142 0.435133 2.23665 1 1 1
v -0.364158 0.438267 2.23554 1 1 1
v -0.263536 0.435622 2.23648 1 1 1
v -0.261996 0.438267 2.23554 1 1 1
v -0.136588 0.438267 2.23554 1 1 1
v 0.136588 0.438267 2.23554 1 1 1
v 0.263536 0.435622 2.23648 1 1 1
v 0.261996 0.438267 2.23554 1 1 1
v 0.361142 0.435133 2.23665 1 1 1
v 0.364158 0.438267 2.23554 1 1 1
v -0.380663 0.455268 2.22948 1 1 1
v -0.381966 0.456655 2.22898 1 1 1
v -0.251546 0.456655 2.22898 1 1 1
v -0.133248 0.456655 2.22898 1 1 1
v 0.133248 0.456655 2.22898 1 1 1
v 0.251546 0.456655 2.22898 1 1 1
v 0.380663 0.455268 2.22948 1 1 1
v 0.381966 0.456655 2.22898 1 1 1
v -0.399201 0.475043 2.22243 1 1 1
v -0.244015 0.469134 2.22454 1 1 1
v -0.239742 0.475043 2.22243 1 1 1
v -0.130156 0.475043 2.22243 1 1 1
v 0.130156 0.475043 2.22243 1 1 1
v 0.244015 0.469134 2.22454 1 1 1
v 0.239742 0.475043 2.22243 1 1 1
v 0.399201 0.475043 2.22243 1 1 1
v -0.400184 0.476088 2.22206 1 1 1
v -0.416427 0.493432 2.21588 1 1 1
v -0.224493 0.492916 2.21606 1 1 1
v -0.223986 0.493432 2.21588 1 1 1
v -0.127369 0.493432 2.21588 1 1 1
v 0.127369 0.493432 2.21588 1 1 1
v 0.224494 0.492916 2.21606 1 1 1
v 0.223986 0.493432 2.21588 1 1 1
v 0.400184 0.476088 2.22206 1 1 1
v 0.416427 0.493432 2.21588 1 1 1
v -0.419705 0.496941 2.21462 1 1 1
v -0.433672 0.51182 2.20932 1 1 1
v -0.207075 0.51182 2.20932 1 1 1
v -0.126888 0.497425 2.21445 1 1 1
v -0.125881 0.51182 2.20932 1 1 1
v 0.126888 0.497425 2.21445 1 1 1
v 0.125881 0.51182 2.20932 1 1 1
v 0.207075 0.51182 2.20932 1 1 1
v 0.419705 0.496941 2.21462 1 1 1
v 0.433672 0.51182 2.20932 1 1 1
v -0.439226 0.517757 2.20721 1 1 1
v -0.450928 0.530208 2.20277 1 1 1
v -0.204972 0.514746 2.20828 1 1 1
v -0.196394 0.530208 2.20277 1 1 1
v -0.125162 0.530208 2.20277 1 1 1
v 0.125162 0.530208 2.20277 1 1 1
v 0.204972 0.514746 2.20828 1 1 1
v 0.196394 0.530208 2.20277 1 1 1
v 0.439226 0.517757 2.20721 1 1 1
v 0.450928 0.530208 2.20277 1 1 1
v -0.458747 0.538552 2.19979 1 1 1
v -0.468204 0.548596 2.19621 1 1 1
v -0.190661 0.548596 2.19621 1 1 1
v -0.125088 0.548596 2.19621 1 1 1
v 0.125088 0.548596 2.19621 1 1 1
v 0.190661 0.548596 2.19621 1 1 1
v 0.458748 0.538552 2.19979 1 1 1
v 0.468204 0.548596 2.19621 1 1 1
v -0.478269 0.559275 2.19241 1 1 1
v -0.485585 0.566984 2.18966 1 1 1
v -0.187227 0.566984 2.18966 1 1 1
v -0.125685 0.566984 2.18966 1 1 1
v 0.125685 0.566984 2.18966 1 1 1
v 0.187227 0.566984 2.18966 1 1 1
v 0.478269 0.559275 2.19241 1 1 1
v 0.485586 0.566984 2.18966 1 1 1
v -0.49779 0.579763 2.1851 1 1 1
v -0.503182 0.585372 2.18311 1 1 1
v -0.185451 0.579434 2.18522 1 1 1
v -0.184169 0.585372 2.18311 1 1 1
v -0.126888 0.584044 2.18358 1 1 1
v -0.127066 0.585372 2.18311 1 1 1
v 0.126888 0.584045 2.18358 1 1 1
v 0.127067 0.585372 2.18311 1 1 1
v 0.185451 0.579434 2.18522 1 1 1
v 0.184169 0.585372 2.18311 1 1 1
v 0.49779 0.579763 2.1851 1 1 1
v 0.503182 0.585372 2.18311 1 1 1
v -0.517311 0.59994 2.17791 1 1 1
v -0.521046 0.60376 2.17655 1 1 1
v -0.179956 0.60376 2.17655 1 1 1
v -0.130917 0.60376 2.17655 1 1 1
v 0.130917 0.60376 2.17655 1 1 1
v 0.179956 0.60376 2.17655 1 1 1
v 0.517311 0.59994 2.17791 1 1 1
v 0.521046 0.60376 2.17655 1 1 1
v -0.536832 0.619828 2.17082 1 1 1
v -0.53913 0.622148 2.17 1 1 1
v -0.174742 0.622148 2.17 1 1 1
v -0.136298 0.622148 2.17 1 1 1
v 0.136298 0.622148 2.17 1 1 1
v 0.174742 0.622148 2.17 1 1 1
v 0.536832 0.619828 2.17082 1 1 1
v 0.53913 0.622148 2.17 1 1 1
v -0.556353 0.639552 2.16379 1 1 1
v -0.557334 0.640536 2.16344 1 1 1
v -0.167924 0.640536 2.16344 1 1 1
v -0.143113 0.640536 2.16344 1 1 1
v 0.143113 0.640536 2.16344 1 1 1
v 0.167923 0.640536 2.16344 1 1 1
v 0.556353 0.639552 2.16379 1 1 1
v 0.557334 0.640536 2.16344 1 1 1
v -0.575568 0.658924 2.15689 1 1 1
v -0.16593 0.645256 2.16176 1 1 1
v -0.146409 0.648777 2.16051 1 1 1
v 0.146409 0.648777 2.16051 1 1 1
v 0.16593 0.645256 2.16176 1 1 1
v 0.575568 0.658924 2.15689 1 1 1
v -0.575874 0.659234 2.15678 1 1 1
v -0.59376 0.677312 2.15034 1 1 1
v 0.575874 0.659235 2.15678 1 1 1
v 0.59376 0.677312 2.15034 1 1 1
v -0.595396 0.678986 2.14974 1 1 1
v -0.611719 0.6957 2.14378 1 1 1
v 0.595396 0.678986 2.14974 1 1 1
v 0.611719 0.6957 2.14378 1 1 1
v -0.614917 0.699089 2.14257 1 1 1
v -0.628939 0.714088 2.13723 1 1 1
v -0.126888 0.700584 2.14204 1 1 1
v -0.141463 0.714088 2.13723 1 1 1
v -0.107366 0.700857 2.14194 1 1 1
v -0.0878452 0.705321 2.14035 1 1 1
v -0.0683241 0.712079 2.13794 1 1 1
v -0.0639422 0.714088 2.13723 1 1 1
v 0.0683241 0.712079 2.13794 1 1 1
v 0.0639422 0.714088 2.13723 1 1 1
v 0.0878453 0.705321 2.14035 1 1 1
v 0.107366 0.700857 2.14194 1 1 1
v 0.126888 0.700584 2.14204 1 1 1
v 0.141463 0.714088 2.13723 1 1 1
v 0.614917 0.699089 2.14257 1 1 1
v 0.628939 0.714088 2.13723 1 1 1
v -0.634438 0.720725 2.13486 1 1 1
v -0.643843 0.732476 2.13067 1 1 1
v -0.146409 0.722546 2.13421 1 1 1
v -0.150258 0.732476 2.13067 1 1 1
v -0.0488029 0.722446 2.13425 1 1 1
v -0.0292817 0.732359 2.13072 1 1 1
v -0.0289038 0.732476 2.13067 1 1 1
v 0.0292817 0.732359 2.13072 1 1 1
v 0.0289037 0.732476 2.13067 1 1 1
v 0.048803 0.722446 2.13425 1 1 1
v 0.146409 0.722546 2.13421 1 1 1
v 0.150258 0.732476 2.13067 1 1 1
v 0.634438 0.720725 2.13486 1 1 1
v 0.643843 0.732476 2.13067 1 1 1
v -0.653937 0.750865 2.12412 1 1 1
v -0.162441 0.750865 2.12412 1 1 1
v -0.0097605 0.739624 2.12813 1 1 1
v 0.00976062 0.739624 2.12813 1 1 1
v 0.162441 0.750865 2.12412 1 1 1
v 0.653937 0.750865 2.12412 1 1 1
v -0.653959 0.750961 2.12409 1 1 1
v -0.657899 0.769253 2.11757 1 1 1
v -0.185451 0.765017 2.11908 1 1 1
v -0.197141 0.769253 2.11757 1 1 1
v -0.16593 0.753763 2.12309 1 1 1
v 0.16593 0.753763 2.12309 1 1 1
v 0.185451 0.765017 2.11908 1 1 1
v 0.197141 0.769253 2.11757 1 1 1
v 0.653959 0.750961 2.12409 1 1 1
v 0.657899 0.769253 2.11757 1 1 1
v -0.656342 0.787641 2.11101 1 1 1
v -0.263536 0.784299 2.1122 1 1 1
v -0.281816 0.787641 2.11101 1 1 1
v -0.244015 0.780506 2.11355 1 1 1
v -0.224493 0.776348 2.11504 1 1 1
v -0.204972 0.771553 2.11675 1 1 1
v 0.204972 0.771553 2.11675 1 1 1
v 0.224494 0.776348 2.11504 1 1 1
v 0.244015 0.780506 2.11355 1 1 1
v 0.263536 0.7843 2.1122 1 1 1
v 0.281816 0.787641 2.11101 1 1 1
v 0.656342 0.787641 2.11101 1 1 1
v -0.653959 0.794807 2.10846 1 1 1
v -0.649163 0.806029 2.10446 1 1 1
v -0.361142 0.803516 2.10535 1 1 1
v -0.375117 0.806029 2.10446 1 1 1
v -0.34162 0.799846 2.10666 1 1 1
v -0.322099 0.796001 2.10803 1 1 1
v -0.302578 0.792002 2.10946 1 1 1
v -0.283057 0.787901 2.11092 1 1 1
v 0.283057 0.787901 2.11092 1 1 1
v 0.302578 0.792002 2.10946 1 1 1
v 0.322099 0.796001 2.10803 1 1 1
v 0.34162 0.799846 2.10666 1 1 1
v 0.361142 0.803516 2.10535 1 1 1
v 0.375117 0.806029 2.10446 1 1 1
v 0.653959 0.794806 2.10846 1 1 1
v 0.649162 0.806029 2.10446 1 1 1
v -0.634438 0.823003 2.09841 1 1 1
v -0.631756 0.824417 2.0979 1 1 1
v -0.478269 0.822561 2.09856 1 1 1
v -0.494109 0.824417 2.0979 1 1 1
v -0.458747 0.820132 2.09943 1 1 1
v -0.439226 0.8175 2.10037 1 1 1
v -0.419705 0.814547 2.10142 1 1 1
v -0.400184 0.811116 2.10264 1 1 1
v -0.380663 0.807208 2.10404 1 1 1
v 0.380663 0.807208 2.10404 1 1 1
v 0.400184 0.811116 2.10264 1 1 1
v 0.419705 0.814547 2.10142 1 1 1
v 0.439226 0.8175 2.10037 1 1 1
v 0.458748 0.820132 2.09943 1 1 1
v 0.478269 0.822561 2.09856 1 1 1
v 0.494109 0.824417 2.0979 1 1 1
v 0.634438 0.823003 2.09841 1 1 1
v 0.631756 0.824417 2.0979 1 1 1
v -0.614917 0.830648 2.09568 1 1 1
v -0.595396 0.832474 2.09503 1 1 1
v -0.575874 0.832007 2.0952 1 1 1
v -0.556353 0.8307 2.09566 1 1 1
v -0.536832 0.829039 2.09626 1 1 1
v -0.517311 0.827114 2.09694 1 1 1
v -0.49779 0.824894 2.09773 1 1 1
v 0.49779 0.824894 2.09773 1 1 1
v 0.517311 0.827114 2.09694 1 1 1
v 0.536832 0.829039 2.09626 1 1 1
v 0.556353 0.8307 2.09566 1 1 1
v 0.575874 0.832007 2.0952 1 1 1
v 0.595396 0.832474 2.09503 1 1 1
v 0.614917 0.830648 2.09568 1 1 1
v -0.126888 0.36136 2.44177 1 1 1
v -0.136405 0.366138 2.43994 1 1 1
v -0.107366 0.356671 2.44357 1 1 1
v -0.0878452 0.354749 2.44431 1 1 1
v -0.0683241 0.354024 2.44458 1 1 1
v -0.0488029 0.353804 2.44467 1 1 1
v -0.0292817 0.353745 2.44469 1 1 1
v -0.0097605 0.35374 2.44469 1 1 1
v 0.00976062 0.35374 2.44469 1 1 1
v 0.0292817 0.353745 2.44469 1 1 1
v 0.048803 0.353804 2.44467 1 1 1
v 0.0683241 0.354024 2.44458 1 1 1
v 0.0878453 0.354749 2.44431 1 1 1
v 0.107366 0.356671 2.44357 1 1 1
v 0.126888 0.36136 2.44177 1 1 1
v 0.136405 0.366138 2.43994 1 1 1
v -0.146409 0.37739 2.43563 1 1 1
v -0.14995 0.384365 2.43295 1 1 1
v 0.146409 0.37739 2.43563 1 1 1
v 0.14995 0.384365 2.43295 1 1 1
v -0.15147 0.402593 2.42597 1 1 1
v 0.15147 0.402593 2.42597 1 1 1
v -0.149187 0.420821 2.41898 1 1 1
v 0.149187 0.420821 2.41898 1 1 1
v -0.146409 0.433648 2.41406 1 1 1
v -0.14538 0.439049 2.41199 1 1 1
v 0.146409 0.433648 2.41406 1 1 1
v 0.14538 0.439049 2.41199 1 1 1
v -0.141644 0.457276 2.405 1 1 1
v 0.141644 0.457276 2.405 1 1 1
v -0.322099 0.465765 2.40175 1 1 1
v -0.336309 0.475504 2.39801 1 1 1
v -0.302578 0.461724 2.4033 1 1 1
v -0.283057 0.47202 2.39935 1 1 1
v -0.280156 0.475504 2.39801 1 1 1
v -0.138073 0.475504 2.39801 1 1 1
v 0.138073 0.475504 2.39801 1 1 1
v 0.283057 0.47202 2.39935 1 1 1
v 0.280156 0.475504 2.39801 1 1 1
v 0.302578 0.461724 2.4033 1 1 1
v 0.322099 0.465765 2.40175 1 1 1
v 0.336309 0.475504 2.39801 1 1 1
v -0.34162 0.478849 2.39673 1 1 1
v -0.357877 0.493732 2.39103 1 1 1
v -0.266876 0.493732 2.39103 1 1 1
v -0.134758 0.493732 2.39103 1 1 1
v 0.134758 0.493732 2.39103 1 1 1
v 0.266876 0.493732 2.39103 1 1 1
v 0.34162 0.478849 2.39673 1 1 1
v 0.357877 0.493732 2.39103 1 1 1
v -0.361142 0.496593 2.38993 1 1 1
v -0.376173 0.511959 2.38404 1 1 1
v -0.263536 0.498757 2.3891 1 1 1
v -0.255533 0.511959 2.38404 1 1 1
v -0.131718 0.511959 2.38404 1 1 1
v 0.131718 0.511959 2.38404 1 1 1
v 0.263536 0.498757 2.3891 1 1 1
v 0.255533 0.511959 2.38404 1 1 1
v 0.361142 0.496593 2.38993 1 1 1
v 0.376173 0.511959 2.38404 1 1 1
v -0.380663 0.516475 2.38231 1 1 1
v -0.393636 0.530187 2.37705 1 1 1
v -0.244015 0.529675 2.37725 1 1 1
v -0.243608 0.530187 2.37705 1 1 1
v -0.128968 0.530187 2.37705 1 1 1
v 0.128968 0.530187 2.37705 1 1 1
v 0.244015 0.529675 2.37725 1 1 1
v 0.243608 0.530187 2.37705 1 1 1
v 0.380663 0.516475 2.38231 1 1 1
v 0.393636 0.530187 2.37705 1 1 1
v -0.400184 0.537093 2.3744 1 1 1
v -0.410866 0.548415 2.37006 1 1 1
v -0.226194 0.548415 2.37006 1 1 1
v -0.126888 0.546145 2.37093 1 1 1
v -0.126711 0.548415 2.37006 1 1 1
v 0.126888 0.546145 2.37093 1 1 1
v 0.126711 0.548415 2.37006 1 1 1
v 0.226194 0.548415 2.37006 1 1 1
v 0.400184 0.537093 2.3744 1 1 1
v 0.410867 0.548415 2.37006 1 1 1
v -0.419705 0.557809 2.36646 1 1 1
v -0.42806 0.566642 2.36308 1 1 1
v -0.224493 0.549914 2.36949 1 1 1
v -0.207482 0.566642 2.36308 1 1 1
v -0.125721 0.566642 2.36308 1 1 1
v 0.125721 0.566642 2.36308 1 1 1
v 0.224494 0.549914 2.36949 1 1 1
v 0.207482 0.566642 2.36308 1 1 1
v 0.419705 0.557809 2.36646 1 1 1
v 0.42806 0.566642 2.36308 1 1 1
v -0.439226 0.578491 2.35853 1 1 1
v -0.445267 0.58487 2.35609 1 1 1
v -0.204972 0.569835 2.36185 1 1 1
v -0.196359 0.58487 2.35609 1 1 1
v -0.125295 0.58487 2.35609 1 1 1
v 0.125295 0.58487 2.35609 1 1 1
v 0.204972 0.569835 2.36185 1 1 1
v 0.196359 0.58487 2.35609 1 1 1
v 0.439226 0.578491 2.35853 1 1 1
v 0.445267 0.58487 2.35609 1 1 1
v -0.458747 0.599149 2.35062 1 1 1
v -0.462494 0.603098 2.3491 1 1 1
v -0.190675 0.603098 2.3491 1 1 1
v -0.1255 0.603098 2.3491 1 1 1
v 0.1255 0.603098 2.3491 1 1 1
v 0.190676 0.603098 2.3491 1 1 1
v 0.458748 0.599148 2.35062 1 1 1
v 0.462495 0.603098 2.3491 1 1 1
v -0.478269 0.619707 2.34273 1 1 1
v -0.479817 0.621326 2.34211 1 1 1
v -0.187419 0.621326 2.34211 1 1 1
v -0.126355 0.621326 2.34211 1 1 1
v 0.126355 0.621326 2.34211 1 1 1
v 0.187419 0.621326 2.34211 1 1 1
v 0.478269 0.619707 2.34273 1 1 1
v 0.479817 0.621326 2.34211 1 1 1
v -0.497372 0.639553 2.33513 1 1 1
v -0.185451 0.636504 2.3363 1 1 1
v -0.184843 0.639553 2.33513 1 1 1
v -0.126888 0.627746 2.33965 1 1 1
v -0.128703 0.639553 2.33513 1 1 1
v 0.126888 0.627747 2.33965 1 1 1
v 0.128703 0.639553 2.33513 1 1 1
v 0.185451 0.636503 2.3363 1 1 1
v 0.184843 0.639553 2.33513 1 1 1
v 0.497372 0.639553 2.33513 1 1 1
v -0.49779 0.639982 2.33496 1 1 1
v -0.51523 0.657781 2.32814 1 1 1
v -0.180963 0.657781 2.32814 1 1 1
v -0.132739 0.657781 2.32814 1 1 1
v 0.132739 0.657781 2.32814 1 1 1
v 0.180963 0.657781 2.32814 1 1 1
v 0.49779 0.639982 2.33496 1 1 1
v 0.515231 0.657781 2.32814 1 1 1
v -0.517311 0.659889 2.32733 1 1 1
v -0.533315 0.676009 2.32115 1 1 1
v -0.175994 0.676009 2.32115 1 1 1
v -0.138052 0.676009 2.32115 1 1 1
v 0.138052 0.676009 2.32115 1 1 1
v 0.175994 0.676009 2.32115 1 1 1
v 0.517311 0.659889 2.32733 1 1 1
v 0.533315 0.676009 2.32115 1 1 1
v -0.536832 0.679542 2.3198 1 1 1
v -0.551531 0.694236 2.31416 1 1 1
v -0.169194 0.694236 2.31416 1 1 1
v -0.14447 0.694236 2.31416 1 1 1
v 0.14447 0.694236 2.31416 1 1 1
v 0.169194 0.694236 2.31416 1 1 1
v 0.536832 0.679542 2.3198 1 1 1
v 0.551531 0.694236 2.31416 1 1 1
v -0.556353 0.699068 2.31231 1 1 1
v -0.569776 0.712464 2.30718 1 1 1
v -0.16593 0.701653 2.31132 1 1 1
v -0.146409 0.699787 2.31204 1 1 1
v 0.146409 0.699787 2.31204 1 1 1
v 0.16593 0.701653 2.31132 1 1 1
v 0.556353 0.699068 2.31231 1 1 1
v 0.569776 0.712464 2.30718 1 1 1
v -0.575874 0.718581 2.30483 1 1 1
v -0.587958 0.730692 2.30019 1 1 1
v 0.575874 0.718581 2.30483 1 1 1
v 0.587958 0.730692 2.30019 1 1 1
v -0.595396 0.738244 2.29729 1 1 1
v -0.605893 0.74892 2.2932 1 1 1
v 0.595396 0.738244 2.29729 1 1 1
v 0.605893 0.74892 2.2932 1 1 1
v -0.614917 0.758435 2.28955 1 1 1
v -0.623095 0.767147 2.28621 1 1 1
v -0.126888 0.755277 2.29076 1 1 1
v -0.143682 0.767147 2.28621 1 1 1
v -0.107366 0.755906 2.29052 1 1 1
v -0.0878452 0.759796 2.28903 1 1 1
v -0.0683241 0.765724 2.28676 1 1 1
v -0.0648331 0.767147 2.28621 1 1 1
v 0.0683241 0.765724 2.28676 1 1 1
v 0.064833 0.767147 2.28621 1 1 1
v 0.0878453 0.759796 2.28903 1 1 1
v 0.107366 0.755906 2.29052 1 1 1
v 0.126888 0.755277 2.29076 1 1 1
v 0.143682 0.767147 2.28621 1 1 1
v 0.614917 0.758435 2.28955 1 1 1
v 0.623095 0.767147 2.28621 1 1 1
v -0.634438 0.780808 2.28098 1 1 1
v -0.638098 0.785375 2.27923 1 1 1
v -0.146409 0.770642 2.28487 1 1 1
v -0.153555 0.785375 2.27923 1 1 1
v -0.0488029 0.775135 2.28315 1 1 1
v -0.0292817 0.784164 2.27969 1 1 1
v -0.0249843 0.785375 2.27923 1 1 1
v 0.0292817 0.784164 2.27969 1 1 1
v 0.0249842 0.785375 2.27923 1 1 1
v 0.048803 0.775135 2.28315 1 1 1
v 0.146409 0.770642 2.28487 1 1 1
v 0.153555 0.785375 2.27923 1 1 1
v 0.634438 0.780808 2.28098 1 1 1
v 0.638098 0.785375 2.27923 1 1 1
v -0.648346 0.803603 2.27224 1 1 1
v -0.16593 0.801819 2.27292 1 1 1
v -0.167559 0.803603 2.27224 1 1 1
v -0.0097605 0.79068 2.27719 1 1 1
v 0.00976062 0.79068 2.27719 1 1 1
v 0.16593 0.801819 2.27292 1 1 1
v 0.167559 0.803603 2.27224 1 1 1
v 0.648346 0.803603 2.27224 1 1 1
v -0.652579 0.82183 2.26525 1 1 1
v -0.204972 0.821134 2.26552 1 1 1
v -0.207455 0.82183 2.26525 1 1 1
v -0.185451 0.814077 2.26822 1 1 1
v 0.185451 0.814077 2.26822 1 1 1
v 0.204972 0.821134 2.26552 1 1 1
v 0.207455 0.82183 2.26525 1 1 1
v 0.652579 0.82183 2.26525 1 1 1
v -0.650786 0.840058 2.25826 1 1 1
v -0.283057 0.838077 2.25902 1 1 1
v -0.29392 0.840058 2.25826 1 1 1
v -0.263536 0.834402 2.26043 1 1 1
v -0.244015 0.830467 2.26194 1 1 1
v -0.224493 0.826141 2.2636 1 1 1
v 0.224494 0.826141 2.2636 1 1 1
v 0.244015 0.830467 2.26194 1 1 1
v 0.263536 0.834402 2.26043 1 1 1
v 0.283057 0.838077 2.25902 1 1 1
v 0.29392 0.840058 2.25826 1 1 1
v 0.650786 0.840058 2.25826 1 1 1
v -0.642603 0.858286 2.25128 1 1 1
v -0.380663 0.857313 2.25165 1 1 1
v -0.38635 0.858286 2.25128 1 1 1
v -0.361142 0.85377 2.25301 1 1 1
v -0.34162 0.849992 2.25445 1 1 1
v -0.322099 0.846023 2.25598 1 1 1
v -0.302578 0.841889 2.25756 1 1 1
v 0.302578 0.841889 2.25756 1 1 1
v 0.322099 0.846023 2.25598 1 1 1
v 0.34162 0.849992 2.25445 1 1 1
v 0.361142 0.85377 2.25301 1 1 1
v 0.380663 0.857313 2.25165 1 1 1
v 0.38635 0.858286 2.25128 1 1 1
v 0.642603 0.858286 2.25128 1 1 1
v -0.634438 0.867763 2.24764 1 1 1
v -0.618325 0.876513 2.24429 1 1 1
v -0.517311 0.876133 2.24443 1 1 1
v -0.52188 0.876513 2.24429 1 1 1
v -0.49779 0.874256 2.24515 1 1 1
v -0.478269 0.872161 2.24596 1 1 1
v -0.458747 0.869916 2.24682 1 1 1
v -0.439226 0.867428 2.24777 1 1 1
v -0.419705 0.864546 2.24888 1 1 1
v -0.400184 0.861091 2.2502 1 1 1
v 0.400184 0.861091 2.2502 1 1 1
v 0.419705 0.864546 2.24888 1 1 1
v 0.439226 0.867428 2.24777 1 1 1
v 0.458748 0.869916 2.24682 1 1 1
v 0.478269 0.872161 2.24596 1 1 1
v 0.49779 0.874256 2.24515 1 1 1
v 0.517311 0.876133 2.24443 1 1 1
v 0.52188 0.876513 2.24429 1 1 1
v 0.634438 0.867763 2.24764 1 1 1
v 0.618325 0.876513 2.24429 1 1 1
v -0.614917 0.877811 2.24379 1 1 1
v -0.595396 0.880329 2.24282 1 1 1
v -0.575874 0.880274 2.24285 1 1 1
v -0.556353 0.879251 2.24324 1 1 1
v -0.536832 0.877827 2.24378 1 1 1
v 0.536832 0.877827 2.24378 1 1 1
v 0.556353 0.879251 2.24324 1 1 1
v 0.575874 0.880274 2.24285 1 1 1
v 0.595396 0.880329 2.24282 1 1 1
v 0.614917 0.877811 2.24379 1 1 1
v -0.126888 0.42566 2.59571 1 1 1
v -0.127303 0.425868 2.59562 1 1 1
v -0.107366 0.420287 2.59788 1 1 1
v -0.0878452 0.418015 2.5988 1 1 1
v -0.0683241 0.417127 2.59915 1 1 1
v -0.0488029 0.416844 2.59927 1 1 1
v -0.0292817 0.416766 2.5993 1 1 1
v -0.0097605 0.416758 2.5993 1 1 1
v 0.00976062 0.416758 2.5993 1 1 1
v 0.0292817 0.416766 2.5993 1 1 1
v 0.048803 0.416844 2.59927 1 1 1
v 0.0683241 0.417127 2.59915 1 1 1
v 0.0878453 0.418015 2.5988 1 1 1
v 0.107366 0.420287 2.59788 1 1 1
v 0.126888 0.42566 2.59571 1 1 1
v 0.127304 0.425868 2.59562 1 1 1
v -0.144618 0.443966 2.5883 1 1 1
v 0.144618 0.443966 2.5883 1 1 1
v -0.146409 0.454638 2.58399 1 1 1
v -0.147334 0.462064 2.58099 1 1 1
v 0.146409 0.454638 2.58399 1 1 1
v 0.147334 0.462064 2.58099 1 1 1
v -0.146409 0.471099 2.57734 1 1 1
v -0.145574 0.480163 2.57367 1 1 1
v 0.146409 0.471099 2.57734 1 1 1
v 0.145574 0.480163 2.57367 1 1 1
v -0.142451 0.498261 2.56636 1 1 1
v 0.142451 0.498261 2.56636 1 1 1
v -0.139097 0.516359 2.55904 1 1 1
v 0.139097 0.516359 2.55904 1 1 1
v -0.322099 0.531793 2.5528 1 1 1
v -0.325972 0.534457 2.55172 1 1 1
v -0.302578 0.528428 2.55416 1 1 1
v -0.290908 0.534457 2.55172 1 1 1
v -0.135852 0.534457 2.55172 1 1 1
v 0.135852 0.534457 2.55172 1 1 1
v 0.302578 0.528428 2.55416 1 1 1
v 0.290908 0.534457 2.55172 1 1 1
v 0.322099 0.531793 2.5528 1 1 1
v 0.325972 0.534457 2.55172 1 1 1
v -0.34162 0.544363 2.54772 1 1 1
v -0.350605 0.552556 2.54441 1 1 1
v -0.283057 0.539352 2.54974 1 1 1
v -0.272703 0.552556 2.54441 1 1 1
v -0.132852 0.552556 2.54441 1 1 1
v 0.132852 0.552556 2.54441 1 1 1
v 0.283057 0.539352 2.54974 1 1 1
v 0.272703 0.552556 2.54441 1 1 1
v 0.34162 0.544363 2.54772 1 1 1
v 0.350605 0.552556 2.54441 1 1 1
v -0.361142 0.561761 2.54069 1 1 1
v -0.369893 0.570654 2.53709 1 1 1
v -0.263536 0.565544 2.53916 1 1 1
v -0.260237 0.570654 2.53709 1 1 1
v -0.130144 0.570654 2.53709 1 1 1
v 0.130144 0.570654 2.53709 1 1 1
v 0.263536 0.565544 2.53916 1 1 1
v 0.260237 0.570654 2.53709 1 1 1
v 0.361142 0.561761 2.54069 1 1 1
v 0.369893 0.570654 2.53709 1 1 1
v -0.380663 0.581423 2.53274 1 1 1
v -0.387644 0.588752 2.52978 1 1 1
v -0.247577 0.588752 2.52978 1 1 1
v -0.127767 0.588752 2.52978 1 1 1
v 0.127767 0.588752 2.52978 1 1 1
v 0.247576 0.588752 2.52978 1 1 1
v 0.380663 0.581423 2.53274 1 1 1
v 0.387644 0.588752 2.52978 1 1 1
v -0.400184 0.60189 2.52446 1 1 1
v -0.404896 0.606851 2.52246 1 1 1
v -0.244015 0.592889 2.5281 1 1 1
v -0.228901 0.606851 2.52246 1 1 1
v -0.126888 0.596988 2.52645 1 1 1
v -0.126274 0.606851 2.52246 1 1 1
v 0.126888 0.596988 2.52645 1 1 1
v 0.126274 0.606851 2.52246 1 1 1
v 0.244015 0.592889 2.5281 1 1 1
v 0.228902 0.606851 2.52246 1 1 1
v 0.400184 0.60189 2.52446 1 1 1
v 0.404896 0.606851 2.52246 1 1 1
v -0.419705 0.622485 2.51614 1 1 1
v -0.422052 0.624949 2.51514 1 1 1
v -0.224493 0.610224 2.5211 1 1 1
v -0.207968 0.624949 2.51514 1 1 1
v -0.125582 0.624949 2.51514 1 1 1
v 0.125582 0.624949 2.51514 1 1 1
v 0.224494 0.610224 2.5211 1 1 1
v 0.207967 0.624949 2.51514 1 1 1
v 0.419705 0.622485 2.51614 1 1 1
v 0.422052 0.624949 2.51514 1 1 1
v -0.439223 0.643047 2.50783 1 1 1
v -0.204972 0.628418 2.51374 1 1 1
v -0.196332 0.643047 2.50783 1 1 1
v -0.125435 0.643047 2.50783 1 1 1
v 0.125435 0.643047 2.50783 1 1 1
v 0.204972 0.628418 2.51374 1 1 1
v 0.196332 0.643047 2.50783 1 1 1
v 0.439224 0.643047 2.50783 1 1 1
v -0.439226 0.64305 2.50783 1 1 1
v -0.456463 0.661146 2.50051 1 1 1
v -0.190698 0.661146 2.50051 1 1 1
v -0.1259 0.661146 2.50051 1 1 1
v 0.1259 0.661146 2.50051 1 1 1
v 0.190698 0.661146 2.50051 1 1 1
v 0.439226 0.64305 2.50783 1 1 1
v 0.456463 0.661146 2.50051 1 1 1
v -0.458747 0.663539 2.49954 1 1 1
v -0.473796 0.679244 2.49319 1 1 1
v -0.187619 0.679244 2.49319 1 1 1
v -0.126888 0.677547 2.49388 1 1 1
v -0.127073 0.679244 2.49319 1 1 1
v 0.126888 0.677548 2.49388 1 1 1
v 0.127073 0.679244 2.49319 1 1 1
v 0.187619 0.679244 2.49319 1 1 1
v 0.458748 0.663539 2.49954 1 1 1
v 0.473796 0.679244 2.49319 1 1 1
v -0.478269 0.68388 2.49132 1 1 1
v -0.49134 0.697342 2.48588 1 1 1
v -0.185511 0.697342 2.48588 1 1 1
v -0.130154 0.697342 2.48588 1 1 1
v 0.130154 0.697342 2.48588 1 1 1
v 0.185511 0.697342 2.48588 1 1 1
v 0.478269 0.68388 2.49132 1 1 1
v 0.49134 0.697342 2.48588 1 1 1
v -0.49779 0.703919 2.48322 1 1 1
v -0.509152 0.715441 2.47856 1 1 1
v -0.185451 0.697888 2.48566 1 1 1
v -0.182048 0.715441 2.47856 1 1 1
v -0.134293 0.715441 2.47856 1 1 1
v 0.134293 0.715441 2.47856 1 1 1
v 0.185451 0.697888 2.48566 1 1 1
v 0.182048 0.715441 2.47856 1 1 1
v 0.49779 0.703919 2.48322 1 1 1
v 0.509152 0.715441 2.47856 1 1 1
v -0.517311 0.723655 2.47524 1 1 1
v -0.527186 0.733539 2.47125 1 1 1
v -0.177389 0.733539 2.47125 1 1 1
v -0.13949 0.733539 2.47125 1 1 1
v 0.13949 0.733539 2.47125 1 1 1
v 0.177389 0.733539 2.47125 1 1 1
v 0.517311 0.723655 2.47524 1 1 1
v 0.527186 0.733539 2.47125 1 1 1
v -0.536832 0.74317 2.46735 1 1 1
v -0.545354 0.751637 2.46393 1 1 1
v -0.170672 0.751637 2.46393 1 1 1
v -0.145526 0.751637 2.46393 1 1 1
v 0.145526 0.751637 2.46393 1 1 1
v 0.170672 0.751637 2.46393 1 1 1
v 0.536832 0.74317 2.46735 1 1 1
v 0.545354 0.751637 2.46393 1 1 1
v -0.556353 0.762587 2.4595 1 1 1
v -0.563559 0.769736 2.45661 1 1 1
v -0.16593 0.761957 2.45976 1 1 1
v -0.146409 0.754495 2.46277 1 1 1
v 0.146409 0.754495 2.46277 1 1 1
v 0.16593 0.761957 2.45976 1 1 1
v 0.556353 0.762588 2.4595 1 1 1
v 0.563559 0.769736 2.45661 1 1 1
v -0.575874 0.782015 2.45165 1 1 1
v -0.581713 0.787834 2.4493 1 1 1
v 0.575874 0.782016 2.45165 1 1 1
v 0.581712 0.787834 2.4493 1 1 1
v -0.595396 0.801662 2.44371 1 1 1
v -0.599611 0.805932 2.44198 1 1 1
v 0.595396 0.801662 2.44371 1 1 1
v 0.599611 0.805932 2.44198 1 1 1
v -0.614917 0.82204 2.43547 1 1 1
v -0.616787 0.824031 2.43466 1 1 1
v -0.146409 0.823607 2.43484 1 1 1
v -0.146635 0.824031 2.43466 1 1 1
v -0.126888 0.813432 2.43895 1 1 1
v -0.107366 0.814448 2.43854 1 1 1
v -0.0878452 0.817897 2.43714 1 1 1
v -0.0683241 0.823121 2.43503 1 1 1
v -0.0658169 0.824031 2.43466 1 1 1
v 0.0683241 0.823121 2.43503 1 1 1
v 0.0658169 0.824031 2.43466 1 1 1
v 0.0878453 0.817897 2.43714 1 1 1
v 0.107366 0.814448 2.43854 1 1 1
v 0.126888 0.813432 2.43895 1 1 1
v 0.146409 0.823607 2.43484 1 1 1
v 0.146635 0.824031 2.43466 1 1 1
v 0.614917 0.82204 2.43547 1 1 1
v 0.616787 0.824031 2.43466 1 1 1
v -0.631824 0.842129 2.42735 1 1 1
v -0.157464 0.842129 2.42735 1 1 1
v -0.0488029 0.831683 2.43157 1 1 1
v -0.0292817 0.839897 2.42825 1 1 1
v -0.0205536 0.842129 2.42735 1 1 1
v 0.0292817 0.839897 2.42825 1 1 1
v 0.0205536 0.842129 2.42735 1 1 1
v 0.048803 0.831683 2.43157 1 1 1
v 0.157464 0.842129 2.42735 1 1 1
v 0.631824 0.842129 2.42735 1 1 1
v -0.634438 0.846433 2.42561 1 1 1
v -0.642288 0.860227 2.42003 1 1 1
v -0.16593 0.852305 2.42323 1 1 1
v -0.17374 0.860227 2.42003 1 1 1
v -0.0097605 0.845633 2.42593 1 1 1
v 0.00976062 0.845633 2.42593 1 1 1
v 0.16593 0.852305 2.42323 1 1 1
v 0.17374 0.860227 2.42003 1 1 1
v 0.634438 0.846433 2.42561 1 1 1
v 0.642288 0.860227 2.42003 1 1 1
v -0.646526 0.878326 2.41272 1 1 1
v -0.204972 0.874374 2.41431 1 1 1
v -0.21915 0.878326 2.41272 1 1 1
v -0.185451 0.86684 2.41736 1 1 1
v 0.185451 0.86684 2.41736 1 1 1
v 0.204972 0.874374 2.41431 1 1 1
v 0.21915 0.878326 2.41272 1 1 1
v 0.646526 0.878326 2.41272 1 1 1
v -0.644459 0.896424 2.4054 1 1 1
v -0.302578 0.895736 2.40568 1 1 1
v -0.306287 0.896424 2.4054 1 1 1
v -0.283057 0.892135 2.40713 1 1 1
v -0.263536 0.888311 2.40868 1 1 1
v -0.244015 0.8842 2.41034 1 1 1
v -0.224493 0.879673 2.41217 1 1 1
v 0.224494 0.879673 2.41217 1 1 1
v 0.244015 0.8842 2.41034 1 1 1
v 0.263536 0.888311 2.40868 1 1 1
v 0.283057 0.892135 2.40713 1 1 1
v 0.302578 0.895736 2.40568 1 1 1
v 0.306287 0.896424 2.4054 1 1 1
v 0.644459 0.896424 2.4054 1 1 1
v -0.635535 0.914522 2.39808 1 1 1
v -0.380663 0.911545 2.39929 1 1 1
v -0.398182 0.914522 2.39808 1 1 1
v -0.361142 0.907908 2.40076 1 1 1
v -0.34162 0.903995 2.40234 1 1 1
v -0.322099 0.899871 2.40401 1 1 1
v 0.322099 0.899871 2.40401 1 1 1
v 0.34162 0.903995 2.40234 1 1 1
v 0.361142 0.907908 2.40076 1 1 1
v 0.380663 0.911545 2.39929 1 1 1
v 0.398182 0.914522 2.39808 1 1 1
v 0.635535 0.914522 2.39808 1 1 1
v -0.634438 0.915808 2.39756 1 1 1
v -0.614917 0.927984 2.39264 1 1 1
v -0.595396 0.931757 2.39112 1 1 1
v -0.575874 0.932208 2.39093 1 1 1
v -0.556353 0.931529 2.39121 1 1 1
v -0.536832 0.930439 2.39165 1 1 1
v -0.517311 0.929075 2.3922 1 1 1
v -0.49779 0.927442 2.39286 1 1 1
v -0.478269 0.925578 2.39361 1 1 1
v -0.458747 0.923547 2.39444 1 1 1
v -0.439226 0.921224 2.39537 1 1 1
v -0.419705 0.918418 2.39651 1 1 1
v -0.400184 0.914929 2.39792 1 1 1
v 0.400184 0.914929 2.39792 1 1 1
v 0.419705 0.918418 2.39651 1 1 1
v 0.439226 0.921224 2.39537 1 1 1
v 0.458748 0.923547 2.39444 1 1 1
v 0.478269 0.925578 2.39361 1 1 1
v 0.49779 0.927442 2.39286 1 1 1
v 0.517311 0.929075 2.3922 1 1 1
v 0.536832 0.930439 2.39165 1 1 1
v 0.556353 0.931529 2.39121 1 1 1
v 0.575874 0.932208 2.39093 1 1 1
v 0.595396 0.931757 2.39112 1 1 1
v 0.614917 0.927983 2.39264 1 1 1
v 0.634438 0.915808 2.39756 1 1 1
v -0.107366 0.486939 2.75061 1 1 1
v -0.112386 0.48833 2.75002 1 1 1
v -0.0878452 0.484294 2.75174 1 1 1
v -0.0683241 0.483233 2.75219 1 1 1
v -0.0488029 0.482882 2.75234 1 1 1
v -0.0292817 0.482784 2.75238 1 1 1
v -0.0097605 0.482774 2.75238 1 1 1
v 0.00976062 0.482774 2.75238 1 1 1
v 0.0292817 0.482784 2.75238 1 1 1
v 0.048803 0.482882 2.75234 1 1 1
v 0.0683241 0.483233 2.75219 1 1 1
v 0.0878453 0.484294 2.75174 1 1 1
v 0.107366 0.486939 2.75061 1 1 1
v 0.112386 0.48833 2.75002 1 1 1
v -0.126888 0.494836 2.74726 1 1 1
v -0.138127 0.506298 2.74239 1 1 1
v 0.126888 0.494836 2.74726 1 1 1
v 0.138127 0.506298 2.74239 1 1 1
v -0.14264 0.524266 2.73476 1 1 1
v 0.142641 0.524266 2.73476 1 1 1
v -0.141809 0.542234 2.72713 1 1 1
v 0.141809 0.542234 2.72713 1 1 1
v -0.139286 0.560201 2.7195 1 1 1
v 0.139286 0.560201 2.7195 1 1 1
v -0.136374 0.578169 2.71187 1 1 1
v 0.136374 0.578169 2.71187 1 1 1
v -0.133507 0.596137 2.70424 1 1 1
v 0.133507 0.596137 2.70424 1 1 1
v -0.34162 0.613095 2.69703 1 1 1
v -0.342734 0.614105 2.6966 1 1 1
v -0.322099 0.601156 2.7021 1 1 1
v -0.302578 0.59846 2.70325 1 1 1
v -0.283057 0.610003 2.69835 1 1 1
v -0.279637 0.614105 2.6966 1 1 1
v -0.130864 0.614105 2.6966 1 1 1
v 0.130864 0.614105 2.6966 1 1 1
v 0.283057 0.610003 2.69835 1 1 1
v 0.279637 0.614105 2.6966 1 1 1
v 0.302578 0.59846 2.70325 1 1 1
v 0.322099 0.601156 2.7021 1 1 1
v 0.34162 0.613095 2.69703 1 1 1
v 0.342734 0.614105 2.6966 1 1 1
v -0.361142 0.630119 2.6898 1 1 1
v -0.363078 0.632073 2.68897 1 1 1
v -0.265934 0.632073 2.68897 1 1 1
v -0.128527 0.632073 2.68897 1 1 1
v 0.128527 0.632073 2.68897 1 1 1
v 0.265934 0.632073 2.68897 1 1 1
v 0.361142 0.630119 2.6898 1 1 1
v 0.363078 0.632073 2.68897 1 1 1
v -0.380663 0.649532 2.68156 1 1 1
v -0.38115 0.65004 2.68134 1 1 1
v -0.263536 0.635258 2.68762 1 1 1
v -0.25234 0.65004 2.68134 1 1 1
v -0.126888 0.647072 2.6826 1 1 1
v -0.126692 0.65004 2.68134 1 1 1
v 0.126888 0.647071 2.6826 1 1 1
v 0.126692 0.65004 2.68134 1 1 1
v 0.263536 0.635257 2.68762 1 1 1
v 0.25234 0.65004 2.68134 1 1 1
v 0.380663 0.649533 2.68156 1 1 1
v 0.38115 0.65004 2.68134 1 1 1
v -0.398443 0.668008 2.67371 1 1 1
v -0.244015 0.65872 2.67766 1 1 1
v -0.232427 0.668008 2.67371 1 1 1
v -0.125863 0.668008 2.67371 1 1 1
v 0.125863 0.668008 2.67371 1 1 1
v 0.244015 0.65872 2.67766 1 1 1
v 0.232427 0.668008 2.67371 1 1 1
v 0.398443 0.668008 2.67371 1 1 1
v -0.400184 0.669803 2.67295 1 1 1
v -0.415653 0.685976 2.66608 1 1 1
v -0.224493 0.67319 2.67151 1 1 1
v -0.208554 0.685976 2.66608 1 1 1
v -0.125461 0.685976 2.66608 1 1 1
v 0.125461 0.685976 2.66608 1 1 1
v 0.224494 0.67319 2.67151 1 1 1
v 0.208553 0.685976 2.66608 1 1 1
v 0.400184 0.669803 2.67295 1 1 1
v 0.415653 0.685976 2.66608 1 1 1
v -0.419705 0.690214 2.66428 1 1 1
v -0.432863 0.703944 2.65845 1 1 1
v -0.204972 0.689728 2.66449 1 1 1
v -0.196314 0.703944 2.65845 1 1 1
v -0.125581 0.703944 2.65845 1 1 1
v 0.125581 0.703944 2.65845 1 1 1
v 0.204972 0.689728 2.66449 1 1 1
v 0.196314 0.703944 2.65845 1 1 1
v 0.419705 0.690214 2.66428 1 1 1
v 0.432863 0.703944 2.65845 1 1 1
v -0.439226 0.710599 2.65562 1 1 1
v -0.450086 0.721912 2.65082 1 1 1
v -0.190729 0.721912 2.65082 1 1 1
v -0.126289 0.721912 2.65082 1 1 1
v 0.126289 0.721912 2.65082 1 1 1
v 0.190729 0.721912 2.65082 1 1 1
v 0.439226 0.710599 2.65562 1 1 1
v 0.450086 0.721912 2.65082 1 1 1
v -0.458747 0.730916 2.64699 1 1 1
v -0.467401 0.73988 2.64319 1 1 1
v -0.187828 0.73988 2.64319 1 1 1
v -0.126888 0.730129 2.64733 1 1 1
v -0.128153 0.73988 2.64319 1 1 1
v 0.126888 0.730129 2.64733 1 1 1
v 0.128153 0.73988 2.64319 1 1 1
v 0.187828 0.73988 2.64319 1 1 1
v 0.458748 0.730915 2.64699 1 1 1
v 0.467401 0.73988 2.64319 1 1 1
v -0.478269 0.751066 2.63844 1 1 1
v -0.484898 0.757847 2.63556 1 1 1
v -0.185942 0.757847 2.63556 1 1 1
v -0.131449 0.757847 2.63556 1 1 1
v 0.131449 0.757847 2.63556 1 1 1
v 0.185942 0.757847 2.63556 1 1 1
v 0.478269 0.751065 2.63844 1 1 1
v 0.484899 0.757847 2.63556 1 1 1
v -0.49779 0.770909 2.63001 1 1 1
v -0.502657 0.775815 2.62792 1 1 1
v -0.185451 0.762994 2.63337 1 1 1
v -0.183219 0.775815 2.62792 1 1 1
v -0.135635 0.775815 2.62792 1 1 1
v 0.135635 0.775815 2.62792 1 1 1
v 0.185451 0.762994 2.63337 1 1 1
v 0.183219 0.775815 2.62792 1 1 1
v 0.49779 0.770909 2.63001 1 1 1
v 0.502657 0.775815 2.62792 1 1 1
v -0.517311 0.790486 2.62169 1 1 1
v -0.520623 0.793783 2.62029 1 1 1
v -0.178951 0.793783 2.62029 1 1 1
v -0.140688 0.793783 2.62029 1 1 1
v 0.140688 0.793783 2.62029 1 1 1
v 0.178951 0.793783 2.62029 1 1 1
v 0.517311 0.790486 2.62169 1 1 1
v 0.520623 0.793783 2.62029 1 1 1
v -0.536832 0.80988 2.61346 1 1 1
v -0.538724 0.811751 2.61266 1 1 1
v -0.172409 0.811751 2.61266 1 1 1
v -0.146369 0.811751 2.61266 1 1 1
v 0.146369 0.811751 2.61266 1 1 1
v 0.172409 0.811751 2.61266 1 1 1
v 0.536832 0.80988 2.61346 1 1 1
v 0.538724 0.811751 2.61266 1 1 1
v -0.556353 0.829212 2.60525 1 1 1
v -0.556866 0.829719 2.60503 1 1 1
v -0.16593 0.825191 2.60695 1 1 1
v -0.146409 0.811895 2.6126 1 1 1
v 0.146409 0.811895 2.6126 1 1 1
v 0.16593 0.825191 2.60695 1 1 1
v 0.556353 0.829213 2.60525 1 1 1
v 0.556866 0.829719 2.60503 1 1 1
v -0.574977 0.847686 2.5974 1 1 1
v 0.574976 0.847686 2.5974 1 1 1
v -0.575874 0.848592 2.59701 1 1 1
v -0.592824 0.865654 2.58977 1 1 1
v 0.575874 0.848592 2.59701 1 1 1
v 0.592824 0.865654 2.58977 1 1 1
v -0.595396 0.868358 2.58862 1 1 1
v -0.609907 0.883622 2.58214 1 1 1
v -0.146409 0.879391 2.58393 1 1 1
v -0.149528 0.883622 2.58214 1 1 1
v -0.126888 0.874049 2.5862 1 1 1
v -0.107366 0.875451 2.58561 1 1 1
v -0.0878452 0.878554 2.58429 1 1 1
v -0.0683241 0.883166 2.58233 1 1 1
v -0.0669107 0.883622 2.58214 1 1 1
v 0.0683241 0.883166 2.58233 1 1 1
v 0.0669107 0.883622 2.58214 1 1 1
v 0.0878453 0.878554 2.58429 1 1 1
v 0.107366 0.875451 2.58561 1 1 1
v 0.126888 0.874049 2.5862 1 1 1
v 0.146409 0.879391 2.58393 1 1 1
v 0.149528 0.883622 2.58214 1 1 1
v 0.595396 0.868358 2.58862 1 1 1
v 0.609907 0.883622 2.58214 1 1 1
v -0.614917 0.889525 2.57963 1 1 1
v -0.624924 0.90159 2.57451 1 1 1
v -0.162169 0.90159 2.57451 1 1 1
v -0.0488029 0.890957 2.57902 1 1 1
v -0.0292817 0.898405 2.57586 1 1 1
v -0.0155075 0.90159 2.57451 1 1 1
v 0.0292817 0.898405 2.57586 1 1 1
v 0.0155076 0.90159 2.57451 1 1 1
v 0.048803 0.890957 2.57902 1 1 1
v 0.162169 0.90159 2.57451 1 1 1
v 0.614917 0.889525 2.57963 1 1 1
v 0.624924 0.90159 2.57451 1 1 1
v -0.634438 0.917324 2.56782 1 1 1
v -0.635704 0.919558 2.56687 1 1 1
v -0.16593 0.905644 2.57278 1 1 1
v -0.180807 0.919558 2.56687 1 1 1
v -0.0097605 0.90332 2.57377 1 1 1
v 0.00976062 0.90332 2.57377 1 1 1
v 0.16593 0.905644 2.57278 1 1 1
v 0.180807 0.919558 2.56687 1 1 1
v 0.634438 0.917324 2.56782 1 1 1
v 0.635704 0.919558 2.56687 1 1 1
v -0.639941 0.937525 2.55924 1 1 1
v -0.224493 0.935808 2.55997 1 1 1
v -0.231694 0.937525 2.55924 1 1 1
v -0.204972 0.930104 2.5624 1 1 1
v -0.185451 0.922078 2.5658 1 1 1
v 0.185451 0.922078 2.5658 1 1 1
v 0.204972 0.930104 2.5624 1 1 1
v 0.224494 0.935808 2.55997 1 1 1
v 0.231694 0.937525 2.55924 1 1 1
v 0.639941 0.937525 2.55924 1 1 1
v -0.637586 0.955493 2.55161 1 1 1
v -0.302578 0.952532 2.55287 1 1 1
v -0.318555 0.955493 2.55161 1 1 1
v -0.283057 0.948775 2.55447 1 1 1
v -0.263536 0.944771 2.55617 1 1 1
v -0.244015 0.940453 2.558 1 1 1
v 0.244015 0.940453 2.558 1 1 1
v 0.263536 0.944771 2.55617 1 1 1
v 0.283057 0.948775 2.55447 1 1 1
v 0.302578 0.952532 2.55287 1 1 1
v 0.318555 0.955493 2.55161 1 1 1
v 0.637586 0.955493 2.55161 1 1 1
v -0.634438 0.96185 2.54891 1 1 1
v -0.624998 0.973461 2.54398 1 1 1
v -0.400184 0.971739 2.54471 1 1 1
v -0.411831 0.973461 2.54398 1 1 1
v -0.380663 0.968398 2.54613 1 1 1
v -0.361142 0.96465 2.54772 1 1 1
v -0.34162 0.960576 2.54945 1 1 1
v -0.322099 0.956272 2.55128 1 1 1
v 0.322099 0.956272 2.55128 1 1 1
v 0.34162 0.960576 2.54945 1 1 1
v 0.361142 0.96465 2.54772 1 1 1
v 0.380663 0.968398 2.54613 1 1 1
v 0.400184 0.971739 2.54471 1 1 1
v 0.411831 0.973461 2.54398 1 1 1
v 0.634438 0.96185 2.54891 1 1 1
v 0.624998 0.973461 2.54398 1 1 1
v -0.614917 0.98004 2.54119 1 1 1
v -0.595396 0.985114 2.53903 1 1 1
v -0.575874 0.986348 2.53851 1 1 1
v -0.556353 0.986177 2.53858 1 1 1
v -0.536832 0.985467 2.53888 1 1 1
v -0.517311 0.984418 2.53933 1 1 1
v -0.49779 0.983072 2.5399 1 1 1
v -0.478269 0.981482 2.54058 1 1 1
v -0.458747 0.979705 2.54133 1 1 1
v -0.439226 0.977576 2.54223 1 1 1
v -0.419705 0.974858 2.54339 1 1 1
v 0.419705 0.974858 2.54339 1 1 1
v 0.439226 0.977576 2.54223 1 1 1
v 0.458748 0.979705 2.54133 1 1 1
v 0.478269 0.981482 2.54058 1 1 1
v 0.49779 0.983072 2.5399 1 1 1
v 0.517311 0.984418 2.53933 1 1 1
v 0.536832 0.985467 2.53888 1 1 1
v 0.556353 0.986177 2.53858 1 1 1
v 0.575874 0.986348 2.53851 1 1 1
v 0.595396 0.985114 2.53903 1 1 1
v 0.614917 0.98004 2.54119 1 1 1
v -0.0683241 0.554149 2.90788 1 1 1
v -0.0867412 0.555313 2.90734 1 1 1
v -0.0488029 0.553729 2.90807 1 1 1
v -0.0292817 0.553612 2.90813 1 1 1
v -0.0097605 0.553598 2.90814 1 1 1
v 0.00976062 0.553598 2.90814 1 1 1
v 0.0292817 0.553612 2.90813 1 1 1
v 0.048803 0.553729 2.90807 1 1 1
v 0.0683241 0.554149 2.90788 1 1 1
v 0.0867413 0.555313 2.90734 1 1 1
v -0.126888 0.568883 2.90104 1 1 1
v -0.13105 0.573019 2.89912 1 1 1
v -0.107366 0.559006 2.90562 1 1 1
v -0.0878452 0.555392 2.9073 1 1 1
v 0.0878453 0.555392 2.9073 1 1 1
v 0.107366 0.559006 2.90562 1 1 1
v 0.126888 0.568883 2.90104 1 1 1
v 0.13105 0.573019 2.89912 1 1 1
v -0.137477 0.590724 2.8909 1 1 1
v 0.137477 0.590724 2.8909 1 1 1
v -0.137726 0.60843 2.88268 1 1 1
v 0.137726 0.60843 2.88268 1 1 1
v -0.135894 0.626135 2.87445 1 1 1
v 0.135894 0.626135 2.87445 1 1 1
v -0.1335 0.643841 2.86623 1 1 1
v 0.1335 0.643841 2.86623 1 1 1
v -0.131071 0.661547 2.85801 1 1 1
v 0.131071 0.661547 2.85801 1 1 1
v -0.322099 0.674717 2.8519 1 1 1
v -0.329594 0.679252 2.84979 1 1 1
v -0.302578 0.672859 2.85276 1 1 1
v -0.291326 0.679252 2.84979 1 1 1
v -0.128832 0.679252 2.84979 1 1 1
v 0.128833 0.679252 2.84979 1 1 1
v 0.302578 0.672859 2.85276 1 1 1
v 0.291326 0.679252 2.84979 1 1 1
v 0.322099 0.674717 2.8519 1 1 1
v 0.329594 0.679252 2.84979 1 1 1
v -0.34162 0.685905 2.8467 1 1 1
v -0.354537 0.696958 2.84157 1 1 1
v -0.283057 0.684782 2.84722 1 1 1
v -0.272891 0.696958 2.84157 1 1 1
v -0.126904 0.696958 2.84157 1 1 1
v 0.126904 0.696958 2.84157 1 1 1
v 0.283057 0.684782 2.84722 1 1 1
v 0.272891 0.696958 2.84157 1 1 1
v 0.34162 0.685905 2.8467 1 1 1
v 0.354537 0.696958 2.84157 1 1 1
v -0.361142 0.702348 2.83907 1 1 1
v -0.373736 0.714663 2.83335 1 1 1
v -0.263536 0.708356 2.83628 1 1 1
v -0.25824 0.714663 2.83335 1 1 1
v -0.126888 0.697146 2.84148 1 1 1
v -0.126012 0.714663 2.83335 1 1 1
v 0.126888 0.697145 2.84148 1 1 1
v 0.126012 0.714663 2.83335 1 1 1
v 0.263536 0.708356 2.83628 1 1 1
v 0.25824 0.714663 2.83335 1 1 1
v 0.361142 0.702348 2.83907 1 1 1
v 0.373736 0.714663 2.83335 1 1 1
v -0.380663 0.721285 2.83027 1 1 1
v -0.391518 0.732369 2.82513 1 1 1
v -0.244015 0.727737 2.82728 1 1 1
v -0.237165 0.732369 2.82513 1 1 1
v -0.125492 0.732369 2.82513 1 1 1
v 0.125492 0.732369 2.82513 1 1 1
v 0.244015 0.727737 2.82728 1 1 1
v 0.237165 0.732369 2.82513 1 1 1
v 0.380663 0.721285 2.83027 1 1 1
v 0.391518 0.732369 2.82513 1 1 1
v -0.400184 0.741149 2.82105 1 1 1
v -0.408869 0.750075 2.81691 1 1 1
v -0.224493 0.73924 2.82194 1 1 1
v -0.209273 0.750075 2.81691 1 1 1
v -0.125369 0.750075 2.81691 1 1 1
v 0.125369 0.750075 2.81691 1 1 1
v 0.224494 0.73924 2.82194 1 1 1
v 0.209273 0.750075 2.81691 1 1 1
v 0.400184 0.741149 2.82105 1 1 1
v 0.408869 0.750075 2.81691 1 1 1
v -0.419705 0.761211 2.81174 1 1 1
v -0.42611 0.76778 2.80869 1 1 1
v -0.204972 0.754093 2.81504 1 1 1
v -0.19631 0.76778 2.80869 1 1 1
v -0.12574 0.76778 2.80869 1 1 1
v 0.12574 0.76778 2.80869 1 1 1
v 0.204972 0.754093 2.81504 1 1 1
v 0.196311 0.76778 2.80869 1 1 1
v 0.419705 0.761211 2.81174 1 1 1
v 0.42611 0.76778 2.80869 1 1 1
v -0.439226 0.781262 2.80243 1 1 1
v -0.44335 0.785486 2.80046 1 1 1
v -0.190773 0.785486 2.80046 1 1 1
v -0.12667 0.785486 2.80046 1 1 1
v 0.12667 0.785486 2.80046 1 1 1
v 0.190773 0.785486 2.80046 1 1 1
v 0.439226 0.781262 2.80243 1 1 1
v 0.44335 0.785486 2.80046 1 1 1
v -0.458747 0.801228 2.79316 1 1 1
v -0.460674 0.803192 2.79224 1 1 1
v -0.188048 0.803192 2.79224 1 1 1
v -0.126888 0.788039 2.79928 1 1 1
v -0.129151 0.803192 2.79224 1 1 1
v 0.126888 0.78804 2.79928 1 1 1
v 0.129151 0.803192 2.79224 1 1 1
v 0.188048 0.803192 2.79224 1 1 1
v 0.458748 0.801228 2.79316 1 1 1
v 0.460674 0.803192 2.79224 1 1 1
v -0.47814 0.820897 2.78402 1 1 1
v -0.186382 0.820897 2.78402 1 1 1
v -0.132603 0.820897 2.78402 1 1 1
v 0.132603 0.820897 2.78402 1 1 1
v 0.186382 0.820897 2.78402 1 1 1
v 0.478141 0.820897 2.78402 1 1 1
v -0.478269 0.821026 2.78396 1 1 1
v -0.495859 0.838603 2.7758 1 1 1
v -0.185451 0.83231 2.77872 1 1 1
v -0.184483 0.838603 2.7758 1 1 1
v -0.136791 0.838603 2.7758 1 1 1
v 0.136791 0.838603 2.7758 1 1 1
v 0.185451 0.83231 2.77872 1 1 1
v 0.184483 0.838603 2.7758 1 1 1
v 0.478269 0.821026 2.78396 1 1 1
v 0.495859 0.838603 2.7758 1 1 1
v -0.49779 0.840518 2.77491 1 1 1
v -0.513756 0.856308 2.76758 1 1 1
v -0.1807 0.856308 2.76758 1 1 1
v -0.141687 0.856308 2.76758 1 1 1
v 0.141687 0.856308 2.76758 1 1 1
v 0.1807 0.856308 2.76758 1 1 1
v 0.49779 0.840518 2.77491 1 1 1
v 0.513757 0.856308 2.76758 1 1 1
v -0.517311 0.859813 2.76595 1 1 1
v -0.531776 0.874014 2.75936 1 1 1
v -0.174462 0.874014 2.75936 1 1 1
v -0.146409 0.872043 2.76027 1 1 1
v -0.14872 0.874014 2.75936 1 1 1
v 0.146409 0.872043 2.76027 1 1 1
v 0.14872 0.874014 2.75936 1 1 1
v 0.174462 0.874014 2.75936 1 1 1
v 0.517311 0.859813 2.76595 1 1 1
v 0.531776 0.874014 2.75936 1 1 1
v -0.536832 0.878985 2.75705 1 1 1
v -0.549832 0.89172 2.75114 1 1 1
v -0.16593 0.890676 2.75162 1 1 1
v 0.16593 0.890676 2.75162 1 1 1
v 0.536832 0.878985 2.75705 1 1 1
v 0.549832 0.89172 2.75114 1 1 1
v -0.556353 0.898151 2.74815 1 1 1
v -0.567833 0.909425 2.74292 1 1 1
v 0.556353 0.898151 2.74815 1 1 1
v 0.567833 0.909425 2.74292 1 1 1
v -0.575874 0.917457 2.73919 1 1 1
v -0.585566 0.927131 2.73469 1 1 1
v 0.575874 0.917457 2.73919 1 1 1
v 0.585566 0.927131 2.73469 1 1 1
v -0.595396 0.937396 2.72993 1 1 1
v -0.602506 0.944836 2.72647 1 1 1
v -0.146409 0.937878 2.7297 1 1 1
v -0.153547 0.944836 2.72647 1 1 1
v -0.126888 0.936155 2.7305 1 1 1
v -0.107366 0.937915 2.72969 1 1 1
v -0.0878452 0.940724 2.72838 1 1 1
v -0.0683241 0.944777 2.7265 1 1 1
v -0.0681157 0.944836 2.72647 1 1 1
v 0.0683241 0.944777 2.7265 1 1 1
v 0.0681157 0.944836 2.72647 1 1 1
v 0.0878453 0.940724 2.72838 1 1 1
v 0.107366 0.937914 2.72969 1 1 1
v 0.126888 0.936155 2.7305 1 1 1
v 0.146409 0.937878 2.7297 1 1 1
v 0.153547 0.944836 2.72647 1 1 1
v 0.595396 0.937396 2.72993 1 1 1
v 0.602506 0.944836 2.72647 1 1 1
v -0.614917 0.959424 2.7197 1 1 1
v -0.617506 0.962542 2.71825 1 1 1
v -0.16593 0.959407 2.71971 1 1 1
v -0.167708 0.962542 2.71825 1 1 1
v -0.0488029 0.951818 2.72323 1 1 1
v -0.0292817 0.958502 2.72013 1 1 1
v -0.0097605 0.962539 2.71825 1 1 1
v 0.00976062 0.962539 2.71825 1 1 1
v 0.0292817 0.958502 2.72013 1 1 1
v 0.048803 0.951818 2.72323 1 1 1
v 0.16593 0.959407 2.71971 1 1 1
v 0.167708 0.962542 2.71825 1 1 1
v 0.614917 0.959424 2.7197 1 1 1
v 0.617506 0.962542 2.71825 1 1 1
v -0.628076 0.980248 2.71003 1 1 1
v -0.185451 0.977828 2.71115 1 1 1
v -0.189026 0.980248 2.71003 1 1 1
v 0.185451 0.977828 2.71115 1 1 1
v 0.189026 0.980248 2.71003 1 1 1
v 0.628076 0.980248 2.71003 1 1 1
v -0.632529 0.997953 2.70181 1 1 1
v -0.244015 0.997779 2.70189 1 1 1
v -0.244833 0.997953 2.70181 1 1 1
v -0.224493 0.993122 2.70405 1 1 1
v -0.204972 0.986934 2.70693 1 1 1
v 0.204972 0.986934 2.70693 1 1 1
v 0.224494 0.993122 2.70405 1 1 1
v 0.244015 0.997779 2.70189 1 1 1
v 0.244833 0.997953 2.70181 1 1 1
v 0.632529 0.997953 2.70181 1 1 1
v -0.628932 1.01566 2.69359 1 1 1
v -0.322099 1.01409 2.69432 1 1 1
v -0.330607 1.01566 2.69359 1 1 1
v -0.302578 1.01038 2.69604 1 1 1
v -0.283057 1.00647 2.69786 1 1 1
v -0.263536 1.00228 2.6998 1 1 1
v 0.263536 1.00228 2.6998 1 1 1
v 0.283057 1.00647 2.69786 1 1 1
v 0.302578 1.01038 2.69604 1 1 1
v 0.322099 1.01409 2.69432 1 1 1
v 0.330607 1.01566 2.69359 1 1 1
v 0.628932 1.01566 2.69359 1 1 1
v -0.614917 1.03197 2.68602 1 1 1
v -0.612257 1.03336 2.68537 1 1 1
v -0.419705 1.03234 2.68584 1 1 1
v -0.428891 1.03336 2.68537 1 1 1
v -0.400184 1.02955 2.68714 1 1 1
v -0.380663 1.02619 2.6887 1 1 1
v -0.361142 1.02235 2.69048 1 1 1
v -0.34162 1.01812 2.69245 1 1 1
v 0.34162 1.01812 2.69245 1 1 1
v 0.361142 1.02235 2.69048 1 1 1
v 0.380663 1.02619 2.6887 1 1 1
v 0.400184 1.02955 2.68714 1 1 1
v 0.419705 1.03234 2.68584 1 1 1
v 0.428891 1.03336 2.68537 1 1 1
v 0.614917 1.03197 2.68602 1 1 1
v 0.612257 1.03336 2.68537 1 1 1
v -0.595396 1.03883 2.68283 1 1 1
v -0.575874 1.04092 2.68186 1 1 1
v -0.556353 1.04132 2.68167 1 1 1
v -0.536832 1.04104 2.6818 1 1 1
v -0.517311 1.04036 2.68212 1 1 1
v -0.49779 1.03935 2.68259 1 1 1
v -0.478269 1.03809 2.68317 1 1 1
v -0.458747 1.03663 2.68385 1 1 1
v -0.439226 1.03474 2.68473 1 1 1
v 0.439226 1.03474 2.68473 1 1 1
v 0.458748 1.03663 2.68385 1 1 1
v 0.478269 1.03809 2.68317 1 1 1
v 0.49779 1.03935 2.68259 1 1 1
v 0.517311 1.04036 2.68212 1 1 1
v 0.536832 1.04104 2.6818 1 1 1
v 0.556353 1.04132 2.68167 1 1 1
v 0.575874 1.04092 2.68186 1 1 1
v 0.595396 1.03883 2.68283 1 1 1
v -0.107366 0.635344 3.05476 1 1 1
v -0.122151 0.643495 3.05076 1 1 1
v -0.0878452 0.63076 3.05701 1 1 1
v -0.0683241 0.629005 3.05787 1 1 1
v -0.0488029 0.628403 3.05816 1 1 1
v -0.0292817 0.628223 3.05825 1 1 1
v -0.0097605 0.62819 3.05827 1 1 1
v 0.00976062 0.62819 3.05827 1 1 1
v 0.0292817 0.628223 3.05825 1 1 1
v 0.048803 0.628403 3.05816 1 1 1
v 0.0683241 0.629005 3.05787 1 1 1
v 0.0878453 0.63076 3.05701 1 1 1
v 0.107366 0.635344 3.05476 1 1 1
v 0.122151 0.643495 3.05076 1 1 1
v -0.126888 0.649839 3.04765 1 1 1
v -0.131815 0.661022 3.04217 1 1 1
v 0.126888 0.649839 3.04765 1 1 1
v 0.131815 0.661022 3.04217 1 1 1
v -0.133279 0.67855 3.03357 1 1 1
v 0.133279 0.67855 3.03357 1 1 1
v -0.132244 0.696077 3.02497 1 1 1
v 0.132244 0.696077 3.02497 1 1 1
v -0.130457 0.713604 3.01638 1 1 1
v 0.130457 0.713604 3.01638 1 1 1
v -0.128538 0.731131 3.00778 1 1 1
v 0.128538 0.731131 3.00778 1 1 1
v -0.126888 0.747395 2.99981 1 1 1
v -0.126805 0.748658 2.99919 1 1 1
v 0.126888 0.747394 2.99981 1 1 1
v 0.126805 0.748658 2.99919 1 1 1
v -0.34162 0.763459 2.99193 1 1 1
v -0.344842 0.766185 2.99059 1 1 1
v -0.322099 0.753088 2.99702 1 1 1
v -0.302578 0.752054 2.99752 1 1 1
v -0.283057 0.764333 2.9915 1 1 1
v -0.281382 0.766185 2.99059 1 1 1
v -0.125925 0.766185 2.99059 1 1 1
v 0.125925 0.766185 2.99059 1 1 1
v 0.283057 0.764333 2.9915 1 1 1
v 0.281382 0.766185 2.99059 1 1 1
v 0.302578 0.752053 2.99752 1 1 1
v 0.322099 0.753088 2.99702 1 1 1
v 0.34162 0.763459 2.99193 1 1 1
v 0.344842 0.766185 2.99059 1 1 1
v -0.361142 0.77935 2.98414 1 1 1
v -0.365667 0.783712 2.982 1 1 1
v -0.265624 0.783712 2.982 1 1 1
v -0.125379 0.783712 2.982 1 1 1
v 0.125379 0.783712 2.982 1 1 1
v 0.265624 0.783712 2.982 1 1 1
v 0.361142 0.77935 2.98414 1 1 1
v 0.365667 0.783712 2.982 1 1 1
v -0.380663 0.797848 2.97507 1 1 1
v -0.384034 0.801239 2.9734 1 1 1
v -0.263536 0.785757 2.98099 1 1 1
v -0.244015 0.801148 2.97345 1 1 1
v -0.243852 0.801239 2.9734 1 1 1
v -0.125161 0.801239 2.9734 1 1 1
v 0.125161 0.801239 2.9734 1 1 1
v 0.244015 0.801148 2.97345 1 1 1
v 0.243851 0.801239 2.9734 1 1 1
v 0.263536 0.785757 2.98099 1 1 1
v 0.380663 0.797848 2.97507 1 1 1
v 0.384034 0.801239 2.9734 1 1 1
v -0.400184 0.817358 2.9655 1 1 1
v -0.401575 0.818766 2.96481 1 1 1
v -0.224493 0.809751 2.96923 1 1 1
v -0.21017 0.818766 2.96481 1 1 1
v -0.125305 0.818766 2.96481 1 1 1
v 0.125305 0.818766 2.96481 1 1 1
v 0.224494 0.809751 2.96923 1 1 1
v 0.21017 0.818766 2.96481 1 1 1
v 0.400184 0.817358 2.9655 1 1 1
v 0.401575 0.818766 2.96481 1 1 1
v -0.418893 0.836293 2.95621 1 1 1
v -0.204972 0.82308 2.96269 1 1 1
v -0.196324 0.836293 2.95621 1 1 1
v -0.125911 0.836293 2.95621 1 1 1
v 0.125911 0.836293 2.95621 1 1 1
v 0.204972 0.82308 2.96269 1 1 1
v 0.196324 0.836293 2.95621 1 1 1
v 0.418893 0.836293 2.95621 1 1 1
v -0.419705 0.837114 2.95581 1 1 1
v -0.436211 0.85382 2.94762 1 1 1
v -0.190832 0.85382 2.94762 1 1 1
v -0.126888 0.851351 2.94883 1 1 1
v -0.127171 0.85382 2.94762 1 1 1
v 0.126888 0.851351 2.94883 1 1 1
v 0.127171 0.85382 2.94762 1 1 1
v 0.190832 0.85382 2.94762 1 1 1
v 0.419705 0.837114 2.95581 1 1 1
v 0.436211 0.85382 2.94762 1 1 1
v -0.439226 0.856868 2.94612 1 1 1
v -0.453595 0.871347 2.93902 1 1 1
v -0.18828 0.871347 2.93902 1 1 1
v -0.130078 0.871347 2.93902 1 1 1
v 0.130078 0.871347 2.93902 1 1 1
v 0.18828 0.871347 2.93902 1 1 1
v 0.439226 0.856868 2.94612 1 1 1
v 0.453595 0.871347 2.93902 1 1 1
v -0.458747 0.87652 2.93648 1 1 1
v -0.471081 0.888874 2.93043 1 1 1
v -0.186832 0.888874 2.93043 1 1 1
v -0.133637 0.888874 2.93043 1 1 1
v 0.133637 0.888874 2.93043 1 1 1
v 0.186832 0.888874 2.93043 1 1 1
v 0.458748 0.87652 2.93648 1 1 1
v 0.471081 0.888874 2.93043 1 1 1
v -0.478269 0.896023 2.92692 1 1 1
v -0.488741 0.906401 2.92183 1 1 1
v -0.18565 0.906401 2.92183 1 1 1
v -0.137796 0.906401 2.92183 1 1 1
v 0.137796 0.906401 2.92183 1 1 1
v 0.18565 0.906401 2.92183 1 1 1
v 0.478269 0.896023 2.92692 1 1 1
v 0.488741 0.906401 2.92183 1 1 1
v -0.49779 0.915321 2.91746 1 1 1
v -0.506542 0.923928 2.91324 1 1 1
v -0.185451 0.908897 2.92061 1 1 1
v -0.182668 0.923928 2.91324 1 1 1
v -0.14253 0.923928 2.91324 1 1 1
v 0.142531 0.923928 2.91324 1 1 1
v 0.185451 0.908896 2.92061 1 1 1
v 0.182668 0.923928 2.91324 1 1 1
v 0.49779 0.915321 2.91746 1 1 1
v 0.506542 0.923928 2.91324 1 1 1
v -0.517311 0.934494 2.90805 1 1 1
v -0.524431 0.941455 2.90464 1 1 1
v -0.176917 0.941455 2.90464 1 1 1
v -0.146409 0.937542 2.90656 1 1 1
v -0.150079 0.941455 2.90464 1 1 1
v 0.146409 0.937542 2.90656 1 1 1
v 0.150079 0.941455 2.90464 1 1 1
v 0.176917 0.941455 2.90464 1 1 1
v 0.517311 0.934494 2.90805 1 1 1
v 0.524431 0.941455 2.90464 1 1 1
v -0.536832 0.953597 2.89869 1 1 1
v -0.542349 0.958982 2.89604 1 1 1
v -0.16768 0.958982 2.89604 1 1 1
v -0.163707 0.958982 2.89604 1 1 1
v 0.163707 0.958982 2.89604 1 1 1
v 0.16768 0.958982 2.89604 1 1 1
v 0.536832 0.953597 2.89869 1 1 1
v 0.542349 0.958982 2.89604 1 1 1
v -0.556353 0.972744 2.8893 1 1 1
v -0.560197 0.976509 2.88745 1 1 1
v -0.16593 0.962627 2.89426 1 1 1
v 0.16593 0.962627 2.89426 1 1 1
v 0.556353 0.972744 2.8893 1 1 1
v 0.560197 0.976509 2.88745 1 1 1
v -0.575874 0.992131 2.87979 1 1 1
v -0.577785 0.994036 2.87885 1 1 1
v 0.575874 0.992131 2.87979 1 1 1
v 0.577785 0.994036 2.87885 1 1 1
v -0.594526 1.01156 2.87026 1 1 1
v -0.146409 1.00253 2.87469 1 1 1
v -0.159463 1.01156 2.87026 1 1 1
v -0.126888 1.00357 2.87418 1 1 1
v -0.107366 1.00567 2.87315 1 1 1
v -0.0878452 1.00826 2.87188 1 1 1
v -0.0700848 1.01156 2.87026 1 1 1
v 0.0878453 1.00826 2.87188 1 1 1
v 0.0700847 1.01156 2.87026 1 1 1
v 0.107366 1.00567 2.87315 1 1 1
v 0.126888 1.00357 2.87418 1 1 1
v 0.146409 1.00253 2.87469 1 1 1
v 0.159463 1.01156 2.87026 1 1 1
v 0.594526 1.01156 2.87026 1 1 1
v -0.595396 1.01261 2.86975 1 1 1
v -0.609171 1.02909 2.86166 1 1 1
v -0.16593 1.01722 2.86748 1 1 1
v -0.173943 1.02909 2.86166 1 1 1
v -0.0683241 1.01196 2.87006 1 1 1
v -0.0488029 1.01824 2.86698 1 1 1
v -0.0292817 1.02424 2.86404 1 1 1
v -0.0097605 1.0279 2.86225 1 1 1
v 0.00976062 1.0279 2.86225 1 1 1
v 0.0292817 1.02424 2.86404 1 1 1
v 0.048803 1.01824 2.86698 1 1 1
v 0.0683241 1.01196 2.87006 1 1 1
v 0.16593 1.01722 2.86748 1 1 1
v 0.173943 1.02909 2.86166 1 1 1
v 0.595396 1.01261 2.86975 1 1 1
v 0.609171 1.02909 2.86166 1 1 1
v -0.614917 1.03843 2.85708 1 1 1
v -0.619734 1.04662 2.85307 1 1 1
v -0.185451 1.03823 2.85718 1 1 1
v -0.198441 1.04662 2.85307 1 1 1
v 0.185451 1.03823 2.85718 1 1 1
v 0.198441 1.04662 2.85307 1 1 1
v 0.614917 1.03843 2.85708 1 1 1
v 0.619734 1.04662 2.85307 1 1 1
v -0.623505 1.06414 2.84447 1 1 1
v -0.244015 1.06117 2.84593 1 1 1
v -0.257987 1.06414 2.84447 1 1 1
v -0.224493 1.05604 2.84845 1 1 1
v -0.204972 1.04928 2.85176 1 1 1
v 0.204972 1.04928 2.85176 1 1 1
v 0.224494 1.05604 2.84845 1 1 1
v 0.244015 1.06117 2.84593 1 1 1
v 0.257987 1.06414 2.84447 1 1 1
v 0.623505 1.06414 2.84447 1 1 1
v -0.61871 1.08167 2.83588 1 1 1
v -0.34162 1.08148 2.83597 1 1 1
v -0.342673 1.08167 2.83588 1 1 1
v -0.322099 1.07787 2.83774 1 1 1
v -0.302578 1.07398 2.83965 1 1 1
v -0.283057 1.06986 2.84167 1 1 1
v -0.263536 1.06544 2.84384 1 1 1
v 0.263536 1.06544 2.84384 1 1 1
v 0.283057 1.06986 2.84167 1 1 1
v 0.302578 1.07398 2.83965 1 1 1
v 0.322099 1.07787 2.83774 1 1 1
v 0.34162 1.08148 2.83597 1 1 1
v 0.342673 1.08167 2.83588 1 1 1
v 0.61871 1.08167 2.83588 1 1 1
v -0.614917 1.08617 2.83367 1 1 1
v -0.595396 1.09754 2.8281 1 1 1
v -0.587517 1.0992 2.82728 1 1 1
v -0.439226 1.09789 2.82792 1 1 1
v -0.457142 1.0992 2.82728 1 1 1
v -0.419705 1.09592 2.82889 1 1 1
v -0.400184 1.09322 2.83021 1 1 1
v -0.380663 1.08983 2.83188 1 1 1
v -0.361142 1.08585 2.83383 1 1 1
v 0.361142 1.08585 2.83383 1 1 1
v 0.380663 1.08983 2.83188 1 1 1
v 0.400184 1.09322 2.83021 1 1 1
v 0.419705 1.09592 2.82889 1 1 1
v 0.439226 1.09789 2.82792 1 1 1
v 0.457142 1.0992 2.82728 1 1 1
v 0.595396 1.09754 2.8281 1 1 1
v 0.587517 1.0992 2.82728 1 1 1
v 0.614917 1.08617 2.83367 1 1 1
v -0.575874 1.10096 2.82642 1 1 1
v -0.556353 1.102 2.82591 1 1 1
v -0.536832 1.10221 2.82581 1 1 1
v -0.517311 1.10194 2.82594 1 1 1
v -0.49779 1.10132 2.82624 1 1 1
v -0.478269 1.10044 2.82667 1 1 1
v -0.458747 1.09934 2.82722 1 1 1
v 0.458748 1.09934 2.82722 1 1 1
v 0.478269 1.10044 2.82667 1 1 1
v 0.49779 1.10132 2.82624 1 1 1
v 0.517311 1.10194 2.82594 1 1 1
v 0.536832 1.10221 2.82581 1 1 1
v 0.556353 1.102 2.82591 1 1 1
v 0.575874 1.10096 2.82642 1 1 1
v -0.107366 0.716132 3.20371 1 1 1
v -0.111043 0.718115 3.20267 1 1 1
v -0.0878452 0.710577 3.20664 1 1 1
v -0.0683241 0.708302 3.20784 1 1 1
v -0.0488029 0.707443 3.20829 1 1 1
v -0.0292817 0.707157 3.20844 1 1 1
v -0.0097605 0.707091 3.20848 1 1 1
v 0.00976062 0.707091 3.20848 1 1 1
v 0.0292817 0.707157 3.20844 1 1 1
v 0.048803 0.707443 3.20829 1 1 1
v 0.0683241 0.708302 3.20784 1 1 1
v 0.0878453 0.710577 3.20664 1 1 1
v 0.107366 0.716132 3.20371 1 1 1
v 0.111043 0.718115 3.20267 1 1 1
v -0.125483 0.735386 3.19357 1 1 1
v 0.125483 0.735386 3.19357 1 1 1
v -0.126888 0.74235 3.1899 1 1 1
v -0.128475 0.752657 3.18447 1 1 1
v 0.126888 0.74235 3.1899 1 1 1
v 0.128475 0.752657 3.18447 1 1 1
v -0.128367 0.769927 3.17537 1 1 1
v 0.128367 0.769927 3.17537 1 1 1
v -0.127295 0.787198 3.16627 1 1 1
v 0.127295 0.787198 3.16627 1 1 1
v -0.126888 0.792432 3.16351 1 1 1
v -0.126265 0.804469 3.15717 1 1 1
v 0.126888 0.792432 3.16351 1 1 1
v 0.126265 0.804469 3.15717 1 1 1
v -0.125523 0.821739 3.14807 1 1 1
v 0.125523 0.821739 3.14807 1 1 1
v -0.322099 0.835625 3.14076 1 1 1
v -0.328683 0.83901 3.13897 1 1 1
v -0.302578 0.835484 3.14083 1 1 1
v -0.296484 0.83901 3.13897 1 1 1
v -0.125033 0.83901 3.13897 1 1 1
v 0.125033 0.83901 3.13897 1 1 1
v 0.302578 0.835484 3.14083 1 1 1
v 0.296484 0.83901 3.13897 1 1 1
v 0.322099 0.835625 3.14076 1 1 1
v 0.328683 0.83901 3.13897 1 1 1
v -0.34162 0.845114 3.13576 1 1 1
v -0.355821 0.85628 3.12987 1 1 1
v -0.283057 0.847824 3.13433 1 1 1
v -0.274621 0.85628 3.12987 1 1 1
v -0.12482 0.85628 3.12987 1 1 1
v 0.12482 0.85628 3.12987 1 1 1
v 0.283057 0.847824 3.13433 1 1 1
v 0.274621 0.85628 3.12987 1 1 1
v 0.34162 0.845114 3.13576 1 1 1
v 0.355821 0.85628 3.12987 1 1 1
v -0.361142 0.860246 3.12778 1 1 1
v -0.375556 0.873551 3.12077 1 1 1
v -0.263536 0.865894 3.12481 1 1 1
v -0.251807 0.873551 3.12077 1 1 1
v -0.124889 0.873551 3.12077 1 1 1
v 0.124889 0.873551 3.12077 1 1 1
v 0.263536 0.865894 3.12481 1 1 1
v 0.251807 0.873551 3.12077 1 1 1
v 0.361142 0.860246 3.12778 1 1 1
v 0.375556 0.873551 3.12077 1 1 1
v -0.380663 0.87812 3.11837 1 1 1
v -0.39368 0.890822 3.11167 1 1 1
v -0.244015 0.876996 3.11896 1 1 1
v -0.224493 0.883587 3.11549 1 1 1
v -0.211309 0.890822 3.11167 1 1 1
v -0.125281 0.890822 3.11167 1 1 1
v 0.125281 0.890822 3.11167 1 1 1
v 0.224494 0.883587 3.11549 1 1 1
v 0.211309 0.890822 3.11167 1 1 1
v 0.244015 0.876996 3.11896 1 1 1
v 0.380663 0.87812 3.11837 1 1 1
v 0.39368 0.890822 3.11167 1 1 1
v -0.400184 0.897096 3.10837 1 1 1
v -0.41131 0.908092 3.10257 1 1 1
v -0.204972 0.895431 3.10925 1 1 1
v -0.196361 0.908092 3.10257 1 1 1
v -0.1261 0.908092 3.10257 1 1 1
v 0.1261 0.908092 3.10257 1 1 1
v 0.204972 0.895431 3.10925 1 1 1
v 0.196361 0.908092 3.10257 1 1 1
v 0.400184 0.897096 3.10837 1 1 1
v 0.41131 0.908092 3.10257 1 1 1
v -0.419705 0.916385 3.09821 1 1 1
v -0.428782 0.925363 3.09348 1 1 1
v -0.190911 0.925363 3.09348 1 1 1
v -0.126888 0.918323 3.09718 1 1 1
v -0.127839 0.925363 3.09348 1 1 1
v 0.126888 0.918324 3.09718 1 1 1
v 0.127839 0.925363 3.09348 1 1 1
v 0.190911 0.925363 3.09348 1 1 1
v 0.419705 0.916385 3.09821 1 1 1
v 0.428782 0.925363 3.09348 1 1 1
v -0.439226 0.935688 3.08804 1 1 1
v -0.446267 0.942634 3.08438 1 1 1
v -0.188527 0.942634 3.08438 1 1 1
v -0.130935 0.942634 3.08438 1 1 1
v 0.130935 0.942634 3.08438 1 1 1
v 0.188527 0.942634 3.08438 1 1 1
v 0.439226 0.935688 3.08804 1 1 1
v 0.446267 0.942634 3.08438 1 1 1
v -0.458747 0.954925 3.0779 1 1 1
v -0.463805 0.959904 3.07528 1 1 1
v -0.187291 0.959904 3.07528 1 1 1
v -0.134558 0.959904 3.07528 1 1 1
v 0.134558 0.959904 3.07528 1 1 1
v 0.187291 0.959904 3.07528 1 1 1
v 0.458748 0.954925 3.0779 1 1 1
v 0.463805 0.959904 3.07528 1 1 1
v -0.478269 0.974091 3.0678 1 1 1
v -0.481419 0.977175 3.06618 1 1 1
v -0.186355 0.977175 3.06618 1 1 1
v -0.138664 0.977175 3.06618 1 1 1
v 0.138664 0.977175 3.06618 1 1 1
v 0.186355 0.977175 3.06618 1 1 1
v 0.478269 0.974091 3.0678 1 1 1
v 0.481419 0.977175 3.06618 1 1 1
v -0.49779 0.993164 3.05775 1 1 1
v -0.499103 0.994445 3.05708 1 1 1
v -0.185451 0.99092 3.05893 1 1 1
v -0.184879 0.994445 3.05708 1 1 1
v -0.143236 0.994445 3.05708 1 1 1
v 0.143236 0.994445 3.05708 1 1 1
v 0.185451 0.990919 3.05894 1 1 1
v 0.184879 0.994445 3.05708 1 1 1
v 0.49779 0.993164 3.05775 1 1 1
v 0.499103 0.994445 3.05708 1 1 1
v -0.51682 1.01172 3.04798 1 1 1
v -0.179867 1.01172 3.04798 1 1 1
v -0.146409 1.00607 3.05095 1 1 1
v -0.150888 1.01172 3.04798 1 1 1
v 0.146409 1.00607 3.05095 1 1 1
v 0.150888 1.01172 3.04798 1 1 1
v 0.179867 1.01172 3.04798 1 1 1
v 0.51682 1.01172 3.04798 1 1 1
v -0.517311 1.0122 3.04772 1 1 1
v -0.534545 1.02899 3.03888 1 1 1
v -0.170788 1.02899 3.03888 1 1 1
v -0.161637 1.02899 3.03888 1 1 1
v 0.161637 1.02899 3.03888 1 1 1
v 0.170788 1.02899 3.03888 1 1 1
v 0.517311 1.0122 3.04772 1 1 1
v 0.534545 1.02899 3.03888 1 1 1
v -0.536832 1.03125 3.03769 1 1 1
v -0.552159 1.04626 3.02978 1 1 1
v -0.16593 1.03839 3.03392 1 1 1
v 0.16593 1.03839 3.03392 1 1 1
v 0.536832 1.03125 3.03769 1 1 1
v 0.552159 1.04626 3.02978 1 1 1
v -0.556353 1.05048 3.02755 1 1 1
v -0.569459 1.06353 3.02068 1 1 1
v 0.556353 1.05048 3.02755 1 1 1
v 0.569459 1.06353 3.02068 1 1 1
v -0.575874 1.07035 3.01708 1 1 1
v -0.585806 1.0808 3.01158 1 1 1
v -0.16593 1.07693 3.01362 1 1 1
v -0.167378 1.0808 3.01158 1 1 1
v -0.146409 1.07021 3.01716 1 1 1
v -0.126888 1.0734 3.01548 1 1 1
v -0.107366 1.0758 3.01421 1 1 1
v -0.0878452 1.07821 3.01294 1 1 1
v -0.0722749 1.0808 3.01158 1 1 1
v 0.0878453 1.07821 3.01294 1 1 1
v 0.0722748 1.0808 3.01158 1 1 1
v 0.107366 1.0758 3.01421 1 1 1
v 0.126888 1.0734 3.01548 1 1 1
v 0.146409 1.07021 3.01716 1 1 1
v 0.16593 1.07693 3.01362 1 1 1
v 0.167378 1.0808 3.01158 1 1 1
v 0.575874 1.07035 3.01708 1 1 1
v 0.585806 1.0808 3.01158 1 1 1
v -0.595396 1.09233 3.0055 1 1 1
v -0.600157 1.09807 3.00248 1 1 1
v -0.181338 1.09807 3.00248 1 1 1
v -0.0683241 1.0816 3.01116 1 1 1
v -0.0488029 1.08716 3.00823 1 1 1
v -0.0292817 1.09251 3.00541 1 1 1
v -0.0097605 1.09579 3.00368 1 1 1
v 0.00976062 1.09579 3.00368 1 1 1
v 0.0292817 1.09251 3.00541 1 1 1
v 0.048803 1.08716 3.00823 1 1 1
v 0.0683241 1.0816 3.01116 1 1 1
v 0.181338 1.09807 3.00248 1 1 1
v 0.595396 1.09233 3.0055 1 1 1
v 0.600157 1.09807 3.00248 1 1 1
v -0.610239 1.11534 2.99338 1 1 1
v -0.204972 1.11357 2.99431 1 1 1
v -0.208507 1.11534 2.99338 1 1 1
v -0.185451 1.10104 3.00091 1 1 1
v 0.185451 1.10104 3.00091 1 1 1
v 0.204972 1.11357 2.99431 1 1 1
v 0.208507 1.11534 2.99338 1 1 1
v 0.610239 1.11534 2.99338 1 1 1
v -0.613622 1.13261 2.98428 1 1 1
v -0.263536 1.13115 2.98505 1 1 1
v -0.270926 1.13261 2.98428 1 1 1
v -0.244015 1.12679 2.98735 1 1 1
v -0.224493 1.12116 2.99031 1 1 1
v 0.224494 1.12116 2.99031 1 1 1
v 0.244015 1.12679 2.98735 1 1 1
v 0.263536 1.13115 2.98505 1 1 1
v 0.270926 1.13261 2.98428 1 1 1
v 0.613622 1.13261 2.98428 1 1 1
v -0.604787 1.14988 2.97518 1 1 1
v -0.34162 1.14759 2.97639 1 1 1
v -0.354143 1.14988 2.97518 1 1 1
v -0.322099 1.14385 2.97836 1 1 1
v -0.302578 1.13978 2.98051 1 1 1
v -0.283057 1.13543 2.98279 1 1 1
v 0.283057 1.13543 2.98279 1 1 1
v 0.302578 1.13978 2.98051 1 1 1
v 0.322099 1.14385 2.97836 1 1 1
v 0.34162 1.14759 2.97639 1 1 1
v 0.354143 1.14988 2.97518 1 1 1
v 0.604787 1.14988 2.97518 1 1 1
v -0.595396 1.15604 2.97194 1 1 1
v -0.575874 1.16176 2.96892 1 1 1
v -0.556353 1.16401 2.96773 1 1 1
v -0.536832 1.16494 2.96725 1 1 1
v -0.517311 1.1652 2.96711 1 1 1
v -0.49779 1.16508 2.96718 1 1 1
v -0.478269 1.16473 2.96736 1 1 1
v -0.458747 1.16422 2.96763 1 1 1
v -0.439226 1.16326 2.96813 1 1 1
v -0.419705 1.16158 2.96902 1 1 1
v -0.400184 1.15901 2.97037 1 1 1
v -0.380663 1.15559 2.97217 1 1 1
v -0.361142 1.15147 2.97434 1 1 1
v 0.361142 1.15147 2.97434 1 1 1
v 0.380663 1.15559 2.97217 1 1 1
v 0.400184 1.15901 2.97037 1 1 1
v 0.419705 1.16158 2.96902 1 1 1
v 0.439226 1.16326 2.96813 1 1 1
v 0.458748 1.16422 2.96763 1 1 1
v 0.478269 1.16473 2.96736 1 1 1
v 0.49779 1.16508 2.96718 1 1 1
v 0.517311 1.1652 2.96711 1 1 1
v 0.536832 1.16494 2.96725 1 1 1
v 0.556353 1.16401 2.96773 1 1 1
v 0.575874 1.16176 2.96892 1 1 1
v 0.595396 1.15604 2.97194 1 1 1
v -0.0878452 0.79647 3.3561 1 1 1
v -0.0949297 0.798556 3.35489 1 1 1
v -0.0683241 0.793679 3.35771 1 1 1
v -0.0488029 0.79256 3.35836 1 1 1
v -0.0292817 0.792168 3.35859 1 1 1
v -0.0097605 0.792068 3.35865 1 1 1
v 0.00976062 0.792068 3.35865 1 1 1
v 0.0292817 0.792168 3.35859 1 1 1
v 0.048803 0.79256 3.35836 1 1 1
v 0.0683241 0.793679 3.35771 1 1 1
v 0.0878453 0.79647 3.3561 1 1 1
v 0.0949298 0.798556 3.35489 1 1 1
v -0.107366 0.80444 3.35148 1 1 1
v -0.117907 0.815448 3.34511 1 1 1
v 0.107366 0.80444 3.35148 1 1 1
v 0.117907 0.815448 3.34511 1 1 1
v -0.123422 0.832341 3.33532 1 1 1
v 0.123422 0.832341 3.33532 1 1 1
v -0.1247 0.849234 3.32554 1 1 1
v 0.1247 0.849234 3.32554 1 1 1
v -0.124787 0.866126 3.31576 1 1 1
v 0.124787 0.866126 3.31576 1 1 1
v -0.12456 0.883019 3.30597 1 1 1
v 0.12456 0.883019 3.30597 1 1 1
v -0.124322 0.899912 3.29619 1 1 1
v 0.124322 0.899912 3.29619 1 1 1
v -0.124224 0.916804 3.28641 1 1 1
v 0.124225 0.916804 3.28641 1 1 1
v -0.34162 0.932023 3.27759 1 1 1
v -0.343818 0.933697 3.27662 1 1 1
v -0.322099 0.923644 3.28245 1 1 1
v -0.302578 0.924388 3.28201 1 1 1
v -0.287123 0.933697 3.27662 1 1 1
v -0.124335 0.933697 3.27662 1 1 1
v 0.124335 0.933697 3.27662 1 1 1
v 0.302578 0.924388 3.28201 1 1 1
v 0.287123 0.933697 3.27662 1 1 1
v 0.322099 0.923644 3.28245 1 1 1
v 0.34162 0.932023 3.27759 1 1 1
v 0.343818 0.933697 3.27662 1 1 1
v -0.361142 0.946228 3.26937 1 1 1
v -0.366035 0.95059 3.26684 1 1 1
v -0.283057 0.936259 3.27514 1 1 1
v -0.263652 0.95059 3.26684 1 1 1
v -0.124677 0.95059 3.26684 1 1 1
v 0.124677 0.95059 3.26684 1 1 1
v 0.283057 0.936259 3.27514 1 1 1
v 0.263652 0.95059 3.26684 1 1 1
v 0.361142 0.946228 3.26937 1 1 1
v 0.366035 0.95059 3.26684 1 1 1
v -0.380663 0.96324 3.25951 1 1 1
v -0.385167 0.967483 3.25706 1 1 1
v -0.263536 0.950651 3.2668 1 1 1
v -0.244015 0.957324 3.26294 1 1 1
v -0.224493 0.961987 3.26024 1 1 1
v -0.212786 0.967483 3.25706 1 1 1
v -0.125297 0.967483 3.25706 1 1 1
v 0.125297 0.967483 3.25706 1 1 1
v 0.224494 0.961987 3.26024 1 1 1
v 0.212786 0.967483 3.25706 1 1 1
v 0.244015 0.957323 3.26294 1 1 1
v 0.263536 0.950651 3.2668 1 1 1
v 0.380663 0.96324 3.25951 1 1 1
v 0.385167 0.967483 3.25706 1 1 1
v -0.400184 0.981468 3.24896 1 1 1
v -0.403232 0.984375 3.24727 1 1 1
v -0.204972 0.972369 3.25423 1 1 1
v -0.196426 0.984375 3.24727 1 1 1
v -0.126306 0.984375 3.24727 1 1 1
v 0.126306 0.984375 3.24727 1 1 1
v 0.204972 0.972369 3.25423 1 1 1
v 0.196426 0.984375 3.24727 1 1 1
v 0.400184 0.981468 3.24896 1 1 1
v 0.403232 0.984375 3.24727 1 1 1
v -0.419705 1.00008 3.23818 1 1 1
v -0.420949 1.00127 3.23749 1 1 1
v -0.191011 1.00127 3.23749 1 1 1
v -0.126888 0.990901 3.24349 1 1 1
v -0.128494 1.00127 3.23749 1 1 1
v 0.126888 0.990902 3.24349 1 1 1
v 0.128494 1.00127 3.23749 1 1 1
v 0.191011 1.00127 3.23749 1 1 1
v 0.419705 1.00008 3.23818 1 1 1
v 0.420949 1.00127 3.23749 1 1 1
v -0.438625 1.01816 3.22771 1 1 1
v -0.188792 1.01816 3.22771 1 1 1
v -0.131732 1.01816 3.22771 1 1 1
v 0.131732 1.01816 3.22771 1 1 1
v 0.188792 1.01816 3.22771 1 1 1
v 0.438625 1.01816 3.22771 1 1 1
v -0.439226 1.01874 3.22737 1 1 1
v -0.45628 1.03505 3.21792 1 1 1
v -0.187761 1.03505 3.21792 1 1 1
v -0.135383 1.03505 3.21792 1 1 1
v 0.135383 1.03505 3.21792 1 1 1
v 0.187761 1.03505 3.21792 1 1 1
v 0.439226 1.01874 3.22737 1 1 1
v 0.45628 1.03505 3.21792 1 1 1
v -0.458747 1.03742 3.21655 1 1 1
v -0.473879 1.05195 3.20814 1 1 1
v -0.187066 1.05195 3.20814 1 1 1
v -0.139417 1.05195 3.20814 1 1 1
v 0.139418 1.05195 3.20814 1 1 1
v 0.187066 1.05195 3.20814 1 1 1
v 0.458748 1.03742 3.21655 1 1 1
v 0.473879 1.05195 3.20814 1 1 1
v -0.478269 1.05617 3.20569 1 1 1
v -0.491428 1.06884 3.19836 1 1 1
v -0.18621 1.06884 3.19836 1 1 1
v -0.14383 1.06884 3.19836 1 1 1
v 0.14383 1.06884 3.19836 1 1 1
v 0.18621 1.06884 3.19836 1 1 1
v 0.478269 1.05617 3.20569 1 1 1
v 0.491428 1.06884 3.19836 1 1 1
v -0.49779 1.07498 3.1948 1 1 1
v -0.508938 1.08573 3.18857 1 1 1
v -0.185451 1.07831 3.19287 1 1 1
v -0.183454 1.08573 3.18857 1 1 1
v -0.146409 1.07858 3.19272 1 1 1
v -0.1514 1.08573 3.18857 1 1 1
v 0.146409 1.07858 3.19272 1 1 1
v 0.1514 1.08573 3.18857 1 1 1
v 0.185451 1.07831 3.19287 1 1 1
v 0.183454 1.08573 3.18857 1 1 1
v 0.49779 1.07498 3.1948 1 1 1
v 0.508938 1.08573 3.18857 1 1 1
v -0.517311 1.09385 3.18387 1 1 1
v -0.526393 1.10262 3.17879 1 1 1
v -0.17498 1.10262 3.17879 1 1 1
v -0.160229 1.10262 3.17879 1 1 1
v 0.160229 1.10262 3.17879 1 1 1
v 0.17498 1.10262 3.17879 1 1 1
v 0.517311 1.09385 3.18387 1 1 1
v 0.526393 1.10262 3.17879 1 1 1
v -0.536832 1.11284 3.17287 1 1 1
v -0.543695 1.11952 3.16901 1 1 1
v -0.16593 1.11857 3.16956 1 1 1
v 0.16593 1.11857 3.16956 1 1 1
v 0.536832 1.11284 3.17287 1 1 1
v 0.543695 1.11952 3.16901 1 1 1
v -0.556353 1.13216 3.16169 1 1 1
v -0.560645 1.13641 3.15922 1 1 1
v 0.556353 1.13216 3.16169 1 1 1
v 0.560645 1.13641 3.15922 1 1 1
v -0.575874 1.15254 3.14988 1 1 1
v -0.576599 1.1533 3.14944 1 1 1
v -0.16593 1.13789 3.15836 1 1 1
v -0.173926 1.1533 3.14944 1 1 1
v -0.146409 1.14157 3.15623 1 1 1
v -0.126888 1.14643 3.15342 1 1 1
v -0.107366 1.14909 3.15188 1 1 1
v -0.0878452 1.15133 3.15058 1 1 1
v -0.0745626 1.1533 3.14944 1 1 1
v 0.0878453 1.15133 3.15058 1 1 1
v 0.0745626 1.1533 3.14944 1 1 1
v 0.107366 1.14909 3.15188 1 1 1
v 0.126888 1.14643 3.15342 1 1 1
v 0.146409 1.14157 3.15623 1 1 1
v 0.16593 1.13789 3.15836 1 1 1
v 0.173926 1.1533 3.14944 1 1 1
v 0.575874 1.15254 3.14988 1 1 1
v 0.576599 1.1533 3.14944 1 1 1
v -0.590154 1.17019 3.13966 1 1 1
v -0.185451 1.16516 3.14258 1 1 1
v -0.189059 1.17019 3.13966 1 1 1
v -0.0683241 1.15444 3.14878 1 1 1
v -0.0488029 1.15931 3.14596 1 1 1
v -0.0292817 1.16403 3.14323 1 1 1
v -0.0097605 1.16694 3.14154 1 1 1
v 0.00976062 1.16694 3.14154 1 1 1
v 0.0292817 1.16403 3.14323 1 1 1
v 0.048803 1.15931 3.14596 1 1 1
v 0.0683241 1.15444 3.14878 1 1 1
v 0.185451 1.16516 3.14257 1 1 1
v 0.189059 1.17019 3.13966 1 1 1
v 0.590154 1.17019 3.13966 1 1 1
v -0.595396 1.1797 3.13416 1 1 1
v -0.599457 1.18709 3.12987 1 1 1
v -0.204972 1.18046 3.13371 1 1 1
v -0.218632 1.18709 3.12987 1 1 1
v 0.204972 1.18046 3.13371 1 1 1
v 0.218632 1.18709 3.12987 1 1 1
v 0.595396 1.1797 3.13416 1 1 1
v 0.599457 1.18709 3.12987 1 1 1
v -0.600765 1.20398 3.12009 1 1 1
v -0.283057 1.20388 3.12015 1 1 1
v -0.28361 1.20398 3.12009 1 1 1
v -0.263536 1.20007 3.12236 1 1 1
v -0.244015 1.19534 3.12509 1 1 1
v -0.224493 1.18919 3.12866 1 1 1
v 0.224494 1.18919 3.12866 1 1 1
v 0.244015 1.19534 3.12509 1 1 1
v 0.263536 1.20007 3.12236 1 1 1
v 0.283057 1.20388 3.12015 1 1 1
v 0.28361 1.20398 3.12009 1 1 1
v 0.600765 1.20398 3.12009 1 1 1
v -0.595396 1.21262 3.11509 1 1 1
v -0.585156 1.22087 3.11031 1 1 1
v -0.361142 1.22009 3.11076 1 1 1
v -0.365687 1.22087 3.11031 1 1 1
v -0.34162 1.21653 3.11282 1 1 1
v -0.322099 1.21266 3.11506 1 1 1
v -0.302578 1.20841 3.11753 1 1 1
v 0.302578 1.20841 3.11753 1 1 1
v 0.322099 1.21266 3.11506 1 1 1
v 0.34162 1.21653 3.11282 1 1 1
v 0.361142 1.22009 3.11076 1 1 1
v 0.365687 1.22087 3.11031 1 1 1
v 0.595396 1.21262 3.11509 1 1 1
v 0.585156 1.22087 3.11031 1 1 1
v -0.575874 1.22428 3.10834 1 1 1
v -0.556353 1.22786 3.10626 1 1 1
v -0.536832 1.22969 3.1052 1 1 1
v -0.517311 1.23064 3.10465 1 1 1
v -0.49779 1.23117 3.10434 1 1 1
v -0.478269 1.23153 3.10414 1 1 1
v -0.458747 1.23169 3.10404 1 1 1
v -0.439226 1.23127 3.10428 1 1 1
v -0.419705 1.22994 3.10506 1 1 1
v -0.400184 1.22752 3.10646 1 1 1
v -0.380663 1.22409 3.10845 1 1 1
v 0.380663 1.22409 3.10845 1 1 1
v 0.400184 1.22752 3.10646 1 1 1
v 0.419705 1.22994 3.10506 1 1 1
v 0.439226 1.23127 3.10428 1 1 1
v 0.458748 1.23169 3.10404 1 1 1
v 0.478269 1.23153 3.10414 1 1 1
v 0.49779 1.23117 3.10434 1 1 1
v 0.517311 1.23064 3.10465 1 1 1
v 0.536832 1.22969 3.1052 1 1 1
v 0.556353 1.22786 3.10626 1 1 1
v 0.575874 1.22428 3.10834 1 1 1
v -0.0488029 0.883892 3.50466 1 1 1
v -0.066039 0.885101 3.50389 1 1 1
v -0.0292817 0.883396 3.50498 1 1 1
v -0.0097605 0.883263 3.50506 1 1 1
v 0.00976062 0.883263 3.50506 1 1 1
v 0.0292817 0.883396 3.50498 1 1 1
v 0.048803 0.883892 3.50466 1 1 1
v 0.0660388 0.885101 3.50389 1 1 1
v -0.107366 0.899221 3.49493 1 1 1
v -0.109773 0.901583 3.49343 1 1 1
v -0.0878452 0.888877 3.5015 1 1 1
v -0.0683241 0.885263 3.50379 1 1 1
v 0.0683241 0.885263 3.50379 1 1 1
v 0.0878453 0.888877 3.5015 1 1 1
v 0.107366 0.899221 3.49493 1 1 1
v 0.109773 0.901583 3.49343 1 1 1
v -0.11818 0.918064 3.48297 1 1 1
v 0.11818 0.918064 3.48297 1 1 1
v -0.12123 0.934546 3.47251 1 1 1
v 0.12123 0.934546 3.47251 1 1 1
v -0.122451 0.951028 3.46205 1 1 1
v 0.122451 0.951028 3.46205 1 1 1
v -0.122973 0.96751 3.45159 1 1 1
v 0.122973 0.96751 3.45159 1 1 1
v -0.123253 0.983992 3.44113 1 1 1
v 0.123254 0.983992 3.44113 1 1 1
v -0.123542 1.00047 3.43067 1 1 1
v 0.123542 1.00047 3.43067 1 1 1
v -0.123956 1.01696 3.42021 1 1 1
v 0.123956 1.01696 3.42021 1 1 1
v -0.34162 1.02498 3.41512 1 1 1
v -0.353995 1.03344 3.40975 1 1 1
v -0.322099 1.01766 3.41976 1 1 1
v -0.302578 1.01925 3.41875 1 1 1
v -0.283057 1.02994 3.41197 1 1 1
v -0.277357 1.03344 3.40975 1 1 1
v -0.124544 1.03344 3.40975 1 1 1
v 0.124544 1.03344 3.40975 1 1 1
v 0.283057 1.02994 3.41197 1 1 1
v 0.277356 1.03344 3.40975 1 1 1
v 0.302578 1.01925 3.41875 1 1 1
v 0.322099 1.01766 3.41976 1 1 1
v 0.34162 1.02498 3.41512 1 1 1
v 0.353995 1.03344 3.40975 1 1 1
v -0.361142 1.03802 3.40684 1 1 1
v -0.375524 1.04992 3.39929 1 1 1
v -0.263536 1.03935 3.40599 1 1 1
v -0.244015 1.04319 3.40356 1 1 1
v -0.224493 1.04607 3.40173 1 1 1
v -0.214748 1.04992 3.39929 1 1 1
v -0.125365 1.04992 3.39929 1 1 1
v 0.125365 1.04992 3.39929 1 1 1
v 0.224494 1.04607 3.40173 1 1 1
v 0.214749 1.04992 3.39929 1 1 1
v 0.244015 1.04319 3.40356 1 1 1
v 0.263536 1.03935 3.40599 1 1 1
v 0.361142 1.03802 3.40684 1 1 1
v 0.375524 1.04992 3.39929 1 1 1
v -0.380663 1.05402 3.39669 1 1 1
v -0.394553 1.0664 3.38883 1 1 1
v -0.204972 1.05509 3.396 1 1 1
v -0.196528 1.0664 3.38883 1 1 1
v -0.126538 1.0664 3.38883 1 1 1
v 0.126539 1.0664 3.38883 1 1 1
v 0.204972 1.05509 3.396 1 1 1
v 0.196528 1.0664 3.38883 1 1 1
v 0.380663 1.05402 3.39669 1 1 1
v 0.394553 1.0664 3.38883 1 1 1
v -0.400184 1.07136 3.38568 1 1 1
v -0.41282 1.08288 3.37837 1 1 1
v -0.191141 1.08288 3.37837 1 1 1
v -0.126888 1.06988 3.38662 1 1 1
v -0.12914 1.08288 3.37837 1 1 1
v 0.126888 1.06988 3.38662 1 1 1
v 0.12914 1.08288 3.37837 1 1 1
v 0.191141 1.08288 3.37837 1 1 1
v 0.400184 1.07136 3.38568 1 1 1
v 0.412821 1.08288 3.37837 1 1 1
v -0.419705 1.08914 3.37439 1 1 1
v -0.43086 1.09937 3.36791 1 1 1
v -0.189077 1.09937 3.36791 1 1 1
v -0.13247 1.09937 3.36791 1 1 1
v 0.13247 1.09937 3.36791 1 1 1
v 0.189078 1.09937 3.36791 1 1 1
v 0.419705 1.08914 3.37439 1 1 1
v 0.43086 1.09937 3.36791 1 1 1
v -0.439226 1.10708 3.36301 1 1 1
v -0.448719 1.11585 3.35744 1 1 1
v -0.188243 1.11585 3.35744 1 1 1
v -0.136115 1.11585 3.35744 1 1 1
v 0.136115 1.11585 3.35744 1 1 1
v 0.188243 1.11585 3.35744 1 1 1
v 0.439226 1.10708 3.36301 1 1 1
v 0.448719 1.11585 3.35744 1 1 1
v -0.458747 1.12519 3.35151 1 1 1
v -0.466358 1.13233 3.34698 1 1 1
v -0.187781 1.13233 3.34698 1 1 1
v -0.140063 1.13233 3.34698 1 1 1
v 0.140063 1.13233 3.34698 1 1 1
v 0.187781 1.13233 3.34698 1 1 1
v 0.458748 1.12519 3.35151 1 1 1
v 0.466358 1.13233 3.34698 1 1 1
v -0.478269 1.1436 3.33983 1 1 1
v -0.483752 1.14881 3.33652 1 1 1
v -0.187204 1.14881 3.33652 1 1 1
v -0.14432 1.14881 3.33652 1 1 1
v 0.14432 1.14881 3.33652 1 1 1
v 0.187204 1.14881 3.33652 1 1 1
v 0.478269 1.1436 3.33983 1 1 1
v 0.483752 1.14881 3.33652 1 1 1
v -0.49779 1.16222 3.32802 1 1 1
v -0.501002 1.16529 3.32606 1 1 1
v -0.186141 1.16529 3.32606 1 1 1
v -0.146409 1.1569 3.33139 1 1 1
v -0.151712 1.16529 3.32606 1 1 1
v 0.146409 1.1569 3.33139 1 1 1
v 0.151712 1.16529 3.32606 1 1 1
v 0.186141 1.16529 3.32606 1 1 1
v 0.49779 1.16222 3.32802 1 1 1
v 0.501002 1.16529 3.32606 1 1 1
v -0.517311 1.18099 3.3161 1 1 1
v -0.518123 1.18177 3.3156 1 1 1
v -0.185451 1.17229 3.32162 1 1 1
v -0.180787 1.18177 3.3156 1 1 1
v -0.15919 1.18177 3.3156 1 1 1
v 0.15919 1.18177 3.3156 1 1 1
v 0.185451 1.17229 3.32162 1 1 1
v 0.180787 1.18177 3.3156 1 1 1
v 0.517311 1.18099 3.3161 1 1 1
v 0.518123 1.18177 3.3156 1 1 1
v -0.535003 1.19826 3.30514 1 1 1
v -0.17116 1.19826 3.30514 1 1 1
v -0.163317 1.19826 3.30514 1 1 1
v 0.163317 1.19826 3.30514 1 1 1
v 0.17116 1.19826 3.30514 1 1 1
v 0.535003 1.19826 3.30514 1 1 1
v -0.536832 1.20013 3.30395 1 1 1
v -0.551387 1.21474 3.29468 1 1 1
v -0.171699 1.21474 3.29468 1 1 1
v -0.15797 1.21474 3.29468 1 1 1
v 0.15797 1.21474 3.29468 1 1 1
v 0.171699 1.21474 3.29468 1 1 1
v 0.536832 1.20013 3.30395 1 1 1
v 0.551387 1.21474 3.29468 1 1 1
v -0.556353 1.22023 3.29119 1 1 1
v -0.566531 1.23122 3.28422 1 1 1
v -0.182331 1.23122 3.28422 1 1 1
v -0.146409 1.21864 3.2922 1 1 1
v -0.126888 1.22479 3.2883 1 1 1
v -0.107366 1.22766 3.28648 1 1 1
v -0.0878452 1.22977 3.28514 1 1 1
v -0.0768798 1.23122 3.28422 1 1 1
v 0.0878453 1.22977 3.28514 1 1 1
v 0.0768798 1.23122 3.28422 1 1 1
v 0.107366 1.22766 3.28648 1 1 1
v 0.126888 1.22479 3.2883 1 1 1
v 0.146409 1.21864 3.2922 1 1 1
v 0.182331 1.23122 3.28422 1 1 1
v 0.556353 1.22023 3.29119 1 1 1
v 0.566531 1.23122 3.28422 1 1 1
v -0.575874 1.24331 3.27655 1 1 1
v -0.579344 1.2477 3.27376 1 1 1
v -0.185451 1.23385 3.28255 1 1 1
v -0.196503 1.2477 3.27376 1 1 1
v -0.0683241 1.23262 3.28333 1 1 1
v -0.0488029 1.23688 3.28063 1 1 1
v -0.0292817 1.24102 3.278 1 1 1
v -0.0097605 1.24358 3.27637 1 1 1
v 0.00976062 1.24358 3.27637 1 1 1
v 0.0292817 1.24102 3.278 1 1 1
v 0.048803 1.23688 3.28063 1 1 1
v 0.0683241 1.23262 3.28333 1 1 1
v 0.185451 1.23385 3.28255 1 1 1
v 0.196503 1.2477 3.27376 1 1 1
v 0.575874 1.24331 3.27655 1 1 1
v 0.579344 1.2477 3.27376 1 1 1
v -0.586939 1.26418 3.2633 1 1 1
v -0.224493 1.26265 3.26427 1 1 1
v -0.228585 1.26418 3.2633 1 1 1
v -0.204972 1.25286 3.27049 1 1 1
v 0.204972 1.25286 3.27049 1 1 1
v 0.224494 1.26265 3.26427 1 1 1
v 0.228586 1.26418 3.2633 1 1 1
v 0.586939 1.26418 3.2633 1 1 1
v -0.58505 1.28067 3.25284 1 1 1
v -0.283057 1.27842 3.25426 1 1 1
v -0.295168 1.28067 3.25284 1 1 1
v -0.263536 1.27438 3.25683 1 1 1
v -0.244015 1.26928 3.26007 1 1 1
v 0.244015 1.26928 3.26007 1 1 1
v 0.263536 1.27438 3.25683 1 1 1
v 0.283057 1.27842 3.25426 1 1 1
v 0.295168 1.28067 3.25284 1 1 1
v 0.58505 1.28067 3.25284 1 1 1
v -0.575874 1.28855 3.24784 1 1 1
v -0.556353 1.29634 3.24289 1 1 1
v -0.552352 1.29715 3.24238 1 1 1
v -0.361142 1.29445 3.24409 1 1 1
v -0.377142 1.29715 3.24238 1 1 1
v -0.34162 1.29084 3.24638 1 1 1
v -0.322099 1.28684 3.24892 1 1 1
v -0.302578 1.28239 3.25175 1 1 1
v 0.302578 1.28239 3.25175 1 1 1
v 0.322099 1.28684 3.24892 1 1 1
v 0.34162 1.29084 3.24638 1 1 1
v 0.361142 1.29445 3.24409 1 1 1
v 0.377142 1.29715 3.24238 1 1 1
v 0.556353 1.29634 3.24289 1 1 1
v 0.552352 1.29715 3.24238 1 1 1
v 0.575874 1.28855 3.24784 1 1 1
v -0.536832 1.29934 3.24099 1 1 1
v -0.517311 1.30105 3.2399 1 1 1
v -0.49779 1.30231 3.2391 1 1 1
v -0.478269 1.30347 3.23837 1 1 1
v -0.458747 1.3044 3.23778 1 1 1
v -0.439226 1.30457 3.23767 1 1 1
v -0.419705 1.3036 3.23829 1 1 1
v -0.400184 1.30133 3.23972 1 1 1
v -0.380663 1.2979 3.2419 1 1 1
v 0.380663 1.2979 3.2419 1 1 1
v 0.400184 1.30133 3.23972 1 1 1
v 0.419705 1.3036 3.23829 1 1 1
v 0.439226 1.30457 3.23767 1 1 1
v 0.458748 1.3044 3.23778 1 1 1
v 0.478269 1.30347 3.23837 1 1 1
v 0.49779 1.30231 3.2391 1 1 1
v 0.517311 1.30105 3.2399 1 1 1
v 0.536832 1.29934 3.24099 1 1 1
v -0.0878452 0.987248 3.64254 1 1 1
v -0.0997483 0.99364 3.63811 1 1 1
v -0.0683241 0.982533 3.6458 1 1 1
v -0.0488029 0.980728 3.64706 1 1 1
v -0.0292817 0.980096 3.64749 1 1 1
v -0.0097605 0.979917 3.64762 1 1 1
v 0.00976062 0.979917 3.64762 1 1 1
v 0.0292817 0.980096 3.64749 1 1 1
v 0.048803 0.980728 3.64706 1 1 1
v 0.0683241 0.982533 3.6458 1 1 1
v 0.0878453 0.987248 3.64254 1 1 1
v 0.0997483 0.99364 3.63811 1 1 1
v -0.107366 1.00108 3.63295 1 1 1
v -0.112676 1.00969 3.62699 1 1 1
v 0.107366 1.00108 3.63295 1 1 1
v 0.112676 1.00969 3.62699 1 1 1
v -0.117722 1.02573 3.61587 1 1 1
v 0.117722 1.02573 3.61587 1 1 1
v -0.120196 1.04177 3.60475 1 1 1
v 0.120196 1.04177 3.60475 1 1 1
v -0.121516 1.05782 3.59363 1 1 1
v 0.121516 1.05782 3.59363 1 1 1
v -0.122326 1.07386 3.58251 1 1 1
v 0.122326 1.07386 3.58251 1 1 1
v -0.12299 1.08991 3.57139 1 1 1
v 0.12299 1.08991 3.57139 1 1 1
v -0.123685 1.10595 3.56027 1 1 1
v 0.123686 1.10595 3.56027 1 1 1
v -0.322099 1.11759 3.55221 1 1 1
v -0.33604 1.122 3.54915 1 1 1
v -0.302578 1.11977 3.55069 1 1 1
v -0.297821 1.122 3.54915 1 1 1
v -0.124493 1.122 3.54915 1 1 1
v 0.124493 1.122 3.54915 1 1 1
v 0.302578 1.11977 3.55069 1 1 1
v 0.297821 1.122 3.54915 1 1 1
v 0.322099 1.11759 3.55221 1 1 1
v 0.33604 1.122 3.54915 1 1 1
v -0.361142 1.1354 3.53986 1 1 1
v -0.364518 1.13804 3.53803 1 1 1
v -0.34162 1.12362 3.54803 1 1 1
v -0.283057 1.128 3.54499 1 1 1
v -0.263536 1.13333 3.5413 1 1 1
v -0.244015 1.13451 3.54048 1 1 1
v -0.224493 1.13574 3.53963 1 1 1
v -0.217433 1.13804 3.53803 1 1 1
v -0.125486 1.13804 3.53803 1 1 1
v 0.125486 1.13804 3.53803 1 1 1
v 0.224494 1.13574 3.53963 1 1 1
v 0.217434 1.13804 3.53803 1 1 1
v 0.244015 1.13451 3.54048 1 1 1
v 0.263536 1.13333 3.5413 1 1 1
v 0.283057 1.128 3.54499 1 1 1
v 0.34162 1.12362 3.54803 1 1 1
v 0.361142 1.1354 3.53986 1 1 1
v 0.364518 1.13804 3.53803 1 1 1
v -0.380663 1.15025 3.52957 1 1 1
v -0.385214 1.15409 3.52691 1 1 1
v -0.204972 1.14352 3.53424 1 1 1
v -0.196672 1.15409 3.52691 1 1 1
v -0.126795 1.15409 3.52691 1 1 1
v 0.126796 1.15409 3.52691 1 1 1
v 0.204972 1.14352 3.53424 1 1 1
v 0.196672 1.15409 3.52691 1 1 1
v 0.380663 1.15025 3.52957 1 1 1
v 0.385214 1.15409 3.52691 1 1 1
v -0.400184 1.16657 3.51826 1 1 1
v -0.404315 1.17013 3.51579 1 1 1
v -0.191302 1.17013 3.51579 1 1 1
v -0.126888 1.15492 3.52634 1 1 1
v -0.129778 1.17013 3.51579 1 1 1
v 0.126888 1.15492 3.52634 1 1 1
v 0.129778 1.17013 3.51579 1 1 1
v 0.191302 1.17013 3.51579 1 1 1
v 0.400184 1.16657 3.51826 1 1 1
v 0.404315 1.17013 3.51579 1 1 1
v -0.419705 1.1834 3.5066 1 1 1
v -0.422902 1.18618 3.50467 1 1 1
v -0.189386 1.18618 3.50467 1 1 1
v -0.133155 1.18618 3.50467 1 1 1
v 0.133155 1.18618 3.50467 1 1 1
v 0.189386 1.18618 3.50467 1 1 1
v 0.419705 1.1834 3.5066 1 1 1
v 0.422902 1.18618 3.50467 1 1 1
v -0.439226 1.20055 3.49471 1 1 1
v -0.441116 1.20222 3.49355 1 1 1
v -0.188738 1.20222 3.49355 1 1 1
v -0.136767 1.20222 3.49355 1 1 1
v 0.136767 1.20222 3.49355 1 1 1
v 0.188739 1.20222 3.49355 1 1 1
v 0.439226 1.20055 3.49471 1 1 1
v 0.441116 1.20222 3.49355 1 1 1
v -0.458747 1.21815 3.48252 1 1 1
v -0.458879 1.21827 3.48243 1 1 1
v -0.188498 1.21827 3.48243 1 1 1
v -0.140616 1.21827 3.48243 1 1 1
v 0.140617 1.21827 3.48243 1 1 1
v 0.188498 1.21827 3.48243 1 1 1
v 0.458748 1.21815 3.48252 1 1 1
v 0.458879 1.21827 3.48243 1 1 1
v -0.476099 1.23431 3.47132 1 1 1
v -0.188195 1.23431 3.47132 1 1 1
v -0.144723 1.23431 3.47132 1 1 1
v 0.144724 1.23431 3.47132 1 1 1
v 0.188195 1.23431 3.47132 1 1 1
v 0.476099 1.23431 3.47132 1 1 1
v -0.478269 1.23637 3.46989 1 1 1
v -0.492999 1.25036 3.4602 1 1 1
v -0.187468 1.25036 3.4602 1 1 1
v -0.146409 1.24096 3.46671 1 1 1
v -0.151891 1.25036 3.4602 1 1 1
v 0.146409 1.24096 3.46671 1 1 1
v 0.151891 1.25036 3.4602 1 1 1
v 0.187469 1.25036 3.4602 1 1 1
v 0.478269 1.23637 3.46989 1 1 1
v 0.492999 1.25036 3.4602 1 1 1
v -0.49779 1.25498 3.45699 1 1 1
v -0.509652 1.2664 3.44908 1 1 1
v -0.186148 1.2664 3.44908 1 1 1
v -0.158374 1.2664 3.44908 1 1 1
v 0.158374 1.2664 3.44908 1 1 1
v 0.186148 1.2664 3.44908 1 1 1
v 0.49779 1.25498 3.45699 1 1 1
v 0.509652 1.2664 3.44908 1 1 1
v -0.517311 1.27397 3.44383 1 1 1
v -0.525972 1.28245 3.43796 1 1 1
v -0.185451 1.27451 3.44345 1 1 1
v -0.180713 1.28245 3.43796 1 1 1
v -0.161165 1.28245 3.43796 1 1 1
v 0.161165 1.28245 3.43796 1 1 1
v 0.185451 1.27451 3.44345 1 1 1
v 0.180713 1.28245 3.43796 1 1 1
v 0.517311 1.27397 3.44383 1 1 1
v 0.525972 1.28245 3.43796 1 1 1
v -0.536832 1.29357 3.43025 1 1 1
v -0.541717 1.29849 3.42684 1 1 1
v -0.181689 1.29849 3.42684 1 1 1
v -0.153269 1.29849 3.42684 1 1 1
v 0.153269 1.29849 3.42684 1 1 1
v 0.181689 1.29849 3.42684 1 1 1
v 0.536832 1.29357 3.43025 1 1 1
v 0.541716 1.29849 3.42684 1 1 1
v -0.556142 1.31454 3.41572 1 1 1
v -0.185451 1.30272 3.42391 1 1 1
v -0.188852 1.31454 3.41572 1 1 1
v -0.146409 1.30133 3.42487 1 1 1
v -0.126888 1.30847 3.41992 1 1 1
v -0.107366 1.31152 3.41781 1 1 1
v -0.0878452 1.31351 3.41643 1 1 1
v -0.0792029 1.31454 3.41572 1 1 1
v 0.0878453 1.31351 3.41643 1 1 1
v 0.0792029 1.31454 3.41572 1 1 1
v 0.107366 1.31152 3.41781 1 1 1
v 0.126888 1.30847 3.41992 1 1 1
v 0.146409 1.30133 3.42487 1 1 1
v 0.185451 1.30272 3.42391 1 1 1
v 0.188852 1.31454 3.41572 1 1 1
v 0.556142 1.31454 3.41572 1 1 1
v -0.556353 1.31486 3.4155 1 1 1
v -0.567261 1.33058 3.4046 1 1 1
v -0.204557 1.33058 3.4046 1 1 1
v -0.0683241 1.31614 3.41461 1 1 1
v -0.0488029 1.31985 3.41204 1 1 1
v -0.0292817 1.32347 3.40953 1 1 1
v -0.0097605 1.32571 3.40797 1 1 1
v 0.00976062 1.32571 3.40797 1 1 1
v 0.0292817 1.32347 3.40953 1 1 1
v 0.048803 1.31985 3.41204 1 1 1
v 0.0683241 1.31614 3.41461 1 1 1
v 0.204556 1.33058 3.4046 1 1 1
v 0.556353 1.31486 3.4155 1 1 1
v 0.567261 1.33058 3.4046 1 1 1
v -0.572915 1.34662 3.39348 1 1 1
v -0.224493 1.34171 3.39688 1 1 1
v -0.237916 1.34662 3.39348 1 1 1
v -0.204972 1.33082 3.40443 1 1 1
v 0.204972 1.33082 3.40443 1 1 1
v 0.224494 1.34171 3.39688 1 1 1
v 0.237916 1.34662 3.39348 1 1 1
v 0.572915 1.34662 3.39348 1 1 1
v -0.564939 1.36267 3.38236 1 1 1
v -0.302578 1.36202 3.38281 1 1 1
v -0.306154 1.36267 3.38236 1 1 1
v -0.283057 1.3584 3.38532 1 1 1
v -0.263536 1.35412 3.38828 1 1 1
v -0.244015 1.34862 3.3921 1 1 1
v 0.244015 1.34862 3.3921 1 1 1
v 0.263536 1.35412 3.38828 1 1 1
v 0.283057 1.3584 3.38532 1 1 1
v 0.302578 1.36202 3.38281 1 1 1
v 0.306154 1.36267 3.38236 1 1 1
v 0.564939 1.36267 3.38236 1 1 1
v -0.556353 1.36712 3.37928 1 1 1
v -0.536832 1.37278 3.37535 1 1 1
v -0.517311 1.37605 3.37309 1 1 1
v -0.49779 1.37853 3.37137 1 1 1
v -0.496457 1.37871 3.37124 1 1 1
v -0.380663 1.37744 3.37213 1 1 1
v -0.389898 1.37871 3.37124 1 1 1
v -0.361142 1.37421 3.37436 1 1 1
v -0.34162 1.37054 3.3769 1 1 1
v -0.322099 1.3664 3.37977 1 1 1
v 0.322099 1.3664 3.37977 1 1 1
v 0.34162 1.37054 3.3769 1 1 1
v 0.361142 1.37421 3.37436 1 1 1
v 0.380663 1.37744 3.37213 1 1 1
v 0.389898 1.37871 3.37124 1 1 1
v 0.49779 1.37853 3.37137 1 1 1
v 0.496457 1.37871 3.37124 1 1 1
v 0.517311 1.37605 3.37309 1 1 1
v 0.536832 1.37278 3.37535 1 1 1
v 0.556353 1.36712 3.37928 1 1 1
v -0.478269 1.38061 3.36993 1 1 1
v -0.458747 1.38238 3.3687 1 1 1
v -0.439226 1.38319 3.36814 1 1 1
v -0.419705 1.3826 3.36855 1 1 1
v -0.400184 1.3805 3.37 1 1 1
v 0.400184 1.3805 3.37 1 1 1
v 0.419705 1.3826 3.36855 1 1 1
v 0.439226 1.38319 3.36814 1 1 1
v 0.458748 1.38238 3.3687 1 1 1
v 0.478269 1.38061 3.36993 1 1 1
v -0.0878452 1.09287 3.78166 1 1 1
v -0.0887133 1.09331 3.78133 1 1 1
v -0.0683241 1.08724 3.78603 1 1 1
v -0.0488029 1.08493 3.78782 1 1 1
v -0.0292817 1.08406 3.78849 1 1 1
v -0.0097605 1.0838 3.78869 1 1 1
v 0.00976062 1.0838 3.78869 1 1 1
v 0.0292817 1.08406 3.78849 1 1 1
v 0.048803 1.08493 3.78782 1 1 1
v 0.0683241 1.08724 3.78603 1 1 1
v 0.0878453 1.09287 3.78166 1 1 1
v 0.0887133 1.09331 3.78133 1 1 1
v -0.106999 1.10874 3.76937 1 1 1
v 0.106999 1.10874 3.76937 1 1 1
v -0.107366 1.10936 3.7689 1 1 1
v -0.114265 1.12418 3.75742 1 1 1
v 0.107366 1.10936 3.7689 1 1 1
v 0.114265 1.12418 3.75742 1 1 1
v -0.118101 1.13961 3.74547 1 1 1
v 0.118101 1.13961 3.74547 1 1 1
v -0.120258 1.15505 3.73352 1 1 1
v 0.120258 1.15505 3.73352 1 1 1
v -0.121596 1.17048 3.72157 1 1 1
v 0.121596 1.17048 3.72157 1 1 1
v -0.122612 1.18592 3.70962 1 1 1
v 0.122612 1.18592 3.70962 1 1 1
v -0.123555 1.20135 3.69766 1 1 1
v 0.123555 1.20135 3.69766 1 1 1
v -0.124543 1.21679 3.68571 1 1 1
v 0.124544 1.21679 3.68571 1 1 1
v -0.34162 1.22807 3.67698 1 1 1
v -0.349199 1.23222 3.67376 1 1 1
v -0.322099 1.22328 3.68068 1 1 1
v -0.302578 1.22549 3.67897 1 1 1
v -0.283057 1.23096 3.67474 1 1 1
v -0.271029 1.23222 3.67376 1 1 1
v -0.244015 1.23162 3.67423 1 1 1
v -0.254709 1.23222 3.67376 1 1 1
v -0.224493 1.23138 3.67442 1 1 1
v -0.221244 1.23222 3.67376 1 1 1
v -0.125673 1.23222 3.67376 1 1 1
v 0.125673 1.23222 3.67376 1 1 1
v 0.224494 1.23138 3.67442 1 1 1
v 0.221244 1.23222 3.67376 1 1 1
v 0.244015 1.23162 3.67423 1 1 1
v 0.25471 1.23222 3.67376 1 1 1
v 0.283057 1.23096 3.67474 1 1 1
v 0.271029 1.23222 3.67376 1 1 1
v 0.302578 1.22549 3.67897 1 1 1
v 0.322099 1.22328 3.68068 1 1 1
v 0.34162 1.22807 3.67698 1 1 1
v 0.349199 1.23222 3.67376 1 1 1
v -0.361142 1.23834 3.66903 1 1 1
v -0.37454 1.24766 3.66181 1 1 1
v -0.263536 1.23269 3.6734 1 1 1
v -0.204972 1.23796 3.66932 1 1 1
v -0.196871 1.24766 3.66181 1 1 1
v -0.126888 1.24538 3.66357 1 1 1
v -0.127261 1.24766 3.66181 1 1 1
v 0.126888 1.24538 3.66357 1 1 1
v 0.127261 1.24766 3.66181 1 1 1
v 0.204972 1.23796 3.66932 1 1 1
v 0.196871 1.24766 3.66181 1 1 1
v 0.263536 1.23269 3.6734 1 1 1
v 0.361142 1.23834 3.66903 1 1 1
v 0.37454 1.24766 3.66181 1 1 1
v -0.380663 1.25177 3.65863 1 1 1
v -0.39536 1.26309 3.64986 1 1 1
v -0.191504 1.26309 3.64986 1 1 1
v -0.130412 1.26309 3.64986 1 1 1
v 0.130412 1.26309 3.64986 1 1 1
v 0.191504 1.26309 3.64986 1 1 1
v 0.380663 1.25177 3.65863 1 1 1
v 0.39536 1.26309 3.64986 1 1 1
v -0.400184 1.26676 3.64702 1 1 1
v -0.414933 1.27853 3.63791 1 1 1
v -0.189723 1.27853 3.63791 1 1 1
v -0.13379 1.27853 3.63791 1 1 1
v 0.13379 1.27853 3.63791 1 1 1
v 0.189723 1.27853 3.63791 1 1 1
v 0.400184 1.26676 3.64702 1 1 1
v 0.414933 1.27853 3.63791 1 1 1
v -0.419705 1.28238 3.63493 1 1 1
v -0.433767 1.29396 3.62596 1 1 1
v -0.189248 1.29396 3.62596 1 1 1
v -0.13734 1.29396 3.62596 1 1 1
v 0.13734 1.29396 3.62596 1 1 1
v 0.189249 1.29396 3.62596 1 1 1
v 0.419705 1.28238 3.63493 1 1 1
v 0.433768 1.29396 3.62596 1 1 1
v -0.439226 1.2986 3.62236 1 1 1
v -0.451743 1.3094 3.614 1 1 1
v -0.189216 1.3094 3.614 1 1 1
v -0.141081 1.3094 3.614 1 1 1
v 0.141081 1.3094 3.614 1 1 1
v 0.189216 1.3094 3.614 1 1 1
v 0.439226 1.2986 3.62236 1 1 1
v 0.451743 1.3094 3.614 1 1 1
v -0.458747 1.31569 3.60913 1 1 1
v -0.468799 1.32483 3.60205 1 1 1
v -0.189171 1.32483 3.60205 1 1 1
v -0.145043 1.32483 3.60205 1 1 1
v 0.145043 1.32483 3.60205 1 1 1
v 0.189171 1.32483 3.60205 1 1 1
v 0.458748 1.31569 3.60913 1 1 1
v 0.468799 1.32483 3.60205 1 1 1
v -0.478269 1.33369 3.5952 1 1 1
v -0.485269 1.34027 3.5901 1 1 1
v -0.188769 1.34027 3.5901 1 1 1
v -0.146409 1.33024 3.59787 1 1 1
v -0.151961 1.34027 3.5901 1 1 1
v 0.146409 1.33024 3.59787 1 1 1
v 0.151961 1.34027 3.5901 1 1 1
v 0.188769 1.34027 3.5901 1 1 1
v 0.478269 1.33369 3.5952 1 1 1
v 0.485269 1.34027 3.5901 1 1 1
v -0.49779 1.35226 3.58082 1 1 1
v -0.501383 1.3557 3.57815 1 1 1
v -0.187869 1.3557 3.57815 1 1 1
v -0.157695 1.3557 3.57815 1 1 1
v 0.157695 1.3557 3.57815 1 1 1
v 0.187869 1.3557 3.57815 1 1 1
v 0.49779 1.35226 3.58082 1 1 1
v 0.501383 1.3557 3.57815 1 1 1
v -0.517068 1.37114 3.5662 1 1 1
v -0.186967 1.37114 3.5662 1 1 1
v -0.159568 1.37114 3.5662 1 1 1
v 0.159568 1.37114 3.5662 1 1 1
v 0.186967 1.37114 3.5662 1 1 1
v 0.517068 1.37114 3.5662 1 1 1
v -0.517311 1.3714 3.56599 1 1 1
v -0.53179 1.38657 3.55425 1 1 1
v -0.187803 1.38657 3.55425 1 1 1
v -0.150524 1.38657 3.55425 1 1 1
v 0.150524 1.38657 3.55425 1 1 1
v 0.187803 1.38657 3.55425 1 1 1
v 0.517311 1.3714 3.56599 1 1 1
v 0.53179 1.38657 3.55425 1 1 1
v -0.536832 1.3927 3.5495 1 1 1
v -0.544793 1.40201 3.54229 1 1 1
v -0.193945 1.40201 3.54229 1 1 1
v -0.146409 1.38848 3.55277 1 1 1
v -0.126888 1.39629 3.54673 1 1 1
v -0.107366 1.39945 3.54427 1 1 1
v -0.0878452 1.40133 3.54282 1 1 1
v -0.0814221 1.40201 3.54229 1 1 1
v 0.0878453 1.40133 3.54282 1 1 1
v 0.0814222 1.40201 3.54229 1 1 1
v 0.107366 1.39945 3.54427 1 1 1
v 0.126888 1.39629 3.54673 1 1 1
v 0.146409 1.38848 3.55277 1 1 1
v 0.193945 1.40201 3.54229 1 1 1
v 0.536832 1.3927 3.5495 1 1 1
v 0.544793 1.40201 3.54229 1 1 1
v -0.554577 1.41744 3.53034 1 1 1
v -0.204972 1.41216 3.53443 1 1 1
v -0.210599 1.41744 3.53034 1 1 1
v -0.0683241 1.40373 3.54096 1 1 1
v -0.0488029 1.40693 3.53848 1 1 1
v -0.0292817 1.41005 3.53607 1 1 1
v -0.0097605 1.41198 3.53457 1 1 1
v 0.00976062 1.41198 3.53457 1 1 1
v 0.0292817 1.41005 3.53607 1 1 1
v 0.048803 1.40693 3.53848 1 1 1
v 0.0683241 1.40373 3.54096 1 1 1
v 0.204972 1.41216 3.53443 1 1 1
v 0.210599 1.41744 3.53034 1 1 1
v 0.554577 1.41744 3.53034 1 1 1
v -0.556353 1.43008 3.52055 1 1 1
v -0.55677 1.43288 3.51839 1 1 1
v -0.244015 1.43211 3.51899 1 1 1
v -0.246791 1.43288 3.51839 1 1 1
v -0.224493 1.42492 3.52456 1 1 1
v 0.224494 1.42492 3.52456 1 1 1
v 0.244015 1.43211 3.51899 1 1 1
v 0.246791 1.43288 3.51839 1 1 1
v 0.556353 1.43009 3.52055 1 1 1
v 0.55677 1.43288 3.51839 1 1 1
v -0.556353 1.43353 3.51789 1 1 1
v -0.538872 1.44831 3.50644 1 1 1
v -0.302578 1.44594 3.50828 1 1 1
v -0.316026 1.44831 3.50644 1 1 1
v -0.283057 1.44223 3.51115 1 1 1
v -0.263536 1.43776 3.51461 1 1 1
v 0.263536 1.43776 3.51461 1 1 1
v 0.283057 1.44223 3.51115 1 1 1
v 0.302578 1.44594 3.50828 1 1 1
v 0.316026 1.44831 3.50644 1 1 1
v 0.556353 1.43353 3.51789 1 1 1
v 0.538872 1.44831 3.50644 1 1 1
v -0.536832 1.44902 3.50589 1 1 1
v -0.517311 1.45365 3.50231 1 1 1
v -0.49779 1.45729 3.49949 1 1 1
v -0.478269 1.46087 3.49672 1 1 1
v -0.46 1.46375 3.49449 1 1 1
v -0.400184 1.46333 3.49481 1 1 1
v -0.405449 1.46375 3.49449 1 1 1
v -0.380663 1.46077 3.4968 1 1 1
v -0.361142 1.45762 3.49923 1 1 1
v -0.34162 1.45394 3.50208 1 1 1
v -0.322099 1.44971 3.50536 1 1 1
v 0.322099 1.44971 3.50536 1 1 1
v 0.34162 1.45394 3.50208 1 1 1
v 0.361142 1.45762 3.49923 1 1 1
v 0.380663 1.46077 3.4968 1 1 1
v 0.400184 1.46333 3.49481 1 1 1
v 0.405448 1.46375 3.49449 1 1 1
v 0.478269 1.46087 3.49672 1 1 1
v 0.46 1.46375 3.49449 1 1 1
v 0.49779 1.45729 3.49949 1 1 1
v 0.517311 1.45365 3.50231 1 1 1
v 0.536832 1.44902 3.50589 1 1 1
v -0.458747 1.4639 3.49437 1 1 1
v -0.439226 1.46535 3.49325 1 1 1
v -0.419705 1.46515 3.4934 1 1 1
v 0.419705 1.46515 3.4934 1 1 1
v 0.439226 1.46535 3.49325 1 1 1
v 0.458748 1.4639 3.49437 1 1 1
v -0.0683241 1.20087 3.92247 1 1 1
v -0.0735045 1.20228 3.92123 1 1 1
v -0.0488029 1.19816 3.92487 1 1 1
v -0.0292817 1.1971 3.9258 1 1 1
v -0.0097605 1.19677 3.92609 1 1 1
v 0.00976062 1.19677 3.92609 1 1 1
v 0.0292817 1.1971 3.9258 1 1 1
v 0.048803 1.19816 3.92487 1 1 1
v 0.0683241 1.20087 3.92247 1 1 1
v 0.0735045 1.20228 3.92123 1 1 1
v -0.0878452 1.20691 3.91713 1 1 1
v -0.101331 1.21691 3.90831 1 1 1
v 0.0878453 1.20691 3.91713 1 1 1
v 0.101331 1.21691 3.90831 1 1 1
v -0.107366 1.2253 3.9009 1 1 1
v -0.11088 1.23154 3.89539 1 1 1
v 0.107366 1.2253 3.9009 1 1 1
v 0.11088 1.23154 3.89539 1 1 1
v -0.11619 1.24618 3.88246 1 1 1
v 0.11619 1.24618 3.88246 1 1 1
v -0.119216 1.26081 3.86954 1 1 1
v 0.119217 1.26081 3.86954 1 1 1
v -0.121077 1.27544 3.85662 1 1 1
v 0.121077 1.27544 3.85662 1 1 1
v -0.122416 1.29008 3.8437 1 1 1
v 0.122416 1.29008 3.8437 1 1 1
v -0.123568 1.30471 3.83078 1 1 1
v 0.123568 1.30471 3.83078 1 1 1
v -0.124697 1.31934 3.81786 1 1 1
v 0.124697 1.31934 3.81786 1 1 1
v -0.125926 1.33398 3.80494 1 1 1
v 0.125926 1.33398 3.80494 1 1 1
v -0.361142 1.34786 3.79268 1 1 1
v -0.362344 1.34861 3.79202 1 1 1
v -0.34162 1.33922 3.80031 1 1 1
v -0.322099 1.33559 3.80352 1 1 1
v -0.302578 1.33711 3.80217 1 1 1
v -0.283057 1.33898 3.80052 1 1 1
v -0.263536 1.33794 3.80144 1 1 1
v -0.244015 1.33557 3.80354 1 1 1
v -0.224493 1.33442 3.80455 1 1 1
v -0.204972 1.33991 3.7997 1 1 1
v -0.197132 1.34861 3.79202 1 1 1
v -0.126888 1.34326 3.79675 1 1 1
v -0.127868 1.34861 3.79202 1 1 1
v 0.126888 1.34326 3.79675 1 1 1
v 0.127868 1.34861 3.79202 1 1 1
v 0.204972 1.33991 3.7997 1 1 1
v 0.197132 1.34861 3.79202 1 1 1
v 0.224494 1.33442 3.80455 1 1 1
v 0.244015 1.33557 3.80354 1 1 1
v 0.263536 1.33794 3.80144 1 1 1
v 0.283057 1.33898 3.80052 1 1 1
v 0.302578 1.33711 3.80217 1 1 1
v 0.322099 1.33559 3.80352 1 1 1
v 0.34162 1.33922 3.80031 1 1 1
v 0.361142 1.34786 3.79268 1 1 1
v 0.362344 1.34861 3.79202 1 1 1
v -0.380663 1.35966 3.78226 1 1 1
v -0.385845 1.36324 3.7791 1 1 1
v -0.19175 1.36324 3.7791 1 1 1
v -0.131044 1.36324 3.7791 1 1 1
v 0.131044 1.36324 3.7791 1 1 1
v 0.19175 1.36324 3.7791 1 1 1
v 0.380663 1.35966 3.78226 1 1 1
v 0.385845 1.36324 3.7791 1 1 1
v -0.400184 1.37303 3.77046 1 1 1
v -0.406932 1.37788 3.76618 1 1 1
v -0.190091 1.37788 3.76618 1 1 1
v -0.13438 1.37788 3.76618 1 1 1
v 0.13438 1.37788 3.76618 1 1 1
v 0.190091 1.37788 3.76618 1 1 1
v 0.400184 1.37303 3.77046 1 1 1
v 0.406932 1.37788 3.76618 1 1 1
v -0.419705 1.38722 3.75793 1 1 1
v -0.426729 1.39251 3.75326 1 1 1
v -0.189774 1.39251 3.75326 1 1 1
v -0.137844 1.39251 3.75326 1 1 1
v 0.137844 1.39251 3.75326 1 1 1
v 0.189774 1.39251 3.75326 1 1 1
v 0.419705 1.38722 3.75793 1 1 1
v 0.42673 1.39251 3.75326 1 1 1
v -0.439226 1.40238 3.74454 1 1 1
v -0.445105 1.40714 3.74034 1 1 1
v -0.189934 1.40714 3.74034 1 1 1
v -0.141468 1.40714 3.74034 1 1 1
v 0.141468 1.40714 3.74034 1 1 1
v 0.189934 1.40714 3.74034 1 1 1
v 0.439226 1.40238 3.74454 1 1 1
v 0.445105 1.40714 3.74034 1 1 1
v -0.458747 1.4189 3.72996 1 1 1
v -0.462018 1.42178 3.72742 1 1 1
v -0.19013 1.42178 3.72742 1 1 1
v -0.145291 1.42178 3.72742 1 1 1
v 0.145291 1.42178 3.72742 1 1 1
v 0.19013 1.42178 3.72742 1 1 1
v 0.458748 1.4189 3.72996 1 1 1
v 0.462018 1.42178 3.72742 1 1 1
v -0.477971 1.43641 3.7145 1 1 1
v -0.190037 1.43641 3.7145 1 1 1
v -0.146409 1.42615 3.72356 1 1 1
v -0.151948 1.43641 3.7145 1 1 1
v 0.146409 1.42615 3.72356 1 1 1
v 0.151948 1.43641 3.7145 1 1 1
v 0.190037 1.43641 3.7145 1 1 1
v 0.477971 1.43641 3.7145 1 1 1
v -0.478269 1.4367 3.71424 1 1 1
v -0.49329 1.45104 3.70157 1 1 1
v -0.189549 1.45104 3.70157 1 1 1
v -0.157104 1.45104 3.70157 1 1 1
v 0.157104 1.45104 3.70157 1 1 1
v 0.189549 1.45104 3.70157 1 1 1
v 0.478269 1.4367 3.71424 1 1 1
v 0.49329 1.45104 3.70157 1 1 1
v -0.49779 1.45558 3.69757 1 1 1
v -0.507959 1.46568 3.68865 1 1 1
v -0.189248 1.46568 3.68865 1 1 1
v -0.158311 1.46568 3.68865 1 1 1
v 0.158311 1.46568 3.68865 1 1 1
v 0.189248 1.46568 3.68865 1 1 1
v 0.49779 1.45558 3.69757 1 1 1
v 0.507959 1.46568 3.68865 1 1 1
v -0.517311 1.47573 3.67977 1 1 1
v -0.521673 1.48031 3.67573 1 1 1
v -0.191105 1.48031 3.67573 1 1 1
v -0.148654 1.48031 3.67573 1 1 1
v 0.148654 1.48031 3.67573 1 1 1
v 0.191105 1.48031 3.67573 1 1 1
v 0.517311 1.47573 3.67977 1 1 1
v 0.521673 1.48031 3.67573 1 1 1
v -0.533181 1.49494 3.66281 1 1 1
v -0.199196 1.49494 3.66281 1 1 1
v -0.146409 1.48141 3.67476 1 1 1
v -0.126888 1.48957 3.66756 1 1 1
v -0.107366 1.49277 3.66473 1 1 1
v -0.0878452 1.49454 3.66317 1 1 1
v -0.0834804 1.49494 3.66281 1 1 1
v 0.0878453 1.49454 3.66317 1 1 1
v 0.0834805 1.49494 3.66281 1 1 1
v 0.107366 1.49277 3.66473 1 1 1
v 0.126888 1.48957 3.66756 1 1 1
v 0.146409 1.48141 3.67476 1 1 1
v 0.199196 1.49494 3.66281 1 1 1
v 0.533181 1.49494 3.66281 1 1 1
v -0.536832 1.50265 3.65601 1 1 1
v -0.540305 1.50958 3.64989 1 1 1
v -0.204972 1.4997 3.65861 1 1 1
v -0.216413 1.50958 3.64989 1 1 1
v -0.0683241 1.49671 3.66125 1 1 1
v -0.0488029 1.49943 3.65885 1 1 1
v -0.0292817 1.50208 3.65651 1 1 1
v -0.0097605 1.50371 3.65507 1 1 1
v 0.00976062 1.50371 3.65507 1 1 1
v 0.0292817 1.50208 3.65651 1 1 1
v 0.048803 1.49943 3.65885 1 1 1
v 0.0683241 1.49671 3.66125 1 1 1
v 0.204972 1.4997 3.65861 1 1 1
v 0.216413 1.50958 3.64989 1 1 1
v 0.536832 1.50265 3.65601 1 1 1
v 0.540305 1.50958 3.64989 1 1 1
v -0.537552 1.52421 3.63697 1 1 1
v -0.244015 1.52133 3.63951 1 1 1
v -0.254851 1.52421 3.63697 1 1 1
v -0.224493 1.51367 3.64627 1 1 1
v 0.224494 1.51367 3.64627 1 1 1
v 0.244015 1.52133 3.63951 1 1 1
v 0.254851 1.52421 3.63697 1 1 1
v 0.537552 1.52421 3.63697 1 1 1
v -0.536832 1.52481 3.63644 1 1 1
v -0.517311 1.535 3.62744 1 1 1
v -0.506918 1.53884 3.62405 1 1 1
v -0.322099 1.53831 3.62452 1 1 1
v -0.325285 1.53884 3.62405 1 1 1
v -0.302578 1.53499 3.62745 1 1 1
v -0.283057 1.53124 3.63076 1 1 1
v -0.263536 1.52665 3.63481 1 1 1
v 0.263536 1.52665 3.63481 1 1 1
v 0.283057 1.53124 3.63076 1 1 1
v 0.302578 1.53499 3.62745 1 1 1
v 0.322099 1.53831 3.62452 1 1 1
v 0.325285 1.53884 3.62405 1 1 1
v 0.517311 1.535 3.62744 1 1 1
v 0.506918 1.53884 3.62405 1 1 1
v 0.536832 1.52481 3.63644 1 1 1
v -0.49779 1.54095 3.62219 1 1 1
v -0.478269 1.54575 3.61795 1 1 1
v -0.458747 1.54999 3.61421 1 1 1
v -0.439226 1.55238 3.61209 1 1 1
v -0.419705 1.55266 3.61185 1 1 1
v -0.400184 1.55134 3.61301 1 1 1
v -0.380663 1.54902 3.61507 1 1 1
v -0.361142 1.546 3.61773 1 1 1
v -0.34162 1.54235 3.62095 1 1 1
v 0.34162 1.54235 3.62095 1 1 1
v 0.361142 1.546 3.61773 1 1 1
v 0.380663 1.54902 3.61507 1 1 1
v 0.400184 1.55134 3.61301 1 1 1
v 0.419705 1.55266 3.61185 1 1 1
v 0.439226 1.55238 3.61209 1 1 1
v 0.458748 1.54999 3.61421 1 1 1
v 0.478269 1.54575 3.61795 1 1 1
v 0.49779 1.54095 3.62219 1 1 1
v -0.0488029 1.31896 4.05348 1 1 1
v -0.0514632 1.31933 4.05311 1 1 1
v -0.0292817 1.31777 4.05467 1 1 1
v -0.0097605 1.31739 4.05505 1 1 1
v 0.00976062 1.31739 4.05505 1 1 1
v 0.0292817 1.31777 4.05467 1 1 1
v 0.048803 1.31896 4.05348 1 1 1
v 0.0514632 1.31933 4.05311 1 1 1
v -0.0878452 1.32794 4.04453 1 1 1
v -0.0957506 1.33315 4.03933 1 1 1
v -0.0683241 1.32145 4.051 1 1 1
v 0.0683241 1.32145 4.051 1 1 1
v 0.0878453 1.32794 4.04453 1 1 1
v 0.0957506 1.33315 4.03933 1 1 1
v -0.107366 1.34652 4.026 1 1 1
v -0.107674 1.34698 4.02555 1 1 1
v 0.107366 1.34652 4.026 1 1 1
v 0.107674 1.34698 4.02555 1 1 1
v -0.114553 1.3608 4.01177 1 1 1
v 0.114553 1.3608 4.01177 1 1 1
v -0.118463 1.37463 3.99798 1 1 1
v 0.118463 1.37463 3.99798 1 1 1
v -0.120821 1.38845 3.9842 1 1 1
v 0.120821 1.38845 3.9842 1 1 1
v -0.122442 1.40227 3.97042 1 1 1
v 0.122442 1.40227 3.97042 1 1 1
v -0.123753 1.4161 3.95664 1 1 1
v 0.123753 1.4161 3.95664 1 1 1
v -0.124973 1.42992 3.94285 1 1 1
v 0.124973 1.42992 3.94285 1 1 1
v -0.126256 1.44375 3.92907 1 1 1
v 0.126256 1.44375 3.92907 1 1 1
v -0.34162 1.45695 3.91591 1 1 1
v -0.343257 1.45757 3.91529 1 1 1
v -0.322099 1.45407 3.91877 1 1 1
v -0.302578 1.45438 3.91847 1 1 1
v -0.283057 1.45363 3.91921 1 1 1
v -0.263536 1.45056 3.92228 1 1 1
v -0.244015 1.44708 3.92574 1 1 1
v -0.224493 1.44525 3.92757 1 1 1
v -0.204972 1.44989 3.92295 1 1 1
v -0.19747 1.45757 3.91529 1 1 1
v -0.126888 1.44929 3.92354 1 1 1
v -0.128544 1.45757 3.91529 1 1 1
v 0.126888 1.44929 3.92354 1 1 1
v 0.128544 1.45757 3.91529 1 1 1
v 0.204972 1.44989 3.92295 1 1 1
v 0.19747 1.45757 3.91529 1 1 1
v 0.224494 1.44525 3.92757 1 1 1
v 0.244015 1.44708 3.92574 1 1 1
v 0.263536 1.45056 3.92228 1 1 1
v 0.283057 1.45363 3.91921 1 1 1
v 0.302578 1.45438 3.91847 1 1 1
v 0.322099 1.45407 3.91877 1 1 1
v 0.34162 1.45695 3.91591 1 1 1
v 0.343257 1.45757 3.91529 1 1 1
v -0.361142 1.46404 3.90883 1 1 1
v -0.37523 1.4714 3.9015 1 1 1
v -0.19205 1.4714 3.9015 1 1 1
v -0.131677 1.4714 3.9015 1 1 1
v 0.131677 1.4714 3.9015 1 1 1
v 0.19205 1.4714 3.9015 1 1 1
v 0.361142 1.46404 3.90883 1 1 1
v 0.37523 1.4714 3.9015 1 1 1
v -0.380663 1.47414 3.89877 1 1 1
v -0.399201 1.48522 3.88772 1 1 1
v -0.190495 1.48522 3.88772 1 1 1
v -0.134927 1.48522 3.88772 1 1 1
v 0.134927 1.48522 3.88772 1 1 1
v 0.190495 1.48522 3.88772 1 1 1
v 0.380663 1.47414 3.89877 1 1 1
v 0.399201 1.48522 3.88772 1 1 1
v -0.419705 1.49852 3.87446 1 1 1
v -0.420483 1.49905 3.87394 1 1 1
v -0.400184 1.48581 3.88713 1 1 1
v -0.190319 1.49905 3.87394 1 1 1
v -0.13828 1.49905 3.87394 1 1 1
v 0.13828 1.49905 3.87394 1 1 1
v 0.190319 1.49905 3.87394 1 1 1
v 0.400184 1.48581 3.88713 1 1 1
v 0.419705 1.49852 3.87446 1 1 1
v 0.420483 1.49905 3.87394 1 1 1
v -0.439226 1.51266 3.86037 1 1 1
v -0.43951 1.51287 3.86016 1 1 1
v -0.19065 1.51287 3.86016 1 1 1
v -0.141779 1.51287 3.86016 1 1 1
v 0.141779 1.51287 3.86016 1 1 1
v 0.19065 1.51287 3.86016 1 1 1
v 0.439226 1.51266 3.86037 1 1 1
v 0.43951 1.51287 3.86016 1 1 1
v -0.456249 1.52669 3.84637 1 1 1
v -0.191062 1.52669 3.84637 1 1 1
v -0.145467 1.52669 3.84637 1 1 1
v 0.145467 1.52669 3.84637 1 1 1
v 0.191062 1.52669 3.84637 1 1 1
v 0.456249 1.52669 3.84637 1 1 1
v -0.458747 1.52894 3.84413 1 1 1
v -0.471457 1.54052 3.83259 1 1 1
v -0.191251 1.54052 3.83259 1 1 1
v -0.146409 1.53031 3.84277 1 1 1
v -0.151854 1.54052 3.83259 1 1 1
v 0.146409 1.53031 3.84277 1 1 1
v 0.151854 1.54052 3.83259 1 1 1
v 0.191251 1.54052 3.83259 1 1 1
v 0.458748 1.52894 3.84413 1 1 1
v 0.471457 1.54052 3.83259 1 1 1
v -0.478269 1.54709 3.82604 1 1 1
v -0.485829 1.55434 3.81881 1 1 1
v -0.191147 1.55434 3.81881 1 1 1
v -0.156566 1.55434 3.81881 1 1 1
v 0.156566 1.55434 3.81881 1 1 1
v 0.191147 1.55434 3.81881 1 1 1
v 0.478269 1.54709 3.82604 1 1 1
v 0.485829 1.55434 3.81881 1 1 1
v -0.49779 1.56647 3.80672 1 1 1
v -0.499479 1.56817 3.80503 1 1 1
v -0.191433 1.56817 3.80503 1 1 1
v -0.157279 1.56817 3.80503 1 1 1
v 0.157279 1.56817 3.80503 1 1 1
v 0.191433 1.56817 3.80503 1 1 1
v 0.49779 1.56647 3.80672 1 1 1
v 0.499479 1.56817 3.80503 1 1 1
v -0.511585 1.58199 3.79124 1 1 1
v -0.194327 1.58199 3.79124 1 1 1
v -0.147239 1.58199 3.79124 1 1 1
v 0.147239 1.58199 3.79124 1 1 1
v 0.194327 1.58199 3.79124 1 1 1
v 0.511585 1.58199 3.79124 1 1 1
v -0.517311 1.59047 3.78279 1 1 1
v -0.521103 1.59582 3.77746 1 1 1
v -0.204468 1.59582 3.77746 1 1 1
v -0.146409 1.58241 3.79083 1 1 1
v -0.126888 1.59073 3.78253 1 1 1
v -0.107366 1.59394 3.77933 1 1 1
v -0.0878452 1.5956 3.77767 1 1 1
v -0.0852322 1.59582 3.77746 1 1 1
v 0.0878453 1.5956 3.77767 1 1 1
v 0.0852322 1.59582 3.77746 1 1 1
v 0.107366 1.59394 3.77933 1 1 1
v 0.126888 1.59073 3.78253 1 1 1
v 0.146409 1.58241 3.79083 1 1 1
v 0.204468 1.59582 3.77746 1 1 1
v 0.517311 1.59047 3.78279 1 1 1
v 0.521102 1.59582 3.77746 1 1 1
v -0.524814 1.60964 3.76368 1 1 1
v -0.204972 1.59619 3.77709 1 1 1
v -0.222001 1.60964 3.76368 1 1 1
v -0.0683241 1.59756 3.77572 1 1 1
v -0.0488029 1.59989 3.7734 1 1 1
v -0.0292817 1.60212 3.77117 1 1 1
v -0.0097605 1.6035 3.7698 1 1 1
v 0.00976062 1.6035 3.7698 1 1 1
v 0.0292817 1.60212 3.77117 1 1 1
v 0.048803 1.59989 3.7734 1 1 1
v 0.0683241 1.59756 3.77572 1 1 1
v 0.204972 1.59619 3.77709 1 1 1
v 0.222001 1.60964 3.76368 1 1 1
v 0.524814 1.60964 3.76368 1 1 1
v -0.517311 1.62164 3.75172 1 1 1
v -0.515694 1.62346 3.7499 1 1 1
v -0.244015 1.61883 3.75451 1 1 1
v -0.262426 1.62346 3.7499 1 1 1
v -0.224493 1.61082 3.7625 1 1 1
v 0.224494 1.61082 3.7625 1 1 1
v 0.244015 1.61883 3.75451 1 1 1
v 0.262426 1.62346 3.7499 1 1 1
v 0.517311 1.62164 3.75172 1 1 1
v 0.515694 1.62346 3.7499 1 1 1
v -0.49779 1.63128 3.7421 1 1 1
v -0.484398 1.63729 3.73611 1 1 1
v -0.322099 1.63547 3.73792 1 1 1
v -0.333642 1.63729 3.73611 1 1 1
v -0.302578 1.63219 3.74119 1 1 1
v -0.283057 1.62844 3.74494 1 1 1
v -0.263536 1.62376 3.7496 1 1 1
v 0.263536 1.62376 3.7496 1 1 1
v 0.283057 1.62844 3.74494 1 1 1
v 0.302578 1.63219 3.74119 1 1 1
v 0.322099 1.63547 3.73792 1 1 1
v 0.333642 1.63729 3.73611 1 1 1
v 0.49779 1.63128 3.7421 1 1 1
v 0.484398 1.63729 3.73611 1 1 1
v -0.478269 1.63897 3.73444 1 1 1
v -0.458747 1.64436 3.72907 1 1 1
v -0.439226 1.64762 3.72581 1 1 1
v -0.419705 1.64847 3.72497 1 1 1
v -0.400184 1.64751 3.72592 1 1 1
v -0.380663 1.64541 3.72802 1 1 1
v -0.361142 1.64252 3.73089 1 1 1
v -0.34162 1.63893 3.73447 1 1 1
v 0.34162 1.63893 3.73447 1 1 1
v 0.361142 1.64252 3.73089 1 1 1
v 0.380663 1.64541 3.72802 1 1 1
v 0.400184 1.64751 3.72592 1 1 1
v 0.419705 1.64847 3.72497 1 1 1
v 0.439226 1.64762 3.72581 1 1 1
v 0.458748 1.64436 3.72907 1 1 1
v 0.478269 1.63897 3.73444 1 1 1
v -0.0878452 1.46114 4.16938 1 1 1
v -0.0902967 1.46251 4.16774 1 1 1
v -0.0683241 1.45456 4.17728 1 1 1
v -0.0488029 1.45198 4.18038 1 1 1
v -0.0292817 1.45104 4.1815 1 1 1
v -0.0097605 1.45075 4.18185 1 1 1
v 0.00976062 1.45075 4.18185 1 1 1
v 0.0292817 1.45104 4.1815 1 1 1
v 0.048803 1.45198 4.18038 1 1 1
v 0.0683241 1.45456 4.17728 1 1 1
v 0.0878453 1.46114 4.16938 1 1 1
v 0.0902968 1.46251 4.16774 1 1 1
v -0.105212 1.47501 4.15274 1 1 1
v 0.105212 1.47501 4.15274 1 1 1
v -0.107366 1.47831 4.14879 1 1 1
v -0.113226 1.48751 4.13774 1 1 1
v 0.107366 1.47831 4.14879 1 1 1
v 0.113226 1.48751 4.13774 1 1 1
v -0.118023 1.50001 4.12275 1 1 1
v 0.118023 1.50001 4.12275 1 1 1
v -0.120845 1.5125 4.10775 1 1 1
v 0.120845 1.5125 4.10775 1 1 1
v -0.122698 1.525 4.09275 1 1 1
v 0.122698 1.525 4.09275 1 1 1
v -0.124112 1.5375 4.07776 1 1 1
v 0.124112 1.5375 4.07776 1 1 1
v -0.125371 1.54999 4.06276 1 1 1
v 0.125372 1.54999 4.06276 1 1 1
v -0.126663 1.56249 4.04776 1 1 1
v 0.126663 1.56249 4.04776 1 1 1
v -0.263536 1.57121 4.0373 1 1 1
v -0.280766 1.57499 4.03277 1 1 1
v -0.244015 1.56708 4.04226 1 1 1
v -0.224493 1.56483 4.04496 1 1 1
v -0.204972 1.56858 4.04045 1 1 1
v -0.197897 1.57499 4.03277 1 1 1
v -0.126888 1.56424 4.04566 1 1 1
v -0.129286 1.57499 4.03277 1 1 1
v 0.126888 1.56425 4.04566 1 1 1
v 0.129286 1.57499 4.03277 1 1 1
v 0.204972 1.56858 4.04045 1 1 1
v 0.197897 1.57499 4.03277 1 1 1
v 0.224494 1.56483 4.04496 1 1 1
v 0.244015 1.56708 4.04226 1 1 1
v 0.263536 1.57121 4.0373 1 1 1
v 0.280767 1.57499 4.03277 1 1 1
v -0.361142 1.58666 4.01876 1 1 1
v -0.363097 1.58749 4.01777 1 1 1
v -0.34162 1.5811 4.02543 1 1 1
v -0.322099 1.57865 4.02837 1 1 1
v -0.302578 1.57763 4.02959 1 1 1
v -0.283057 1.57548 4.03218 1 1 1
v -0.192409 1.58749 4.01777 1 1 1
v -0.132312 1.58749 4.01777 1 1 1
v 0.132312 1.58749 4.01777 1 1 1
v 0.192409 1.58749 4.01777 1 1 1
v 0.283057 1.57548 4.03218 1 1 1
v 0.302578 1.57763 4.02959 1 1 1
v 0.322099 1.57865 4.02837 1 1 1
v 0.34162 1.5811 4.02543 1 1 1
v 0.361142 1.58666 4.01876 1 1 1
v 0.363097 1.58749 4.01777 1 1 1
v -0.380663 1.59472 4.00908 1 1 1
v -0.391417 1.59998 4.00277 1 1 1
v -0.190938 1.59998 4.00277 1 1 1
v -0.135436 1.59998 4.00277 1 1 1
v 0.135436 1.59998 4.00277 1 1 1
v 0.190938 1.59998 4.00277 1 1 1
v 0.380663 1.59472 4.00908 1 1 1
v 0.391417 1.59998 4.00277 1 1 1
v -0.400184 1.60433 3.99756 1 1 1
v -0.41518 1.61248 3.98778 1 1 1
v -0.190883 1.61248 3.98778 1 1 1
v -0.138655 1.61248 3.98778 1 1 1
v 0.138655 1.61248 3.98778 1 1 1
v 0.190883 1.61248 3.98778 1 1 1
v 0.400184 1.60433 3.99756 1 1 1
v 0.41518 1.61248 3.98778 1 1 1
v -0.419705 1.61515 3.98457 1 1 1
v -0.435245 1.62498 3.97278 1 1 1
v -0.191363 1.62498 3.97278 1 1 1
v -0.142021 1.62498 3.97278 1 1 1
v 0.142021 1.62498 3.97278 1 1 1
v 0.191363 1.62498 3.97278 1 1 1
v 0.419705 1.61515 3.98457 1 1 1
v 0.435245 1.62498 3.97278 1 1 1
v -0.439226 1.62788 3.9693 1 1 1
v -0.451823 1.63747 3.95778 1 1 1
v -0.191965 1.63747 3.95778 1 1 1
v -0.145578 1.63747 3.95778 1 1 1
v 0.145578 1.63747 3.95778 1 1 1
v 0.191965 1.63747 3.95778 1 1 1
v 0.439226 1.62788 3.9693 1 1 1
v 0.451823 1.63747 3.95778 1 1 1
v -0.458747 1.64344 3.95062 1 1 1
v -0.466174 1.64997 3.94279 1 1 1
v -0.192402 1.64997 3.94279 1 1 1
v -0.146409 1.64046 3.9542 1 1 1
v -0.151691 1.64997 3.94279 1 1 1
v 0.146409 1.64046 3.9542 1 1 1
v 0.151691 1.64997 3.94279 1 1 1
v 0.192402 1.64997 3.94279 1 1 1
v 0.458748 1.64344 3.95062 1 1 1
v 0.466175 1.64997 3.94279 1 1 1
v -0.478269 1.6614 3.92907 1 1 1
v -0.479398 1.66247 3.92779 1 1 1
v -0.192647 1.66247 3.92779 1 1 1
v -0.156056 1.66247 3.92779 1 1 1
v 0.156056 1.66247 3.92779 1 1 1
v 0.192647 1.66247 3.92779 1 1 1
v 0.478269 1.6614 3.92907 1 1 1
v 0.479399 1.66247 3.92779 1 1 1
v -0.491432 1.67497 3.91279 1 1 1
v -0.193488 1.67497 3.91279 1 1 1
v -0.156394 1.67497 3.91279 1 1 1
v 0.156394 1.67497 3.91279 1 1 1
v 0.193488 1.67497 3.91279 1 1 1
v 0.491432 1.67497 3.91279 1 1 1
v -0.49779 1.68272 3.90348 1 1 1
v -0.501829 1.68746 3.8978 1 1 1
v -0.197413 1.68746 3.8978 1 1 1
v -0.146409 1.68721 3.8981 1 1 1
v -0.14618 1.68746 3.8978 1 1 1
v 0.146409 1.68721 3.8981 1 1 1
v 0.14618 1.68746 3.8978 1 1 1
v 0.197413 1.68746 3.8978 1 1 1
v 0.49779 1.68272 3.90348 1 1 1
v 0.501829 1.68746 3.8978 1 1 1
v -0.508784 1.69996 3.8828 1 1 1
v -0.204972 1.69604 3.8875 1 1 1
v -0.207557 1.69996 3.8828 1 1 1
v -0.126888 1.69531 3.88838 1 1 1
v -0.107366 1.69836 3.88472 1 1 1
v -0.0878452 1.69987 3.88291 1 1 1
v -0.0865913 1.69996 3.8828 1 1 1
v 0.0878453 1.69987 3.88291 1 1 1
v 0.0865914 1.69996 3.8828 1 1 1
v 0.107366 1.69836 3.88472 1 1 1
v 0.126888 1.69531 3.88838 1 1 1
v 0.204972 1.69604 3.8875 1 1 1
v 0.207557 1.69996 3.8828 1 1 1
v 0.508784 1.69996 3.8828 1 1 1
v -0.50894 1.71246 3.8678 1 1 1
v -0.224493 1.71131 3.86918 1 1 1
v -0.226717 1.71246 3.8678 1 1 1
v -0.0683241 1.70158 3.88086 1 1 1
v -0.0488029 1.70348 3.87857 1 1 1
v -0.0292817 1.70529 3.8764 1 1 1
v -0.0097605 1.70641 3.87506 1 1 1
v 0.00976062 1.70641 3.87506 1 1 1
v 0.0292817 1.70529 3.8764 1 1 1
v 0.048803 1.70348 3.87857 1 1 1
v 0.0683241 1.70158 3.88086 1 1 1
v 0.224494 1.71131 3.86918 1 1 1
v 0.226717 1.71246 3.8678 1 1 1
v 0.50894 1.71246 3.8678 1 1 1
v -0.49779 1.72304 3.8551 1 1 1
v -0.495905 1.72495 3.85281 1 1 1
v -0.263536 1.7239 3.85407 1 1 1
v -0.269233 1.72495 3.85281 1 1 1
v -0.244015 1.71915 3.85978 1 1 1
v 0.244015 1.71915 3.85978 1 1 1
v 0.263536 1.7239 3.85407 1 1 1
v 0.269233 1.72495 3.85281 1 1 1
v 0.49779 1.72304 3.8551 1 1 1
v 0.495905 1.72495 3.85281 1 1 1
v -0.478269 1.73331 3.84278 1 1 1
v -0.470321 1.73745 3.83781 1 1 1
v -0.322099 1.73469 3.84113 1 1 1
v -0.341485 1.73745 3.83781 1 1 1
v -0.302578 1.7316 3.84483 1 1 1
v -0.283057 1.72801 3.84914 1 1 1
v 0.283057 1.72801 3.84914 1 1 1
v 0.302578 1.7316 3.84483 1 1 1
v 0.322099 1.73469 3.84113 1 1 1
v 0.341485 1.73745 3.83781 1 1 1
v 0.478269 1.73331 3.84278 1 1 1
v 0.470321 1.73745 3.83781 1 1 1
v -0.458747 1.74075 3.83385 1 1 1
v -0.439226 1.74462 3.8292 1 1 1
v -0.419705 1.74592 3.82765 1 1 1
v -0.400184 1.74531 3.82837 1 1 1
v -0.380663 1.7435 3.83055 1 1 1
v -0.361142 1.74086 3.83372 1 1 1
v -0.34162 1.73748 3.83778 1 1 1
v 0.34162 1.73748 3.83778 1 1 1
v 0.361142 1.74086 3.83372 1 1 1
v 0.380663 1.7435 3.83055 1 1 1
v 0.400184 1.74531 3.82837 1 1 1
v 0.419705 1.74592 3.82765 1 1 1
v 0.439226 1.74462 3.8292 1 1 1
v 0.458748 1.74075 3.83385 1 1 1
v -0.0683241 1.59738 4.29042 1 1 1
v -0.0848367 1.60241 4.28317 1 1 1
v -0.0488029 1.59479 4.29415 1 1 1
v -0.0292817 1.59382 4.29556 1 1 1
v -0.0097605 1.59351 4.296 1 1 1
v 0.00976062 1.59351 4.296 1 1 1
v 0.0292817 1.59382 4.29556 1 1 1
v 0.048803 1.59479 4.29415 1 1 1
v 0.0683241 1.59738 4.29042 1 1 1
v 0.0848367 1.60241 4.28317 1 1 1
v -0.0878452 1.60353 4.28155 1 1 1
v -0.103141 1.61353 4.26713 1 1 1
v 0.0878453 1.60353 4.28155 1 1 1
v 0.103141 1.61353 4.26713 1 1 1
v -0.107366 1.6186 4.25983 1 1 1
v -0.112294 1.62466 4.25109 1 1 1
v 0.107366 1.6186 4.25983 1 1 1
v 0.112294 1.62466 4.25109 1 1 1
v -0.117957 1.63578 4.23505 1 1 1
v 0.117957 1.63578 4.23505 1 1 1
v -0.121192 1.64691 4.21901 1 1 1
v 0.121192 1.64691 4.21901 1 1 1
v -0.123212 1.65803 4.20297 1 1 1
v 0.123212 1.65803 4.20297 1 1 1
v -0.124665 1.66915 4.18692 1 1 1
v 0.124665 1.66915 4.18692 1 1 1
v -0.125906 1.68028 4.17088 1 1 1
v 0.125906 1.68028 4.17088 1 1 1
v -0.126888 1.68885 4.15852 1 1 1
v -0.127415 1.6914 4.15484 1 1 1
v 0.126888 1.68885 4.15852 1 1 1
v 0.127415 1.6914 4.15484 1 1 1
v -0.263536 1.70122 4.14069 1 1 1
v -0.269561 1.70253 4.1388 1 1 1
v -0.244015 1.6968 4.14707 1 1 1
v -0.224493 1.69435 4.15059 1 1 1
v -0.204972 1.69737 4.14623 1 1 1
v -0.198432 1.70253 4.1388 1 1 1
v -0.130099 1.70253 4.1388 1 1 1
v 0.130099 1.70253 4.1388 1 1 1
v 0.204972 1.69737 4.14623 1 1 1
v 0.198432 1.70253 4.1388 1 1 1
v 0.224494 1.69435 4.15059 1 1 1
v 0.244015 1.6968 4.14707 1 1 1
v 0.263536 1.70122 4.14069 1 1 1
v 0.269561 1.70253 4.1388 1 1 1
v -0.34162 1.71302 4.12367 1 1 1
v -0.344546 1.71365 4.12276 1 1 1
v -0.322099 1.71073 4.12697 1 1 1
v -0.302578 1.70862 4.13001 1 1 1
v -0.283057 1.7054 4.13466 1 1 1
v -0.192837 1.71365 4.12276 1 1 1
v -0.132953 1.71365 4.12276 1 1 1
v 0.132953 1.71365 4.12276 1 1 1
v 0.192837 1.71365 4.12276 1 1 1
v 0.283057 1.7054 4.13466 1 1 1
v 0.302578 1.70862 4.13001 1 1 1
v 0.322099 1.71073 4.12697 1 1 1
v 0.34162 1.71302 4.12367 1 1 1
v 0.344546 1.71365 4.12276 1 1 1
v -0.380663 1.72329 4.10886 1 1 1
v -0.384573 1.72478 4.10672 1 1 1
v -0.361142 1.7171 4.11779 1 1 1
v -0.191428 1.72478 4.10672 1 1 1
v -0.135908 1.72478 4.10672 1 1 1
v 0.135908 1.72478 4.10672 1 1 1
v 0.191428 1.72478 4.10672 1 1 1
v 0.361142 1.7171 4.11779 1 1 1
v 0.380663 1.72329 4.10886 1 1 1
v 0.384573 1.72478 4.10672 1 1 1
v -0.400184 1.73087 4.09794 1 1 1
v -0.411767 1.7359 4.09068 1 1 1
v -0.191469 1.7359 4.09068 1 1 1
v -0.138972 1.7359 4.09068 1 1 1
v 0.138972 1.7359 4.09068 1 1 1
v 0.191469 1.7359 4.09068 1 1 1
v 0.400184 1.73087 4.09794 1 1 1
v 0.411767 1.7359 4.09068 1 1 1
v -0.419705 1.73976 4.08511 1 1 1
v -0.43326 1.74703 4.07464 1 1 1
v -0.192071 1.74703 4.07464 1 1 1
v -0.142196 1.74703 4.07464 1 1 1
v 0.142196 1.74703 4.07464 1 1 1
v 0.192071 1.74703 4.07464 1 1 1
v 0.419705 1.73976 4.08511 1 1 1
v 0.43326 1.74703 4.07464 1 1 1
v -0.439226 1.75092 4.06903 1 1 1
v -0.449599 1.75815 4.05859 1 1 1
v -0.192829 1.75815 4.05859 1 1 1
v -0.145625 1.75815 4.05859 1 1 1
v 0.145625 1.75815 4.05859 1 1 1
v 0.192829 1.75815 4.05859 1 1 1
v 0.439226 1.75092 4.06903 1 1 1
v 0.449599 1.75815 4.05859 1 1 1
v -0.458747 1.76576 4.04762 1 1 1
v -0.462833 1.76928 4.04255 1 1 1
v -0.193473 1.76928 4.04255 1 1 1
v -0.146409 1.76075 4.05485 1 1 1
v -0.151455 1.76928 4.04255 1 1 1
v 0.146409 1.76075 4.05485 1 1 1
v 0.151455 1.76928 4.04255 1 1 1
v 0.193473 1.76928 4.04255 1 1 1
v 0.458748 1.76576 4.04762 1 1 1
v 0.462833 1.76928 4.04255 1 1 1
v -0.474467 1.7804 4.02651 1 1 1
v -0.194013 1.7804 4.02651 1 1 1
v -0.155556 1.7804 4.02651 1 1 1
v 0.155556 1.7804 4.02651 1 1 1
v 0.194013 1.7804 4.02651 1 1 1
v 0.474468 1.7804 4.02651 1 1 1
v -0.478269 1.7846 4.02045 1 1 1
v -0.484715 1.79152 4.01047 1 1 1
v -0.19535 1.79152 4.01047 1 1 1
v -0.155606 1.79152 4.01047 1 1 1
v 0.155606 1.79152 4.01047 1 1 1
v 0.19535 1.79152 4.01047 1 1 1
v 0.478269 1.7846 4.02045 1 1 1
v 0.484715 1.79152 4.01047 1 1 1
v -0.493032 1.80265 3.99443 1 1 1
v -0.200255 1.80265 3.99443 1 1 1
v -0.146409 1.8017 3.9958 1 1 1
v -0.145452 1.80265 3.99443 1 1 1
v 0.146409 1.8017 3.9958 1 1 1
v 0.145452 1.80265 3.99443 1 1 1
v 0.200255 1.80265 3.99443 1 1 1
v 0.493032 1.80265 3.99443 1 1 1
v -0.49738 1.81377 3.97839 1 1 1
v -0.204972 1.80712 3.98798 1 1 1
v -0.21014 1.81377 3.97839 1 1 1
v -0.126888 1.80953 3.9845 1 1 1
v -0.107366 1.81238 3.98039 1 1 1
v -0.0878452 1.81375 3.97843 1 1 1
v -0.0874123 1.81377 3.97839 1 1 1
v 0.0878453 1.81375 3.97843 1 1 1
v 0.0874124 1.81377 3.97839 1 1 1
v 0.107366 1.81238 3.98039 1 1 1
v 0.126888 1.80953 3.9845 1 1 1
v 0.204972 1.80712 3.98798 1 1 1
v 0.21014 1.81377 3.97839 1 1 1
v 0.49738 1.81377 3.97839 1 1 1
v -0.494654 1.8249 3.96235 1 1 1
v -0.224493 1.82216 3.96629 1 1 1
v -0.230533 1.8249 3.96235 1 1 1
v -0.0683241 1.81521 3.97631 1 1 1
v -0.0488029 1.81677 3.97407 1 1 1
v -0.0292817 1.81822 3.97198 1 1 1
v -0.0097605 1.8191 3.97071 1 1 1
v 0.00976062 1.8191 3.97071 1 1 1
v 0.0292817 1.81822 3.97198 1 1 1
v 0.048803 1.81677 3.97407 1 1 1
v 0.0683241 1.81521 3.97631 1 1 1
v 0.224494 1.82216 3.96629 1 1 1
v 0.230533 1.8249 3.96235 1 1 1
v 0.494654 1.8249 3.96235 1 1 1
v -0.482706 1.83602 3.94631 1 1 1
v -0.263536 1.83406 3.94913 1 1 1
v -0.275401 1.83602 3.94631 1 1 1
v -0.244015 1.82953 3.95566 1 1 1
v 0.244015 1.82953 3.95566 1 1 1
v 0.263536 1.83406 3.94913 1 1 1
v 0.275401 1.83602 3.94631 1 1 1
v 0.482706 1.83602 3.94631 1 1 1
v -0.478269 1.83801 3.94344 1 1 1
v -0.45995 1.84715 3.93026 1 1 1
v -0.34162 1.84628 3.93151 1 1 1
v -0.348806 1.84715 3.93026 1 1 1
v -0.322099 1.84376 3.93515 1 1 1
v -0.302578 1.84091 3.93926 1 1 1
v -0.283057 1.83754 3.94411 1 1 1
v 0.283057 1.83754 3.94411 1 1 1
v 0.302578 1.84091 3.93926 1 1 1
v 0.322099 1.84376 3.93515 1 1 1
v 0.34162 1.84628 3.93151 1 1 1
v 0.348806 1.84715 3.93026 1 1 1
v 0.478269 1.83801 3.94344 1 1 1
v 0.45995 1.84715 3.93026 1 1 1
v -0.458747 1.84747 3.9298 1 1 1
v -0.439226 1.8517 3.92369 1 1 1
v -0.419705 1.85331 3.92138 1 1 1
v -0.400184 1.85299 3.92184 1 1 1
v -0.380663 1.85145 3.92406 1 1 1
v -0.361142 1.84907 3.9275 1 1 1
v 0.361142 1.84907 3.9275 1 1 1
v 0.380663 1.85145 3.92406 1 1 1
v 0.400184 1.85299 3.92184 1 1 1
v 0.419705 1.85331 3.92138 1 1 1
v 0.439226 1.8517 3.92369 1 1 1
v 0.458748 1.84747 3.9298 1 1 1
v -0.0683241 1.75227 4.39253 1 1 1
v -0.0795558 1.75502 4.38753 1 1 1
v -0.0488029 1.7499 4.39685 1 1 1
v -0.0292817 1.74898 4.39852 1 1 1
v -0.0097605 1.74868 4.39905 1 1 1
v 0.00976062 1.74868 4.39905 1 1 1
v 0.0292817 1.74898 4.39852 1 1 1
v 0.048803 1.7499 4.39685 1 1 1
v 0.0683241 1.75227 4.39253 1 1 1
v 0.0795558 1.75502 4.38753 1 1 1
v -0.0878452 1.75743 4.38314 1 1 1
v -0.101444 1.76441 4.37042 1 1 1
v 0.0878453 1.75743 4.38314 1 1 1
v 0.101444 1.76441 4.37042 1 1 1
v -0.107366 1.76973 4.36075 1 1 1
v -0.111806 1.77381 4.35331 1 1 1
v 0.107366 1.76973 4.36075 1 1 1
v 0.111806 1.77381 4.35331 1 1 1
v -0.118294 1.78321 4.3362 1 1 1
v 0.118294 1.78321 4.3362 1 1 1
v -0.121876 1.79261 4.31909 1 1 1
v 0.121876 1.79261 4.31909 1 1 1
v -0.123993 1.80201 4.30198 1 1 1
v 0.123993 1.80201 4.30198 1 1 1
v -0.125416 1.81141 4.28487 1 1 1
v 0.125416 1.81141 4.28487 1 1 1
v -0.126577 1.82081 4.26776 1 1 1
v 0.126577 1.82081 4.26776 1 1 1
v -0.126888 1.82317 4.26346 1 1 1
v -0.128544 1.83021 4.25065 1 1 1
v 0.126888 1.82317 4.26346 1 1 1
v 0.128544 1.83021 4.25065 1 1 1
v -0.244015 1.8358 4.24046 1 1 1
v -0.261737 1.8396 4.23354 1 1 1
v -0.224493 1.83343 4.24478 1 1 1
v -0.204972 1.83578 4.24051 1 1 1
v -0.199092 1.8396 4.23354 1 1 1
v -0.130981 1.8396 4.23354 1 1 1
v 0.130981 1.8396 4.23354 1 1 1
v 0.204972 1.83578 4.24051 1 1 1
v 0.199092 1.8396 4.23354 1 1 1
v 0.224494 1.83343 4.24478 1 1 1
v 0.244015 1.8358 4.24046 1 1 1
v 0.261737 1.8396 4.23354 1 1 1
v -0.302578 1.84737 4.2194 1 1 1
v -0.316127 1.849 4.21643 1 1 1
v -0.283057 1.84378 4.22594 1 1 1
v -0.263536 1.83995 4.23292 1 1 1
v -0.193342 1.849 4.21643 1 1 1
v -0.133599 1.849 4.21643 1 1 1
v 0.1336 1.849 4.21643 1 1 1
v 0.193342 1.849 4.21643 1 1 1
v 0.263536 1.83995 4.23292 1 1 1
v 0.283057 1.84378 4.22594 1 1 1
v 0.302578 1.84737 4.2194 1 1 1
v 0.316127 1.849 4.21643 1 1 1
v -0.361142 1.85448 4.20646 1 1 1
v -0.378907 1.8584 4.19932 1 1 1
v -0.34162 1.85156 4.21179 1 1 1
v -0.322099 1.84973 4.2151 1 1 1
v -0.191967 1.8584 4.19932 1 1 1
v -0.136347 1.8584 4.19932 1 1 1
v 0.136347 1.8584 4.19932 1 1 1
v 0.191967 1.8584 4.19932 1 1 1
v 0.322099 1.84973 4.2151 1 1 1
v 0.34162 1.85156 4.21179 1 1 1
v 0.361142 1.85448 4.20646 1 1 1
v 0.378907 1.8584 4.19932 1 1 1
v -0.400184 1.86423 4.18871 1 1 1
v -0.411404 1.8678 4.18221 1 1 1
v -0.380663 1.85879 4.19861 1 1 1
v -0.19208 1.8678 4.18221 1 1 1
v -0.139234 1.8678 4.18221 1 1 1
v 0.139234 1.8678 4.18221 1 1 1
v 0.19208 1.8678 4.18221 1 1 1
v 0.380663 1.85879 4.19861 1 1 1
v 0.400184 1.86423 4.18871 1 1 1
v 0.411404 1.8678 4.18221 1 1 1
v -0.419705 1.87087 4.17662 1 1 1
v -0.434654 1.8772 4.1651 1 1 1
v -0.192775 1.8772 4.1651 1 1 1
v -0.142309 1.8772 4.1651 1 1 1
v 0.142309 1.8772 4.1651 1 1 1
v 0.192775 1.8772 4.1651 1 1 1
v 0.419705 1.87087 4.17662 1 1 1
v 0.434655 1.8772 4.1651 1 1 1
v -0.439226 1.87974 4.16048 1 1 1
v -0.450429 1.8866 4.14799 1 1 1
v -0.193652 1.8866 4.14799 1 1 1
v -0.14561 1.8866 4.14799 1 1 1
v 0.14561 1.8866 4.14799 1 1 1
v 0.193652 1.8866 4.14799 1 1 1
v 0.439226 1.87974 4.16048 1 1 1
v 0.450429 1.8866 4.14799 1 1 1
v -0.458747 1.8932 4.13598 1 1 1
v -0.462106 1.896 4.13088 1 1 1
v -0.194453 1.896 4.13088 1 1 1
v -0.146409 1.88891 4.14379 1 1 1
v -0.151149 1.896 4.13088 1 1 1
v 0.146409 1.88891 4.14379 1 1 1
v 0.151149 1.896 4.13088 1 1 1
v 0.194453 1.896 4.13088 1 1 1
v 0.458748 1.8932 4.13598 1 1 1
v 0.462106 1.896 4.13088 1 1 1
v -0.471763 1.9054 4.11377 1 1 1
v -0.195226 1.9054 4.11377 1 1 1
v -0.15505 1.9054 4.11377 1 1 1
v 0.15505 1.9054 4.11377 1 1 1
v 0.195226 1.9054 4.11377 1 1 1
v 0.471763 1.9054 4.11377 1 1 1
v -0.478269 1.91292 4.10008 1 1 1
v -0.479927 1.91479 4.09666 1 1 1
v -0.196981 1.91479 4.09666 1 1 1
v -0.154876 1.91479 4.09666 1 1 1
v 0.154876 1.91479 4.09666 1 1 1
v 0.196981 1.91479 4.09666 1 1 1
v 0.478269 1.91292 4.10008 1 1 1
v 0.479927 1.91479 4.09666 1 1 1
v -0.485742 1.92419 4.07955 1 1 1
v -0.202781 1.92419 4.07955 1 1 1
v -0.146409 1.92278 4.08212 1 1 1
v -0.144744 1.92419 4.07955 1 1 1
v 0.146409 1.92278 4.08212 1 1 1
v 0.144744 1.92419 4.07955 1 1 1
v 0.202781 1.92419 4.07955 1 1 1
v 0.485742 1.92419 4.07955 1 1 1
v -0.487807 1.93359 4.06245 1 1 1
v -0.204972 1.92585 4.07654 1 1 1
v -0.212414 1.93359 4.06245 1 1 1
v -0.126888 1.92989 4.06918 1 1 1
v -0.107366 1.93241 4.0646 1 1 1
v -0.0878452 1.93358 4.06247 1 1 1
v -0.0876137 1.93359 4.06245 1 1 1
v 0.0878453 1.93358 4.06247 1 1 1
v 0.0876138 1.93359 4.06245 1 1 1
v 0.107366 1.93241 4.0646 1 1 1
v 0.126888 1.92989 4.06918 1 1 1
v 0.204972 1.92585 4.07654 1 1 1
v 0.212414 1.93359 4.06245 1 1 1
v 0.487807 1.93359 4.06245 1 1 1
v -0.483976 1.94299 4.04534 1 1 1
v -0.224493 1.93943 4.05181 1 1 1
v -0.233943 1.94299 4.04534 1 1 1
v -0.0683241 1.93478 4.06028 1 1 1
v -0.0488029 1.936 4.05807 1 1 1
v -0.0292817 1.93711 4.05605 1 1 1
v -0.0097605 1.93778 4.05483 1 1 1
v 0.00976062 1.93778 4.05483 1 1 1
v 0.0292817 1.93711 4.05605 1 1 1
v 0.048803 1.936 4.05807 1 1 1
v 0.0683241 1.93478 4.06028 1 1 1
v 0.224494 1.93943 4.05181 1 1 1
v 0.233943 1.94299 4.04534 1 1 1
v 0.483976 1.94299 4.04534 1 1 1
v -0.478269 1.94746 4.03721 1 1 1
v -0.473867 1.95239 4.02823 1 1 1
v -0.263536 1.94995 4.03266 1 1 1
v -0.280975 1.95239 4.02823 1 1 1
v -0.244015 1.94591 4.04003 1 1 1
v 0.244015 1.94591 4.04003 1 1 1
v 0.263536 1.94995 4.03266 1 1 1
v 0.280975 1.95239 4.02823 1 1 1
v 0.478269 1.94745 4.03721 1 1 1
v 0.473867 1.95239 4.02823 1 1 1
v -0.458747 1.95918 4.01586 1 1 1
v -0.451825 1.96179 4.01112 1 1 1
v -0.34162 1.96038 4.01369 1 1 1
v -0.355513 1.96179 4.01112 1 1 1
v -0.322099 1.9582 4.01764 1 1 1
v -0.302578 1.95571 4.02217 1 1 1
v -0.283057 1.95274 4.02758 1 1 1
v 0.283057 1.95274 4.02758 1 1 1
v 0.302578 1.95571 4.02217 1 1 1
v 0.322099 1.9582 4.01764 1 1 1
v 0.34162 1.96038 4.01369 1 1 1
v 0.355513 1.96179 4.01112 1 1 1
v 0.458748 1.95918 4.01586 1 1 1
v 0.451825 1.96179 4.01112 1 1 1
v -0.439226 1.96422 4.0067 1 1 1
v -0.419705 1.96592 4.0036 1 1 1
v -0.400184 1.96582 4.00378 1 1 1
v -0.380663 1.96457 4.00605 1 1 1
v -0.361142 1.96253 4.00976 1 1 1
v 0.361142 1.96253 4.00976 1 1 1
v 0.380663 1.96457 4.00605 1 1 1
v 0.400184 1.96582 4.00378 1 1 1
v 0.419705 1.96592 4.0036 1 1 1
v 0.439226 1.96422 4.0067 1 1 1
v -0.0683241 1.92002 4.47983 1 1 1
v -0.0748036 1.92118 4.47693 1 1 1
v -0.0488029 1.91809 4.48463 1 1 1
v -0.0292817 1.91733 4.48652 1 1 1
v -0.0097605 1.91709 4.48713 1 1 1
v 0.00976062 1.91709 4.48713 1 1 1
v 0.0292817 1.91733 4.48652 1 1 1
v 0.048803 1.91809 4.48463 1 1 1
v 0.0683241 1.92002 4.47983 1 1 1
v 0.0748035 1.92118 4.47693 1 1 1
v -0.0878452 1.92389 4.47017 1 1 1
v -0.100183 1.92844 4.45881 1 1 1
v 0.0878453 1.92389 4.47017 1 1 1
v 0.100183 1.92844 4.45881 1 1 1
v -0.107366 1.93287 4.44775 1 1 1
v -0.111832 1.9357 4.44069 1 1 1
v 0.107366 1.93287 4.44775 1 1 1
v 0.111832 1.9357 4.44069 1 1 1
v -0.119079 1.94296 4.42257 1 1 1
v 0.119079 1.94296 4.42257 1 1 1
v -0.122923 1.95022 4.40445 1 1 1
v 0.122923 1.95022 4.40445 1 1 1
v -0.125053 1.95749 4.38633 1 1 1
v 0.125053 1.95749 4.38633 1 1 1
v -0.126372 1.96475 4.36821 1 1 1
v 0.126372 1.96475 4.36821 1 1 1
v -0.126888 1.96825 4.35946 1 1 1
v -0.127887 1.97201 4.35008 1 1 1
v 0.126888 1.96825 4.35946 1 1 1
v 0.127887 1.97201 4.35008 1 1 1
v -0.129826 1.97927 4.33196 1 1 1
v 0.129826 1.97927 4.33196 1 1 1
v -0.244015 1.98435 4.31929 1 1 1
v -0.256538 1.98653 4.31384 1 1 1
v -0.224493 1.98233 4.32433 1 1 1
v -0.204972 1.98404 4.32006 1 1 1
v -0.199902 1.98653 4.31384 1 1 1
v -0.13193 1.98653 4.31384 1 1 1
v 0.13193 1.98653 4.31384 1 1 1
v 0.204972 1.98404 4.32006 1 1 1
v 0.199902 1.98653 4.31384 1 1 1
v 0.224494 1.98233 4.32433 1 1 1
v 0.244015 1.98435 4.31929 1 1 1
v 0.256538 1.98653 4.31384 1 1 1
v -0.283057 1.99087 4.30303 1 1 1
v -0.301191 1.99379 4.29572 1 1 1
v -0.263536 1.98761 4.31116 1 1 1
v -0.193935 1.99379 4.29572 1 1 1
v -0.134254 1.99379 4.29572 1 1 1
v 0.134254 1.99379 4.29572 1 1 1
v 0.193935 1.99379 4.29572 1 1 1
v 0.263536 1.98761 4.31116 1 1 1
v 0.283057 1.99087 4.30303 1 1 1
v 0.301191 1.99379 4.29572 1 1 1
v -0.361142 1.99915 4.28237 1 1 1
v -0.375938 2.00106 4.2776 1 1 1
v -0.34162 1.99736 4.28682 1 1 1
v -0.322099 1.99588 4.29051 1 1 1
v -0.302578 1.99402 4.29516 1 1 1
v -0.192562 2.00106 4.2776 1 1 1
v -0.136757 2.00106 4.2776 1 1 1
v 0.136757 2.00106 4.2776 1 1 1
v 0.192562 2.00106 4.2776 1 1 1
v 0.302578 1.99402 4.29516 1 1 1
v 0.322099 1.99588 4.29051 1 1 1
v 0.34162 1.99736 4.28682 1 1 1
v 0.361142 1.99915 4.28237 1 1 1
v 0.375938 2.00106 4.2776 1 1 1
v -0.400184 2.00499 4.26778 1 1 1
v -0.416634 2.00832 4.25948 1 1 1
v -0.380663 2.00168 4.27605 1 1 1
v -0.192718 2.00832 4.25948 1 1 1
v -0.139445 2.00832 4.25948 1 1 1
v 0.139445 2.00832 4.25948 1 1 1
v 0.192718 2.00832 4.25948 1 1 1
v 0.380663 2.00168 4.27605 1 1 1
v 0.400184 2.00499 4.26778 1 1 1
v 0.416634 2.00832 4.25948 1 1 1
v -0.439226 2.01484 4.2432 1 1 1
v -0.441329 2.01558 4.24136 1 1 1
v -0.419705 2.00907 4.2576 1 1 1
v -0.193474 2.01558 4.24136 1 1 1
v -0.142361 2.01558 4.24136 1 1 1
v 0.142361 2.01558 4.24136 1 1 1
v 0.193474 2.01558 4.24136 1 1 1
v 0.419705 2.00907 4.2576 1 1 1
v 0.439226 2.01484 4.2432 1 1 1
v 0.441329 2.01558 4.24136 1 1 1
v -0.455719 2.02284 4.22324 1 1 1
v -0.194429 2.02284 4.22324 1 1 1
v -0.145536 2.02284 4.22324 1 1 1
v 0.145536 2.02284 4.22324 1 1 1
v 0.194429 2.02284 4.22324 1 1 1
v 0.45572 2.02284 4.22324 1 1 1
v -0.458747 2.02509 4.21763 1 1 1
v -0.465042 2.0301 4.20512 1 1 1
v -0.195331 2.0301 4.20512 1 1 1
v -0.146409 2.02485 4.21822 1 1 1
v -0.150767 2.0301 4.20512 1 1 1
v 0.146409 2.02485 4.21822 1 1 1
v 0.150767 2.0301 4.20512 1 1 1
v 0.195331 2.0301 4.20512 1 1 1
v 0.458748 2.02509 4.21763 1 1 1
v 0.465042 2.0301 4.20512 1 1 1
v -0.472237 2.03736 4.187 1 1 1
v -0.196261 2.03736 4.187 1 1 1
v -0.154523 2.03736 4.187 1 1 1
v 0.154523 2.03736 4.187 1 1 1
v 0.196261 2.03736 4.187 1 1 1
v 0.472237 2.03736 4.187 1 1 1
v -0.477816 2.04462 4.16888 1 1 1
v -0.198336 2.04462 4.16888 1 1 1
v -0.154176 2.04462 4.16888 1 1 1
v 0.154176 2.04462 4.16888 1 1 1
v 0.198336 2.04462 4.16888 1 1 1
v 0.477816 2.04462 4.16888 1 1 1
v -0.478269 2.04575 4.16608 1 1 1
v -0.480903 2.05189 4.15076 1 1 1
v -0.2049 2.05189 4.15076 1 1 1
v -0.146409 2.05032 4.15467 1 1 1
v -0.144031 2.05189 4.15076 1 1 1
v 0.146409 2.05032 4.15467 1 1 1
v 0.144031 2.05189 4.15076 1 1 1
v 0.2049 2.05189 4.15076 1 1 1
v 0.478269 2.04575 4.16608 1 1 1
v 0.480903 2.05189 4.15076 1 1 1
v -0.480633 2.05915 4.13264 1 1 1
v -0.204972 2.05193 4.15066 1 1 1
v -0.214343 2.05915 4.13264 1 1 1
v -0.126888 2.05617 4.14008 1 1 1
v -0.107366 2.05819 4.13503 1 1 1
v -0.0878452 2.05912 4.13271 1 1 1
v -0.0871142 2.05915 4.13264 1 1 1
v 0.0878453 2.05912 4.13271 1 1 1
v 0.0871143 2.05915 4.13264 1 1 1
v 0.107366 2.05819 4.13503 1 1 1
v 0.126888 2.05617 4.14008 1 1 1
v 0.204972 2.05193 4.15066 1 1 1
v 0.214343 2.05915 4.13264 1 1 1
v 0.480633 2.05915 4.13264 1 1 1
v -0.478269 2.06256 4.12413 1 1 1
v -0.476503 2.06641 4.11452 1 1 1
v -0.224493 2.06286 4.12338 1 1 1
v -0.236922 2.06641 4.11452 1 1 1
v -0.0683241 2.06002 4.13046 1 1 1
v -0.0488029 2.0609 4.12826 1 1 1
v -0.0292817 2.06169 4.1263 1 1 1
v -0.0097605 2.06215 4.12514 1 1 1
v 0.00976062 2.06215 4.12514 1 1 1
v 0.0292817 2.06169 4.1263 1 1 1
v 0.048803 2.0609 4.12826 1 1 1
v 0.0683241 2.06002 4.13046 1 1 1
v 0.224494 2.06286 4.12338 1 1 1
v 0.236922 2.06641 4.11452 1 1 1
v 0.478269 2.06256 4.12413 1 1 1
v 0.476503 2.06641 4.11452 1 1 1
v -0.467973 2.07367 4.0964 1 1 1
v -0.283057 2.07341 4.09705 1 1 1
v -0.28582 2.07367 4.0964 1 1 1
v -0.263536 2.07126 4.10242 1 1 1
v -0.244015 2.06799 4.11059 1 1 1
v 0.244015 2.06799 4.11059 1 1 1
v 0.263536 2.07126 4.10242 1 1 1
v 0.283057 2.07341 4.09705 1 1 1
v 0.28582 2.07367 4.0964 1 1 1
v 0.467973 2.07367 4.0964 1 1 1
v -0.458747 2.07691 4.08832 1 1 1
v -0.445157 2.08093 4.07828 1 1 1
v -0.361142 2.0809 4.07836 1 1 1
v -0.361664 2.08093 4.07828 1 1 1
v -0.34162 2.07937 4.08219 1 1 1
v -0.322099 2.07766 4.08644 1 1 1
v -0.302578 2.07568 4.09138 1 1 1
v 0.302578 2.07568 4.09138 1 1 1
v 0.322099 2.07766 4.08644 1 1 1
v 0.34162 2.07937 4.08219 1 1 1
v 0.361142 2.0809 4.07836 1 1 1
v 0.361664 2.08093 4.07828 1 1 1
v 0.458748 2.07691 4.08832 1 1 1
v 0.445157 2.08093 4.07828 1 1 1
v -0.439226 2.08183 4.07604 1 1 1
v -0.419705 2.08337 4.0722 1 1 1
v -0.400184 2.08341 4.07209 1 1 1
v -0.380663 2.08248 4.07441 1 1 1
v 0.380663 2.08248 4.07441 1 1 1
v 0.400184 2.08341 4.07209 1 1 1
v 0.419705 2.08337 4.0722 1 1 1
v 0.439226 2.08183 4.07604 1 1 1
v -0.0683241 2.10071 4.54765 1 1 1
v -0.0706663 2.10096 4.54661 1 1 1
v -0.0488029 2.09944 4.55279 1 1 1
v -0.0292817 2.09893 4.55485 1 1 1
v -0.0097605 2.09877 4.55552 1 1 1
v 0.00976062 2.09877 4.55552 1 1 1
v 0.0292817 2.09893 4.55485 1 1 1
v 0.048803 2.09944 4.55279 1 1 1
v 0.0683241 2.10071 4.54765 1 1 1
v 0.0706663 2.10096 4.54661 1 1 1
v -0.0878452 2.10308 4.538 1 1 1
v -0.0994115 2.10563 4.52766 1 1 1
v 0.0878453 2.10308 4.538 1 1 1
v 0.0994115 2.10563 4.52766 1 1 1
v -0.107366 2.10844 4.51621 1 1 1
v -0.112429 2.11029 4.5087 1 1 1
v 0.107366 2.10844 4.51621 1 1 1
v 0.112429 2.11029 4.5087 1 1 1
v -0.12034 2.11495 4.48974 1 1 1
v 0.12034 2.11495 4.48974 1 1 1
v -0.124347 2.11962 4.47079 1 1 1
v 0.124347 2.11962 4.47079 1 1 1
v -0.126397 2.12428 4.45183 1 1 1
v 0.126398 2.12428 4.45183 1 1 1
v -0.126888 2.12617 4.44416 1 1 1
v -0.128158 2.12895 4.43288 1 1 1
v 0.126888 2.12617 4.44416 1 1 1
v 0.128158 2.12895 4.43288 1 1 1
v -0.129758 2.13361 4.41392 1 1 1
v 0.129758 2.13361 4.41392 1 1 1
v -0.131252 2.13828 4.39497 1 1 1
v 0.131252 2.13828 4.39497 1 1 1
v -0.244015 2.14199 4.37986 1 1 1
v -0.25225 2.14294 4.37601 1 1 1
v -0.224493 2.14062 4.38546 1 1 1
v -0.204972 2.14168 4.38112 1 1 1
v -0.200892 2.14294 4.37601 1 1 1
v -0.132943 2.14294 4.37601 1 1 1
v 0.132943 2.14294 4.37601 1 1 1
v 0.204972 2.14168 4.38112 1 1 1
v 0.200892 2.14294 4.37601 1 1 1
v 0.224494 2.14062 4.38546 1 1 1
v 0.244015 2.14199 4.37986 1 1 1
v 0.25225 2.14294 4.37601 1 1 1
v -0.283057 2.14629 4.36242 1 1 1
v -0.296058 2.14761 4.35705 1 1 1
v -0.263536 2.14408 4.37138 1 1 1
v -0.194628 2.14761 4.35705 1 1 1
v -0.134917 2.14761 4.35705 1 1 1
v 0.134917 2.14761 4.35705 1 1 1
v 0.194628 2.14761 4.35705 1 1 1
v 0.263536 2.14408 4.37138 1 1 1
v 0.283057 2.14629 4.36242 1 1 1
v 0.296058 2.14761 4.35705 1 1 1
v -0.380663 2.15221 4.33836 1 1 1
v -0.381579 2.15227 4.3381 1 1 1
v -0.361142 2.15116 4.34261 1 1 1
v -0.34162 2.15041 4.34565 1 1 1
v -0.322099 2.14956 4.3491 1 1 1
v -0.302578 2.14828 4.35433 1 1 1
v -0.19322 2.15227 4.3381 1 1 1
v -0.13714 2.15227 4.3381 1 1 1
v 0.13714 2.15227 4.3381 1 1 1
v 0.19322 2.15227 4.3381 1 1 1
v 0.302578 2.14828 4.35433 1 1 1
v 0.322099 2.14956 4.3491 1 1 1
v 0.34162 2.15041 4.34565 1 1 1
v 0.361142 2.15116 4.34261 1 1 1
v 0.380663 2.15221 4.33836 1 1 1
v 0.381579 2.15227 4.3381 1 1 1
v -0.419705 2.15552 4.32491 1 1 1
v -0.431744 2.15694 4.31914 1 1 1
v -0.400184 2.15366 4.33245 1 1 1
v -0.193386 2.15694 4.31914 1 1 1
v -0.139608 2.15694 4.31914 1 1 1
v 0.139609 2.15694 4.31914 1 1 1
v 0.193386 2.15694 4.31914 1 1 1
v 0.400184 2.15366 4.33245 1 1 1
v 0.419705 2.15552 4.32491 1 1 1
v 0.431744 2.15694 4.31914 1 1 1
v -0.439226 2.15814 4.31424 1 1 1
v -0.455637 2.1616 4.30019 1 1 1
v -0.194168 2.1616 4.30019 1 1 1
v -0.142355 2.1616 4.30019 1 1 1
v 0.142355 2.1616 4.30019 1 1 1
v 0.194168 2.1616 4.30019 1 1 1
v 0.439226 2.15814 4.31425 1 1 1
v 0.455637 2.1616 4.30019 1 1 1
v -0.458747 2.16274 4.29558 1 1 1
v -0.466801 2.16627 4.28123 1 1 1
v -0.195156 2.16627 4.28123 1 1 1
v -0.145401 2.16627 4.28123 1 1 1
v 0.145401 2.16627 4.28123 1 1 1
v 0.195156 2.16627 4.28123 1 1 1
v 0.458748 2.16274 4.29558 1 1 1
v 0.466801 2.16627 4.28123 1 1 1
v -0.47298 2.17093 4.26228 1 1 1
v -0.196098 2.17093 4.26228 1 1 1
v -0.146409 2.16781 4.27498 1 1 1
v -0.150306 2.17093 4.26228 1 1 1
v 0.146409 2.16781 4.27498 1 1 1
v 0.150306 2.17093 4.26228 1 1 1
v 0.196098 2.17093 4.26228 1 1 1
v 0.47298 2.17093 4.26228 1 1 1
v -0.477021 2.17559 4.24332 1 1 1
v -0.197102 2.17559 4.24332 1 1 1
v -0.153962 2.17559 4.24332 1 1 1
v 0.153962 2.17559 4.24332 1 1 1
v 0.197102 2.17559 4.24332 1 1 1
v 0.477021 2.17559 4.24332 1 1 1
v -0.478269 2.17816 4.23291 1 1 1
v -0.479293 2.18026 4.22436 1 1 1
v -0.199382 2.18026 4.22436 1 1 1
v -0.153479 2.18026 4.22436 1 1 1
v 0.153479 2.18026 4.22436 1 1 1
v 0.199382 2.18026 4.22436 1 1 1
v 0.478269 2.17816 4.23291 1 1 1
v 0.479293 2.18026 4.22436 1 1 1
v -0.479215 2.18492 4.20541 1 1 1
v -0.204972 2.1841 4.20877 1 1 1
v -0.205752 2.18492 4.20541 1 1 1
v -0.146409 2.1836 4.2108 1 1 1
v -0.143292 2.18492 4.20541 1 1 1
v 0.146409 2.1836 4.2108 1 1 1
v 0.143292 2.18492 4.20541 1 1 1
v 0.204972 2.1841 4.20877 1 1 1
v 0.205752 2.18492 4.20541 1 1 1
v 0.479215 2.18492 4.20541 1 1 1
v -0.478269 2.18642 4.19934 1 1 1
v -0.47676 2.18959 4.18645 1 1 1
v -0.215906 2.18959 4.18645 1 1 1
v -0.126888 2.18758 4.19463 1 1 1
v -0.107366 2.18892 4.18915 1 1 1
v -0.0878452 2.18954 4.18664 1 1 1
v -0.0858867 2.18959 4.18645 1 1 1
v 0.0878453 2.18954 4.18664 1 1 1
v 0.0858867 2.18959 4.18645 1 1 1
v 0.107366 2.18892 4.18915 1 1 1
v 0.126888 2.18758 4.19463 1 1 1
v 0.215906 2.18959 4.18645 1 1 1
v 0.478269 2.18642 4.19934 1 1 1
v 0.47676 2.18959 4.18645 1 1 1
v -0.472593 2.19425 4.1675 1 1 1
v -0.224493 2.19156 4.17844 1 1 1
v -0.239459 2.19425 4.1675 1 1 1
v -0.0683241 2.19011 4.18434 1 1 1
v -0.0488029 2.19065 4.18214 1 1 1
v -0.0292817 2.19112 4.18024 1 1 1
v -0.0097605 2.19139 4.17914 1 1 1
v 0.00976062 2.19139 4.17914 1 1 1
v 0.0292817 2.19112 4.18024 1 1 1
v 0.048803 2.19065 4.18214 1 1 1
v 0.0683241 2.19011 4.18434 1 1 1
v 0.224494 2.19156 4.17844 1 1 1
v 0.239459 2.19425 4.1675 1 1 1
v 0.472593 2.19425 4.1675 1 1 1
v -0.46353 2.19892 4.14854 1 1 1
v -0.283057 2.1985 4.15025 1 1 1
v -0.289973 2.19892 4.14854 1 1 1
v -0.263536 2.19707 4.15604 1 1 1
v -0.244015 2.1949 4.16488 1 1 1
v 0.244015 2.1949 4.16488 1 1 1
v 0.263536 2.19707 4.15604 1 1 1
v 0.283057 2.1985 4.15025 1 1 1
v 0.289973 2.19892 4.14854 1 1 1
v 0.46353 2.19892 4.14854 1 1 1
v -0.458747 2.19998 4.14422 1 1 1
v -0.439658 2.20358 4.12959 1 1 1
v -0.361142 2.20329 4.13079 1 1 1
v -0.368284 2.20358 4.12959 1 1 1
v -0.34162 2.20231 4.13477 1 1 1
v -0.322099 2.2012 4.13928 1 1 1
v -0.302578 2.19989 4.14458 1 1 1
v 0.302578 2.19989 4.14458 1 1 1
v 0.322099 2.2012 4.13928 1 1 1
v 0.34162 2.20231 4.13477 1 1 1
v 0.361142 2.20329 4.13079 1 1 1
v 0.368284 2.20358 4.12959 1 1 1
v 0.458748 2.19998 4.14422 1 1 1
v 0.439658 2.20358 4.12959 1 1 1
v -0.439226 2.20362 4.12942 1 1 1
v -0.419705 2.20473 4.12494 1 1 1
v -0.400184 2.20481 4.12459 1 1 1
v -0.380663 2.20423 4.12694 1 1 1
v 0.380663 2.20423 4.12694 1 1 1
v 0.400184 2.20481 4.12459 1 1 1
v 0.419705 2.20473 4.12494 1 1 1
v 0.439226 2.20362 4.12942 1 1 1
v -0.0488029 2.28886 4.59541 1 1 1
v -0.0668213 2.28934 4.59061 1 1 1
v -0.0292817 2.28865 4.59755 1 1 1
v -0.0097605 2.28858 4.59825 1 1 1
v 0.00976062 2.28858 4.59825 1 1 1
v 0.0292817 2.28865 4.59755 1 1 1
v 0.048803 2.28886 4.59541 1 1 1
v 0.0668212 2.28934 4.59061 1 1 1
v -0.0878452 2.2903 4.58083 1 1 1
v -0.0991683 2.29126 4.57119 1 1 1
v -0.0683241 2.28937 4.59024 1 1 1
v 0.0683241 2.28937 4.59024 1 1 1
v 0.0878453 2.2903 4.58083 1 1 1
v 0.0991683 2.29126 4.57119 1 1 1
v -0.107366 2.29233 4.56035 1 1 1
v -0.113638 2.29318 4.55176 1 1 1
v 0.107366 2.29233 4.56035 1 1 1
v 0.113638 2.29318 4.55176 1 1 1
v -0.122094 2.2951 4.53234 1 1 1
v 0.122094 2.2951 4.53234 1 1 1
v -0.126148 2.29702 4.51291 1 1 1
v 0.126148 2.29702 4.51291 1 1 1
v -0.126888 2.29771 4.50586 1 1 1
v -0.129038 2.29894 4.49348 1 1 1
v 0.126888 2.29771 4.50586 1 1 1
v 0.129038 2.29894 4.49348 1 1 1
v -0.130783 2.30086 4.47406 1 1 1
v 0.130783 2.30086 4.47406 1 1 1
v -0.131845 2.30278 4.45463 1 1 1
v 0.131845 2.30278 4.45463 1 1 1
v -0.132803 2.3047 4.4352 1 1 1
v 0.132803 2.3047 4.4352 1 1 1
v -0.244015 2.3064 4.41796 1 1 1
v -0.248522 2.30662 4.41578 1 1 1
v -0.224493 2.30582 4.42387 1 1 1
v -0.204972 2.30626 4.41938 1 1 1
v -0.202096 2.30662 4.41578 1 1 1
v -0.134014 2.30662 4.41578 1 1 1
v 0.134014 2.30662 4.41578 1 1 1
v 0.204972 2.30626 4.41938 1 1 1
v 0.202096 2.30662 4.41578 1 1 1
v 0.224494 2.30582 4.42387 1 1 1
v 0.244015 2.3064 4.41796 1 1 1
v 0.248522 2.30662 4.41578 1 1 1
v -0.283057 2.30816 4.40014 1 1 1
v -0.292471 2.30854 4.39635 1 1 1
v -0.263536 2.30724 4.40946 1 1 1
v -0.195431 2.30854 4.39635 1 1 1
v -0.135589 2.30854 4.39635 1 1 1
v 0.135589 2.30854 4.39635 1 1 1
v 0.195432 2.30854 4.39635 1 1 1
v 0.263536 2.30724 4.40946 1 1 1
v 0.283057 2.30816 4.40014 1 1 1
v 0.292472 2.30854 4.39635 1 1 1
v -0.400184 2.31026 4.37898 1 1 1
v -0.410727 2.31046 4.37692 1 1 1
v -0.380663 2.30997 4.38184 1 1 1
v -0.361142 2.3098 4.38357 1 1 1
v -0.34162 2.3097 4.38463 1 1 1
v -0.322099 2.30945 4.3871 1 1 1
v -0.302578 2.30895 4.39224 1 1 1
v -0.193944 2.31046 4.37692 1 1 1
v -0.137499 2.31046 4.37692 1 1 1
v 0.137499 2.31046 4.37692 1 1 1
v 0.193944 2.31046 4.37692 1 1 1
v 0.302578 2.30895 4.39224 1 1 1
v 0.322099 2.30945 4.3871 1 1 1
v 0.34162 2.3097 4.38463 1 1 1
v 0.361142 2.3098 4.38357 1 1 1
v 0.380663 2.30997 4.38184 1 1 1
v 0.400184 2.31026 4.37898 1 1 1
v 0.410728 2.31046 4.37692 1 1 1
v -0.458747 2.31223 4.35905 1 1 1
v -0.461018 2.31238 4.3575 1 1 1
v -0.439226 2.31128 4.36859 1 1 1
v -0.419705 2.31066 4.37492 1 1 1
v -0.194087 2.31238 4.3575 1 1 1
v -0.139727 2.31238 4.3575 1 1 1
v 0.139727 2.31238 4.3575 1 1 1
v 0.194087 2.31238 4.3575 1 1 1
v 0.419705 2.31066 4.37492 1 1 1
v 0.439226 2.31128 4.36859 1 1 1
v 0.458748 2.31223 4.35905 1 1 1
v 0.461018 2.31238 4.3575 1 1 1
v -0.478269 2.31427 4.33836 1 1 1
v -0.47847 2.3143 4.33807 1 1 1
v -0.194857 2.3143 4.33807 1 1 1
v -0.142293 2.3143 4.33807 1 1 1
v 0.142293 2.3143 4.33807 1 1 1
v 0.194857 2.3143 4.33807 1 1 1
v 0.478269 2.31427 4.33836 1 1 1
v 0.478471 2.3143 4.33807 1 1 1
v -0.484635 2.31622 4.31864 1 1 1
v -0.195832 2.31622 4.31864 1 1 1
v -0.145208 2.31622 4.31864 1 1 1
v 0.145208 2.31622 4.31864 1 1 1
v 0.195832 2.31622 4.31864 1 1 1
v 0.484636 2.31622 4.31864 1 1 1
v -0.486682 2.31814 4.29922 1 1 1
v -0.196752 2.31814 4.29922 1 1 1
v -0.146409 2.317 4.31076 1 1 1
v -0.149758 2.31814 4.29922 1 1 1
v 0.146409 2.317 4.31076 1 1 1
v 0.149758 2.31814 4.29922 1 1 1
v 0.196752 2.31814 4.29922 1 1 1
v 0.486682 2.31814 4.29922 1 1 1
v -0.48684 2.32006 4.27979 1 1 1
v -0.197743 2.32006 4.27979 1 1 1
v -0.153354 2.32006 4.27979 1 1 1
v 0.153354 2.32006 4.27979 1 1 1
v 0.197743 2.32006 4.27979 1 1 1
v 0.48684 2.32006 4.27979 1 1 1
v -0.485394 2.32198 4.26036 1 1 1
v -0.200106 2.32198 4.26036 1 1 1
v -0.152764 2.32198 4.26036 1 1 1
v 0.152764 2.32198 4.26036 1 1 1
v 0.200106 2.32198 4.26036 1 1 1
v 0.485394 2.32198 4.26036 1 1 1
v -0.481489 2.3239 4.24094 1 1 1
v -0.204972 2.32333 4.24672 1 1 1
v -0.206314 2.3239 4.24094 1 1 1
v -0.146409 2.32322 4.24787 1 1 1
v -0.142508 2.3239 4.24094 1 1 1
v 0.146409 2.32322 4.24787 1 1 1
v 0.142508 2.3239 4.24094 1 1 1
v 0.204972 2.32333 4.24672 1 1 1
v 0.206314 2.3239 4.24094 1 1 1
v 0.481489 2.3239 4.24094 1 1 1
v -0.478269 2.32485 4.23129 1 1 1
v -0.475928 2.32582 4.22151 1 1 1
v -0.217097 2.32582 4.22151 1 1 1
v -0.126888 2.32494 4.23039 1 1 1
v -0.107366 2.32552 4.22457 1 1 1
v -0.0878452 2.32578 4.22189 1 1 1
v -0.0839659 2.32582 4.22151 1 1 1
v 0.0878453 2.32578 4.22189 1 1 1
v 0.083966 2.32582 4.22151 1 1 1
v 0.107366 2.32552 4.22457 1 1 1
v 0.126888 2.32494 4.23039 1 1 1
v 0.217097 2.32582 4.22151 1 1 1
v 0.478269 2.32485 4.23129 1 1 1
v 0.475928 2.32582 4.22151 1 1 1
v -0.470451 2.32774 4.20208 1 1 1
v -0.224493 2.3265 4.21459 1 1 1
v -0.241557 2.32774 4.20208 1 1 1
v -0.0683241 2.32601 4.21958 1 1 1
v -0.0488029 2.32623 4.21739 1 1 1
v -0.0292817 2.32641 4.21555 1 1 1
v -0.0097605 2.32651 4.21451 1 1 1
v 0.00976062 2.32651 4.21451 1 1 1
v 0.0292817 2.32641 4.21555 1 1 1
v 0.048803 2.32623 4.21739 1 1 1
v 0.0683241 2.32601 4.21958 1 1 1
v 0.224494 2.3265 4.21459 1 1 1
v 0.241557 2.32774 4.20208 1 1 1
v 0.470451 2.32774 4.20208 1 1 1
v -0.460428 2.32966 4.18266 1 1 1
v -0.283057 2.3294 4.18531 1 1 1
v -0.293534 2.32966 4.18266 1 1 1
v -0.263536 2.3288 4.19137 1 1 1
v -0.244015 2.32788 4.20065 1 1 1
v 0.244015 2.32788 4.20065 1 1 1
v 0.263536 2.3288 4.19137 1 1 1
v 0.283057 2.3294 4.18531 1 1 1
v 0.293534 2.32966 4.18266 1 1 1
v 0.460429 2.32966 4.18266 1 1 1
v -0.458747 2.32981 4.18116 1 1 1
v -0.439226 2.33136 4.16545 1 1 1
v -0.433645 2.33158 4.16323 1 1 1
v -0.361142 2.33136 4.16547 1 1 1
v -0.374066 2.33158 4.16323 1 1 1
v -0.34162 2.33096 4.16953 1 1 1
v -0.322099 2.3305 4.1742 1 1 1
v -0.302578 2.32995 4.17974 1 1 1
v 0.302578 2.32995 4.17974 1 1 1
v 0.322099 2.3305 4.1742 1 1 1
v 0.34162 2.33096 4.16953 1 1 1
v 0.361142 2.33136 4.16547 1 1 1
v 0.374066 2.33158 4.16323 1 1 1
v 0.439226 2.33136 4.16545 1 1 1
v 0.433646 2.33158 4.16323 1 1 1
v 0.458748 2.32981 4.18116 1 1 1
v -0.419705 2.3319 4.15997 1 1 1
v -0.400184 2.33196 4.15943 1 1 1
v -0.380663 2.33172 4.16178 1 1 1
v 0.380663 2.33172 4.16178 1 1 1
v 0.400184 2.33196 4.15943 1 1 1
v 0.419705 2.3319 4.15997 1 1 1
v -0.0488029 2.48336 4.61097 1 1 1
v -0.0632292 2.48318 4.60731 1 1 1
v -0.0292817 2.48347 4.61312 1 1 1
v -0.0097605 2.4835 4.61381 1 1 1
v 0.00976062 2.4835 4.61381 1 1 1
v 0.0292817 2.48347 4.61312 1 1 1
v 0.048803 2.48336 4.61097 1 1 1
v 0.0632291 2.48318 4.60731 1 1 1
v -0.0878452 2.48268 4.59708 1 1 1
v -0.0995185 2.48222 4.58782 1 1 1
v -0.0683241 2.48312 4.60613 1 1 1
v 0.0683241 2.48312 4.60613 1 1 1
v 0.0878453 2.48268 4.59708 1 1 1
v 0.0995185 2.48222 4.58782 1 1 1
v -0.107366 2.48176 4.57845 1 1 1
v -0.11552 2.48126 4.56832 1 1 1
v 0.107366 2.48176 4.57845 1 1 1
v 0.11552 2.48126 4.56832 1 1 1
v -0.124369 2.48029 4.54882 1 1 1
v 0.124369 2.48029 4.54882 1 1 1
v -0.126888 2.47973 4.53731 1 1 1
v -0.129521 2.47933 4.52932 1 1 1
v 0.126888 2.47973 4.53731 1 1 1
v 0.129521 2.47933 4.52932 1 1 1
v -0.132563 2.47837 4.50983 1 1 1
v 0.132563 2.47837 4.50983 1 1 1
v -0.133701 2.47741 4.49033 1 1 1
v 0.133701 2.47741 4.49033 1 1 1
v -0.134122 2.47645 4.47083 1 1 1
v 0.134122 2.47645 4.47083 1 1 1
v -0.134468 2.47548 4.45133 1 1 1
v 0.134468 2.47548 4.45133 1 1 1
v -0.244015 2.47455 4.43236 1 1 1
v -0.245112 2.47452 4.43184 1 1 1
v -0.224493 2.47484 4.43832 1 1 1
v -0.204972 2.47461 4.43357 1 1 1
v -0.203563 2.47452 4.43184 1 1 1
v -0.135138 2.47452 4.43184 1 1 1
v 0.135138 2.47452 4.43184 1 1 1
v 0.204972 2.47461 4.43357 1 1 1
v 0.203563 2.47452 4.43184 1 1 1
v 0.224494 2.47484 4.43832 1 1 1
v 0.244015 2.47455 4.43236 1 1 1
v 0.245112 2.47452 4.43184 1 1 1
v -0.283057 2.47369 4.41505 1 1 1
v -0.290324 2.47356 4.41234 1 1 1
v -0.263536 2.47414 4.42422 1 1 1
v -0.196363 2.47356 4.41234 1 1 1
v -0.136271 2.47356 4.41234 1 1 1
v 0.136271 2.47356 4.41234 1 1 1
v 0.196363 2.47356 4.41234 1 1 1
v 0.263536 2.47414 4.42422 1 1 1
v 0.283057 2.47369 4.41505 1 1 1
v 0.290324 2.47356 4.41234 1 1 1
v -0.458747 2.47279 4.39679 1 1 1
v -0.46765 2.4726 4.39284 1 1 1
v -0.439226 2.47305 4.40202 1 1 1
v -0.419705 2.47317 4.4045 1 1 1
v -0.400184 2.47321 4.40526 1 1 1
v -0.380663 2.4732 4.40509 1 1 1
v -0.361142 2.47315 4.404 1 1 1
v -0.34162 2.47308 4.40262 1 1 1
v -0.322099 2.47312 4.40341 1 1 1
v -0.302578 2.47333 4.40774 1 1 1
v -0.194745 2.4726 4.39284 1 1 1
v -0.137836 2.4726 4.39284 1 1 1
v 0.137836 2.4726 4.39284 1 1 1
v 0.194745 2.4726 4.39284 1 1 1
v 0.302578 2.47333 4.40774 1 1 1
v 0.322099 2.47312 4.40341 1 1 1
v 0.34162 2.47308 4.40262 1 1 1
v 0.361142 2.47315 4.404 1 1 1
v 0.380663 2.4732 4.40509 1 1 1
v 0.400184 2.47321 4.40526 1 1 1
v 0.419705 2.47317 4.4045 1 1 1
v 0.439226 2.47305 4.40202 1 1 1
v 0.458748 2.47279 4.39679 1 1 1
v 0.46765 2.4726 4.39284 1 1 1
v -0.478269 2.47229 4.38656 1 1 1
v -0.493949 2.47163 4.37334 1 1 1
v -0.194825 2.47163 4.37334 1 1 1
v -0.139803 2.47163 4.37334 1 1 1
v 0.139803 2.47163 4.37334 1 1 1
v 0.194825 2.47163 4.37334 1 1 1
v 0.478269 2.47229 4.38656 1 1 1
v 0.493949 2.47163 4.37334 1 1 1
v -0.49779 2.47133 4.36723 1 1 1
v -0.504302 2.47067 4.35385 1 1 1
v -0.195543 2.47067 4.35385 1 1 1
v -0.142175 2.47067 4.35385 1 1 1
v 0.142176 2.47067 4.35385 1 1 1
v 0.195543 2.47067 4.35385 1 1 1
v 0.49779 2.47133 4.36723 1 1 1
v 0.504302 2.47067 4.35385 1 1 1
v -0.506828 2.46971 4.33435 1 1 1
v -0.196455 2.46971 4.33435 1 1 1
v -0.144954 2.46971 4.33435 1 1 1
v 0.144954 2.46971 4.33435 1 1 1
v 0.196455 2.46971 4.33435 1 1 1
v 0.506828 2.46971 4.33435 1 1 1
v -0.50556 2.46875 4.31485 1 1 1
v -0.197286 2.46875 4.31485 1 1 1
v -0.146409 2.46922 4.32447 1 1 1
v -0.149111 2.46875 4.31485 1 1 1
v 0.146409 2.46922 4.32447 1 1 1
v 0.149111 2.46875 4.31485 1 1 1
v 0.197286 2.46875 4.31485 1 1 1
v 0.505561 2.46875 4.31485 1 1 1
v -0.502461 2.46778 4.29535 1 1 1
v -0.198175 2.46778 4.29535 1 1 1
v -0.152681 2.46778 4.29535 1 1 1
v 0.152681 2.46778 4.29535 1 1 1
v 0.198175 2.46778 4.29535 1 1 1
v 0.502461 2.46778 4.29535 1 1 1
v -0.49779 2.46683 4.27603 1 1 1
v -0.497734 2.46682 4.27586 1 1 1
v -0.200491 2.46682 4.27586 1 1 1
v -0.152007 2.46682 4.27586 1 1 1
v 0.152007 2.46682 4.27586 1 1 1
v 0.200491 2.46682 4.27586 1 1 1
v 0.49779 2.46683 4.27603 1 1 1
v 0.497734 2.46682 4.27586 1 1 1
v -0.489013 2.46586 4.25636 1 1 1
v -0.204972 2.4662 4.26335 1 1 1
v -0.206613 2.46586 4.25636 1 1 1
v -0.146409 2.46628 4.26484 1 1 1
v -0.141656 2.46586 4.25636 1 1 1
v 0.146409 2.46628 4.26484 1 1 1
v 0.141656 2.46586 4.25636 1 1 1
v 0.204972 2.4662 4.26335 1 1 1
v 0.206613 2.46586 4.25636 1 1 1
v 0.489013 2.46586 4.25636 1 1 1
v -0.478269 2.46494 4.23771 1 1 1
v -0.477934 2.4649 4.23686 1 1 1
v -0.217897 2.4649 4.23686 1 1 1
v -0.126888 2.46537 4.24638 1 1 1
v -0.107366 2.46507 4.24031 1 1 1
v -0.0878452 2.46493 4.23751 1 1 1
v -0.081402 2.4649 4.23686 1 1 1
v 0.0878453 2.46493 4.23751 1 1 1
v 0.081402 2.4649 4.23686 1 1 1
v 0.107366 2.46507 4.24031 1 1 1
v 0.126888 2.46537 4.24638 1 1 1
v 0.217897 2.4649 4.23686 1 1 1
v 0.478269 2.46494 4.23771 1 1 1
v 0.477934 2.4649 4.23686 1 1 1
v -0.470182 2.46394 4.21737 1 1 1
v -0.224493 2.4646 4.23081 1 1 1
v -0.243201 2.46394 4.21737 1 1 1
v -0.0683241 2.46482 4.23522 1 1 1
v -0.0488029 2.46471 4.23303 1 1 1
v -0.0292817 2.46462 4.23127 1 1 1
v -0.0097605 2.46457 4.23028 1 1 1
v 0.00976062 2.46457 4.23028 1 1 1
v 0.0292817 2.46462 4.23127 1 1 1
v 0.048803 2.46471 4.23303 1 1 1
v 0.0683241 2.46482 4.23522 1 1 1
v 0.224494 2.4646 4.23081 1 1 1
v 0.243201 2.46394 4.21737 1 1 1
v 0.470182 2.46394 4.21737 1 1 1
v -0.458747 2.46298 4.198 1 1 1
v -0.458687 2.46297 4.19787 1 1 1
v -0.283057 2.46314 4.20127 1 1 1
v -0.2965 2.46297 4.19787 1 1 1
v -0.263536 2.46345 4.20745 1 1 1
v -0.244015 2.46391 4.2169 1 1 1
v 0.244015 2.46391 4.2169 1 1 1
v 0.263536 2.46345 4.20745 1 1 1
v 0.283057 2.46314 4.20127 1 1 1
v 0.2965 2.46297 4.19787 1 1 1
v 0.458748 2.46298 4.198 1 1 1
v 0.458687 2.46297 4.19787 1 1 1
v -0.439226 2.46221 4.18239 1 1 1
v -0.428691 2.46201 4.17837 1 1 1
v -0.361142 2.46216 4.18146 1 1 1
v -0.378973 2.46201 4.17837 1 1 1
v -0.34162 2.46236 4.18552 1 1 1
v -0.322099 2.4626 4.19026 1 1 1
v -0.302578 2.46288 4.1959 1 1 1
v 0.302578 2.46288 4.1959 1 1 1
v 0.322099 2.4626 4.19026 1 1 1
v 0.34162 2.46236 4.18552 1 1 1
v 0.361142 2.46216 4.18146 1 1 1
v 0.378973 2.46201 4.17837 1 1 1
v 0.439226 2.46221 4.18239 1 1 1
v 0.428691 2.46201 4.17837 1 1 1
v -0.419705 2.46191 4.17631 1 1 1
v -0.400184 2.46188 4.17567 1 1 1
v -0.380663 2.46199 4.178 1 1 1
v 0.380663 2.46199 4.178 1 1 1
v 0.400184 2.46188 4.17567 1 1 1
v 0.419705 2.46191 4.17631 1 1 1
v -0.0488029 2.67761 4.59815 1 1 1
v -0.0607181 2.67705 4.59534 1 1 1
v -0.0292817 2.67802 4.60021 1 1 1
v -0.0097605 2.67815 4.60088 1 1 1
v 0.00976062 2.67815 4.60088 1 1 1
v 0.0292817 2.67802 4.60021 1 1 1
v 0.048803 2.67761 4.59815 1 1 1
v 0.0607181 2.67705 4.59534 1 1 1
v -0.0878452 2.67507 4.58532 1 1 1
v -0.100477 2.67326 4.57619 1 1 1
v -0.0683241 2.67673 4.59371 1 1 1
v 0.0683241 2.67673 4.59371 1 1 1
v 0.0878453 2.67507 4.58532 1 1 1
v 0.100477 2.67326 4.57619 1 1 1
v -0.107366 2.67181 4.56891 1 1 1
v -0.118082 2.66946 4.55704 1 1 1
v 0.107366 2.67181 4.56891 1 1 1
v 0.118082 2.66946 4.55704 1 1 1
v -0.126888 2.66581 4.53862 1 1 1
v -0.12735 2.66566 4.53789 1 1 1
v 0.126888 2.66581 4.53862 1 1 1
v 0.12735 2.66566 4.53789 1 1 1
v -0.134042 2.66187 4.51875 1 1 1
v 0.134042 2.66187 4.51875 1 1 1
v -0.136419 2.65807 4.4996 1 1 1
v 0.136419 2.65807 4.4996 1 1 1
v -0.136833 2.65427 4.48045 1 1 1
v 0.136833 2.65427 4.48045 1 1 1
v -0.13654 2.65048 4.4613 1 1 1
v 0.13654 2.65048 4.4613 1 1 1
v -0.136219 2.64668 4.44215 1 1 1
v 0.136219 2.64668 4.44215 1 1 1
v -0.224493 2.64382 4.4277 1 1 1
v -0.240083 2.64289 4.423 1 1 1
v -0.205991 2.64289 4.423 1 1 1
v -0.136305 2.64289 4.423 1 1 1
v 0.136305 2.64289 4.423 1 1 1
v 0.224494 2.64382 4.4277 1 1 1
v 0.205991 2.64289 4.423 1 1 1
v 0.240083 2.64289 4.423 1 1 1
v -0.458747 2.63986 4.40775 1 1 1
v -0.470315 2.63909 4.40386 1 1 1
v -0.439226 2.64051 4.41102 1 1 1
v -0.419705 2.64054 4.41118 1 1 1
v -0.400184 2.64014 4.40916 1 1 1
v -0.380663 2.63953 4.40607 1 1 1
v -0.369891 2.63909 4.40386 1 1 1
v -0.283057 2.63951 4.40598 1 1 1
v -0.289591 2.63909 4.40386 1 1 1
v -0.263536 2.6412 4.41452 1 1 1
v -0.244015 2.64271 4.42213 1 1 1
v -0.204972 2.64277 4.42244 1 1 1
v -0.197435 2.63909 4.40386 1 1 1
v -0.136962 2.63909 4.40386 1 1 1
v 0.136962 2.63909 4.40386 1 1 1
v 0.204972 2.64277 4.42244 1 1 1
v 0.197435 2.63909 4.40386 1 1 1
v 0.244015 2.64271 4.42213 1 1 1
v 0.263536 2.6412 4.41452 1 1 1
v 0.283057 2.63951 4.40598 1 1 1
v 0.289591 2.63909 4.40386 1 1 1
v 0.380663 2.63953 4.40607 1 1 1
v 0.369891 2.63909 4.40386 1 1 1
v 0.400184 2.64014 4.40916 1 1 1
v 0.419705 2.64054 4.41118 1 1 1
v 0.439226 2.64051 4.41102 1 1 1
v 0.458748 2.63986 4.40775 1 1 1
v 0.470316 2.63909 4.40386 1 1 1
v -0.49779 2.63639 4.39023 1 1 1
v -0.505846 2.63529 4.38471 1 1 1
v -0.478269 2.6385 4.40089 1 1 1
v -0.361142 2.63874 4.4021 1 1 1
v -0.34162 2.63794 4.39806 1 1 1
v -0.322099 2.63767 4.39668 1 1 1
v -0.302578 2.63825 4.39961 1 1 1
v -0.195627 2.63529 4.38471 1 1 1
v -0.138155 2.63529 4.38471 1 1 1
v 0.138155 2.63529 4.38471 1 1 1
v 0.195627 2.63529 4.38471 1 1 1
v 0.302578 2.63825 4.39961 1 1 1
v 0.322099 2.63767 4.39668 1 1 1
v 0.34162 2.63794 4.39806 1 1 1
v 0.361142 2.63874 4.4021 1 1 1
v 0.478269 2.6385 4.40089 1 1 1
v 0.49779 2.63639 4.39023 1 1 1
v 0.505847 2.63529 4.38471 1 1 1
v -0.517311 2.63292 4.37271 1 1 1
v -0.522889 2.6315 4.36556 1 1 1
v -0.195602 2.6315 4.36556 1 1 1
v -0.13984 2.6315 4.36556 1 1 1
v 0.13984 2.6315 4.36556 1 1 1
v 0.195602 2.6315 4.36556 1 1 1
v 0.517311 2.63292 4.37271 1 1 1
v 0.522889 2.6315 4.36556 1 1 1
v -0.529012 2.6277 4.34641 1 1 1
v -0.196228 2.6277 4.34641 1 1 1
v -0.142007 2.6277 4.34641 1 1 1
v 0.142007 2.6277 4.34641 1 1 1
v 0.196228 2.6277 4.34641 1 1 1
v 0.529012 2.6277 4.34641 1 1 1
v -0.529 2.6239 4.32726 1 1 1
v -0.197027 2.6239 4.32726 1 1 1
v -0.144642 2.6239 4.32726 1 1 1
v 0.144642 2.6239 4.32726 1 1 1
v 0.197027 2.6239 4.32726 1 1 1
v 0.529 2.6239 4.32726 1 1 1
v -0.525832 2.62011 4.30811 1 1 1
v -0.197708 2.62011 4.30811 1 1 1
v -0.146409 2.62149 4.3151 1 1 1
v -0.148358 2.62011 4.30811 1 1 1
v 0.146409 2.62149 4.3151 1 1 1
v 0.148358 2.62011 4.30811 1 1 1
v 0.197708 2.62011 4.30811 1 1 1
v 0.525832 2.62011 4.30811 1 1 1
v -0.521039 2.61631 4.28896 1 1 1
v -0.198412 2.61631 4.28896 1 1 1
v -0.151929 2.61631 4.28896 1 1 1
v 0.151929 2.61631 4.28896 1 1 1
v 0.198412 2.61631 4.28896 1 1 1
v 0.521039 2.61631 4.28896 1 1 1
v -0.517311 2.61397 4.27714 1 1 1
v -0.514025 2.61251 4.26982 1 1 1
v -0.200562 2.61251 4.26982 1 1 1
v -0.151183 2.61251 4.26982 1 1 1
v 0.151183 2.61251 4.26982 1 1 1
v 0.200562 2.61251 4.26982 1 1 1
v 0.517311 2.61397 4.27714 1 1 1
v 0.514025 2.61251 4.26982 1 1 1
v -0.502386 2.60872 4.25067 1 1 1
v -0.204972 2.61011 4.2577 1 1 1
v -0.206668 2.60872 4.25067 1 1 1
v -0.146409 2.6107 4.26065 1 1 1
v -0.140713 2.60872 4.25067 1 1 1
v 0.146409 2.6107 4.26065 1 1 1
v 0.140713 2.60872 4.25067 1 1 1
v 0.204972 2.61011 4.2577 1 1 1
v 0.206668 2.60872 4.25067 1 1 1
v 0.502386 2.60872 4.25067 1 1 1
v -0.49779 2.60764 4.24521 1 1 1
v -0.485153 2.60492 4.23152 1 1 1
v -0.218329 2.60492 4.23152 1 1 1
v -0.126888 2.60691 4.24155 1 1 1
v -0.107366 2.60569 4.23538 1 1 1
v -0.0878452 2.60511 4.23248 1 1 1
v -0.0783342 2.60492 4.23152 1 1 1
v 0.0878453 2.60511 4.23248 1 1 1
v 0.0783342 2.60492 4.23152 1 1 1
v 0.107366 2.60569 4.23538 1 1 1
v 0.126888 2.60691 4.24155 1 1 1
v 0.218329 2.60492 4.23152 1 1 1
v 0.49779 2.60764 4.24521 1 1 1
v 0.485153 2.60492 4.23152 1 1 1
v -0.478269 2.60351 4.22441 1 1 1
v -0.471794 2.60113 4.21237 1 1 1
v -0.244015 2.60116 4.21256 1 1 1
v -0.244391 2.60113 4.21237 1 1 1
v -0.224493 2.60385 4.22609 1 1 1
v -0.0683241 2.60467 4.23026 1 1 1
v -0.0488029 2.60424 4.22808 1 1 1
v -0.0292817 2.6039 4.22638 1 1 1
v -0.0097605 2.60372 4.22546 1 1 1
v 0.00976062 2.60372 4.22546 1 1 1
v 0.0292817 2.6039 4.22638 1 1 1
v 0.048803 2.60424 4.22808 1 1 1
v 0.0683241 2.60467 4.23026 1 1 1
v 0.224494 2.60385 4.22609 1 1 1
v 0.244015 2.60116 4.21256 1 1 1
v 0.244391 2.60113 4.21237 1 1 1
v 0.478269 2.60351 4.22441 1 1 1
v 0.471794 2.60113 4.21237 1 1 1
v -0.458747 2.59749 4.19404 1 1 1
v -0.458314 2.59733 4.19322 1 1 1
v -0.283057 2.59811 4.19715 1 1 1
v -0.298924 2.59733 4.19322 1 1 1
v -0.263536 2.59932 4.20328 1 1 1
v 0.263536 2.59932 4.20328 1 1 1
v 0.283057 2.59811 4.19715 1 1 1
v 0.298924 2.59733 4.19322 1 1 1
v 0.458748 2.59749 4.19404 1 1 1
v 0.458314 2.59733 4.19322 1 1 1
v -0.439226 2.59454 4.17914 1 1 1
v -0.424749 2.59353 4.17407 1 1 1
v -0.380663 2.59362 4.17452 1 1 1
v -0.385316 2.59353 4.17407 1 1 1
v -0.361142 2.59427 4.17781 1 1 1
v -0.34162 2.59506 4.18178 1 1 1
v -0.322099 2.59599 4.18646 1 1 1
v -0.302578 2.5971 4.19207 1 1 1
v 0.302578 2.5971 4.19207 1 1 1
v 0.322099 2.59599 4.18646 1 1 1
v 0.34162 2.59506 4.18178 1 1 1
v 0.361142 2.59427 4.17781 1 1 1
v 0.380663 2.59362 4.17452 1 1 1
v 0.385316 2.59353 4.17407 1 1 1
v 0.439226 2.59454 4.17914 1 1 1
v 0.424749 2.59353 4.17407 1 1 1
v -0.419705 2.59332 4.17298 1 1 1
v -0.400184 2.59319 4.17232 1 1 1
v 0.400184 2.59319 4.17232 1 1 1
v 0.419705 2.59332 4.17298 1 1 1
v -0.0488029 2.86626 4.55808 1 1 1
v -0.059452 2.86546 4.55579 1 1 1
v -0.0292817 2.86692 4.55999 1 1 1
v -0.0097605 2.86714 4.5606 1 1 1
v 0.00976062 2.86714 4.5606 1 1 1
v 0.0292817 2.86692 4.55999 1 1 1
v 0.048803 2.86626 4.55808 1 1 1
v 0.059452 2.86546 4.55579 1 1 1
v -0.0878452 2.86226 4.54656 1 1 1
v -0.102121 2.85906 4.53735 1 1 1
v -0.0683241 2.86486 4.55407 1 1 1
v 0.0683241 2.86486 4.55407 1 1 1
v 0.0878453 2.86226 4.54656 1 1 1
v 0.102121 2.85906 4.53735 1 1 1
v -0.107366 2.85738 4.53253 1 1 1
v -0.121386 2.85265 4.51891 1 1 1
v 0.107366 2.85738 4.53253 1 1 1
v 0.121386 2.85265 4.51891 1 1 1
v -0.126888 2.84921 4.50899 1 1 1
v -0.133033 2.84625 4.50047 1 1 1
v 0.126888 2.84921 4.50899 1 1 1
v 0.133033 2.84625 4.50047 1 1 1
v -0.139019 2.83984 4.48203 1 1 1
v 0.139019 2.83984 4.48203 1 1 1
v -0.140542 2.83344 4.46359 1 1 1
v 0.140542 2.83344 4.46359 1 1 1
v -0.140135 2.82703 4.44515 1 1 1
v 0.140135 2.82703 4.44515 1 1 1
v -0.139073 2.82062 4.42671 1 1 1
v 0.139073 2.82062 4.42671 1 1 1
v -0.138044 2.81422 4.40827 1 1 1
v 0.138044 2.81422 4.40827 1 1 1
v -0.458747 2.80867 4.39229 1 1 1
v -0.466996 2.80781 4.38983 1 1 1
v -0.439226 2.80956 4.39486 1 1 1
v -0.419705 2.8092 4.39383 1 1 1
v -0.400267 2.80781 4.38983 1 1 1
v -0.224493 2.80879 4.39266 1 1 1
v -0.234326 2.80781 4.38983 1 1 1
v -0.212032 2.80781 4.38983 1 1 1
v -0.137513 2.80781 4.38983 1 1 1
v 0.137513 2.80781 4.38983 1 1 1
v 0.224494 2.80879 4.39266 1 1 1
v 0.212032 2.80781 4.38983 1 1 1
v 0.234326 2.80781 4.38983 1 1 1
v 0.419705 2.8092 4.39383 1 1 1
v 0.400267 2.80781 4.38983 1 1 1
v 0.439226 2.80956 4.39486 1 1 1
v 0.458748 2.80867 4.39229 1 1 1
v 0.466996 2.80781 4.38983 1 1 1
v -0.49779 2.80378 4.37823 1 1 1
v -0.511376 2.80141 4.37139 1 1 1
v -0.478269 2.80665 4.38647 1 1 1
v -0.400184 2.80781 4.38981 1 1 1
v -0.380663 2.80587 4.38423 1 1 1
v -0.361142 2.80363 4.3778 1 1 1
v -0.342966 2.80141 4.37139 1 1 1
v -0.283057 2.80211 4.37342 1 1 1
v -0.290804 2.80141 4.37139 1 1 1
v -0.263536 2.80472 4.38094 1 1 1
v -0.244015 2.80711 4.38781 1 1 1
v -0.204972 2.80658 4.38627 1 1 1
v -0.198674 2.80141 4.37139 1 1 1
v -0.137661 2.80141 4.37139 1 1 1
v 0.137662 2.80141 4.37139 1 1 1
v 0.204972 2.80658 4.38627 1 1 1
v 0.198674 2.80141 4.37139 1 1 1
v 0.244015 2.80711 4.38781 1 1 1
v 0.263536 2.80472 4.38094 1 1 1
v 0.283057 2.80211 4.37342 1 1 1
v 0.290804 2.80141 4.37139 1 1 1
v 0.361142 2.80363 4.3778 1 1 1
v 0.342966 2.80141 4.37139 1 1 1
v 0.380663 2.80587 4.38423 1 1 1
v 0.400184 2.80781 4.38981 1 1 1
v 0.478269 2.80665 4.38647 1 1 1
v 0.49779 2.80378 4.37823 1 1 1
v 0.511376 2.80141 4.37139 1 1 1
v -0.536832 2.79516 4.35342 1 1 1
v -0.537392 2.795 4.35295 1 1 1
v -0.517311 2.80014 4.36774 1 1 1
v -0.34162 2.80126 4.37097 1 1 1
v -0.322099 2.79994 4.36717 1 1 1
v -0.302578 2.80033 4.36828 1 1 1
v -0.1966 2.795 4.35295 1 1 1
v -0.138458 2.795 4.35295 1 1 1
v 0.138458 2.795 4.35295 1 1 1
v 0.1966 2.795 4.35295 1 1 1
v 0.302578 2.80033 4.36828 1 1 1
v 0.322099 2.79994 4.36717 1 1 1
v 0.34162 2.80126 4.37097 1 1 1
v 0.517311 2.80014 4.36774 1 1 1
v 0.536832 2.79516 4.35342 1 1 1
v 0.537392 2.795 4.35295 1 1 1
v -0.549143 2.7886 4.33451 1 1 1
v -0.196423 2.7886 4.33451 1 1 1
v -0.13984 2.7886 4.33451 1 1 1
v 0.13984 2.7886 4.33451 1 1 1
v 0.196423 2.7886 4.33451 1 1 1
v 0.549143 2.7886 4.33451 1 1 1
v -0.551788 2.78219 4.31607 1 1 1
v -0.196911 2.78219 4.31607 1 1 1
v -0.141784 2.78219 4.31607 1 1 1
v 0.141784 2.78219 4.31607 1 1 1
v 0.196911 2.78219 4.31607 1 1 1
v 0.551788 2.78219 4.31607 1 1 1
v -0.549553 2.77578 4.29763 1 1 1
v -0.197547 2.77578 4.29763 1 1 1
v -0.144266 2.77578 4.29763 1 1 1
v 0.144266 2.77578 4.29763 1 1 1
v 0.197547 2.77578 4.29763 1 1 1
v 0.549553 2.77578 4.29763 1 1 1
v -0.545071 2.76938 4.27919 1 1 1
v -0.198014 2.76938 4.27919 1 1 1
v -0.146409 2.77069 4.28296 1 1 1
v -0.147479 2.76938 4.27919 1 1 1
v 0.146409 2.77069 4.28296 1 1 1
v 0.147479 2.76938 4.27919 1 1 1
v 0.198014 2.76938 4.27919 1 1 1
v 0.545071 2.76938 4.27919 1 1 1
v -0.539471 2.76297 4.26075 1 1 1
v -0.198452 2.76297 4.26075 1 1 1
v -0.151073 2.76297 4.26075 1 1 1
v 0.151073 2.76297 4.26075 1 1 1
v 0.198452 2.76297 4.26075 1 1 1
v 0.539471 2.76297 4.26075 1 1 1
v -0.536832 2.76034 4.25318 1 1 1
v -0.531631 2.75657 4.24231 1 1 1
v -0.20032 2.75657 4.24231 1 1 1
v -0.15026 2.75657 4.24231 1 1 1
v 0.15026 2.75657 4.24231 1 1 1
v 0.20032 2.75657 4.24231 1 1 1
v 0.536832 2.76034 4.25318 1 1 1
v 0.53163 2.75657 4.24231 1 1 1
v -0.520296 2.75016 4.22387 1 1 1
v -0.204972 2.75224 4.22984 1 1 1
v -0.206471 2.75016 4.22387 1 1 1
v -0.146409 2.75412 4.23525 1 1 1
v -0.139649 2.75016 4.22387 1 1 1
v 0.146409 2.75412 4.23525 1 1 1
v 0.139649 2.75016 4.22387 1 1 1
v 0.204972 2.75224 4.22984 1 1 1
v 0.206471 2.75016 4.22387 1 1 1
v 0.520296 2.75016 4.22387 1 1 1
v -0.517311 2.74888 4.22019 1 1 1
v -0.498621 2.74376 4.20543 1 1 1
v -0.218378 2.74376 4.20543 1 1 1
v -0.126888 2.74738 4.21586 1 1 1
v -0.107366 2.74524 4.20969 1 1 1
v -0.0878452 2.74421 4.20675 1 1 1
v -0.0748586 2.74376 4.20543 1 1 1
v 0.0878453 2.74421 4.20675 1 1 1
v 0.0748586 2.74376 4.20543 1 1 1
v 0.107366 2.74524 4.20969 1 1 1
v 0.126888 2.74738 4.21586 1 1 1
v 0.218378 2.74376 4.20543 1 1 1
v 0.517311 2.74888 4.22019 1 1 1
v 0.498621 2.74376 4.20543 1 1 1
v -0.49779 2.74357 4.20489 1 1 1
v -0.478269 2.73862 4.19065 1 1 1
v -0.475593 2.73735 4.18699 1 1 1
v -0.244015 2.73753 4.18751 1 1 1
v -0.245113 2.73735 4.18699 1 1 1
v -0.224493 2.742 4.20036 1 1 1
v -0.0683241 2.74347 4.2046 1 1 1
v -0.0488029 2.74272 4.20244 1 1 1
v -0.0292817 2.74215 4.2008 1 1 1
v -0.0097605 2.74185 4.19993 1 1 1
v 0.00976062 2.74185 4.19993 1 1 1
v 0.0292817 2.74215 4.2008 1 1 1
v 0.048803 2.74272 4.20244 1 1 1
v 0.0683241 2.74347 4.2046 1 1 1
v 0.224494 2.742 4.20036 1 1 1
v 0.244015 2.73753 4.18751 1 1 1
v 0.245113 2.73735 4.18699 1 1 1
v 0.478269 2.73862 4.19065 1 1 1
v 0.475593 2.73735 4.18699 1 1 1
v 0.49779 2.74357 4.20489 1 1 1
v -0.459109 2.73094 4.16855 1 1 1
v -0.283057 2.73241 4.17276 1 1 1
v -0.300798 2.73094 4.16855 1 1 1
v -0.263536 2.73446 4.17867 1 1 1
v 0.263536 2.73446 4.17867 1 1 1
v 0.283057 2.73241 4.17276 1 1 1
v 0.300798 2.73094 4.16855 1 1 1
v 0.459109 2.73094 4.16855 1 1 1
v -0.458747 2.73086 4.16831 1 1 1
v -0.439226 2.72641 4.15549 1 1 1
v -0.421816 2.72454 4.15011 1 1 1
v -0.380663 2.72489 4.15112 1 1 1
v -0.391378 2.72454 4.15011 1 1 1
v -0.361142 2.72597 4.15424 1 1 1
v -0.34162 2.7273 4.15805 1 1 1
v -0.322099 2.72887 4.16257 1 1 1
v -0.302578 2.73076 4.16801 1 1 1
v 0.302578 2.73076 4.16801 1 1 1
v 0.322099 2.72887 4.16257 1 1 1
v 0.34162 2.7273 4.15805 1 1 1
v 0.361142 2.72597 4.15424 1 1 1
v 0.380663 2.72489 4.15112 1 1 1
v 0.391378 2.72454 4.15011 1 1 1
v 0.439226 2.72641 4.15549 1 1 1
v 0.421816 2.72454 4.15011 1 1 1
v 0.458748 2.73086 4.16831 1 1 1
v -0.419705 2.72439 4.14969 1 1 1
v -0.400184 2.72418 4.14908 1 1 1
v 0.400184 2.72418 4.14908 1 1 1
v 0.419705 2.72439 4.14969 1 1 1
v -0.0488029 3.04495 4.49397 1 1 1
v -0.0593846 3.04394 4.49193 1 1 1
v -0.0292817 3.04579 4.49568 1 1 1
v -0.0097605 3.04607 4.49624 1 1 1
v 0.00976062 3.04607 4.49624 1 1 1
v 0.0292817 3.04579 4.49568 1 1 1
v 0.048803 3.04495 4.49397 1 1 1
v 0.0593846 3.04394 4.49193 1 1 1
v -0.0878452 3.03994 4.48385 1 1 1
v -0.104446 3.03528 4.47444 1 1 1
v -0.0683241 3.04317 4.49039 1 1 1
v 0.0683241 3.04317 4.49039 1 1 1
v 0.0878453 3.03994 4.48385 1 1 1
v 0.104446 3.03528 4.47444 1 1 1
v -0.107366 3.03414 4.47213 1 1 1
v -0.125407 3.02662 4.45694 1 1 1
v 0.107366 3.03414 4.47213 1 1 1
v 0.125407 3.02662 4.45694 1 1 1
v -0.126888 3.02549 4.45466 1 1 1
v -0.139334 3.01796 4.43945 1 1 1
v 0.126888 3.02549 4.45466 1 1 1
v 0.139334 3.01796 4.43945 1 1 1
v -0.144298 3.0093 4.42195 1 1 1
v 0.144298 3.0093 4.42195 1 1 1
v -0.144816 3.00064 4.40445 1 1 1
v 0.144816 3.00064 4.40445 1 1 1
v -0.143523 2.99198 4.38696 1 1 1
v 0.143523 2.99198 4.38696 1 1 1
v -0.141665 2.98333 4.36946 1 1 1
v 0.141666 2.98333 4.36946 1 1 1
v -0.458747 2.9747 4.35204 1 1 1
v -0.459012 2.97467 4.35197 1 1 1
v -0.439226 2.97591 4.35447 1 1 1
v -0.419705 2.97521 4.35306 1 1 1
v -0.41535 2.97467 4.35197 1 1 1
v -0.139913 2.97467 4.35197 1 1 1
v 0.139913 2.97467 4.35197 1 1 1
v 0.419705 2.97521 4.35306 1 1 1
v 0.415349 2.97467 4.35197 1 1 1
v 0.439226 2.97591 4.35447 1 1 1
v 0.458748 2.9747 4.35204 1 1 1
v 0.459012 2.97467 4.35197 1 1 1
v -0.49779 2.96851 4.33953 1 1 1
v -0.510037 2.96601 4.33447 1 1 1
v -0.478269 2.97203 4.34664 1 1 1
v -0.400184 2.97261 4.34781 1 1 1
v -0.380663 2.96892 4.34036 1 1 1
v -0.367011 2.96601 4.33447 1 1 1
v -0.224493 2.9665 4.33546 1 1 1
v -0.228243 2.96601 4.33447 1 1 1
v -0.219564 2.96601 4.33447 1 1 1
v -0.138747 2.96601 4.33447 1 1 1
v 0.138747 2.96601 4.33447 1 1 1
v 0.224494 2.9665 4.33546 1 1 1
v 0.219564 2.96601 4.33447 1 1 1
v 0.228243 2.96601 4.33447 1 1 1
v 0.380663 2.96892 4.34036 1 1 1
v 0.367011 2.96601 4.33447 1 1 1
v 0.400184 2.97261 4.34781 1 1 1
v 0.478269 2.97203 4.34664 1 1 1
v 0.49779 2.96851 4.33953 1 1 1
v 0.510037 2.96601 4.33447 1 1 1
v -0.536832 2.95972 4.32176 1 1 1
v -0.545858 2.95735 4.31698 1 1 1
v -0.517311 2.96442 4.33126 1 1 1
v -0.361142 2.96475 4.33192 1 1 1
v -0.34162 2.96039 4.32312 1 1 1
v -0.32443 2.95735 4.31698 1 1 1
v -0.283057 2.9585 4.31931 1 1 1
v -0.295037 2.95735 4.31698 1 1 1
v -0.263536 2.96159 4.32555 1 1 1
v -0.244015 2.96454 4.3315 1 1 1
v -0.204972 2.96273 4.32785 1 1 1
v -0.200097 2.95735 4.31698 1 1 1
v -0.138369 2.95735 4.31698 1 1 1
v 0.138369 2.95735 4.31698 1 1 1
v 0.204972 2.96273 4.32785 1 1 1
v 0.200097 2.95735 4.31698 1 1 1
v 0.244015 2.96454 4.3315 1 1 1
v 0.263536 2.96159 4.32555 1 1 1
v 0.283057 2.9585 4.31931 1 1 1
v 0.295037 2.95735 4.31698 1 1 1
v 0.34162 2.96039 4.32312 1 1 1
v 0.32443 2.95735 4.31698 1 1 1
v 0.361142 2.96475 4.33192 1 1 1
v 0.517311 2.96442 4.33126 1 1 1
v 0.536832 2.95972 4.32176 1 1 1
v 0.545858 2.95735 4.31698 1 1 1
v -0.556353 2.95338 4.30896 1 1 1
v -0.566782 2.94869 4.29948 1 1 1
v -0.322099 2.95705 4.31637 1 1 1
v -0.302578 2.95662 4.3155 1 1 1
v -0.197672 2.94869 4.29948 1 1 1
v -0.138747 2.94869 4.29948 1 1 1
v 0.138747 2.94869 4.29948 1 1 1
v 0.197672 2.94869 4.29948 1 1 1
v 0.302578 2.95662 4.3155 1 1 1
v 0.322099 2.95705 4.31637 1 1 1
v 0.556353 2.95338 4.30896 1 1 1
v 0.566783 2.94869 4.29948 1 1 1
v -0.573927 2.94003 4.28198 1 1 1
v -0.197291 2.94003 4.28198 1 1 1
v -0.139808 2.94003 4.28198 1 1 1
v 0.139808 2.94003 4.28198 1 1 1
v 0.197291 2.94003 4.28198 1 1 1
v 0.573927 2.94003 4.28198 1 1 1
v -0.573045 2.93137 4.26449 1 1 1
v -0.197597 2.93137 4.26449 1 1 1
v -0.141513 2.93137 4.26449 1 1 1
v 0.141514 2.93137 4.26449 1 1 1
v 0.197597 2.93137 4.26449 1 1 1
v 0.573045 2.93137 4.26449 1 1 1
v -0.56858 2.92271 4.24699 1 1 1
v -0.198022 2.92271 4.24699 1 1 1
v -0.143831 2.92271 4.24699 1 1 1
v 0.143831 2.92271 4.24699 1 1 1
v 0.198022 2.92271 4.24699 1 1 1
v 0.56858 2.92271 4.24699 1 1 1
v -0.562723 2.91406 4.2295 1 1 1
v -0.19822 2.91406 4.2295 1 1 1
v -0.146409 2.91414 4.22968 1 1 1
v -0.146462 2.91406 4.2295 1 1 1
v 0.146409 2.91414 4.22968 1 1 1
v 0.146462 2.91406 4.2295 1 1 1
v 0.19822 2.91406 4.2295 1 1 1
v 0.562723 2.91406 4.2295 1 1 1
v -0.556353 2.90545 4.21211 1 1 1
v -0.556308 2.9054 4.212 1 1 1
v -0.198325 2.9054 4.212 1 1 1
v -0.150094 2.9054 4.212 1 1 1
v 0.150094 2.9054 4.212 1 1 1
v 0.198324 2.9054 4.212 1 1 1
v 0.556353 2.90545 4.21211 1 1 1
v 0.556308 2.9054 4.212 1 1 1
v -0.547948 2.89674 4.1945 1 1 1
v -0.199819 2.89674 4.1945 1 1 1
v -0.149206 2.89674 4.1945 1 1 1
v 0.149206 2.89674 4.1945 1 1 1
v 0.199819 2.89674 4.1945 1 1 1
v 0.547948 2.89674 4.1945 1 1 1
v -0.537775 2.88808 4.17701 1 1 1
v -0.204972 2.89011 4.18111 1 1 1
v -0.206053 2.88808 4.17701 1 1 1
v -0.146409 2.89436 4.1897 1 1 1
v -0.138435 2.88808 4.17701 1 1 1
v 0.146409 2.89436 4.1897 1 1 1
v 0.138435 2.88808 4.17701 1 1 1
v 0.204972 2.89011 4.18111 1 1 1
v 0.206053 2.88808 4.17701 1 1 1
v 0.537775 2.88808 4.17701 1 1 1
v -0.536832 2.88742 4.17567 1 1 1
v -0.518644 2.87942 4.15951 1 1 1
v -0.218091 2.87942 4.15951 1 1 1
v -0.126888 2.88473 4.17025 1 1 1
v -0.107366 2.88173 4.16417 1 1 1
v -0.0878452 2.88026 4.1612 1 1 1
v -0.0711518 2.87942 4.15951 1 1 1
v 0.0878453 2.88026 4.1612 1 1 1
v 0.0711518 2.87942 4.15951 1 1 1
v 0.107366 2.88173 4.16417 1 1 1
v 0.126888 2.88473 4.17025 1 1 1
v 0.218091 2.87942 4.15951 1 1 1
v 0.536832 2.88742 4.17567 1 1 1
v 0.518644 2.87942 4.15951 1 1 1
v -0.517311 2.87896 4.15859 1 1 1
v -0.49779 2.87449 4.14956 1 1 1
v -0.483971 2.87076 4.14202 1 1 1
v -0.244015 2.87109 4.14267 1 1 1
v -0.245484 2.87076 4.14202 1 1 1
v -0.224493 2.87699 4.1546 1 1 1
v -0.0683241 2.87925 4.15916 1 1 1
v -0.0488029 2.87818 4.15701 1 1 1
v -0.0292817 2.8774 4.15542 1 1 1
v -0.0097605 2.87699 4.1546 1 1 1
v 0.00976062 2.87699 4.1546 1 1 1
v 0.0292817 2.8774 4.15542 1 1 1
v 0.048803 2.87818 4.15701 1 1 1
v 0.0683241 2.87925 4.15916 1 1 1
v 0.224494 2.87699 4.1546 1 1 1
v 0.244015 2.87109 4.14267 1 1 1
v 0.245483 2.87076 4.14202 1 1 1
v 0.49779 2.87449 4.14956 1 1 1
v 0.483971 2.87076 4.14202 1 1 1
v 0.517311 2.87896 4.15859 1 1 1
v -0.478269 2.86934 4.13915 1 1 1
v -0.461449 2.8621 4.12452 1 1 1
v -0.283057 2.86422 4.1288 1 1 1
v -0.302201 2.8621 4.12452 1 1 1
v -0.263536 2.86699 4.1344 1 1 1
v 0.263536 2.86699 4.1344 1 1 1
v 0.283057 2.86422 4.1288 1 1 1
v 0.302201 2.8621 4.12452 1 1 1
v 0.478269 2.86934 4.13915 1 1 1
v 0.461449 2.8621 4.12452 1 1 1
v -0.458747 2.86136 4.12301 1 1 1
v -0.439226 2.85599 4.11217 1 1 1
v -0.419745 2.85344 4.10703 1 1 1
v -0.380663 2.85413 4.10842 1 1 1
v -0.395773 2.85344 4.10703 1 1 1
v -0.361142 2.85558 4.11134 1 1 1
v -0.34162 2.85737 4.11495 1 1 1
v -0.322099 2.85949 4.11925 1 1 1
v -0.302578 2.86205 4.12441 1 1 1
v 0.302578 2.86205 4.12441 1 1 1
v 0.322099 2.85949 4.11925 1 1 1
v 0.34162 2.85737 4.11495 1 1 1
v 0.361142 2.85558 4.11134 1 1 1
v 0.380663 2.85413 4.10842 1 1 1
v 0.395772 2.85344 4.10703 1 1 1
v 0.439226 2.85599 4.11217 1 1 1
v 0.419745 2.85344 4.10703 1 1 1
v 0.458748 2.86136 4.12301 1 1 1
v -0.400184 2.8532 4.10653 1 1 1
v 0.400184 2.8532 4.10653 1 1 1
v -0.0488029 3.21111 4.41041 1 1 1
v -0.060702 3.20981 4.40838 1 1 1
v -0.0292817 3.21207 4.41192 1 1 1
v -0.0097605 3.21238 4.41241 1 1 1
v 0.00976062 3.21238 4.41241 1 1 1
v 0.0292817 3.21207 4.41192 1 1 1
v 0.048803 3.21111 4.41041 1 1 1
v 0.060702 3.20981 4.40838 1 1 1
v -0.107366 3.1994 4.39204 1 1 1
v -0.107607 3.19932 4.39192 1 1 1
v -0.0878452 3.20552 4.40164 1 1 1
v -0.0683241 3.20907 4.40722 1 1 1
v 0.0683241 3.20907 4.40722 1 1 1
v 0.0878453 3.20552 4.40164 1 1 1
v 0.107366 3.1994 4.39204 1 1 1
v 0.107607 3.19932 4.39192 1 1 1
v -0.126888 3.19094 4.37878 1 1 1
v -0.132245 3.18883 4.37546 1 1 1
v 0.126888 3.19094 4.37878 1 1 1
v 0.132245 3.18883 4.37546 1 1 1
v -0.146171 3.17833 4.359 1 1 1
v 0.146171 3.17833 4.359 1 1 1
v -0.146409 3.17777 4.35812 1 1 1
v -0.15137 3.16784 4.34254 1 1 1
v 0.146409 3.17777 4.35812 1 1 1
v 0.15137 3.16784 4.34254 1 1 1
v -0.151032 3.15734 4.32608 1 1 1
v 0.151032 3.15734 4.32608 1 1 1
v -0.147524 3.14685 4.30962 1 1 1
v 0.147524 3.14685 4.30962 1 1 1
v -0.146409 3.14482 4.30643 1 1 1
v -0.144298 3.13636 4.29316 1 1 1
v 0.146409 3.14482 4.30643 1 1 1
v 0.144298 3.13636 4.29316 1 1 1
v -0.49779 3.12708 4.27861 1 1 1
v -0.503071 3.12586 4.27669 1 1 1
v -0.478269 3.13117 4.28503 1 1 1
v -0.458747 3.1344 4.29009 1 1 1
v -0.439226 3.13605 4.29268 1 1 1
v -0.419705 3.13522 4.29137 1 1 1
v -0.400184 3.1316 4.28569 1 1 1
v -0.380663 3.12606 4.277 1 1 1
v -0.380058 3.12586 4.27669 1 1 1
v -0.141818 3.12586 4.27669 1 1 1
v 0.141818 3.12586 4.27669 1 1 1
v 0.380663 3.12606 4.277 1 1 1
v 0.380058 3.12586 4.27669 1 1 1
v 0.400184 3.1316 4.28569 1 1 1
v 0.419705 3.13522 4.29137 1 1 1
v 0.439226 3.13605 4.29268 1 1 1
v 0.458748 3.1344 4.29009 1 1 1
v 0.478269 3.13117 4.28503 1 1 1
v 0.49779 3.12708 4.27861 1 1 1
v 0.503071 3.12586 4.27669 1 1 1
v -0.536832 3.11782 4.26408 1 1 1
v -0.546656 3.11537 4.26023 1 1 1
v -0.517311 3.12256 4.27152 1 1 1
v -0.361142 3.1197 4.26703 1 1 1
v -0.34853 3.11537 4.26023 1 1 1
v -0.140006 3.11537 4.26023 1 1 1
v 0.140006 3.11537 4.26023 1 1 1
v 0.361142 3.1197 4.26703 1 1 1
v 0.34853 3.11537 4.26023 1 1 1
v 0.517311 3.12256 4.27152 1 1 1
v 0.536832 3.11782 4.26408 1 1 1
v 0.546656 3.11537 4.26023 1 1 1
v -0.575874 3.1062 4.24586 1 1 1
v -0.579513 3.10487 4.24377 1 1 1
v -0.556353 3.11256 4.25582 1 1 1
v -0.34162 3.11306 4.25662 1 1 1
v -0.322099 3.10748 4.24786 1 1 1
v -0.302578 3.10529 4.24443 1 1 1
v -0.283057 3.10676 4.24673 1 1 1
v -0.263536 3.10985 4.25157 1 1 1
v -0.244015 3.11299 4.25651 1 1 1
v -0.224493 3.1149 4.25951 1 1 1
v -0.204972 3.10917 4.25051 1 1 1
v -0.201741 3.10487 4.24377 1 1 1
v -0.139084 3.10487 4.24377 1 1 1
v 0.139084 3.10487 4.24377 1 1 1
v 0.204972 3.10917 4.25051 1 1 1
v 0.201741 3.10487 4.24377 1 1 1
v 0.224494 3.1149 4.25951 1 1 1
v 0.244015 3.11299 4.25651 1 1 1
v 0.263536 3.10985 4.25157 1 1 1
v 0.283057 3.10676 4.24673 1 1 1
v 0.302578 3.10529 4.24443 1 1 1
v 0.322099 3.10748 4.24786 1 1 1
v 0.34162 3.11306 4.25662 1 1 1
v 0.556353 3.11256 4.25582 1 1 1
v 0.575874 3.1062 4.24586 1 1 1
v 0.579513 3.10487 4.24377 1 1 1
v -0.594911 3.09438 4.22731 1 1 1
v -0.198855 3.09438 4.22731 1 1 1
v -0.139024 3.09438 4.22731 1 1 1
v 0.139024 3.09438 4.22731 1 1 1
v 0.198855 3.09438 4.22731 1 1 1
v 0.594912 3.09438 4.22731 1 1 1
v -0.595396 3.0926 4.22452 1 1 1
v -0.597421 3.08389 4.21085 1 1 1
v -0.198211 3.08389 4.21085 1 1 1
v -0.139742 3.08389 4.21085 1 1 1
v 0.139742 3.08389 4.21085 1 1 1
v 0.198211 3.08389 4.21085 1 1 1
v 0.595396 3.0926 4.22452 1 1 1
v 0.597421 3.08389 4.21085 1 1 1
v -0.595396 3.07884 4.20294 1 1 1
v -0.593354 3.07339 4.19439 1 1 1
v -0.198285 3.07339 4.19439 1 1 1
v -0.141191 3.07339 4.19439 1 1 1
v 0.141191 3.07339 4.19439 1 1 1
v 0.198285 3.07339 4.19439 1 1 1
v 0.595396 3.07884 4.20294 1 1 1
v 0.593354 3.07339 4.19439 1 1 1
v -0.586692 3.0629 4.17793 1 1 1
v -0.198449 3.0629 4.17793 1 1 1
v -0.143329 3.0629 4.17793 1 1 1
v 0.143329 3.0629 4.17793 1 1 1
v 0.198449 3.0629 4.17793 1 1 1
v 0.586692 3.0629 4.17793 1 1 1
v -0.579267 3.0524 4.16147 1 1 1
v -0.198324 3.0524 4.16147 1 1 1
v -0.145821 3.0524 4.16147 1 1 1
v 0.145821 3.0524 4.16147 1 1 1
v 0.198324 3.0524 4.16147 1 1 1
v 0.579267 3.0524 4.16147 1 1 1
v -0.575874 3.04768 4.15406 1 1 1
v -0.571464 3.04191 4.14501 1 1 1
v -0.198033 3.04191 4.14501 1 1 1
v -0.146409 3.04906 4.15623 1 1 1
v -0.148952 3.04191 4.14501 1 1 1
v 0.146409 3.04906 4.15623 1 1 1
v 0.148952 3.04191 4.14501 1 1 1
v 0.198033 3.04191 4.14501 1 1 1
v 0.575874 3.04768 4.15406 1 1 1
v 0.571464 3.04191 4.14501 1 1 1
v -0.562914 3.03141 4.12855 1 1 1
v -0.19907 3.03141 4.12855 1 1 1
v -0.147968 3.03141 4.12855 1 1 1
v 0.147968 3.03141 4.12855 1 1 1
v 0.19907 3.03141 4.12855 1 1 1
v 0.562914 3.03141 4.12855 1 1 1
v -0.556353 3.0241 4.11708 1 1 1
v -0.552597 3.02092 4.11209 1 1 1
v -0.204972 3.02192 4.11366 1 1 1
v -0.205409 3.02092 4.11209 1 1 1
v -0.146409 3.02984 4.12608 1 1 1
v -0.13702 3.02092 4.11209 1 1 1
v 0.146409 3.02984 4.12608 1 1 1
v 0.13702 3.02092 4.11209 1 1 1
v 0.204972 3.02192 4.11366 1 1 1
v 0.205409 3.02092 4.11209 1 1 1
v 0.556353 3.0241 4.11708 1 1 1
v 0.552597 3.02092 4.11209 1 1 1
v -0.537411 3.01043 4.09563 1 1 1
v -0.217459 3.01043 4.09563 1 1 1
v -0.126888 3.01744 4.10663 1 1 1
v -0.107366 3.01365 4.10069 1 1 1
v -0.0878452 3.01175 4.0977 1 1 1
v -0.0683241 3.01048 4.09572 1 1 1
v -0.0672529 3.01043 4.09563 1 1 1
v 0.0683241 3.01048 4.09572 1 1 1
v 0.0672529 3.01043 4.09563 1 1 1
v 0.0878453 3.01175 4.0977 1 1 1
v 0.107366 3.01365 4.10069 1 1 1
v 0.126888 3.01744 4.10663 1 1 1
v 0.217459 3.01043 4.09563 1 1 1
v 0.53741 3.01043 4.09563 1 1 1
v -0.536832 3.0101 4.09512 1 1 1
v -0.517311 3.00351 4.08478 1 1 1
v -0.500048 2.99993 4.07917 1 1 1
v -0.244015 3.00032 4.07977 1 1 1
v -0.245488 2.99993 4.07917 1 1 1
v -0.224493 3.00726 4.09067 1 1 1
v -0.0488029 3.00913 4.0936 1 1 1
v -0.0292817 3.00814 4.09204 1 1 1
v -0.0097605 3.00764 4.09126 1 1 1
v 0.00976062 3.00764 4.09126 1 1 1
v 0.0292817 3.00814 4.09204 1 1 1
v 0.048803 3.00913 4.0936 1 1 1
v 0.224494 3.00726 4.09067 1 1 1
v 0.244015 3.00032 4.07977 1 1 1
v 0.245488 2.99993 4.07917 1 1 1
v 0.517311 3.00351 4.08478 1 1 1
v 0.500048 2.99993 4.07917 1 1 1
v 0.536832 3.0101 4.09512 1 1 1
v -0.49779 2.99952 4.07852 1 1 1
v -0.478269 2.99487 4.07123 1 1 1
v -0.465527 2.98944 4.06271 1 1 1
v -0.302578 2.98951 4.06281 1 1 1
v -0.303111 2.98944 4.06271 1 1 1
v -0.283057 2.99211 4.0669 1 1 1
v -0.263536 2.99544 4.07212 1 1 1
v 0.263536 2.99544 4.07212 1 1 1
v 0.283057 2.99211 4.0669 1 1 1
v 0.302578 2.98951 4.06281 1 1 1
v 0.303111 2.98944 4.06271 1 1 1
v 0.478269 2.99487 4.07123 1 1 1
v 0.465527 2.98944 4.06271 1 1 1
v 0.49779 2.99952 4.07852 1 1 1
v -0.458747 2.98746 4.0596 1 1 1
v -0.439226 2.98181 4.05075 1 1 1
v -0.419705 2.97905 4.04642 1 1 1
v -0.411153 2.97894 4.04625 1 1 1
v -0.380663 2.97996 4.04784 1 1 1
v -0.398551 2.97894 4.04625 1 1 1
v -0.361142 2.9817 4.05058 1 1 1
v -0.34162 2.98386 4.05396 1 1 1
v -0.322099 2.98644 4.058 1 1 1
v 0.322099 2.98644 4.058 1 1 1
v 0.34162 2.98386 4.05396 1 1 1
v 0.361142 2.9817 4.05058 1 1 1
v 0.380663 2.97996 4.04784 1 1 1
v 0.398551 2.97894 4.04625 1 1 1
v 0.419705 2.97905 4.04642 1 1 1
v 0.411153 2.97894 4.04625 1 1 1
v 0.439226 2.98181 4.05075 1 1 1
v 0.458748 2.98746 4.0596 1 1 1
v -0.400184 2.97883 4.04607 1 1 1
v 0.400184 2.97883 4.04607 1 1 1
v -0.0488029 3.36657 4.31028 1 1 1
v -0.0633228 3.36486 4.30812 1 1 1
v -0.0292817 3.3676 4.31158 1 1 1
v -0.0097605 3.36793 4.312 1 1 1
v 0.00976062 3.36793 4.312 1 1 1
v 0.0292817 3.3676 4.31158 1 1 1
v 0.048803 3.36657 4.31028 1 1 1
v 0.0633227 3.36486 4.30812 1 1 1
v -0.107366 3.35451 4.29508 1 1 1
v -0.112856 3.35273 4.29283 1 1 1
v -0.0878452 3.36065 4.30281 1 1 1
v -0.0683241 3.36433 4.30746 1 1 1
v 0.0683241 3.36433 4.30746 1 1 1
v 0.0878453 3.36065 4.30281 1 1 1
v 0.107366 3.35451 4.29508 1 1 1
v 0.112856 3.35273 4.29283 1 1 1
v -0.126888 3.34647 4.28494 1 1 1
v -0.140925 3.3406 4.27753 1 1 1
v 0.126888 3.34647 4.28494 1 1 1
v 0.140925 3.3406 4.27753 1 1 1
v -0.146409 3.33614 4.27191 1 1 1
v -0.155437 3.32847 4.26224 1 1 1
v 0.146409 3.33614 4.27191 1 1 1
v 0.155437 3.32847 4.26224 1 1 1
v -0.159002 3.31634 4.24694 1 1 1
v 0.159002 3.31634 4.24694 1 1 1
v -0.157719 3.30421 4.23165 1 1 1
v 0.157719 3.30421 4.23165 1 1 1
v -0.153896 3.29208 4.21635 1 1 1
v 0.153897 3.29208 4.21635 1 1 1
v -0.478269 3.28293 4.20482 1 1 1
v -0.490856 3.27995 4.20106 1 1 1
v -0.458747 3.28667 4.20954 1 1 1
v -0.439226 3.28877 4.21218 1 1 1
v -0.419705 3.28806 4.21129 1 1 1
v -0.400184 3.28377 4.20587 1 1 1
v -0.389689 3.27995 4.20106 1 1 1
v -0.1476 3.27995 4.20106 1 1 1
v 0.1476 3.27995 4.20106 1 1 1
v 0.400184 3.28377 4.20587 1 1 1
v 0.389689 3.27995 4.20106 1 1 1
v 0.419705 3.28806 4.21129 1 1 1
v 0.439226 3.28877 4.21218 1 1 1
v 0.458748 3.28667 4.20954 1 1 1
v 0.478269 3.28293 4.20482 1 1 1
v 0.490856 3.27995 4.20106 1 1 1
v -0.536832 3.26841 4.18651 1 1 1
v -0.53915 3.26782 4.18576 1 1 1
v -0.517311 3.27342 4.19283 1 1 1
v -0.49779 3.27833 4.19902 1 1 1
v -0.380663 3.27643 4.19661 1 1 1
v -0.36133 3.26782 4.18576 1 1 1
v -0.146409 3.27814 4.19878 1 1 1
v -0.143728 3.26782 4.18576 1 1 1
v 0.146409 3.27814 4.19878 1 1 1
v 0.143728 3.26782 4.18576 1 1 1
v 0.380663 3.27643 4.19661 1 1 1
v 0.361329 3.26782 4.18576 1 1 1
v 0.49779 3.27833 4.19902 1 1 1
v 0.517311 3.27342 4.19283 1 1 1
v 0.536832 3.26841 4.18651 1 1 1
v 0.53915 3.26782 4.18576 1 1 1
v -0.575874 3.25776 4.17308 1 1 1
v -0.582853 3.25569 4.17047 1 1 1
v -0.556353 3.26323 4.17998 1 1 1
v -0.361142 3.26773 4.18566 1 1 1
v -0.34162 3.25864 4.17419 1 1 1
v -0.33515 3.25569 4.17047 1 1 1
v -0.141276 3.25569 4.17047 1 1 1
v 0.141276 3.25569 4.17047 1 1 1
v 0.34162 3.25864 4.17419 1 1 1
v 0.33515 3.25569 4.17047 1 1 1
v 0.361142 3.26774 4.18566 1 1 1
v 0.556353 3.26323 4.17998 1 1 1
v 0.575874 3.25776 4.17308 1 1 1
v 0.582853 3.25569 4.17047 1 1 1
v -0.595396 3.25079 4.1643 1 1 1
v -0.610789 3.24356 4.15517 1 1 1
v -0.322099 3.25046 4.16387 1 1 1
v -0.302578 3.2462 4.1585 1 1 1
v -0.283057 3.24651 4.15889 1 1 1
v -0.263536 3.24922 4.16231 1 1 1
v -0.244015 3.25228 4.16617 1 1 1
v -0.224493 3.25389 4.1682 1 1 1
v -0.204972 3.2456 4.15775 1 1 1
v -0.203636 3.24356 4.15517 1 1 1
v -0.139804 3.24356 4.15517 1 1 1
v 0.139804 3.24356 4.15517 1 1 1
v 0.204972 3.2456 4.15775 1 1 1
v 0.203636 3.24356 4.15517 1 1 1
v 0.224494 3.25389 4.1682 1 1 1
v 0.244015 3.25228 4.16617 1 1 1
v 0.263536 3.24922 4.16231 1 1 1
v 0.283057 3.24651 4.15889 1 1 1
v 0.302578 3.2462 4.1585 1 1 1
v 0.322099 3.25046 4.16387 1 1 1
v 0.595396 3.25079 4.1643 1 1 1
v 0.610789 3.24356 4.15517 1 1 1
v -0.614917 3.239 4.14942 1 1 1
v -0.620513 3.23143 4.13988 1 1 1
v -0.200158 3.23143 4.13988 1 1 1
v -0.139292 3.23143 4.13988 1 1 1
v 0.139293 3.23143 4.13988 1 1 1
v 0.200158 3.23143 4.13988 1 1 1
v 0.614917 3.239 4.14942 1 1 1
v 0.620513 3.23143 4.13988 1 1 1
v -0.619159 3.2193 4.12458 1 1 1
v -0.199187 3.2193 4.12458 1 1 1
v -0.13965 3.2193 4.12458 1 1 1
v 0.13965 3.2193 4.12458 1 1 1
v 0.199187 3.2193 4.12458 1 1 1
v 0.619159 3.2193 4.12458 1 1 1
v -0.614917 3.21172 4.11502 1 1 1
v -0.612507 3.20717 4.10929 1 1 1
v -0.198982 3.20717 4.10929 1 1 1
v -0.140823 3.20717 4.10929 1 1 1
v 0.140823 3.20717 4.10929 1 1 1
v 0.198982 3.20717 4.10929 1 1 1
v 0.614917 3.21172 4.11502 1 1 1
v 0.612507 3.20717 4.10929 1 1 1
v -0.603878 3.19504 4.09399 1 1 1
v -0.198839 3.19504 4.09399 1 1 1
v -0.142764 3.19504 4.09399 1 1 1
v 0.142764 3.19504 4.09399 1 1 1
v 0.198839 3.19504 4.09399 1 1 1
v 0.603878 3.19504 4.09399 1 1 1
v -0.595396 3.18368 4.07966 1 1 1
v -0.594828 3.18291 4.0787 1 1 1
v -0.198346 3.18291 4.0787 1 1 1
v -0.145129 3.18291 4.0787 1 1 1
v 0.145129 3.18291 4.0787 1 1 1
v 0.198346 3.18291 4.0787 1 1 1
v 0.595396 3.18368 4.07966 1 1 1
v 0.594828 3.18291 4.0787 1 1 1
v -0.585767 3.17078 4.0634 1 1 1
v -0.197615 3.17078 4.0634 1 1 1
v -0.146409 3.17456 4.06816 1 1 1
v -0.147614 3.17078 4.0634 1 1 1
v 0.146409 3.17456 4.06816 1 1 1
v 0.147614 3.17078 4.0634 1 1 1
v 0.197615 3.17078 4.0634 1 1 1
v 0.585767 3.17078 4.0634 1 1 1
v -0.576509 3.15865 4.04811 1 1 1
v -0.198141 3.15865 4.04811 1 1 1
v -0.146485 3.15865 4.04811 1 1 1
v 0.146485 3.15865 4.04811 1 1 1
v 0.198141 3.15865 4.04811 1 1 1
v 0.576509 3.15865 4.04811 1 1 1
v -0.575874 3.15785 4.0471 1 1 1
v -0.565656 3.14652 4.03281 1 1 1
v -0.204251 3.14652 4.03281 1 1 1
v -0.146409 3.15856 4.048 1 1 1
v -0.135356 3.14652 4.03281 1 1 1
v 0.146409 3.15856 4.048 1 1 1
v 0.135356 3.14652 4.03281 1 1 1
v 0.204251 3.14652 4.03281 1 1 1
v 0.575874 3.15785 4.0471 1 1 1
v 0.565656 3.14652 4.03281 1 1 1
v -0.556353 3.13753 4.02147 1 1 1
v -0.551726 3.13439 4.01752 1 1 1
v -0.204972 3.14594 4.03208 1 1 1
v -0.216543 3.13439 4.01752 1 1 1
v -0.126888 3.14325 4.02869 1 1 1
v -0.107366 3.13868 4.02293 1 1 1
v -0.0878452 3.13632 4.01995 1 1 1
v -0.0683241 3.13473 4.01794 1 1 1
v -0.0632642 3.13439 4.01752 1 1 1
v 0.0683241 3.13473 4.01794 1 1 1
v 0.0632642 3.13439 4.01752 1 1 1
v 0.0878453 3.13632 4.01995 1 1 1
v 0.107366 3.13868 4.02293 1 1 1
v 0.126888 3.14325 4.02869 1 1 1
v 0.204972 3.14594 4.03208 1 1 1
v 0.216543 3.13439 4.01752 1 1 1
v 0.556353 3.13753 4.02147 1 1 1
v 0.551726 3.13439 4.01752 1 1 1
v -0.536832 3.12603 4.00698 1 1 1
v -0.524364 3.12226 4.00222 1 1 1
v -0.244015 3.12261 4.00266 1 1 1
v -0.245186 3.12226 4.00222 1 1 1
v -0.224493 3.13035 4.01243 1 1 1
v -0.0488029 3.13315 4.01595 1 1 1
v -0.0292817 3.13194 4.01443 1 1 1
v -0.0097605 3.13134 4.01367 1 1 1
v 0.00976062 3.13134 4.01367 1 1 1
v 0.0292817 3.13194 4.01443 1 1 1
v 0.048803 3.13315 4.01595 1 1 1
v 0.224494 3.13035 4.01243 1 1 1
v 0.244015 3.12261 4.00266 1 1 1
v 0.245186 3.12226 4.00222 1 1 1
v 0.536832 3.12603 4.00698 1 1 1
v 0.524364 3.12226 4.00222 1 1 1
v -0.517311 3.12046 3.99996 1 1 1
v -0.49779 3.11722 3.99587 1 1 1
v -0.478269 3.11283 3.99034 1 1 1
v -0.471512 3.11013 3.98693 1 1 1
v -0.302578 3.11028 3.98712 1 1 1
v -0.303632 3.11013 3.98693 1 1 1
v -0.283057 3.11328 3.99089 1 1 1
v -0.263536 3.11708 3.99569 1 1 1
v 0.263536 3.11708 3.99569 1 1 1
v 0.283057 3.11328 3.99089 1 1 1
v 0.302578 3.11028 3.98712 1 1 1
v 0.303632 3.11013 3.98693 1 1 1
v 0.478269 3.11283 3.99034 1 1 1
v 0.471512 3.11013 3.98693 1 1 1
v 0.49779 3.11722 3.99587 1 1 1
v 0.517311 3.12046 3.99996 1 1 1
v -0.458747 3.10642 3.98225 1 1 1
v -0.439226 3.10089 3.97527 1 1 1
v -0.419705 3.09813 3.9718 1 1 1
v -0.401545 3.098 3.97163 1 1 1
v -0.380663 3.09931 3.97329 1 1 1
v -0.400087 3.098 3.97163 1 1 1
v -0.361142 3.10132 3.97582 1 1 1
v -0.34162 3.10381 3.97896 1 1 1
v -0.322099 3.10678 3.9827 1 1 1
v 0.322099 3.10678 3.9827 1 1 1
v 0.34162 3.10381 3.97896 1 1 1
v 0.361142 3.10132 3.97582 1 1 1
v 0.380663 3.09931 3.97329 1 1 1
v 0.400087 3.098 3.97163 1 1 1
v 0.419705 3.09813 3.9718 1 1 1
v 0.401548 3.098 3.97163 1 1 1
v 0.439226 3.10089 3.97527 1 1 1
v 0.458748 3.10642 3.98225 1 1 1
v -0.400184 3.09799 3.97162 1 1 1
v 0.400184 3.09799 3.97162 1 1 1
v -0.0488029 3.50827 4.19754 1 1 1
v -0.0674596 3.50601 4.19513 1 1 1
v -0.0292817 3.50932 4.19864 1 1 1
v -0.0097605 3.50966 4.199 1 1 1
v 0.00976062 3.50966 4.199 1 1 1
v 0.0292817 3.50932 4.19864 1 1 1
v 0.048803 3.50827 4.19754 1 1 1
v 0.0674596 3.50601 4.19513 1 1 1
v -0.107366 3.49648 4.18503 1 1 1
v -0.119281 3.49261 4.18093 1 1 1
v -0.0878452 3.5023 4.1912 1 1 1
v -0.0683241 3.50591 4.19503 1 1 1
v 0.0683241 3.50591 4.19503 1 1 1
v 0.0878453 3.5023 4.1912 1 1 1
v 0.107366 3.49648 4.18503 1 1 1
v 0.119281 3.49261 4.18093 1 1 1
v -0.146409 3.48134 4.16899 1 1 1
v -0.151268 3.47921 4.16673 1 1 1
v -0.126888 3.48927 4.1774 1 1 1
v 0.126888 3.48927 4.1774 1 1 1
v 0.146409 3.48134 4.16899 1 1 1
v 0.151268 3.47921 4.16673 1 1 1
v -0.164416 3.46581 4.15254 1 1 1
v 0.164416 3.46581 4.15254 1 1 1
v -0.16593 3.45371 4.13972 1 1 1
v -0.166066 3.45242 4.13834 1 1 1
v 0.16593 3.45371 4.13971 1 1 1
v 0.166066 3.45242 4.13834 1 1 1
v -0.16593 3.45166 4.13754 1 1 1
v -0.163729 3.43902 4.12414 1 1 1
v 0.16593 3.45166 4.13754 1 1 1
v 0.163729 3.43902 4.12414 1 1 1
v -0.458747 3.42868 4.11318 1 1 1
v -0.472997 3.42562 4.10994 1 1 1
v -0.439226 3.43121 4.11586 1 1 1
v -0.419705 3.43083 4.11546 1 1 1
v -0.400184 3.42632 4.11068 1 1 1
v -0.398478 3.42562 4.10994 1 1 1
v -0.159443 3.42562 4.10994 1 1 1
v 0.159443 3.42562 4.10994 1 1 1
v 0.400184 3.42632 4.11068 1 1 1
v 0.398477 3.42562 4.10994 1 1 1
v 0.419705 3.43083 4.11546 1 1 1
v 0.439226 3.43121 4.11586 1 1 1
v 0.458748 3.42868 4.11318 1 1 1
v 0.472997 3.42562 4.10994 1 1 1
v -0.517311 3.41442 4.09808 1 1 1
v -0.525545 3.41222 4.09574 1 1 1
v -0.49779 3.4196 4.10356 1 1 1
v -0.478269 3.42452 4.10877 1 1 1
v -0.380663 3.41753 4.10137 1 1 1
v -0.371009 3.41222 4.09574 1 1 1
v -0.15308 3.41222 4.09574 1 1 1
v 0.15308 3.41222 4.09574 1 1 1
v 0.380663 3.41753 4.10137 1 1 1
v 0.371009 3.41222 4.09574 1 1 1
v 0.478269 3.42452 4.10877 1 1 1
v 0.49779 3.4196 4.10356 1 1 1
v 0.517311 3.41442 4.09808 1 1 1
v 0.525545 3.41222 4.09574 1 1 1
v -0.556353 3.40397 4.087 1 1 1
v -0.575386 3.39883 4.08155 1 1 1
v -0.536832 3.4092 4.09254 1 1 1
v -0.361142 3.40665 4.08984 1 1 1
v -0.347786 3.39883 4.08155 1 1 1
v -0.146409 3.40167 4.08456 1 1 1
v -0.145639 3.39883 4.08155 1 1 1
v 0.146409 3.40167 4.08456 1 1 1
v 0.145639 3.39883 4.08155 1 1 1
v 0.361142 3.40665 4.08984 1 1 1
v 0.347786 3.39883 4.08155 1 1 1
v 0.536832 3.4092 4.09254 1 1 1
v 0.556353 3.40397 4.087 1 1 1
v 0.575386 3.39883 4.08155 1 1 1
v -0.614917 3.38629 4.06826 1 1 1
v -0.617259 3.38543 4.06735 1 1 1
v -0.595396 3.39281 4.07517 1 1 1
v -0.575874 3.39869 4.0814 1 1 1
v -0.34162 3.39522 4.07773 1 1 1
v -0.324395 3.38543 4.06735 1 1 1
v -0.142556 3.38543 4.06735 1 1 1
v 0.142556 3.38543 4.06735 1 1 1
v 0.34162 3.39522 4.07773 1 1 1
v 0.324395 3.38543 4.06735 1 1 1
v 0.575874 3.39869 4.0814 1 1 1
v 0.595396 3.39281 4.07517 1 1 1
v 0.614917 3.38629 4.06826 1 1 1
v 0.61726 3.38543 4.06735 1 1 1
v -0.634438 3.37534 4.05666 1 1 1
v -0.638943 3.37203 4.05315 1 1 1
v -0.322099 3.38427 4.06612 1 1 1
v -0.302578 3.37764 4.05909 1 1 1
v -0.283057 3.37637 4.05775 1 1 1
v -0.263536 3.37831 4.05981 1 1 1
v -0.244015 3.38097 4.06262 1 1 1
v -0.224493 3.38198 4.06369 1 1 1
v -0.206034 3.37203 4.05315 1 1 1
v -0.14053 3.37203 4.05315 1 1 1
v 0.14053 3.37203 4.05315 1 1 1
v 0.224494 3.38198 4.06369 1 1 1
v 0.206034 3.37203 4.05315 1 1 1
v 0.244015 3.38097 4.06262 1 1 1
v 0.263536 3.37831 4.05981 1 1 1
v 0.283057 3.37637 4.05775 1 1 1
v 0.302578 3.37764 4.05909 1 1 1
v 0.322099 3.38427 4.06612 1 1 1
v 0.634438 3.37534 4.05666 1 1 1
v 0.638943 3.37203 4.05315 1 1 1
v -0.643651 3.35863 4.03895 1 1 1
v -0.204972 3.37003 4.05102 1 1 1
v -0.201599 3.35863 4.03895 1 1 1
v -0.139553 3.35863 4.03895 1 1 1
v 0.139553 3.35863 4.03895 1 1 1
v 0.204972 3.37003 4.05102 1 1 1
v 0.201599 3.35863 4.03895 1 1 1
v 0.643651 3.35863 4.03895 1 1 1
v -0.639108 3.34524 4.02475 1 1 1
v -0.200225 3.34524 4.02475 1 1 1
v -0.13953 3.34524 4.02475 1 1 1
v 0.13953 3.34524 4.02475 1 1 1
v 0.200225 3.34524 4.02475 1 1 1
v 0.639108 3.34524 4.02475 1 1 1
v -0.634438 3.3382 4.01729 1 1 1
v -0.630386 3.33184 4.01056 1 1 1
v -0.199686 3.33184 4.01056 1 1 1
v -0.140405 3.33184 4.01056 1 1 1
v 0.140405 3.33184 4.01056 1 1 1
v 0.199686 3.33184 4.01056 1 1 1
v 0.634438 3.3382 4.01729 1 1 1
v 0.630386 3.33184 4.01056 1 1 1
v -0.620134 3.31844 3.99636 1 1 1
v -0.19919 3.31844 3.99636 1 1 1
v -0.142128 3.31844 3.99636 1 1 1
v 0.142128 3.31844 3.99636 1 1 1
v 0.19919 3.31844 3.99636 1 1 1
v 0.620134 3.31844 3.99636 1 1 1
v -0.614917 3.31182 3.98934 1 1 1
v -0.609641 3.30504 3.98216 1 1 1
v -0.198286 3.30504 3.98216 1 1 1
v -0.144348 3.30504 3.98216 1 1 1
v 0.144348 3.30504 3.98216 1 1 1
v 0.198286 3.30504 3.98216 1 1 1
v 0.614917 3.31182 3.98934 1 1 1
v 0.609641 3.30504 3.98216 1 1 1
v -0.59929 3.29165 3.96796 1 1 1
v -0.197077 3.29165 3.96796 1 1 1
v -0.146196 3.29165 3.96796 1 1 1
v 0.146196 3.29165 3.96796 1 1 1
v 0.197077 3.29165 3.96796 1 1 1
v 0.59929 3.29165 3.96796 1 1 1
v -0.595396 3.28661 3.96262 1 1 1
v -0.588773 3.27825 3.95376 1 1 1
v -0.197046 3.27825 3.95376 1 1 1
v -0.145399 3.27825 3.95376 1 1 1
v 0.145399 3.27825 3.95376 1 1 1
v 0.197046 3.27825 3.95376 1 1 1
v 0.595396 3.28661 3.96262 1 1 1
v 0.588773 3.27825 3.95376 1 1 1
v -0.577768 3.26485 3.93956 1 1 1
v -0.202458 3.26485 3.93956 1 1 1
v -0.133355 3.26485 3.93956 1 1 1
v 0.133355 3.26485 3.93956 1 1 1
v 0.202458 3.26485 3.93956 1 1 1
v 0.577768 3.26485 3.93956 1 1 1
v -0.575874 3.26268 3.93726 1 1 1
v -0.564124 3.25145 3.92537 1 1 1
v -0.204972 3.26261 3.93719 1 1 1
v -0.215336 3.25145 3.92537 1 1 1
v -0.126888 3.26219 3.93674 1 1 1
v -0.107366 3.25691 3.93115 1 1 1
v -0.0878452 3.25409 3.92816 1 1 1
v -0.0683241 3.25216 3.92611 1 1 1
v -0.0594324 3.25145 3.92537 1 1 1
v 0.0683241 3.25216 3.92611 1 1 1
v 0.0594324 3.25145 3.92537 1 1 1
v 0.0878453 3.25409 3.92816 1 1 1
v 0.107366 3.25691 3.93115 1 1 1
v 0.126888 3.26219 3.93674 1 1 1
v 0.204972 3.26261 3.93719 1 1 1
v 0.215336 3.25145 3.92537 1 1 1
v 0.575874 3.26268 3.93726 1 1 1
v 0.564124 3.25145 3.92537 1 1 1
v -0.556353 3.24503 3.91856 1 1 1
v -0.543252 3.23806 3.91117 1 1 1
v -0.244015 3.23823 3.91135 1 1 1
v -0.244561 3.23806 3.91117 1 1 1
v -0.224493 3.24644 3.92005 1 1 1
v -0.0488029 3.25037 3.92422 1 1 1
v -0.0292817 3.24895 3.92271 1 1 1
v -0.0097605 3.24826 3.92198 1 1 1
v 0.00976062 3.24826 3.92198 1 1 1
v 0.0292817 3.24895 3.92271 1 1 1
v 0.048803 3.25037 3.92422 1 1 1
v 0.224494 3.24644 3.92005 1 1 1
v 0.244015 3.23823 3.91135 1 1 1
v 0.244561 3.23806 3.91117 1 1 1
v 0.556353 3.24503 3.91856 1 1 1
v 0.543252 3.23806 3.91117 1 1 1
v -0.536832 3.23521 3.90815 1 1 1
v -0.517311 3.23068 3.90335 1 1 1
v -0.49779 3.22793 3.90044 1 1 1
v -0.481351 3.22466 3.89697 1 1 1
v -0.302578 3.22485 3.89717 1 1 1
v -0.303759 3.22466 3.89697 1 1 1
v -0.283057 3.22813 3.90064 1 1 1
v -0.263536 3.23226 3.90502 1 1 1
v 0.263536 3.23226 3.90502 1 1 1
v 0.283057 3.22813 3.90064 1 1 1
v 0.302578 3.22485 3.89717 1 1 1
v 0.303759 3.22466 3.89697 1 1 1
v 0.49779 3.22793 3.90044 1 1 1
v 0.481351 3.22466 3.89697 1 1 1
v 0.517311 3.23068 3.90335 1 1 1
v 0.536832 3.23521 3.90815 1 1 1
v -0.478269 3.22412 3.8964 1 1 1
v -0.458747 3.21888 3.89084 1 1 1
v -0.439226 3.21381 3.88547 1 1 1
v -0.419705 3.21128 3.88279 1 1 1
v -0.400184 3.21129 3.8828 1 1 1
v -0.380663 3.21279 3.88439 1 1 1
v -0.361142 3.21501 3.88675 1 1 1
v -0.34162 3.21775 3.88965 1 1 1
v -0.322099 3.22101 3.89311 1 1 1
v 0.322099 3.22101 3.89311 1 1 1
v 0.34162 3.21775 3.88965 1 1 1
v 0.361142 3.21501 3.88675 1 1 1
v 0.380663 3.21279 3.88439 1 1 1
v 0.400184 3.21129 3.8828 1 1 1
v 0.419705 3.21128 3.88279 1 1 1
v 0.439226 3.21381 3.88547 1 1 1
v 0.458748 3.21888 3.89084 1 1 1
v 0.478269 3.22412 3.8964 1 1 1
v -0.0683241 3.63504 4.07383 1 1 1
v -0.0718452 3.6344 4.07324 1 1 1
v -0.0488029 3.63735 4.07596 1 1 1
v -0.0292817 3.63836 4.0769 1 1 1
v -0.0097605 3.63869 4.0772 1 1 1
v 0.00976062 3.63869 4.0772 1 1 1
v 0.0292817 3.63836 4.0769 1 1 1
v 0.048803 3.63735 4.07596 1 1 1
v 0.0683241 3.63504 4.07383 1 1 1
v 0.0718452 3.6344 4.07324 1 1 1
v -0.107366 3.6262 4.06566 1 1 1
v -0.126853 3.62006 4.06 1 1 1
v -0.0878452 3.63152 4.07058 1 1 1
v 0.0878453 3.63152 4.07058 1 1 1
v 0.107366 3.6262 4.06566 1 1 1
v 0.126853 3.62006 4.06 1 1 1
v -0.146409 3.61316 4.05363 1 1 1
v -0.162861 3.60572 4.04676 1 1 1
v -0.126888 3.62005 4.05999 1 1 1
v 0.126888 3.62005 4.05999 1 1 1
v 0.146409 3.61316 4.05363 1 1 1
v 0.162861 3.60572 4.04676 1 1 1
v -0.16593 3.6022 4.04351 1 1 1
v -0.172221 3.59138 4.03351 1 1 1
v 0.16593 3.6022 4.04351 1 1 1
v 0.172221 3.59138 4.03351 1 1 1
v -0.172374 3.57703 4.02027 1 1 1
v 0.172374 3.57703 4.02027 1 1 1
v -0.439226 3.56325 4.00754 1 1 1
v -0.442732 3.56269 4.00703 1 1 1
v -0.419705 3.56332 4.00761 1 1 1
v -0.416557 3.56269 4.00703 1 1 1
v -0.1693 3.56269 4.00703 1 1 1
v 0.1693 3.56269 4.00703 1 1 1
v 0.419705 3.56332 4.00761 1 1 1
v 0.416557 3.56269 4.00703 1 1 1
v 0.439226 3.56325 4.00754 1 1 1
v 0.442733 3.56269 4.00703 1 1 1
v -0.49779 3.55072 3.99597 1 1 1
v -0.506527 3.54835 3.99379 1 1 1
v -0.478269 3.5558 4.00067 1 1 1
v -0.458747 3.56026 4.00478 1 1 1
v -0.400184 3.55879 4.00343 1 1 1
v -0.380663 3.54917 3.99454 1 1 1
v -0.379354 3.54835 3.99379 1 1 1
v -0.16593 3.55324 3.9983 1 1 1
v -0.164238 3.54835 3.99379 1 1 1
v 0.16593 3.55324 3.9983 1 1 1
v 0.164238 3.54835 3.99379 1 1 1
v 0.380663 3.54917 3.99454 1 1 1
v 0.379354 3.54835 3.99379 1 1 1
v 0.400184 3.55879 4.00343 1 1 1
v 0.458748 3.56026 4.00478 1 1 1
v 0.478269 3.5558 4.00067 1 1 1
v 0.49779 3.55072 3.99597 1 1 1
v 0.506527 3.54835 3.99379 1 1 1
v -0.556353 3.5348 3.98128 1 1 1
v -0.559278 3.53401 3.98054 1 1 1
v -0.536832 3.54012 3.98618 1 1 1
v -0.517311 3.54543 3.99109 1 1 1
v -0.361142 3.53637 3.98273 1 1 1
v -0.357724 3.53401 3.98054 1 1 1
v -0.157688 3.53401 3.98054 1 1 1
v 0.157688 3.53401 3.98054 1 1 1
v 0.361142 3.53637 3.98273 1 1 1
v 0.357724 3.53401 3.98054 1 1 1
v 0.517311 3.54543 3.99109 1 1 1
v 0.536832 3.54012 3.98618 1 1 1
v 0.556353 3.5348 3.98128 1 1 1
v 0.559278 3.53401 3.98054 1 1 1
v -0.595396 3.52403 3.97133 1 1 1
v -0.610628 3.51966 3.9673 1 1 1
v -0.575874 3.52947 3.97635 1 1 1
v -0.34162 3.52278 3.97018 1 1 1
v -0.337151 3.51966 3.9673 1 1 1
v -0.149012 3.51966 3.9673 1 1 1
v 0.149013 3.51966 3.9673 1 1 1
v 0.34162 3.52278 3.97018 1 1 1
v 0.337151 3.51966 3.9673 1 1 1
v 0.575874 3.52947 3.97635 1 1 1
v 0.595396 3.52403 3.97133 1 1 1
v 0.610629 3.51966 3.9673 1 1 1
v -0.634438 3.51121 3.95949 1 1 1
v -0.648326 3.50532 3.95406 1 1 1
v -0.614917 3.51826 3.966 1 1 1
v -0.322099 3.50951 3.95792 1 1 1
v -0.3147 3.50532 3.95406 1 1 1
v -0.146409 3.51559 3.96353 1 1 1
v -0.143833 3.50532 3.95406 1 1 1
v 0.146409 3.51559 3.96353 1 1 1
v 0.143833 3.50532 3.95406 1 1 1
v 0.322099 3.50951 3.95792 1 1 1
v 0.3147 3.50532 3.95406 1 1 1
v 0.614917 3.51826 3.966 1 1 1
v 0.634438 3.51121 3.95949 1 1 1
v 0.648326 3.50532 3.95406 1 1 1
v -0.653959 3.50084 3.94992 1 1 1
v -0.663729 3.49098 3.94081 1 1 1
v -0.302578 3.50007 3.94921 1 1 1
v -0.283057 3.49697 3.94634 1 1 1
v -0.263536 3.49784 3.94714 1 1 1
v -0.244015 3.49983 3.94898 1 1 1
v -0.224493 3.49997 3.94912 1 1 1
v -0.208983 3.49098 3.94081 1 1 1
v -0.141259 3.49098 3.94081 1 1 1
v 0.141259 3.49098 3.94081 1 1 1
v 0.224494 3.49997 3.94912 1 1 1
v 0.208983 3.49098 3.94081 1 1 1
v 0.244015 3.49983 3.94898 1 1 1
v 0.263536 3.49784 3.94714 1 1 1
v 0.283057 3.49697 3.94634 1 1 1
v 0.302578 3.50007 3.94921 1 1 1
v 0.653959 3.50084 3.94992 1 1 1
v 0.663729 3.49098 3.94081 1 1 1
v -0.664271 3.47664 3.92757 1 1 1
v -0.204972 3.48291 3.93336 1 1 1
v -0.203189 3.47664 3.92757 1 1 1
v -0.139808 3.47664 3.92757 1 1 1
v 0.139808 3.47664 3.92757 1 1 1
v 0.204972 3.48291 3.93336 1 1 1
v 0.203189 3.47664 3.92757 1 1 1
v 0.664271 3.47664 3.92757 1 1 1
v -0.657183 3.46229 3.91433 1 1 1
v -0.201329 3.46229 3.91433 1 1 1
v -0.139388 3.46229 3.91433 1 1 1
v 0.139388 3.46229 3.91433 1 1 1
v 0.201329 3.46229 3.91433 1 1 1
v 0.657183 3.46229 3.91433 1 1 1
v -0.653959 3.45793 3.9103 1 1 1
v -0.646794 3.44795 3.90109 1 1 1
v -0.200403 3.44795 3.90109 1 1 1
v -0.139943 3.44795 3.90109 1 1 1
v 0.139943 3.44795 3.90109 1 1 1
v 0.200403 3.44795 3.90109 1 1 1
v 0.653959 3.45793 3.9103 1 1 1
v 0.646794 3.44795 3.90109 1 1 1
v -0.635231 3.43361 3.88784 1 1 1
v -0.199513 3.43361 3.88784 1 1 1
v -0.141424 3.43361 3.88784 1 1 1
v 0.141424 3.43361 3.88784 1 1 1
v 0.199513 3.43361 3.88784 1 1 1
v 0.635231 3.43361 3.88784 1 1 1
v -0.634438 3.43264 3.88695 1 1 1
v -0.62352 3.41927 3.8746 1 1 1
v -0.198166 3.41927 3.8746 1 1 1
v -0.143475 3.41927 3.8746 1 1 1
v 0.143475 3.41927 3.8746 1 1 1
v 0.198166 3.41927 3.8746 1 1 1
v 0.634438 3.43264 3.88695 1 1 1
v 0.62352 3.41927 3.8746 1 1 1
v -0.614917 3.40865 3.8648 1 1 1
v -0.611913 3.40492 3.86136 1 1 1
v -0.196457 3.40492 3.86136 1 1 1
v -0.145197 3.40492 3.86136 1 1 1
v 0.145197 3.40492 3.86136 1 1 1
v 0.196457 3.40492 3.86136 1 1 1
v 0.614917 3.40865 3.8648 1 1 1
v 0.611913 3.40492 3.86136 1 1 1
v -0.600332 3.39058 3.84811 1 1 1
v -0.195849 3.39058 3.84811 1 1 1
v -0.144183 3.39058 3.84811 1 1 1
v 0.144183 3.39058 3.84811 1 1 1
v 0.195849 3.39058 3.84811 1 1 1
v 0.600332 3.39058 3.84811 1 1 1
v -0.595396 3.38454 3.84253 1 1 1
v -0.588322 3.37624 3.83487 1 1 1
v -0.200521 3.37624 3.83487 1 1 1
v -0.130923 3.37624 3.83487 1 1 1
v 0.130923 3.37624 3.83487 1 1 1
v 0.200521 3.37624 3.83487 1 1 1
v 0.595396 3.38454 3.84253 1 1 1
v 0.588322 3.37624 3.83487 1 1 1
v -0.575874 3.36247 3.82216 1 1 1
v -0.575247 3.3619 3.82163 1 1 1
v -0.204972 3.37196 3.83092 1 1 1
v -0.213904 3.3619 3.82163 1 1 1
v -0.126888 3.37453 3.8333 1 1 1
v -0.107366 3.36861 3.82782 1 1 1
v -0.0878452 3.36533 3.8248 1 1 1
v -0.0683241 3.36304 3.82269 1 1 1
v -0.055867 3.3619 3.82163 1 1 1
v 0.0683241 3.36304 3.82269 1 1 1
v 0.0558671 3.3619 3.82163 1 1 1
v 0.0878453 3.36533 3.8248 1 1 1
v 0.107366 3.36861 3.82782 1 1 1
v 0.126888 3.37453 3.8333 1 1 1
v 0.204972 3.37196 3.83092 1 1 1
v 0.213904 3.3619 3.82163 1 1 1
v 0.575874 3.36247 3.82216 1 1 1
v 0.575247 3.3619 3.82163 1 1 1
v -0.557463 3.34756 3.80839 1 1 1
v -0.224493 3.35584 3.81603 1 1 1
v -0.243649 3.34756 3.80839 1 1 1
v -0.0488029 3.36107 3.82087 1 1 1
v -0.0292817 3.35943 3.81935 1 1 1
v -0.0097605 3.35864 3.81862 1 1 1
v 0.00976062 3.35864 3.81862 1 1 1
v 0.0292817 3.35943 3.81935 1 1 1
v 0.048803 3.36107 3.82087 1 1 1
v 0.224494 3.35584 3.81603 1 1 1
v 0.243649 3.34756 3.80839 1 1 1
v 0.557463 3.34756 3.80839 1 1 1
v -0.556353 3.34679 3.80768 1 1 1
v -0.536832 3.33846 3.79999 1 1 1
v -0.517311 3.33462 3.79644 1 1 1
v -0.504847 3.33321 3.79514 1 1 1
v -0.302578 3.33338 3.7953 1 1 1
v -0.303587 3.33321 3.79514 1 1 1
v -0.283057 3.33686 3.79851 1 1 1
v -0.263536 3.3412 3.80252 1 1 1
v -0.244015 3.34742 3.80826 1 1 1
v 0.244015 3.34742 3.80826 1 1 1
v 0.263536 3.3412 3.80252 1 1 1
v 0.283057 3.33686 3.79851 1 1 1
v 0.302578 3.33338 3.7953 1 1 1
v 0.303587 3.33321 3.79514 1 1 1
v 0.517311 3.33462 3.79644 1 1 1
v 0.504847 3.33321 3.79514 1 1 1
v 0.536832 3.33846 3.79999 1 1 1
v 0.556353 3.34679 3.80768 1 1 1
v -0.49779 3.33248 3.79447 1 1 1
v -0.478269 3.32966 3.79186 1 1 1
v -0.458747 3.32521 3.78776 1 1 1
v -0.439226 3.32082 3.7837 1 1 1
v -0.422105 3.31887 3.7819 1 1 1
v -0.380663 3.32052 3.78342 1 1 1
v -0.400092 3.31887 3.7819 1 1 1
v -0.361142 3.32292 3.78564 1 1 1
v -0.34162 3.32584 3.78834 1 1 1
v -0.322099 3.32931 3.79154 1 1 1
v 0.322099 3.32931 3.79154 1 1 1
v 0.34162 3.32584 3.78834 1 1 1
v 0.361142 3.32292 3.78564 1 1 1
v 0.380663 3.32052 3.78342 1 1 1
v 0.400092 3.31887 3.7819 1 1 1
v 0.439226 3.32082 3.7837 1 1 1
v 0.422105 3.31887 3.7819 1 1 1
v 0.458748 3.32521 3.78776 1 1 1
v 0.478269 3.32966 3.79186 1 1 1
v 0.49779 3.33248 3.79447 1 1 1
v -0.419705 3.31866 3.78171 1 1 1
v -0.400184 3.31886 3.78189 1 1 1
v 0.400184 3.31886 3.78189 1 1 1
v 0.419705 3.31866 3.78171 1 1 1
v -0.0683241 3.75522 3.9447 1 1 1
v -0.0772807 3.75363 3.94341 1 1 1
v -0.0488029 3.75739 3.94645 1 1 1
v -0.0292817 3.75836 3.94724 1 1 1
v -0.0097605 3.75867 3.94749 1 1 1
v 0.00976062 3.75867 3.94749 1 1 1
v 0.0292817 3.75836 3.94724 1 1 1
v 0.048803 3.75739 3.94645 1 1 1
v 0.0683241 3.75522 3.9447 1 1 1
v 0.0772807 3.75363 3.94341 1 1 1
v -0.126888 3.7416 3.93368 1 1 1
v -0.139679 3.73845 3.93113 1 1 1
v -0.107366 3.74701 3.93806 1 1 1
v -0.0878452 3.75178 3.94192 1 1 1
v 0.0878453 3.75178 3.94192 1 1 1
v 0.107366 3.74701 3.93806 1 1 1
v 0.126888 3.7416 3.93368 1 1 1
v 0.139679 3.73845 3.93113 1 1 1
v -0.16593 3.72809 3.92276 1 1 1
v -0.172852 3.72327 3.91886 1 1 1
v -0.146409 3.73617 3.92929 1 1 1
v 0.146409 3.73617 3.92929 1 1 1
v 0.16593 3.72809 3.92276 1 1 1
v 0.172851 3.72327 3.91886 1 1 1
v -0.179228 3.70809 3.90658 1 1 1
v 0.179228 3.70809 3.90658 1 1 1
v -0.178002 3.69291 3.89431 1 1 1
v 0.178002 3.69291 3.89431 1 1 1
v -0.478269 3.6787 3.88281 1 1 1
v -0.481861 3.67773 3.88203 1 1 1
v -0.458747 3.68336 3.88658 1 1 1
v -0.439226 3.68666 3.88925 1 1 1
v -0.419705 3.68719 3.88968 1 1 1
v -0.400184 3.68304 3.88632 1 1 1
v -0.389298 3.67773 3.88203 1 1 1
v -0.174305 3.67773 3.88203 1 1 1
v 0.174305 3.67773 3.88203 1 1 1
v 0.400184 3.68304 3.88632 1 1 1
v 0.389298 3.67773 3.88203 1 1 1
v 0.419705 3.68719 3.88968 1 1 1
v 0.439226 3.68666 3.88925 1 1 1
v 0.458748 3.68336 3.88658 1 1 1
v 0.478269 3.6787 3.88281 1 1 1
v 0.481861 3.67773 3.88203 1 1 1
v -0.536832 3.66275 3.86991 1 1 1
v -0.537536 3.66256 3.86976 1 1 1
v -0.517311 3.66812 3.87426 1 1 1
v -0.49779 3.67348 3.87859 1 1 1
v -0.380663 3.67289 3.87811 1 1 1
v -0.366485 3.66256 3.86976 1 1 1
v -0.16895 3.66256 3.86976 1 1 1
v 0.16895 3.66256 3.86976 1 1 1
v 0.380663 3.67289 3.87811 1 1 1
v 0.366485 3.66256 3.86976 1 1 1
v 0.49779 3.67348 3.87859 1 1 1
v 0.517311 3.66812 3.87426 1 1 1
v 0.536832 3.66275 3.86991 1 1 1
v 0.537536 3.66256 3.86976 1 1 1
v -0.575874 3.65201 3.86123 1 1 1
v -0.592703 3.64738 3.85748 1 1 1
v -0.556353 3.65737 3.86556 1 1 1
v -0.361142 3.65847 3.86645 1 1 1
v -0.347289 3.64738 3.85748 1 1 1
v -0.16593 3.65675 3.86506 1 1 1
v -0.1616 3.64738 3.85748 1 1 1
v 0.16593 3.65675 3.86506 1 1 1
v 0.1616 3.64738 3.85748 1 1 1
v 0.361142 3.65847 3.86645 1 1 1
v 0.347289 3.64738 3.85748 1 1 1
v 0.556353 3.65737 3.86556 1 1 1
v 0.575874 3.65201 3.86123 1 1 1
v 0.592704 3.64738 3.85748 1 1 1
v -0.634438 3.63523 3.84766 1 1 1
v -0.644002 3.6322 3.8452 1 1 1
v -0.614917 3.64107 3.85238 1 1 1
v -0.595396 3.64662 3.85687 1 1 1
v -0.34162 3.64282 3.85379 1 1 1
v -0.328372 3.6322 3.8452 1 1 1
v -0.152839 3.6322 3.8452 1 1 1
v 0.152839 3.6322 3.8452 1 1 1
v 0.34162 3.64282 3.85379 1 1 1
v 0.328372 3.6322 3.8452 1 1 1
v 0.595396 3.64662 3.85687 1 1 1
v 0.614917 3.64107 3.85238 1 1 1
v 0.634438 3.63523 3.84766 1 1 1
v 0.644003 3.6322 3.8452 1 1 1
v -0.67348 3.61848 3.83411 1 1 1
v -0.675946 3.61702 3.83293 1 1 1
v -0.653959 3.62814 3.84192 1 1 1
v -0.322099 3.62733 3.84127 1 1 1
v -0.306604 3.61702 3.83293 1 1 1
v -0.146409 3.6219 3.83687 1 1 1
v -0.145107 3.61702 3.83293 1 1 1
v 0.146409 3.6219 3.83687 1 1 1
v 0.145107 3.61702 3.83293 1 1 1
v 0.322099 3.62733 3.84127 1 1 1
v 0.306603 3.61702 3.83293 1 1 1
v 0.653959 3.62814 3.84192 1 1 1
v 0.67348 3.61848 3.83411 1 1 1
v 0.675946 3.61702 3.83293 1 1 1
v -0.685671 3.60184 3.82065 1 1 1
v -0.302578 3.61493 3.83124 1 1 1
v -0.283057 3.60978 3.82707 1 1 1
v -0.263536 3.60935 3.82672 1 1 1
v -0.244015 3.61046 3.82762 1 1 1
v -0.224493 3.60951 3.82685 1 1 1
v -0.212099 3.60184 3.82065 1 1 1
v -0.141991 3.60184 3.82065 1 1 1
v 0.141991 3.60184 3.82065 1 1 1
v 0.224494 3.60951 3.82685 1 1 1
v 0.212099 3.60184 3.82065 1 1 1
v 0.244015 3.61046 3.82762 1 1 1
v 0.263536 3.60935 3.82672 1 1 1
v 0.283057 3.60978 3.82707 1 1 1
v 0.302578 3.61493 3.83124 1 1 1
v 0.685671 3.60184 3.82065 1 1 1
v -0.682732 3.58666 3.80838 1 1 1
v -0.204972 3.58674 3.80844 1 1 1
v -0.140058 3.58666 3.80838 1 1 1
v 0.140058 3.58666 3.80838 1 1 1
v 0.204972 3.58674 3.80844 1 1 1
v 0.682732 3.58666 3.80838 1 1 1
v -0.673611 3.57149 3.7961 1 1 1
v -0.202506 3.57149 3.7961 1 1 1
v -0.139223 3.57149 3.7961 1 1 1
v 0.139223 3.57149 3.7961 1 1 1
v 0.202506 3.57149 3.7961 1 1 1
v 0.673611 3.57149 3.7961 1 1 1
v -0.67348 3.57132 3.79597 1 1 1
v -0.661844 3.55631 3.78382 1 1 1
v -0.201134 3.55631 3.78382 1 1 1
v -0.139431 3.55631 3.78382 1 1 1
v 0.139431 3.55631 3.78382 1 1 1
v 0.201134 3.55631 3.78382 1 1 1
v 0.67348 3.57132 3.79597 1 1 1
v 0.661844 3.55631 3.78382 1 1 1
v -0.653959 3.54687 3.77619 1 1 1
v -0.649199 3.54113 3.77155 1 1 1
v -0.199806 3.54113 3.77155 1 1 1
v -0.140641 3.54113 3.77155 1 1 1
v 0.140641 3.54113 3.77155 1 1 1
v 0.199806 3.54113 3.77155 1 1 1
v 0.653959 3.54687 3.77619 1 1 1
v 0.649199 3.54113 3.77155 1 1 1
v -0.63646 3.52595 3.75927 1 1 1
v -0.197986 3.52595 3.75927 1 1 1
v -0.142494 3.52595 3.75927 1 1 1
v 0.142494 3.52595 3.75927 1 1 1
v 0.197986 3.52595 3.75927 1 1 1
v 0.63646 3.52595 3.75927 1 1 1
v -0.634438 3.52354 3.75732 1 1 1
v -0.62377 3.51077 3.747 1 1 1
v -0.195758 3.51077 3.747 1 1 1
v -0.144057 3.51077 3.747 1 1 1
v 0.144057 3.51077 3.747 1 1 1
v 0.195758 3.51077 3.747 1 1 1
v 0.634438 3.52354 3.75732 1 1 1
v 0.62377 3.51077 3.747 1 1 1
v -0.614917 3.50017 3.73842 1 1 1
v -0.611103 3.4956 3.73472 1 1 1
v -0.194562 3.4956 3.73472 1 1 1
v -0.142758 3.4956 3.73472 1 1 1
v 0.142758 3.4956 3.73472 1 1 1
v 0.194562 3.4956 3.73472 1 1 1
v 0.614917 3.50017 3.73842 1 1 1
v 0.611103 3.4956 3.73472 1 1 1
v -0.598316 3.48042 3.72244 1 1 1
v -0.198463 3.48042 3.72244 1 1 1
v -0.127882 3.48042 3.72244 1 1 1
v 0.127882 3.48042 3.72244 1 1 1
v 0.198463 3.48042 3.72244 1 1 1
v 0.598316 3.48042 3.72244 1 1 1
v -0.595396 3.47703 3.71971 1 1 1
v -0.584511 3.46524 3.71017 1 1 1
v -0.204972 3.47372 3.71703 1 1 1
v -0.212244 3.46524 3.71017 1 1 1
v -0.126888 3.48 3.7221 1 1 1
v -0.107366 3.47338 3.71675 1 1 1
v -0.0878452 3.4696 3.71369 1 1 1
v -0.0683241 3.46691 3.71152 1 1 1
v -0.0525875 3.46524 3.71017 1 1 1
v 0.0683241 3.46691 3.71152 1 1 1
v 0.0525876 3.46524 3.71017 1 1 1
v 0.0878453 3.4696 3.71369 1 1 1
v 0.107366 3.47338 3.71675 1 1 1
v 0.126888 3.48 3.7221 1 1 1
v 0.204972 3.47372 3.71703 1 1 1
v 0.212244 3.46524 3.71017 1 1 1
v 0.595396 3.47703 3.71971 1 1 1
v 0.584511 3.46524 3.71017 1 1 1
v -0.575874 3.45654 3.70314 1 1 1
v -0.567604 3.45006 3.69789 1 1 1
v -0.224493 3.45799 3.70431 1 1 1
v -0.2424 3.45006 3.69789 1 1 1
v -0.0488029 3.46473 3.70976 1 1 1
v -0.0292817 3.46285 3.70824 1 1 1
v -0.0097605 3.46196 3.70752 1 1 1
v 0.00976062 3.46196 3.70752 1 1 1
v 0.0292817 3.46285 3.70824 1 1 1
v 0.048803 3.46473 3.70976 1 1 1
v 0.224494 3.45799 3.70431 1 1 1
v 0.2424 3.45006 3.69789 1 1 1
v 0.575874 3.45654 3.70314 1 1 1
v 0.567604 3.45006 3.69789 1 1 1
v -0.556353 3.4424 3.69169 1 1 1
v -0.536947 3.43488 3.68562 1 1 1
v -0.302578 3.43498 3.68569 1 1 1
v -0.303104 3.43488 3.68562 1 1 1
v -0.283057 3.43861 3.68863 1 1 1
v -0.263536 3.4431 3.69226 1 1 1
v -0.244015 3.44945 3.6974 1 1 1
v 0.244015 3.44945 3.6974 1 1 1
v 0.263536 3.4431 3.69226 1 1 1
v 0.283057 3.43861 3.68863 1 1 1
v 0.302578 3.43498 3.68569 1 1 1
v 0.303104 3.43488 3.68562 1 1 1
v 0.556353 3.4424 3.69169 1 1 1
v 0.536947 3.43488 3.68562 1 1 1
v -0.536832 3.43484 3.68559 1 1 1
v -0.517311 3.43183 3.68315 1 1 1
v -0.49779 3.43032 3.68193 1 1 1
v -0.478269 3.42815 3.68017 1 1 1
v -0.458747 3.42453 3.67725 1 1 1
v -0.439226 3.42087 3.67428 1 1 1
v -0.426997 3.4197 3.67334 1 1 1
v -0.380663 3.42141 3.67472 1 1 1
v -0.399011 3.4197 3.67334 1 1 1
v -0.361142 3.42396 3.67678 1 1 1
v -0.34162 3.42705 3.67928 1 1 1
v -0.322099 3.43069 3.68223 1 1 1
v 0.322099 3.43069 3.68222 1 1 1
v 0.34162 3.42705 3.67928 1 1 1
v 0.361142 3.42396 3.67678 1 1 1
v 0.380663 3.42141 3.67472 1 1 1
v 0.399011 3.4197 3.67334 1 1 1
v 0.439226 3.42087 3.67428 1 1 1
v 0.426997 3.4197 3.67334 1 1 1
v 0.458748 3.42453 3.67725 1 1 1
v 0.478269 3.42815 3.68017 1 1 1
v 0.49779 3.43032 3.68193 1 1 1
v 0.517311 3.43183 3.68315 1 1 1
v 0.536832 3.43484 3.68559 1 1 1
v -0.419705 3.41916 3.6729 1 1 1
v -0.400184 3.41957 3.67323 1 1 1
v 0.400184 3.41957 3.67323 1 1 1
v 0.419705 3.41916 3.6729 1 1 1
v -0.0683241 3.8658 3.80933 1 1 1
v -0.0839749 3.86313 3.80742 1 1 1
v -0.0488029 3.86781 3.81077 1 1 1
v -0.0292817 3.86871 3.81142 1 1 1
v -0.0097605 3.869 3.81163 1 1 1
v 0.00976062 3.869 3.81163 1 1 1
v 0.0292817 3.86871 3.81142 1 1 1
v 0.048803 3.86781 3.81077 1 1 1
v 0.0683241 3.8658 3.80933 1 1 1
v 0.0839749 3.86313 3.80742 1 1 1
v -0.146409 3.84921 3.79744 1 1 1
v -0.154415 3.84727 3.79604 1 1 1
v -0.126888 3.85361 3.80059 1 1 1
v -0.107366 3.85829 3.80395 1 1 1
v -0.0878452 3.86249 3.80695 1 1 1
v 0.0878453 3.86249 3.80695 1 1 1
v 0.107366 3.85829 3.80395 1 1 1
v 0.126888 3.85361 3.80059 1 1 1
v 0.146409 3.84921 3.79743 1 1 1
v 0.154415 3.84727 3.79604 1 1 1
v -0.16593 3.84287 3.79289 1 1 1
v -0.1817 3.83141 3.78466 1 1 1
v 0.16593 3.84287 3.79289 1 1 1
v 0.1817 3.83141 3.78466 1 1 1
v -0.185451 3.81614 3.77371 1 1 1
v -0.185549 3.81554 3.77328 1 1 1
v 0.185451 3.81614 3.77371 1 1 1
v 0.185549 3.81554 3.77328 1 1 1
v -0.439226 3.80101 3.76286 1 1 1
v -0.446207 3.79968 3.76191 1 1 1
v -0.419705 3.80198 3.76356 1 1 1
v -0.406651 3.79968 3.76191 1 1 1
v -0.185451 3.81493 3.77284 1 1 1
v -0.183 3.79968 3.76191 1 1 1
v 0.185451 3.81493 3.77284 1 1 1
v 0.183 3.79968 3.76191 1 1 1
v 0.419705 3.80198 3.76356 1 1 1
v 0.406651 3.79968 3.76191 1 1 1
v 0.439226 3.80101 3.76286 1 1 1
v 0.446208 3.79968 3.76191 1 1 1
v -0.49779 3.78727 3.75301 1 1 1
v -0.510321 3.78382 3.75053 1 1 1
v -0.478269 3.79254 3.75678 1 1 1
v -0.458747 3.79737 3.76025 1 1 1
v -0.400184 3.7983 3.76092 1 1 1
v -0.380663 3.78795 3.75349 1 1 1
v -0.37524 3.78382 3.75053 1 1 1
v -0.178646 3.78382 3.75053 1 1 1
v 0.178646 3.78382 3.75053 1 1 1
v 0.380663 3.78795 3.75349 1 1 1
v 0.37524 3.78382 3.75053 1 1 1
v 0.400184 3.7983 3.76092 1 1 1
v 0.458748 3.79737 3.76025 1 1 1
v 0.478269 3.79254 3.75678 1 1 1
v 0.49779 3.78727 3.75301 1 1 1
v 0.510321 3.78382 3.75053 1 1 1
v -0.556353 3.77112 3.74142 1 1 1
v -0.567837 3.76795 3.73915 1 1 1
v -0.536832 3.77651 3.74529 1 1 1
v -0.517311 3.78189 3.74915 1 1 1
v -0.361142 3.77221 3.74221 1 1 1
v -0.356339 3.76795 3.73915 1 1 1
v -0.173205 3.76795 3.73915 1 1 1
v 0.173205 3.76795 3.73915 1 1 1
v 0.361142 3.77221 3.74221 1 1 1
v 0.356339 3.76795 3.73915 1 1 1
v 0.517311 3.78189 3.74915 1 1 1
v 0.536832 3.77651 3.74529 1 1 1
v 0.556353 3.77112 3.74142 1 1 1
v 0.567837 3.76795 3.73915 1 1 1
v -0.614917 3.75496 3.72983 1 1 1
v -0.625211 3.75209 3.72777 1 1 1
v -0.595396 3.76035 3.7337 1 1 1
v -0.575874 3.76574 3.73756 1 1 1
v -0.34162 3.75468 3.72963 1 1 1
v -0.338737 3.75209 3.72777 1 1 1
v -0.16593 3.7542 3.72929 1 1 1
v -0.164928 3.75209 3.72777 1 1 1
v 0.16593 3.7542 3.72929 1 1 1
v 0.164927 3.75209 3.72777 1 1 1
v 0.34162 3.75468 3.72963 1 1 1
v 0.338737 3.75209 3.72777 1 1 1
v 0.575874 3.76574 3.73756 1 1 1
v 0.595396 3.76035 3.7337 1 1 1
v 0.614917 3.75496 3.72983 1 1 1
v 0.625212 3.75209 3.72777 1 1 1
v -0.67348 3.73668 3.71672 1 1 1
v -0.674692 3.73623 3.7164 1 1 1
v -0.653959 3.74335 3.7215 1 1 1
v -0.634438 3.74939 3.72583 1 1 1
v -0.322099 3.73715 3.71706 1 1 1
v -0.321012 3.73623 3.7164 1 1 1
v -0.15607 3.73623 3.7164 1 1 1
v 0.15607 3.73623 3.7164 1 1 1
v 0.322099 3.73715 3.71706 1 1 1
v 0.321012 3.73623 3.7164 1 1 1
v 0.634438 3.74939 3.72583 1 1 1
v 0.653959 3.74335 3.7215 1 1 1
v 0.67348 3.73668 3.71672 1 1 1
v 0.674692 3.73623 3.7164 1 1 1
v -0.693001 3.72563 3.70879 1 1 1
v -0.700055 3.72037 3.70502 1 1 1
v -0.302578 3.72213 3.70628 1 1 1
v -0.299102 3.72037 3.70502 1 1 1
v -0.146409 3.72051 3.70512 1 1 1
v -0.146369 3.72037 3.70502 1 1 1
v 0.146409 3.72051 3.70512 1 1 1
v 0.146369 3.72037 3.70502 1 1 1
v 0.302578 3.72213 3.70629 1 1 1
v 0.299102 3.72037 3.70502 1 1 1
v 0.693002 3.72563 3.70879 1 1 1
v 0.700055 3.72037 3.70502 1 1 1
v -0.705046 3.7045 3.69364 1 1 1
v -0.283057 3.71459 3.70088 1 1 1
v -0.263536 3.71269 3.69951 1 1 1
v -0.244015 3.71273 3.69954 1 1 1
v -0.224493 3.71047 3.69792 1 1 1
v -0.215361 3.7045 3.69364 1 1 1
v -0.142723 3.7045 3.69364 1 1 1
v 0.142723 3.7045 3.69364 1 1 1
v 0.224494 3.71047 3.69792 1 1 1
v 0.215361 3.7045 3.69364 1 1 1
v 0.244015 3.71273 3.69954 1 1 1
v 0.263536 3.71269 3.69951 1 1 1
v 0.283057 3.71459 3.70088 1 1 1
v 0.705046 3.7045 3.69364 1 1 1
v -0.699262 3.68864 3.68226 1 1 1
v -0.206703 3.68864 3.68226 1 1 1
v -0.140306 3.68864 3.68226 1 1 1
v 0.140306 3.68864 3.68226 1 1 1
v 0.206703 3.68864 3.68226 1 1 1
v 0.699262 3.68864 3.68226 1 1 1
v -0.693001 3.67964 3.67581 1 1 1
v -0.688433 3.67278 3.67089 1 1 1
v -0.204972 3.67982 3.67594 1 1 1
v -0.203762 3.67278 3.67089 1 1 1
v -0.139039 3.67278 3.67089 1 1 1
v 0.139039 3.67278 3.67089 1 1 1
v 0.204972 3.67982 3.67594 1 1 1
v 0.203762 3.67278 3.67089 1 1 1
v 0.693002 3.67964 3.67581 1 1 1
v 0.688433 3.67278 3.67089 1 1 1
v -0.675563 3.65691 3.65951 1 1 1
v -0.201884 3.65691 3.65951 1 1 1
v -0.138875 3.65691 3.65951 1 1 1
v 0.138876 3.65691 3.65951 1 1 1
v 0.201884 3.65691 3.65951 1 1 1
v 0.675563 3.65691 3.65951 1 1 1
v -0.67348 3.65449 3.65777 1 1 1
v -0.66199 3.64105 3.64813 1 1 1
v -0.200079 3.64105 3.64813 1 1 1
v -0.139782 3.64105 3.64813 1 1 1
v 0.139782 3.64105 3.64813 1 1 1
v 0.200079 3.64105 3.64813 1 1 1
v 0.67348 3.65449 3.65777 1 1 1
v 0.66199 3.64105 3.64813 1 1 1
v -0.653959 3.6317 3.64143 1 1 1
v -0.648375 3.62519 3.63675 1 1 1
v -0.197765 3.62519 3.63675 1 1 1
v -0.1414 3.62519 3.63675 1 1 1
v 0.1414 3.62519 3.63675 1 1 1
v 0.197765 3.62519 3.63675 1 1 1
v 0.653959 3.6317 3.64143 1 1 1
v 0.648375 3.62519 3.63675 1 1 1
v -0.63476 3.60933 3.62538 1 1 1
v -0.195015 3.60933 3.62538 1 1 1
v -0.142759 3.60933 3.62538 1 1 1
v 0.142759 3.60933 3.62538 1 1 1
v 0.195015 3.60933 3.62538 1 1 1
v 0.63476 3.60933 3.62538 1 1 1
v -0.634438 3.60895 3.62511 1 1 1
v -0.621129 3.59346 3.614 1 1 1
v -0.193236 3.59346 3.614 1 1 1
v -0.141082 3.59346 3.614 1 1 1
v 0.141082 3.59346 3.614 1 1 1
v 0.193236 3.59346 3.614 1 1 1
v 0.634438 3.60895 3.62511 1 1 1
v 0.621129 3.59346 3.614 1 1 1
v -0.614917 3.58627 3.60884 1 1 1
v -0.607408 3.5776 3.60262 1 1 1
v -0.196369 3.5776 3.60262 1 1 1
v -0.126888 3.57907 3.60368 1 1 1
v -0.124571 3.5776 3.60262 1 1 1
v 0.126888 3.57907 3.60368 1 1 1
v 0.124571 3.5776 3.60262 1 1 1
v 0.196369 3.5776 3.60262 1 1 1
v 0.614917 3.58627 3.60884 1 1 1
v 0.607408 3.5776 3.60262 1 1 1
v -0.595396 3.56401 3.59288 1 1 1
v -0.593238 3.56174 3.59125 1 1 1
v -0.204972 3.56823 3.5959 1 1 1
v -0.210414 3.56174 3.59125 1 1 1
v -0.107366 3.57146 3.59822 1 1 1
v -0.0878452 3.56713 3.59511 1 1 1
v -0.0683241 3.564 3.59287 1 1 1
v -0.0496202 3.56174 3.59125 1 1 1
v 0.0683241 3.564 3.59287 1 1 1
v 0.0496203 3.56174 3.59125 1 1 1
v 0.0878453 3.56713 3.59511 1 1 1
v 0.107366 3.57146 3.59822 1 1 1
v 0.204972 3.56823 3.5959 1 1 1
v 0.210414 3.56174 3.59125 1 1 1
v 0.595396 3.56401 3.59288 1 1 1
v 0.593238 3.56174 3.59125 1 1 1
v -0.577184 3.54587 3.57987 1 1 1
v -0.224493 3.55323 3.58514 1 1 1
v -0.240923 3.54587 3.57987 1 1 1
v -0.0488029 3.56161 3.59116 1 1 1
v -0.0292817 3.55948 3.58962 1 1 1
v -0.0097605 3.55848 3.58891 1 1 1
v 0.00976062 3.55848 3.58891 1 1 1
v 0.0292817 3.55948 3.58962 1 1 1
v 0.048803 3.56161 3.59116 1 1 1
v 0.224494 3.55323 3.58514 1 1 1
v 0.240923 3.54587 3.57987 1 1 1
v 0.577184 3.54587 3.57987 1 1 1
v -0.575874 3.54469 3.57902 1 1 1
v -0.556353 3.53172 3.56972 1 1 1
v -0.551722 3.53001 3.56849 1 1 1
v -0.283057 3.53372 3.57115 1 1 1
v -0.30239 3.53001 3.56849 1 1 1
v -0.263536 3.53831 3.57444 1 1 1
v -0.244015 3.54469 3.57902 1 1 1
v 0.244015 3.54469 3.57902 1 1 1
v 0.263536 3.53831 3.57444 1 1 1
v 0.283057 3.53372 3.57115 1 1 1
v 0.30239 3.53001 3.56849 1 1 1
v 0.556353 3.53172 3.56972 1 1 1
v 0.551722 3.53001 3.56849 1 1 1
v 0.575874 3.54469 3.57902 1 1 1
v -0.536832 3.52517 3.56502 1 1 1
v -0.517311 3.52268 3.56323 1 1 1
v -0.49779 3.52169 3.56252 1 1 1
v -0.478269 3.52015 3.56142 1 1 1
v -0.458747 3.51733 3.5594 1 1 1
v -0.439226 3.51441 3.5573 1 1 1
v -0.435686 3.51415 3.55711 1 1 1
v -0.380663 3.51584 3.55832 1 1 1
v -0.397528 3.51415 3.55711 1 1 1
v -0.361142 3.51852 3.56025 1 1 1
v -0.34162 3.52174 3.56256 1 1 1
v -0.322099 3.52551 3.56526 1 1 1
v -0.302578 3.52997 3.56846 1 1 1
v 0.302578 3.52997 3.56846 1 1 1
v 0.322099 3.52551 3.56526 1 1 1
v 0.34162 3.52174 3.56256 1 1 1
v 0.361142 3.51852 3.56025 1 1 1
v 0.380663 3.51584 3.55832 1 1 1
v 0.397528 3.51415 3.55711 1 1 1
v 0.439226 3.51441 3.5573 1 1 1
v 0.435686 3.51415 3.55711 1 1 1
v 0.458748 3.51733 3.5594 1 1 1
v 0.478269 3.52015 3.56142 1 1 1
v 0.49779 3.52169 3.56252 1 1 1
v 0.517311 3.52268 3.56323 1 1 1
v 0.536832 3.52517 3.56502 1 1 1
v -0.419705 3.51317 3.55641 1 1 1
v -0.400184 3.51382 3.55688 1 1 1
v 0.400184 3.51382 3.55688 1 1 1
v 0.419705 3.51317 3.55641 1 1 1
v -0.0878452 3.9636 3.66859 1 1 1
v -0.0920799 3.96282 3.66807 1 1 1
v -0.0683241 3.96666 3.67058 1 1 1
v -0.0488029 3.96847 3.67177 1 1 1
v -0.0292817 3.96929 3.6723 1 1 1
v -0.0097605 3.96955 3.67247 1 1 1
v 0.00976062 3.96955 3.67247 1 1 1
v 0.0292817 3.96929 3.6723 1 1 1
v 0.048803 3.96847 3.67177 1 1 1
v 0.0683241 3.96666 3.67058 1 1 1
v 0.0878453 3.9636 3.66859 1 1 1
v 0.0920799 3.96282 3.66807 1 1 1
v -0.16593 3.94761 3.65813 1 1 1
v -0.169219 3.94648 3.65739 1 1 1
v -0.146409 3.95213 3.66108 1 1 1
v -0.126888 3.95592 3.66356 1 1 1
v -0.107366 3.95989 3.66616 1 1 1
v 0.107366 3.95989 3.66616 1 1 1
v 0.126888 3.95592 3.66356 1 1 1
v 0.146409 3.95213 3.66108 1 1 1
v 0.16593 3.94761 3.65813 1 1 1
v 0.169219 3.94648 3.65739 1 1 1
v -0.185451 3.93496 3.64987 1 1 1
v -0.18903 3.93014 3.64671 1 1 1
v 0.185451 3.93496 3.64987 1 1 1
v 0.18903 3.93014 3.64671 1 1 1
v -0.190582 3.91379 3.63603 1 1 1
v 0.190582 3.91379 3.63603 1 1 1
v -0.458747 3.90216 3.62843 1 1 1
v -0.477547 3.89745 3.62535 1 1 1
v -0.439226 3.90596 3.63091 1 1 1
v -0.419705 3.90733 3.63181 1 1 1
v -0.400184 3.90416 3.62973 1 1 1
v -0.386407 3.89745 3.62535 1 1 1
v -0.187326 3.89745 3.62535 1 1 1
v 0.187326 3.89745 3.62535 1 1 1
v 0.400184 3.90416 3.62973 1 1 1
v 0.386407 3.89745 3.62535 1 1 1
v 0.419705 3.90733 3.63181 1 1 1
v 0.439226 3.90596 3.63091 1 1 1
v 0.458748 3.90216 3.62843 1 1 1
v 0.477547 3.89745 3.62535 1 1 1
v -0.536832 3.88134 3.61482 1 1 1
v -0.537681 3.88111 3.61467 1 1 1
v -0.517311 3.88668 3.61831 1 1 1
v -0.49779 3.89201 3.62179 1 1 1
v -0.478269 3.89727 3.62524 1 1 1
v -0.380663 3.89411 3.62317 1 1 1
v -0.365129 3.88111 3.61467 1 1 1
v -0.185451 3.89089 3.62106 1 1 1
v -0.182443 3.88111 3.61467 1 1 1
v 0.185451 3.89089 3.62106 1 1 1
v 0.182443 3.88111 3.61467 1 1 1
v 0.380663 3.89411 3.62317 1 1 1
v 0.365129 3.88111 3.61467 1 1 1
v 0.478269 3.89727 3.62524 1 1 1
v 0.49779 3.89201 3.62179 1 1 1
v 0.517311 3.88668 3.61831 1 1 1
v 0.536832 3.88134 3.61482 1 1 1
v 0.537681 3.88111 3.61467 1 1 1
v -0.595396 3.86534 3.60436 1 1 1
v -0.597462 3.86477 3.60399 1 1 1
v -0.575874 3.87067 3.60785 1 1 1
v -0.556353 3.876 3.61133 1 1 1
v -0.361142 3.8775 3.61231 1 1 1
v -0.348064 3.86477 3.60399 1 1 1
v -0.176782 3.86477 3.60399 1 1 1
v 0.176782 3.86477 3.60399 1 1 1
v 0.361142 3.8775 3.61231 1 1 1
v 0.348064 3.86477 3.60399 1 1 1
v 0.556353 3.876 3.61133 1 1 1
v 0.575874 3.87067 3.60785 1 1 1
v 0.595396 3.86534 3.60436 1 1 1
v 0.597462 3.86477 3.60399 1 1 1
v -0.653959 3.84916 3.59379 1 1 1
v -0.65652 3.84843 3.59331 1 1 1
v -0.634438 3.85462 3.59736 1 1 1
v -0.614917 3.86 3.60087 1 1 1
v -0.34162 3.8584 3.59983 1 1 1
v -0.33148 3.84843 3.59331 1 1 1
v -0.168632 3.84843 3.59331 1 1 1
v 0.168632 3.84843 3.59331 1 1 1
v 0.34162 3.8584 3.59983 1 1 1
v 0.33148 3.84843 3.59331 1 1 1
v 0.614917 3.86 3.60087 1 1 1
v 0.634438 3.85462 3.59736 1 1 1
v 0.653959 3.84916 3.59379 1 1 1
v 0.65652 3.84843 3.59331 1 1 1
v -0.693001 3.83591 3.58513 1 1 1
v -0.702173 3.83209 3.58263 1 1 1
v -0.67348 3.84299 3.58976 1 1 1
v -0.322099 3.83922 3.58729 1 1 1
v -0.314441 3.83209 3.58263 1 1 1
v -0.16593 3.84487 3.59098 1 1 1
v -0.158829 3.83209 3.58263 1 1 1
v 0.16593 3.84487 3.59098 1 1 1
v 0.158829 3.83209 3.58263 1 1 1
v 0.322099 3.83922 3.58729 1 1 1
v 0.314441 3.83209 3.58263 1 1 1
v 0.67348 3.84299 3.58976 1 1 1
v 0.693002 3.83591 3.58513 1 1 1
v 0.702173 3.83209 3.58263 1 1 1
v -0.712523 3.82436 3.57758 1 1 1
v -0.721325 3.81575 3.57195 1 1 1
v -0.302578 3.82203 3.57606 1 1 1
v -0.292129 3.81575 3.57195 1 1 1
v -0.148929 3.81575 3.57195 1 1 1
v 0.148929 3.81575 3.57195 1 1 1
v 0.302578 3.82203 3.57606 1 1 1
v 0.292129 3.81575 3.57195 1 1 1
v 0.712523 3.82436 3.57758 1 1 1
v 0.721325 3.81575 3.57195 1 1 1
v -0.7223 3.79941 3.56128 1 1 1
v -0.283057 3.81178 3.56936 1 1 1
v -0.263536 3.80827 3.56707 1 1 1
v -0.244015 3.80709 3.5663 1 1 1
v -0.224493 3.80332 3.56383 1 1 1
v -0.218764 3.79941 3.56128 1 1 1
v -0.146409 3.81121 3.56899 1 1 1
v -0.143455 3.79941 3.56128 1 1 1
v 0.146409 3.81121 3.56899 1 1 1
v 0.143456 3.79941 3.56128 1 1 1
v 0.224494 3.80332 3.56383 1 1 1
v 0.218764 3.79941 3.56128 1 1 1
v 0.244015 3.80709 3.5663 1 1 1
v 0.263536 3.80827 3.56707 1 1 1
v 0.283057 3.81178 3.56936 1 1 1
v 0.7223 3.79941 3.56128 1 1 1
v -0.714202 3.78307 3.5506 1 1 1
v -0.208521 3.78307 3.5506 1 1 1
v -0.140551 3.78307 3.5506 1 1 1
v 0.140551 3.78307 3.5506 1 1 1
v 0.208521 3.78307 3.5506 1 1 1
v 0.714202 3.78307 3.5506 1 1 1
v -0.712523 3.7809 3.54918 1 1 1
v -0.701944 3.76673 3.53992 1 1 1
v -0.205079 3.76673 3.53992 1 1 1
v -0.138835 3.76673 3.53992 1 1 1
v 0.138835 3.76673 3.53992 1 1 1
v 0.205079 3.76673 3.53992 1 1 1
v 0.712523 3.7809 3.54918 1 1 1
v 0.701944 3.76673 3.53992 1 1 1
v -0.693001 3.75623 3.53305 1 1 1
v -0.688102 3.75039 3.52924 1 1 1
v -0.204972 3.76594 3.5394 1 1 1
v -0.202654 3.75039 3.52924 1 1 1
v -0.138271 3.75039 3.52924 1 1 1
v 0.138271 3.75039 3.52924 1 1 1
v 0.204972 3.76594 3.5394 1 1 1
v 0.202654 3.75039 3.52924 1 1 1
v 0.693002 3.75623 3.53305 1 1 1
v 0.688102 3.75039 3.52924 1 1 1
v -0.67374 3.73404 3.51856 1 1 1
v -0.200332 3.73404 3.51856 1 1 1
v -0.138835 3.73404 3.51856 1 1 1
v 0.138835 3.73404 3.51856 1 1 1
v 0.200332 3.73404 3.51856 1 1 1
v 0.67374 3.73404 3.51856 1 1 1
v -0.67348 3.73375 3.51837 1 1 1
v -0.659352 3.7177 3.50788 1 1 1
v -0.197505 3.7177 3.50788 1 1 1
v -0.140172 3.7177 3.50788 1 1 1
v 0.140172 3.7177 3.50788 1 1 1
v 0.197504 3.7177 3.50788 1 1 1
v 0.67348 3.73375 3.51837 1 1 1
v 0.659352 3.7177 3.50788 1 1 1
v -0.653959 3.7116 3.50389 1 1 1
v -0.644925 3.70136 3.4972 1 1 1
v -0.194231 3.70136 3.4972 1 1 1
v -0.141266 3.70136 3.4972 1 1 1
v 0.141266 3.70136 3.4972 1 1 1
v 0.194231 3.70136 3.4972 1 1 1
v 0.653959 3.7116 3.50389 1 1 1
v 0.644925 3.70136 3.4972 1 1 1
v -0.634438 3.68951 3.48946 1 1 1
v -0.630467 3.68502 3.48652 1 1 1
v -0.191879 3.68502 3.48652 1 1 1
v -0.139075 3.68502 3.48652 1 1 1
v 0.139075 3.68502 3.48652 1 1 1
v 0.191879 3.68502 3.48652 1 1 1
v 0.634438 3.68951 3.48946 1 1 1
v 0.630467 3.68502 3.48652 1 1 1
v -0.615948 3.66868 3.47584 1 1 1
v -0.19425 3.66868 3.47584 1 1 1
v -0.126888 3.67258 3.47839 1 1 1
v -0.120901 3.66868 3.47584 1 1 1
v 0.126888 3.67258 3.47839 1 1 1
v 0.120901 3.66868 3.47584 1 1 1
v 0.19425 3.66868 3.47584 1 1 1
v 0.615948 3.66868 3.47584 1 1 1
v -0.614917 3.66753 3.47509 1 1 1
v -0.601122 3.65234 3.46516 1 1 1
v -0.204972 3.65648 3.46787 1 1 1
v -0.208413 3.65234 3.46516 1 1 1
v -0.107366 3.66378 3.47264 1 1 1
v -0.0878452 3.65886 3.46942 1 1 1
v -0.0683241 3.65526 3.46707 1 1 1
v -0.0488029 3.65257 3.46531 1 1 1
v -0.0464243 3.65234 3.46516 1 1 1
v 0.048803 3.65257 3.46531 1 1 1
v 0.0464244 3.65234 3.46516 1 1 1
v 0.0683241 3.65526 3.46707 1 1 1
v 0.0878453 3.65886 3.46942 1 1 1
v 0.107366 3.66378 3.47264 1 1 1
v 0.204972 3.65648 3.46787 1 1 1
v 0.208413 3.65234 3.46516 1 1 1
v 0.614917 3.66753 3.47509 1 1 1
v 0.601122 3.65234 3.46516 1 1 1
v -0.595396 3.64621 3.46116 1 1 1
v -0.584818 3.636 3.45448 1 1 1
v -0.224493 3.64256 3.45877 1 1 1
v -0.239206 3.636 3.45448 1 1 1
v -0.0292817 3.65025 3.4638 1 1 1
v -0.0097605 3.64914 3.46307 1 1 1
v 0.00976062 3.64914 3.46307 1 1 1
v 0.0292817 3.65025 3.4638 1 1 1
v 0.224494 3.64256 3.45877 1 1 1
v 0.239206 3.636 3.45448 1 1 1
v 0.595396 3.64621 3.46116 1 1 1
v 0.584818 3.636 3.45448 1 1 1
v -0.575874 3.62805 3.44929 1 1 1
v -0.56271 3.61966 3.4438 1 1 1
v -0.283057 3.62325 3.44615 1 1 1
v -0.301418 3.61966 3.4438 1 1 1
v -0.263536 3.62785 3.44915 1 1 1
v -0.244015 3.63415 3.45327 1 1 1
v 0.244015 3.63415 3.45327 1 1 1
v 0.263536 3.62785 3.44915 1 1 1
v 0.283057 3.62325 3.44615 1 1 1
v 0.301417 3.61966 3.4438 1 1 1
v 0.575874 3.62805 3.44929 1 1 1
v 0.56271 3.61966 3.4438 1 1 1
v -0.556353 3.61608 3.44146 1 1 1
v -0.536832 3.61025 3.43765 1 1 1
v -0.517311 3.60829 3.43637 1 1 1
v -0.49779 3.60778 3.43604 1 1 1
v -0.478269 3.60684 3.43542 1 1 1
v -0.458747 3.60478 3.43408 1 1 1
v -0.446107 3.60332 3.43312 1 1 1
v -0.380663 3.60491 3.43417 1 1 1
v -0.395692 3.60332 3.43312 1 1 1
v -0.361142 3.60771 3.43599 1 1 1
v -0.34162 3.61101 3.43815 1 1 1
v -0.322099 3.61486 3.44066 1 1 1
v -0.302578 3.61937 3.44361 1 1 1
v 0.302578 3.61937 3.44361 1 1 1
v 0.322099 3.61486 3.44066 1 1 1
v 0.34162 3.61101 3.43815 1 1 1
v 0.361142 3.60771 3.43599 1 1 1
v 0.380663 3.60491 3.43417 1 1 1
v 0.395692 3.60332 3.43312 1 1 1
v 0.458748 3.60478 3.43408 1 1 1
v 0.446108 3.60332 3.43312 1 1 1
v 0.478269 3.60684 3.43542 1 1 1
v 0.49779 3.60778 3.43604 1 1 1
v 0.517311 3.60829 3.43637 1 1 1
v 0.536832 3.61025 3.43765 1 1 1
v 0.556353 3.61608 3.44146 1 1 1
v -0.439226 3.60264 3.43268 1 1 1
v -0.419705 3.60184 3.43215 1 1 1
v -0.400184 3.60274 3.43274 1 1 1
v 0.400184 3.60274 3.43274 1 1 1
v 0.419705 3.60184 3.43215 1 1 1
v 0.439226 3.60264 3.43268 1 1 1
v -0.0878452 4.0587 3.52603 1 1 1
v -0.101676 4.05632 3.52462 1 1 1
v -0.0683241 4.0614 3.52763 1 1 1
v -0.0488029 4.06302 3.5286 1 1 1
v -0.0292817 4.06376 3.52904 1 1 1
v -0.0097605 4.06399 3.52918 1 1 1
v 0.00976062 4.06399 3.52918 1 1 1
v 0.0292817 4.06376 3.52904 1 1 1
v 0.048803 4.06302 3.5286 1 1 1
v 0.0683241 4.0614 3.52763 1 1 1
v 0.0878453 4.0587 3.52603 1 1 1
v 0.101676 4.05632 3.52462 1 1 1
v -0.16593 4.04478 3.51776 1 1 1
v -0.181045 4.03954 3.51465 1 1 1
v -0.146409 4.04875 3.52012 1 1 1
v -0.126888 4.05198 3.52204 1 1 1
v -0.107366 4.05533 3.52403 1 1 1
v 0.107366 4.05533 3.52403 1 1 1
v 0.126888 4.05198 3.52204 1 1 1
v 0.146409 4.04875 3.52012 1 1 1
v 0.16593 4.04478 3.51776 1 1 1
v 0.181045 4.03954 3.51465 1 1 1
v -0.185451 4.03633 3.51274 1 1 1
v -0.195085 4.02275 3.50468 1 1 1
v 0.185451 4.03633 3.51274 1 1 1
v 0.195085 4.02275 3.50468 1 1 1
v -0.419705 4.00634 3.49493 1 1 1
v -0.423554 4.00597 3.49471 1 1 1
v -0.4166 4.00597 3.49471 1 1 1
v -0.195152 4.00597 3.49471 1 1 1
v 0.195152 4.00597 3.49471 1 1 1
v 0.419705 4.00634 3.49493 1 1 1
v 0.4166 4.00597 3.49471 1 1 1
v 0.423554 4.00597 3.49471 1 1 1
v -0.49779 3.99039 3.48545 1 1 1
v -0.502212 3.98919 3.48474 1 1 1
v -0.478269 3.99562 3.48856 1 1 1
v -0.458747 4.00055 3.49149 1 1 1
v -0.439226 4.00456 3.49387 1 1 1
v -0.400184 4.00365 3.49333 1 1 1
v -0.380663 3.99388 3.48753 1 1 1
v -0.374853 3.98919 3.48474 1 1 1
v -0.191072 3.98919 3.48474 1 1 1
v 0.191072 3.98919 3.48474 1 1 1
v 0.380663 3.99388 3.48753 1 1 1
v 0.374853 3.98919 3.48474 1 1 1
v 0.400184 4.00365 3.49333 1 1 1
v 0.439226 4.00456 3.49387 1 1 1
v 0.458748 4.00055 3.49149 1 1 1
v 0.478269 3.99562 3.48856 1 1 1
v 0.49779 3.99039 3.48545 1 1 1
v 0.502212 3.98919 3.48474 1 1 1
v -0.556353 3.97452 3.47603 1 1 1
v -0.564174 3.9724 3.47477 1 1 1
v -0.536832 3.97982 3.47918 1 1 1
v -0.517311 3.9851 3.48232 1 1 1
v -0.361142 3.97669 3.47732 1 1 1
v -0.356953 3.9724 3.47477 1 1 1
v -0.185761 3.9724 3.47477 1 1 1
v 0.185761 3.9724 3.47477 1 1 1
v 0.361142 3.97669 3.47732 1 1 1
v 0.356953 3.9724 3.47477 1 1 1
v 0.517311 3.9851 3.48232 1 1 1
v 0.536832 3.97982 3.47918 1 1 1
v 0.556353 3.97452 3.47603 1 1 1
v 0.564174 3.9724 3.47477 1 1 1
v -0.614917 3.95867 3.46662 1 1 1
v -0.626174 3.95562 3.4648 1 1 1
v -0.595396 3.96395 3.46975 1 1 1
v -0.575874 3.96924 3.47289 1 1 1
v -0.34162 3.95615 3.46512 1 1 1
v -0.341117 3.95562 3.4648 1 1 1
v -0.185451 3.9714 3.47418 1 1 1
v -0.179812 3.95562 3.4648 1 1 1
v 0.185451 3.9714 3.47418 1 1 1
v 0.179812 3.95562 3.4648 1 1 1
v 0.34162 3.95615 3.46512 1 1 1
v 0.341117 3.95562 3.4648 1 1 1
v 0.575874 3.96924 3.47289 1 1 1
v 0.595396 3.96395 3.46975 1 1 1
v 0.614917 3.95867 3.46662 1 1 1
v 0.626174 3.95562 3.4648 1 1 1
v -0.67348 3.94252 3.45702 1 1 1
v -0.686035 3.93884 3.45484 1 1 1
v -0.653959 3.94801 3.46028 1 1 1
v -0.634438 3.95337 3.46347 1 1 1
v -0.325342 3.93884 3.45484 1 1 1
v -0.171973 3.93884 3.45484 1 1 1
v 0.171973 3.93884 3.45484 1 1 1
v 0.325342 3.93884 3.45484 1 1 1
v 0.634438 3.95337 3.46347 1 1 1
v 0.653959 3.94801 3.46028 1 1 1
v 0.67348 3.94252 3.45702 1 1 1
v 0.686035 3.93884 3.45484 1 1 1
v -0.712523 3.92876 3.44885 1 1 1
v -0.72655 3.92205 3.44487 1 1 1
v -0.693001 3.93643 3.45341 1 1 1
v -0.322099 3.93539 3.45279 1 1 1
v -0.308897 3.92205 3.44487 1 1 1
v -0.16593 3.93056 3.44992 1 1 1
v -0.161196 3.92205 3.44487 1 1 1
v 0.16593 3.93056 3.44992 1 1 1
v 0.161196 3.92205 3.44487 1 1 1
v 0.322099 3.93539 3.45279 1 1 1
v 0.308897 3.92205 3.44487 1 1 1
v 0.693002 3.93643 3.45341 1 1 1
v 0.712523 3.92876 3.44885 1 1 1
v 0.72655 3.92205 3.44487 1 1 1
v -0.732044 3.91629 3.44145 1 1 1
v -0.740033 3.90527 3.4349 1 1 1
v -0.302578 3.91618 3.44138 1 1 1
v -0.286867 3.90527 3.4349 1 1 1
v -0.151199 3.90527 3.4349 1 1 1
v 0.151199 3.90527 3.4349 1 1 1
v 0.302578 3.91618 3.44138 1 1 1
v 0.286867 3.90527 3.4349 1 1 1
v 0.732044 3.91629 3.44145 1 1 1
v 0.740033 3.90527 3.4349 1 1 1
v -0.737693 3.88848 3.42493 1 1 1
v -0.283057 3.90329 3.43372 1 1 1
v -0.263536 3.8981 3.43064 1 1 1
v -0.244015 3.89555 3.42913 1 1 1
v -0.224493 3.89005 3.42586 1 1 1
v -0.222291 3.88848 3.42493 1 1 1
v -0.146409 3.89671 3.42982 1 1 1
v -0.144187 3.88848 3.42493 1 1 1
v 0.146409 3.89671 3.42982 1 1 1
v 0.144187 3.88848 3.42493 1 1 1
v 0.224494 3.89005 3.42586 1 1 1
v 0.222291 3.88848 3.42493 1 1 1
v 0.244015 3.89555 3.42913 1 1 1
v 0.263536 3.8981 3.43064 1 1 1
v 0.283057 3.90329 3.43372 1 1 1
v 0.737693 3.88848 3.42493 1 1 1
v -0.732044 3.87933 3.41949 1 1 1
v -0.727648 3.8717 3.41496 1 1 1
v -0.2104 3.8717 3.41496 1 1 1
v -0.140796 3.8717 3.41496 1 1 1
v 0.140796 3.8717 3.41496 1 1 1
v 0.2104 3.8717 3.41496 1 1 1
v 0.732044 3.87933 3.41949 1 1 1
v 0.727648 3.8717 3.41496 1 1 1
v -0.714248 3.85492 3.40499 1 1 1
v -0.206195 3.85492 3.40499 1 1 1
v -0.138617 3.85492 3.40499 1 1 1
v 0.138617 3.85492 3.40499 1 1 1
v 0.206195 3.85492 3.40499 1 1 1
v 0.714248 3.85492 3.40499 1 1 1
v -0.712523 3.85296 3.40383 1 1 1
v -0.699549 3.83813 3.39502 1 1 1
v -0.204972 3.84702 3.4003 1 1 1
v -0.203448 3.83813 3.39502 1 1 1
v -0.137621 3.83813 3.39502 1 1 1
v 0.137621 3.83813 3.39502 1 1 1
v 0.204972 3.84702 3.4003 1 1 1
v 0.203448 3.83813 3.39502 1 1 1
v 0.712523 3.85296 3.40383 1 1 1
v 0.699549 3.83813 3.39502 1 1 1
v -0.693001 3.83084 3.39069 1 1 1
v -0.684488 3.82135 3.38505 1 1 1
v -0.200573 3.82135 3.38505 1 1 1
v -0.137799 3.82135 3.38505 1 1 1
v 0.137799 3.82135 3.38505 1 1 1
v 0.200573 3.82135 3.38505 1 1 1
v 0.693002 3.83084 3.39069 1 1 1
v 0.684488 3.82135 3.38505 1 1 1
v -0.67348 3.8091 3.37778 1 1 1
v -0.669413 3.80456 3.37508 1 1 1
v -0.197219 3.80456 3.37508 1 1 1
v -0.138798 3.80456 3.37508 1 1 1
v 0.138798 3.80456 3.37508 1 1 1
v 0.197219 3.80456 3.37508 1 1 1
v 0.67348 3.8091 3.37778 1 1 1
v 0.669413 3.80456 3.37508 1 1 1
v -0.654289 3.78778 3.36512 1 1 1
v -0.193429 3.78778 3.36512 1 1 1
v -0.139546 3.78778 3.36512 1 1 1
v 0.139546 3.78778 3.36512 1 1 1
v 0.193429 3.78778 3.36512 1 1 1
v 0.654289 3.78778 3.36512 1 1 1
v -0.653959 3.78742 3.3649 1 1 1
v -0.639105 3.771 3.35515 1 1 1
v -0.190525 3.771 3.35515 1 1 1
v -0.136647 3.771 3.35515 1 1 1
v 0.136647 3.771 3.35515 1 1 1
v 0.190525 3.771 3.35515 1 1 1
v 0.653959 3.78742 3.3649 1 1 1
v 0.639105 3.771 3.35515 1 1 1
v -0.634438 3.76587 3.3521 1 1 1
v -0.623839 3.75421 3.34518 1 1 1
v -0.192161 3.75421 3.34518 1 1 1
v -0.126888 3.76104 3.34923 1 1 1
v -0.116637 3.75421 3.34518 1 1 1
v 0.126888 3.76104 3.34923 1 1 1
v 0.116637 3.75421 3.34518 1 1 1
v 0.192161 3.75421 3.34518 1 1 1
v 0.634438 3.76587 3.3521 1 1 1
v 0.623839 3.75421 3.34518 1 1 1
v -0.614917 3.74448 3.3394 1 1 1
v -0.608368 3.73743 3.33521 1 1 1
v -0.204972 3.73903 3.33616 1 1 1
v -0.20629 3.73743 3.33521 1 1 1
v -0.107366 3.75083 3.34317 1 1 1
v -0.0878452 3.74522 3.33984 1 1 1
v -0.0683241 3.74109 3.33738 1 1 1
v -0.0488029 3.73801 3.33555 1 1 1
v -0.0433646 3.73743 3.33521 1 1 1
v 0.048803 3.73801 3.33555 1 1 1
v 0.0433646 3.73743 3.33521 1 1 1
v 0.0683241 3.74109 3.33738 1 1 1
v 0.0878453 3.74522 3.33984 1 1 1
v 0.107366 3.75083 3.34317 1 1 1
v 0.204972 3.73903 3.33616 1 1 1
v 0.20629 3.73743 3.33521 1 1 1
v 0.614917 3.74448 3.3394 1 1 1
v 0.608368 3.73743 3.33521 1 1 1
v -0.595396 3.72382 3.32712 1 1 1
v -0.592039 3.72065 3.32524 1 1 1
v -0.224493 3.72632 3.32861 1 1 1
v -0.237301 3.72065 3.32524 1 1 1
v -0.0292817 3.73553 3.33408 1 1 1
v -0.0097605 3.7343 3.33335 1 1 1
v 0.00976062 3.7343 3.33335 1 1 1
v 0.0292817 3.73553 3.33408 1 1 1
v 0.224494 3.72632 3.32861 1 1 1
v 0.237301 3.72065 3.32524 1 1 1
v 0.595396 3.72382 3.32712 1 1 1
v 0.592039 3.72065 3.32524 1 1 1
v -0.575874 3.70651 3.31684 1 1 1
v -0.571604 3.70386 3.31527 1 1 1
v -0.283057 3.70728 3.3173 1 1 1
v -0.300271 3.70386 3.31527 1 1 1
v -0.263536 3.71188 3.32003 1 1 1
v -0.244015 3.71808 3.32371 1 1 1
v 0.244015 3.71808 3.32371 1 1 1
v 0.263536 3.71188 3.32003 1 1 1
v 0.283057 3.70728 3.3173 1 1 1
v 0.300271 3.70386 3.31527 1 1 1
v 0.575874 3.70651 3.31685 1 1 1
v 0.571604 3.70386 3.31527 1 1 1
v -0.556353 3.69544 3.31027 1 1 1
v -0.536832 3.69018 3.30715 1 1 1
v -0.517311 3.6887 3.30626 1 1 1
v -0.49779 3.68864 3.30623 1 1 1
v -0.478269 3.68824 3.30599 1 1 1
v -0.461849 3.68708 3.3053 1 1 1
v -0.380663 3.68855 3.30617 1 1 1
v -0.393706 3.68708 3.3053 1 1 1
v -0.361142 3.69144 3.30789 1 1 1
v -0.34162 3.69482 3.3099 1 1 1
v -0.322099 3.69873 3.31222 1 1 1
v -0.302578 3.70329 3.31493 1 1 1
v 0.302578 3.70329 3.31493 1 1 1
v 0.322099 3.69873 3.31222 1 1 1
v 0.34162 3.69482 3.3099 1 1 1
v 0.361142 3.69144 3.30789 1 1 1
v 0.380663 3.68855 3.30617 1 1 1
v 0.393705 3.68708 3.3053 1 1 1
v 0.478269 3.68824 3.30599 1 1 1
v 0.461849 3.68708 3.3053 1 1 1
v 0.49779 3.68864 3.30623 1 1 1
v 0.517311 3.6887 3.30626 1 1 1
v 0.536832 3.69018 3.30715 1 1 1
v 0.556353 3.69544 3.31027 1 1 1
v -0.458747 3.68688 3.30518 1 1 1
v -0.439226 3.68543 3.30432 1 1 1
v -0.419705 3.68504 3.30409 1 1 1
v -0.400184 3.68619 3.30478 1 1 1
v 0.400184 3.68619 3.30478 1 1 1
v 0.419705 3.68504 3.30409 1 1 1
v 0.439226 3.68543 3.30432 1 1 1
v 0.458748 3.68688 3.30518 1 1 1
v -0.107366 4.14406 3.37887 1 1 1
v -0.114459 4.14304 3.37831 1 1 1
v -0.0878452 4.14705 3.38049 1 1 1
v -0.0683241 4.14939 3.38177 1 1 1
v -0.0488029 4.15082 3.38255 1 1 1
v -0.0292817 4.15148 3.3829 1 1 1
v -0.0097605 4.15168 3.38301 1 1 1
v 0.00976062 4.15168 3.38301 1 1 1
v 0.0292817 4.15148 3.3829 1 1 1
v 0.048803 4.15082 3.38255 1 1 1
v 0.0683241 4.14939 3.38177 1 1 1
v 0.0878453 4.14705 3.38049 1 1 1
v 0.107366 4.14406 3.37887 1 1 1
v 0.114459 4.14304 3.37831 1 1 1
v -0.185451 4.12877 3.37055 1 1 1
v -0.190437 4.12589 3.36898 1 1 1
v -0.16593 4.13505 3.37397 1 1 1
v -0.146409 4.13848 3.37583 1 1 1
v -0.126888 4.1412 3.37731 1 1 1
v 0.126888 4.1412 3.37731 1 1 1
v 0.146409 4.13848 3.37583 1 1 1
v 0.16593 4.13505 3.37397 1 1 1
v 0.185451 4.12877 3.37055 1 1 1
v 0.190437 4.12589 3.36898 1 1 1
v -0.200653 4.10874 3.35965 1 1 1
v 0.200653 4.10874 3.35965 1 1 1
v -0.458747 4.0921 3.3506 1 1 1
v -0.460699 4.0916 3.35032 1 1 1
v -0.439226 4.09621 3.35283 1 1 1
v -0.419705 4.09821 3.35392 1 1 1
v -0.400184 4.09606 3.35275 1 1 1
v -0.389775 4.0916 3.35032 1 1 1
v -0.199321 4.0916 3.35032 1 1 1
v 0.199321 4.0916 3.35032 1 1 1
v 0.400184 4.09606 3.35275 1 1 1
v 0.389774 4.0916 3.35032 1 1 1
v 0.419705 4.09821 3.35392 1 1 1
v 0.439226 4.09621 3.35283 1 1 1
v 0.458748 4.0921 3.3506 1 1 1
v 0.460699 4.0916 3.35032 1 1 1
v -0.517311 4.07674 3.34224 1 1 1
v -0.525841 4.07445 3.34099 1 1 1
v -0.49779 4.08196 3.34508 1 1 1
v -0.478269 4.08714 3.3479 1 1 1
v -0.380663 4.08681 3.34772 1 1 1
v -0.366373 4.07445 3.34099 1 1 1
v -0.194475 4.07445 3.34099 1 1 1
v 0.194475 4.07445 3.34099 1 1 1
v 0.380663 4.08681 3.34772 1 1 1
v 0.366373 4.07445 3.34099 1 1 1
v 0.478269 4.08714 3.3479 1 1 1
v 0.49779 4.08196 3.34508 1 1 1
v 0.517311 4.07674 3.34224 1 1 1
v 0.525841 4.07445 3.34099 1 1 1
v -0.575874 4.06106 3.33371 1 1 1
v -0.589912 4.0573 3.33166 1 1 1
v -0.556353 4.06628 3.33655 1 1 1
v -0.536832 4.07151 3.33939 1 1 1
v -0.361142 4.06933 3.33821 1 1 1
v -0.350173 4.0573 3.33166 1 1 1
v -0.188667 4.0573 3.33166 1 1 1
v 0.188667 4.0573 3.33166 1 1 1
v 0.361142 4.06933 3.33821 1 1 1
v 0.350173 4.0573 3.33166 1 1 1
v 0.536832 4.07151 3.33939 1 1 1
v 0.556353 4.06628 3.33655 1 1 1
v 0.575874 4.06106 3.33371 1 1 1
v 0.589912 4.0573 3.33166 1 1 1
v -0.653959 4.04017 3.32234 1 1 1
v -0.634438 4.04539 3.32518 1 1 1
v -0.614917 4.05062 3.32803 1 1 1
v -0.595396 4.05583 3.33086 1 1 1
v -0.34162 4.04759 3.32638 1 1 1
v -0.335007 4.04015 3.32233 1 1 1
v -0.185451 4.04799 3.3266 1 1 1
v -0.182409 4.04015 3.32233 1 1 1
v 0.185451 4.04799 3.3266 1 1 1
v 0.182409 4.04015 3.32233 1 1 1
v 0.34162 4.04759 3.32638 1 1 1
v 0.335007 4.04015 3.32233 1 1 1
v 0.595396 4.05583 3.33086 1 1 1
v 0.614917 4.05062 3.32803 1 1 1
v 0.634438 4.04539 3.32518 1 1 1
v 0.653959 4.04017 3.32234 1 1 1
v -0.712523 4.02332 3.31318 1 1 1
v -0.713502 4.02301 3.313 1 1 1
v -0.693001 4.02926 3.31641 1 1 1
v -0.67348 4.03482 3.31943 1 1 1
v -0.322099 4.02539 3.3143 1 1 1
v -0.319926 4.02301 3.313 1 1 1
v -0.174674 4.02301 3.313 1 1 1
v 0.174674 4.02301 3.313 1 1 1
v 0.322099 4.02539 3.3143 1 1 1
v 0.319926 4.02301 3.313 1 1 1
v 0.67348 4.03482 3.31943 1 1 1
v 0.693002 4.02926 3.31641 1 1 1
v 0.712523 4.02332 3.31318 1 1 1
v 0.713502 4.02301 3.313 1 1 1
v -0.732044 4.01489 3.30859 1 1 1
v -0.74803 4.00586 3.30367 1 1 1
v -0.304142 4.00586 3.30367 1 1 1
v -0.16593 4.01067 3.30629 1 1 1
v -0.163247 4.00586 3.30367 1 1 1
v 0.16593 4.01067 3.30629 1 1 1
v 0.163247 4.00586 3.30367 1 1 1
v 0.304142 4.00586 3.30367 1 1 1
v 0.732044 4.01489 3.30859 1 1 1
v 0.74803 4.00586 3.30367 1 1 1
v -0.751565 3.99991 3.30044 1 1 1
v -0.75663 3.98871 3.29434 1 1 1
v -0.302578 4.00428 3.30282 1 1 1
v -0.283057 3.98895 3.29447 1 1 1
v -0.282545 3.98871 3.29434 1 1 1
v -0.153191 3.98871 3.29434 1 1 1
v 0.153191 3.98871 3.29434 1 1 1
v 0.283057 3.98895 3.29447 1 1 1
v 0.282545 3.98871 3.29434 1 1 1
v 0.302578 4.00428 3.30282 1 1 1
v 0.751565 3.99991 3.30044 1 1 1
v 0.75663 3.98871 3.29434 1 1 1
v -0.751565 3.97159 3.28503 1 1 1
v -0.263536 3.98198 3.29068 1 1 1
v -0.244015 3.97794 3.28848 1 1 1
v -0.226456 3.97156 3.28501 1 1 1
v -0.146409 3.97671 3.28781 1 1 1
v -0.144916 3.97156 3.28501 1 1 1
v 0.146409 3.97671 3.28781 1 1 1
v 0.144916 3.97156 3.28501 1 1 1
v 0.244015 3.97794 3.28848 1 1 1
v 0.226456 3.97156 3.28501 1 1 1
v 0.263536 3.98198 3.29068 1 1 1
v 0.751565 3.97159 3.28503 1 1 1
v -0.73987 3.95442 3.27568 1 1 1
v -0.224493 3.97053 3.28445 1 1 1
v -0.212342 3.95442 3.27568 1 1 1
v -0.141041 3.95442 3.27568 1 1 1
v 0.141041 3.95442 3.27568 1 1 1
v 0.224494 3.97053 3.28445 1 1 1
v 0.212342 3.95442 3.27568 1 1 1
v 0.73987 3.95442 3.27568 1 1 1
v -0.732044 3.94521 3.27068 1 1 1
v -0.725474 3.93727 3.26636 1 1 1
v -0.207345 3.93727 3.26636 1 1 1
v -0.138382 3.93727 3.26636 1 1 1
v 0.138382 3.93727 3.26636 1 1 1
v 0.207345 3.93727 3.26636 1 1 1
v 0.732044 3.94521 3.27068 1 1 1
v 0.725474 3.93727 3.26636 1 1 1
v -0.712523 3.9229 3.25854 1 1 1
v -0.710047 3.92012 3.25703 1 1 1
v -0.204972 3.92373 3.25899 1 1 1
v -0.204268 3.92012 3.25703 1 1 1
v -0.136921 3.92012 3.25703 1 1 1
v 0.136921 3.92012 3.25703 1 1 1
v 0.204972 3.92373 3.25899 1 1 1
v 0.204268 3.92012 3.25703 1 1 1
v 0.712523 3.9229 3.25854 1 1 1
v 0.710047 3.92012 3.25703 1 1 1
v -0.694369 3.90297 3.2477 1 1 1
v -0.200801 3.90297 3.2477 1 1 1
v -0.136662 3.90297 3.2477 1 1 1
v 0.136662 3.90297 3.2477 1 1 1
v 0.200801 3.90297 3.2477 1 1 1
v 0.694369 3.90297 3.2477 1 1 1
v -0.693001 3.90148 3.24688 1 1 1
v -0.678678 3.88583 3.23837 1 1 1
v -0.196909 3.88583 3.23837 1 1 1
v -0.137251 3.88583 3.23837 1 1 1
v 0.137251 3.88583 3.23837 1 1 1
v 0.196909 3.88583 3.23837 1 1 1
v 0.693002 3.90148 3.24688 1 1 1
v 0.678678 3.88583 3.23837 1 1 1
v -0.67348 3.88017 3.23529 1 1 1
v -0.662932 3.86868 3.22904 1 1 1
v -0.192612 3.86868 3.22904 1 1 1
v -0.137542 3.86868 3.22904 1 1 1
v 0.137543 3.86868 3.22904 1 1 1
v 0.192612 3.86868 3.22904 1 1 1
v 0.67348 3.88017 3.23529 1 1 1
v 0.662932 3.86868 3.22904 1 1 1
v -0.653959 3.85895 3.22374 1 1 1
v -0.647111 3.85153 3.21971 1 1 1
v -0.189178 3.85153 3.21971 1 1 1
v -0.133644 3.85153 3.21971 1 1 1
v 0.133644 3.85153 3.21971 1 1 1
v 0.189178 3.85153 3.21971 1 1 1
v 0.653959 3.85895 3.22374 1 1 1
v 0.647111 3.85153 3.21971 1 1 1
v -0.634438 3.83788 3.21228 1 1 1
v -0.63119 3.83438 3.21038 1 1 1
v -0.190106 3.83438 3.21038 1 1 1
v -0.126888 3.84472 3.216 1 1 1
v -0.111613 3.83438 3.21038 1 1 1
v 0.126888 3.84472 3.216 1 1 1
v 0.111613 3.83438 3.21038 1 1 1
v 0.190106 3.83438 3.21038 1 1 1
v 0.634438 3.83788 3.21228 1 1 1
v 0.63119 3.83438 3.21038 1 1 1
v -0.615156 3.81724 3.20105 1 1 1
v -0.203664 3.81724 3.20105 1 1 1
v -0.107366 3.83283 3.20953 1 1 1
v -0.0878452 3.82645 3.20606 1 1 1
v -0.0683241 3.8217 3.20348 1 1 1
v -0.0488029 3.81821 3.20158 1 1 1
v -0.040635 3.81724 3.20105 1 1 1
v 0.048803 3.81821 3.20158 1 1 1
v 0.040635 3.81724 3.20105 1 1 1
v 0.0683241 3.8217 3.20348 1 1 1
v 0.0878453 3.82645 3.20606 1 1 1
v 0.107366 3.83283 3.20953 1 1 1
v 0.203664 3.81724 3.20105 1 1 1
v 0.615156 3.81724 3.20105 1 1 1
v -0.614917 3.81698 3.20091 1 1 1
v -0.598586 3.80009 3.19172 1 1 1
v -0.224493 3.80477 3.19426 1 1 1
v -0.235198 3.80009 3.19172 1 1 1
v -0.204972 3.81645 3.20062 1 1 1
v -0.0292817 3.81556 3.20013 1 1 1
v -0.0097605 3.8142 3.19939 1 1 1
v 0.00976062 3.8142 3.19939 1 1 1
v 0.0292817 3.81556 3.20013 1 1 1
v 0.204972 3.81645 3.20062 1 1 1
v 0.224494 3.80477 3.19426 1 1 1
v 0.235198 3.80009 3.19172 1 1 1
v 0.614917 3.81698 3.20091 1 1 1
v 0.598586 3.80009 3.19172 1 1 1
v -0.595396 3.7969 3.18999 1 1 1
v -0.57914 3.78294 3.18239 1 1 1
v -0.283057 3.78613 3.18412 1 1 1
v -0.298943 3.78294 3.18239 1 1 1
v -0.263536 3.79069 3.1866 1 1 1
v -0.244015 3.79675 3.1899 1 1 1
v 0.244015 3.79675 3.1899 1 1 1
v 0.263536 3.79069 3.1866 1 1 1
v 0.283057 3.78613 3.18412 1 1 1
v 0.298943 3.78294 3.18239 1 1 1
v 0.595396 3.7969 3.18999 1 1 1
v 0.57914 3.78294 3.18239 1 1 1
v -0.575874 3.78037 3.18099 1 1 1
v -0.556353 3.77002 3.17536 1 1 1
v -0.53897 3.76579 3.17306 1 1 1
v -0.380663 3.76709 3.17376 1 1 1
v -0.391589 3.76579 3.17306 1 1 1
v -0.361142 3.77007 3.17538 1 1 1
v -0.34162 3.77351 3.17725 1 1 1
v -0.322099 3.77746 3.1794 1 1 1
v -0.302578 3.78203 3.18189 1 1 1
v 0.302578 3.78203 3.18189 1 1 1
v 0.322099 3.77746 3.1794 1 1 1
v 0.34162 3.77351 3.17725 1 1 1
v 0.361142 3.77007 3.17538 1 1 1
v 0.380663 3.76709 3.17376 1 1 1
v 0.391589 3.76579 3.17306 1 1 1
v 0.556353 3.77002 3.17536 1 1 1
v 0.53897 3.76579 3.17306 1 1 1
v 0.575874 3.78037 3.18099 1 1 1
v -0.536832 3.76531 3.17279 1 1 1
v -0.517311 3.76424 3.17222 1 1 1
v -0.49779 3.7646 3.17241 1 1 1
v -0.478269 3.7647 3.17247 1 1 1
v -0.458747 3.76399 3.17208 1 1 1
v -0.439226 3.76313 3.17161 1 1 1
v -0.419705 3.76315 3.17162 1 1 1
v -0.400184 3.76456 3.17239 1 1 1
v 0.400184 3.76456 3.17239 1 1 1
v 0.419705 3.76315 3.17162 1 1 1
v 0.439226 3.76313 3.17161 1 1 1
v 0.458748 3.76399 3.17208 1 1 1
v 0.478269 3.7647 3.17247 1 1 1
v 0.49779 3.7646 3.17241 1 1 1
v 0.517311 3.76424 3.17222 1 1 1
v 0.536832 3.76531 3.17279 1 1 1
v -0.126888 4.22379 3.23106 1 1 1
v -0.132118 4.22321 3.23077 1 1 1
v -0.107366 4.22628 3.23233 1 1 1
v -0.0878452 4.22882 3.23362 1 1 1
v -0.0683241 4.23083 3.23464 1 1 1
v -0.0488029 4.23208 3.23527 1 1 1
v -0.0292817 4.23264 3.23556 1 1 1
v -0.0097605 4.23282 3.23565 1 1 1
v 0.00976062 4.23282 3.23565 1 1 1
v 0.0292817 4.23264 3.23556 1 1 1
v 0.048803 4.23208 3.23527 1 1 1
v 0.0683241 4.23083 3.23464 1 1 1
v 0.0878453 4.22882 3.23362 1 1 1
v 0.107366 4.22628 3.23233 1 1 1
v 0.126888 4.22379 3.23106 1 1 1
v 0.132118 4.22321 3.23077 1 1 1
v -0.185451 4.21317 3.22566 1 1 1
v -0.198101 4.20581 3.22192 1 1 1
v -0.16593 4.21864 3.22845 1 1 1
v -0.146409 4.22154 3.22992 1 1 1
v 0.146409 4.22154 3.22992 1 1 1
v 0.16593 4.21864 3.22845 1 1 1
v 0.185451 4.21317 3.22566 1 1 1
v 0.198101 4.20581 3.22192 1 1 1
v -0.204972 4.19088 3.21434 1 1 1
v -0.205679 4.18841 3.21308 1 1 1
v 0.204972 4.19088 3.21434 1 1 1
v 0.205679 4.18841 3.21308 1 1 1
v -0.478269 4.17212 3.2048 1 1 1
v -0.482458 4.171 3.20424 1 1 1
v -0.458747 4.17706 3.20731 1 1 1
v -0.439226 4.18123 3.20943 1 1 1
v -0.419705 4.18349 3.21058 1 1 1
v -0.400184 4.18175 3.20969 1 1 1
v -0.380663 4.17313 3.20531 1 1 1
v -0.377925 4.171 3.20424 1 1 1
v -0.204972 4.18392 3.2108 1 1 1
v -0.20312 4.171 3.20424 1 1 1
v 0.204972 4.18392 3.2108 1 1 1
v 0.20312 4.171 3.20424 1 1 1
v 0.380663 4.17313 3.20531 1 1 1
v 0.377925 4.171 3.20424 1 1 1
v 0.400184 4.18175 3.20969 1 1 1
v 0.419705 4.18349 3.21058 1 1 1
v 0.439226 4.18123 3.20943 1 1 1
v 0.458748 4.17706 3.20731 1 1 1
v 0.478269 4.17212 3.2048 1 1 1
v 0.482458 4.171 3.20424 1 1 1
v -0.536832 4.15673 3.19698 1 1 1
v -0.548652 4.1536 3.19539 1 1 1
v -0.517311 4.16187 3.1996 1 1 1
v -0.49779 4.167 3.2022 1 1 1
v -0.361142 4.15561 3.19641 1 1 1
v -0.359311 4.1536 3.19539 1 1 1
v -0.197566 4.1536 3.19539 1 1 1
v 0.197566 4.1536 3.19539 1 1 1
v 0.361142 4.15561 3.19641 1 1 1
v 0.359311 4.1536 3.19539 1 1 1
v 0.49779 4.167 3.2022 1 1 1
v 0.517311 4.16187 3.1996 1 1 1
v 0.536832 4.15673 3.19698 1 1 1
v 0.548652 4.1536 3.19539 1 1 1
v -0.595396 4.14131 3.18914 1 1 1
v -0.614769 4.1362 3.18655 1 1 1
v -0.575874 4.14644 3.19175 1 1 1
v -0.556353 4.15157 3.19436 1 1 1
v -0.344379 4.1362 3.18655 1 1 1
v -0.191297 4.1362 3.18655 1 1 1
v 0.191297 4.1362 3.18655 1 1 1
v 0.344379 4.1362 3.18655 1 1 1
v 0.556353 4.15157 3.19436 1 1 1
v 0.575874 4.14644 3.19175 1 1 1
v 0.595396 4.14131 3.18914 1 1 1
v 0.614769 4.1362 3.18655 1 1 1
v -0.67348 4.12075 3.17869 1 1 1
v -0.680836 4.1188 3.1777 1 1 1
v -0.653959 4.12589 3.18131 1 1 1
v -0.634438 4.13102 3.18392 1 1 1
v -0.614917 4.13616 3.18653 1 1 1
v -0.34162 4.13289 3.18486 1 1 1
v -0.329761 4.1188 3.1777 1 1 1
v -0.185451 4.12072 3.17868 1 1 1
v -0.184651 4.1188 3.1777 1 1 1
v 0.185451 4.12072 3.17868 1 1 1
v 0.184651 4.1188 3.1777 1 1 1
v 0.34162 4.13289 3.18486 1 1 1
v 0.329761 4.1188 3.1777 1 1 1
v 0.614917 4.13616 3.18653 1 1 1
v 0.634438 4.13102 3.18392 1 1 1
v 0.653959 4.12589 3.18131 1 1 1
v 0.67348 4.12075 3.17869 1 1 1
v 0.680836 4.1188 3.1777 1 1 1
v -0.732044 4.1036 3.16998 1 1 1
v -0.738395 4.10139 3.16886 1 1 1
v -0.712523 4.10979 3.17312 1 1 1
v -0.693001 4.11544 3.176 1 1 1
v -0.322099 4.10953 3.17299 1 1 1
v -0.31508 4.10139 3.16886 1 1 1
v -0.176893 4.10139 3.16886 1 1 1
v 0.176893 4.10139 3.16886 1 1 1
v 0.322099 4.10953 3.17299 1 1 1
v 0.31508 4.10139 3.16886 1 1 1
v 0.693002 4.11544 3.176 1 1 1
v 0.712523 4.10979 3.17312 1 1 1
v 0.732044 4.1036 3.16998 1 1 1
v 0.738395 4.10139 3.16886 1 1 1
v -0.751565 4.09456 3.16538 1 1 1
v -0.766881 4.08399 3.16001 1 1 1
v -0.302578 4.08695 3.16152 1 1 1
v -0.299629 4.08399 3.16001 1 1 1
v -0.16593 4.08559 3.16083 1 1 1
v -0.165034 4.08399 3.16001 1 1 1
v 0.16593 4.08559 3.16083 1 1 1
v 0.165034 4.08399 3.16001 1 1 1
v 0.302578 4.08695 3.16152 1 1 1
v 0.299629 4.08399 3.16001 1 1 1
v 0.751565 4.09455 3.16538 1 1 1
v 0.766881 4.08399 3.16001 1 1 1
v -0.771086 4.06834 3.15206 1 1 1
v -0.771447 4.06659 3.15117 1 1 1
v -0.283057 4.06957 3.15268 1 1 1
v -0.277705 4.06659 3.15117 1 1 1
v -0.154946 4.06659 3.15117 1 1 1
v 0.154946 4.06659 3.15117 1 1 1
v 0.283057 4.06957 3.15268 1 1 1
v 0.277705 4.06659 3.15117 1 1 1
v 0.771086 4.06834 3.15206 1 1 1
v 0.771447 4.06659 3.15117 1 1 1
v -0.771086 4.06583 3.15078 1 1 1
v -0.763913 4.04919 3.14232 1 1 1
v -0.263536 4.06039 3.14802 1 1 1
v -0.244015 4.05477 3.14516 1 1 1
v -0.230722 4.04919 3.14232 1 1 1
v -0.146409 4.05164 3.14357 1 1 1
v -0.145643 4.04919 3.14232 1 1 1
v 0.146409 4.05164 3.14357 1 1 1
v 0.145643 4.04919 3.14232 1 1 1
v 0.244015 4.05477 3.14516 1 1 1
v 0.230722 4.04919 3.14232 1 1 1
v 0.263536 4.06039 3.14802 1 1 1
v 0.771086 4.06583 3.15078 1 1 1
v 0.763912 4.04919 3.14232 1 1 1
v -0.751565 4.03256 3.13387 1 1 1
v -0.75102 4.03178 3.13348 1 1 1
v -0.224493 4.04542 3.14041 1 1 1
v -0.214343 4.03178 3.13348 1 1 1
v -0.141287 4.03178 3.13348 1 1 1
v 0.141287 4.03178 3.13348 1 1 1
v 0.224494 4.04542 3.14041 1 1 1
v 0.214343 4.03178 3.13348 1 1 1
v 0.751565 4.03256 3.13388 1 1 1
v 0.75102 4.03178 3.13348 1 1 1
v -0.735758 4.01438 3.12464 1 1 1
v -0.208529 4.01438 3.12464 1 1 1
v -0.138134 4.01438 3.12464 1 1 1
v 0.138134 4.01438 3.12464 1 1 1
v 0.208529 4.01438 3.12464 1 1 1
v 0.735758 4.01438 3.12464 1 1 1
v -0.732044 4.01038 3.1226 1 1 1
v -0.719682 3.99698 3.11579 1 1 1
v -0.205078 3.99698 3.11579 1 1 1
v -0.136173 3.99698 3.11579 1 1 1
v 0.136173 3.99698 3.11579 1 1 1
v 0.205078 3.99698 3.11579 1 1 1
v 0.732044 4.01038 3.1226 1 1 1
v 0.719682 3.99698 3.11579 1 1 1
v -0.712523 3.98931 3.11189 1 1 1
v -0.703444 3.97958 3.10695 1 1 1
v -0.204972 3.99641 3.1155 1 1 1
v -0.201023 3.97958 3.10695 1 1 1
v -0.135417 3.97958 3.10695 1 1 1
v 0.135417 3.97958 3.10695 1 1 1
v 0.204972 3.99641 3.1155 1 1 1
v 0.201023 3.97958 3.10695 1 1 1
v 0.712523 3.98931 3.11189 1 1 1
v 0.703444 3.97958 3.10695 1 1 1
v -0.693001 3.96839 3.10126 1 1 1
v -0.687197 3.96217 3.0981 1 1 1
v -0.196586 3.96217 3.0981 1 1 1
v -0.135509 3.96217 3.0981 1 1 1
v 0.135509 3.96217 3.0981 1 1 1
v 0.196586 3.96217 3.0981 1 1 1
v 0.693002 3.96839 3.10126 1 1 1
v 0.687197 3.96217 3.0981 1 1 1
v -0.67348 3.94753 3.09066 1 1 1
v -0.67089 3.94477 3.08926 1 1 1
v -0.191795 3.94477 3.08926 1 1 1
v -0.135194 3.94477 3.08926 1 1 1
v 0.135194 3.94477 3.08926 1 1 1
v 0.191795 3.94477 3.08926 1 1 1
v 0.67348 3.94753 3.09066 1 1 1
v 0.67089 3.94477 3.08926 1 1 1
v -0.654511 3.92737 3.08041 1 1 1
v -0.187859 3.92737 3.08041 1 1 1
v -0.129858 3.92737 3.08041 1 1 1
v 0.129858 3.92737 3.08041 1 1 1
v 0.187859 3.92737 3.08041 1 1 1
v 0.654511 3.92737 3.08041 1 1 1
v -0.653959 3.92678 3.08012 1 1 1
v -0.63804 3.90996 3.07157 1 1 1
v -0.188117 3.90996 3.07157 1 1 1
v -0.126888 3.92445 3.07893 1 1 1
v -0.107366 3.91058 3.07188 1 1 1
v -0.106089 3.90996 3.07157 1 1 1
v 0.107366 3.91058 3.07188 1 1 1
v 0.106089 3.90996 3.07157 1 1 1
v 0.126888 3.92445 3.07893 1 1 1
v 0.188117 3.90996 3.07157 1 1 1
v 0.653959 3.92678 3.08012 1 1 1
v 0.63804 3.90996 3.07157 1 1 1
v -0.634438 3.90619 3.06965 1 1 1
v -0.621451 3.89256 3.06272 1 1 1
v -0.200547 3.89256 3.06272 1 1 1
v -0.0878452 3.90331 3.06819 1 1 1
v -0.0683241 3.8979 3.06544 1 1 1
v -0.0488029 3.89395 3.06343 1 1 1
v -0.0382027 3.89256 3.06272 1 1 1
v 0.048803 3.89395 3.06343 1 1 1
v 0.0382027 3.89256 3.06272 1 1 1
v 0.0683241 3.8979 3.06544 1 1 1
v 0.0878453 3.90331 3.06819 1 1 1
v 0.200547 3.89256 3.06272 1 1 1
v 0.634438 3.90619 3.06965 1 1 1
v 0.621451 3.89256 3.06272 1 1 1
v -0.614917 3.88576 3.05927 1 1 1
v -0.604453 3.87516 3.05388 1 1 1
v -0.224493 3.87877 3.05572 1 1 1
v -0.232936 3.87516 3.05388 1 1 1
v -0.204972 3.88987 3.06135 1 1 1
v -0.0292817 3.89112 3.06199 1 1 1
v -0.0097605 3.88963 3.06124 1 1 1
v 0.00976062 3.88963 3.06124 1 1 1
v 0.0292817 3.89112 3.06199 1 1 1
v 0.204972 3.88987 3.06135 1 1 1
v 0.224494 3.87877 3.05572 1 1 1
v 0.232936 3.87516 3.05388 1 1 1
v 0.614917 3.88576 3.05927 1 1 1
v 0.604453 3.87516 3.05388 1 1 1
v -0.595396 3.86628 3.04937 1 1 1
v -0.585267 3.85776 3.04504 1 1 1
v -0.283057 3.86066 3.04651 1 1 1
v -0.297484 3.85776 3.04504 1 1 1
v -0.263536 3.86515 3.04879 1 1 1
v -0.244015 3.87102 3.05178 1 1 1
v 0.244015 3.87102 3.05178 1 1 1
v 0.263536 3.86515 3.04879 1 1 1
v 0.283057 3.86066 3.04651 1 1 1
v 0.297484 3.85776 3.04504 1 1 1
v 0.595396 3.86628 3.04937 1 1 1
v 0.585267 3.85776 3.04504 1 1 1
v -0.575874 3.85047 3.04133 1 1 1
v -0.556353 3.84076 3.0364 1 1 1
v -0.554593 3.84035 3.03619 1 1 1
v -0.380663 3.84144 3.03675 1 1 1
v -0.389465 3.84035 3.03619 1 1 1
v -0.361142 3.84449 3.03829 1 1 1
v -0.34162 3.84796 3.04006 1 1 1
v -0.322099 3.85193 3.04207 1 1 1
v -0.302578 3.85648 3.04439 1 1 1
v 0.302578 3.85648 3.04439 1 1 1
v 0.322099 3.85193 3.04207 1 1 1
v 0.34162 3.84796 3.04006 1 1 1
v 0.361142 3.84449 3.03829 1 1 1
v 0.380663 3.84144 3.03675 1 1 1
v 0.389465 3.84035 3.03619 1 1 1
v 0.556353 3.84076 3.0364 1 1 1
v 0.554593 3.84035 3.03619 1 1 1
v 0.575874 3.85047 3.04133 1 1 1
v -0.536832 3.83652 3.03424 1 1 1
v -0.517311 3.83584 3.0339 1 1 1
v -0.49779 3.83656 3.03426 1 1 1
v -0.478269 3.83713 3.03455 1 1 1
v -0.458747 3.837 3.03449 1 1 1
v -0.439226 3.83668 3.03433 1 1 1
v -0.419705 3.8371 3.03454 1 1 1
v -0.400184 3.83875 3.03537 1 1 1
v 0.400184 3.83874 3.03537 1 1 1
v 0.419705 3.8371 3.03454 1 1 1
v 0.439226 3.83668 3.03433 1 1 1
v 0.458748 3.837 3.03449 1 1 1
v 0.478269 3.83713 3.03455 1 1 1
v 0.49779 3.83656 3.03426 1 1 1
v 0.517311 3.83584 3.0339 1 1 1
v 0.536832 3.83652 3.03424 1 1 1
v -0.146409 4.30045 3.08109 1 1 1
v -0.155537 4.29941 3.0806 1 1 1
v -0.126888 4.30237 3.082 1 1 1
v -0.107366 4.30447 3.08298 1 1 1
v -0.0878452 4.30661 3.08399 1 1 1
v -0.0683241 4.30832 3.0848 1 1 1
v -0.0488029 4.30939 3.0853 1 1 1
v -0.0292817 4.30988 3.08553 1 1 1
v -0.0097605 4.31004 3.0856 1 1 1
v 0.00976062 4.31004 3.0856 1 1 1
v 0.0292817 4.30988 3.08553 1 1 1
v 0.048803 4.30939 3.0853 1 1 1
v 0.0683241 4.30832 3.0848 1 1 1
v 0.0878453 4.30661 3.08399 1 1 1
v 0.107366 4.30447 3.08298 1 1 1
v 0.126888 4.30237 3.082 1 1 1
v 0.146409 4.30045 3.08109 1 1 1
v 0.155537 4.29941 3.0806 1 1 1
v -0.204972 4.28199 3.0724 1 1 1
v -0.205205 4.28175 3.07229 1 1 1
v -0.185451 4.29338 3.07776 1 1 1
v -0.16593 4.29807 3.07997 1 1 1
v 0.16593 4.29807 3.07997 1 1 1
v 0.185451 4.29338 3.07776 1 1 1
v 0.204972 4.28199 3.0724 1 1 1
v 0.205205 4.28175 3.07229 1 1 1
v -0.419705 4.26444 3.06414 1 1 1
v -0.422239 4.26409 3.06397 1 1 1
v -0.414047 4.26409 3.06397 1 1 1
v -0.209879 4.26409 3.06397 1 1 1
v 0.209879 4.26409 3.06397 1 1 1
v 0.419705 4.26444 3.06414 1 1 1
v 0.414047 4.26409 3.06397 1 1 1
v 0.422239 4.26409 3.06397 1 1 1
v -0.49779 4.24772 3.05627 1 1 1
v -0.502691 4.24643 3.05566 1 1 1
v -0.478269 4.25281 3.05866 1 1 1
v -0.458747 4.2577 3.06097 1 1 1
v -0.439226 4.26193 3.06296 1 1 1
v -0.400184 4.26312 3.06351 1 1 1
v -0.380663 4.25491 3.05965 1 1 1
v -0.370281 4.24643 3.05566 1 1 1
v -0.206579 4.24643 3.05566 1 1 1
v 0.206579 4.24643 3.05566 1 1 1
v 0.380663 4.25491 3.05965 1 1 1
v 0.370281 4.24643 3.05566 1 1 1
v 0.400184 4.26312 3.06351 1 1 1
v 0.439226 4.26193 3.06296 1 1 1
v 0.458748 4.2577 3.06097 1 1 1
v 0.478269 4.25281 3.05866 1 1 1
v 0.49779 4.24772 3.05627 1 1 1
v 0.502691 4.24643 3.05566 1 1 1
v -0.556353 4.23253 3.04912 1 1 1
v -0.570719 4.22877 3.04734 1 1 1
v -0.536832 4.23761 3.05151 1 1 1
v -0.517311 4.24266 3.05388 1 1 1
v -0.361142 4.23758 3.05149 1 1 1
v -0.35351 4.22877 3.04734 1 1 1
v -0.204972 4.24206 3.0536 1 1 1
v -0.200389 4.22877 3.04734 1 1 1
v 0.204972 4.24206 3.0536 1 1 1
v 0.200389 4.22877 3.04734 1 1 1
v 0.361142 4.23758 3.05149 1 1 1
v 0.35351 4.22877 3.04734 1 1 1
v 0.517311 4.24266 3.05388 1 1 1
v 0.536832 4.23761 3.05151 1 1 1
v 0.556353 4.23253 3.04912 1 1 1
v 0.570719 4.22877 3.04734 1 1 1
v -0.634438 4.21224 3.03956 1 1 1
v -0.638776 4.21111 3.03903 1 1 1
v -0.614917 4.21733 3.04196 1 1 1
v -0.595396 4.22239 3.04434 1 1 1
v -0.575874 4.22743 3.04671 1 1 1
v -0.34162 4.21404 3.04041 1 1 1
v -0.339231 4.21111 3.03903 1 1 1
v -0.193688 4.21111 3.03903 1 1 1
v 0.193688 4.21111 3.03903 1 1 1
v 0.34162 4.21404 3.04041 1 1 1
v 0.339231 4.21111 3.03903 1 1 1
v 0.575874 4.22743 3.04671 1 1 1
v 0.595396 4.22239 3.04434 1 1 1
v 0.614917 4.21733 3.04196 1 1 1
v 0.634438 4.21224 3.03956 1 1 1
v 0.638776 4.21111 3.03903 1 1 1
v -0.693001 4.19703 3.0324 1 1 1
v -0.706528 4.19345 3.03071 1 1 1
v -0.67348 4.20212 3.0348 1 1 1
v -0.653959 4.20717 3.03717 1 1 1
v -0.325198 4.19345 3.03071 1 1 1
v -0.186673 4.19345 3.03071 1 1 1
v 0.186673 4.19345 3.03071 1 1 1
v 0.325198 4.19345 3.03071 1 1 1
v 0.653959 4.20717 3.03717 1 1 1
v 0.67348 4.20212 3.0348 1 1 1
v 0.693002 4.19703 3.0324 1 1 1
v 0.706528 4.19345 3.03071 1 1 1
v -0.751565 4.17935 3.02408 1 1 1
v -0.760887 4.17578 3.0224 1 1 1
v -0.732044 4.18591 3.02717 1 1 1
v -0.712523 4.19176 3.02992 1 1 1
v -0.322099 4.1895 3.02886 1 1 1
v -0.31086 4.17578 3.0224 1 1 1
v -0.185451 4.19042 3.02929 1 1 1
v -0.178749 4.17578 3.0224 1 1 1
v 0.185451 4.19043 3.02929 1 1 1
v 0.178749 4.17578 3.0224 1 1 1
v 0.322099 4.1895 3.02886 1 1 1
v 0.31086 4.17578 3.0224 1 1 1
v 0.712523 4.19176 3.02992 1 1 1
v 0.732044 4.18591 3.02717 1 1 1
v 0.751565 4.17935 3.02408 1 1 1
v 0.760887 4.17578 3.0224 1 1 1
v -0.771086 4.16912 3.01926 1 1 1
v -0.783489 4.15812 3.01408 1 1 1
v -0.302578 4.16568 3.01764 1 1 1
v -0.295556 4.15812 3.01408 1 1 1
v -0.167025 4.15812 3.01408 1 1 1
v 0.167025 4.15812 3.01408 1 1 1
v 0.302578 4.16568 3.01764 1 1 1
v 0.295556 4.15812 3.01408 1 1 1
v 0.771086 4.16912 3.01926 1 1 1
v 0.783489 4.15812 3.01408 1 1 1
v -0.784545 4.14046 3.00577 1 1 1
v -0.283057 4.14624 3.00849 1 1 1
v -0.274188 4.14046 3.00577 1 1 1
v -0.16593 4.15688 3.0135 1 1 1
v -0.156505 4.14046 3.00577 1 1 1
v 0.16593 4.15688 3.0135 1 1 1
v 0.156505 4.14046 3.00577 1 1 1
v 0.283057 4.14624 3.00849 1 1 1
v 0.274188 4.14046 3.00577 1 1 1
v 0.784545 4.14046 3.00577 1 1 1
v -0.775216 4.1228 2.99745 1 1 1
v -0.263536 4.13486 3.00313 1 1 1
v -0.244015 4.12755 2.99969 1 1 1
v -0.23416 4.1228 2.99745 1 1 1
v -0.146409 4.12293 2.99751 1 1 1
v -0.146366 4.1228 2.99745 1 1 1
v 0.146409 4.12293 2.99751 1 1 1
v 0.146366 4.1228 2.99745 1 1 1
v 0.244015 4.12755 2.99969 1 1 1
v 0.23416 4.1228 2.99745 1 1 1
v 0.263536 4.13487 3.00313 1 1 1
v 0.775216 4.1228 2.99745 1 1 1
v -0.771086 4.11777 2.99508 1 1 1
v -0.761177 4.10514 2.98914 1 1 1
v -0.224493 4.11615 2.99432 1 1 1
v -0.216405 4.10514 2.98914 1 1 1
v -0.141533 4.10514 2.98914 1 1 1
v 0.141533 4.10514 2.98914 1 1 1
v 0.224494 4.11615 2.99432 1 1 1
v 0.216405 4.10514 2.98914 1 1 1
v 0.771086 4.11777 2.99508 1 1 1
v 0.761177 4.10514 2.98914 1 1 1
v -0.751565 4.09459 2.98417 1 1 1
v -0.745204 4.08748 2.98082 1 1 1
v -0.209746 4.08748 2.98082 1 1 1
v -0.137871 4.08748 2.98082 1 1 1
v 0.137871 4.08748 2.98082 1 1 1
v 0.209746 4.08748 2.98082 1 1 1
v 0.751565 4.09459 2.98417 1 1 1
v 0.745204 4.08748 2.98082 1 1 1
v -0.732044 4.07353 2.97426 1 1 1
v -0.728558 4.06981 2.97251 1 1 1
v -0.205711 4.06981 2.97251 1 1 1
v -0.135372 4.06981 2.97251 1 1 1
v 0.135372 4.06981 2.97251 1 1 1
v 0.205711 4.06981 2.97251 1 1 1
v 0.732044 4.07353 2.97426 1 1 1
v 0.728558 4.06981 2.97251 1 1 1
v -0.712523 4.05291 2.96454 1 1 1
v -0.711809 4.05215 2.96419 1 1 1
v -0.204972 4.0663 2.97085 1 1 1
v -0.201237 4.05215 2.96419 1 1 1
v -0.134049 4.05215 2.96419 1 1 1
v 0.134049 4.05215 2.96419 1 1 1
v 0.204972 4.0663 2.97085 1 1 1
v 0.201237 4.05215 2.96419 1 1 1
v 0.712523 4.05291 2.96454 1 1 1
v 0.711809 4.05215 2.96419 1 1 1
v -0.695075 4.03449 2.95587 1 1 1
v -0.19625 4.03449 2.95587 1 1 1
v -0.133531 4.03449 2.95587 1 1 1
v 0.133531 4.03449 2.95587 1 1 1
v 0.19625 4.03449 2.95587 1 1 1
v 0.695075 4.03449 2.95587 1 1 1
v -0.693001 4.03231 2.95485 1 1 1
v -0.678293 4.01683 2.94756 1 1 1
v -0.19098 4.01683 2.94756 1 1 1
v -0.132402 4.01683 2.94756 1 1 1
v 0.132402 4.01683 2.94756 1 1 1
v 0.19098 4.01683 2.94756 1 1 1
v 0.693002 4.03231 2.95485 1 1 1
v 0.678293 4.01683 2.94756 1 1 1
v -0.67348 4.01178 2.94518 1 1 1
v -0.661432 3.99917 2.93924 1 1 1
v -0.186568 3.99917 2.93924 1 1 1
v -0.126888 4.00218 2.94066 1 1 1
v -0.125679 3.99917 2.93924 1 1 1
v 0.126888 4.00218 2.94066 1 1 1
v 0.125679 3.99917 2.93924 1 1 1
v 0.186568 3.99917 2.93924 1 1 1
v 0.67348 4.01178 2.94518 1 1 1
v 0.661432 3.99917 2.93924 1 1 1
v -0.653959 3.99139 2.93558 1 1 1
v -0.644441 3.98151 2.93093 1 1 1
v -0.186191 3.98151 2.93093 1 1 1
v -0.107366 3.98467 2.93242 1 1 1
v -0.101253 3.98151 2.93093 1 1 1
v 0.107366 3.98467 2.93242 1 1 1
v 0.101253 3.98151 2.93093 1 1 1
v 0.186191 3.98151 2.93093 1 1 1
v 0.653959 3.99139 2.93558 1 1 1
v 0.644441 3.98151 2.93093 1 1 1
v -0.634438 3.97118 2.92607 1 1 1
v -0.627325 3.96384 2.92261 1 1 1
v -0.197544 3.96384 2.92261 1 1 1
v -0.0878452 3.97635 2.9285 1 1 1
v -0.0683241 3.97015 2.92558 1 1 1
v -0.0488029 3.9657 2.92349 1 1 1
v -0.036031 3.96384 2.92261 1 1 1
v 0.048803 3.9657 2.92349 1 1 1
v 0.036031 3.96384 2.92261 1 1 1
v 0.0683241 3.97015 2.92558 1 1 1
v 0.0878453 3.97635 2.9285 1 1 1
v 0.197544 3.96384 2.92261 1 1 1
v 0.634438 3.97118 2.92607 1 1 1
v 0.627325 3.96384 2.92261 1 1 1
v -0.614917 3.95113 2.91663 1 1 1
v -0.609951 3.94618 2.9143 1 1 1
v -0.224493 3.9487 2.91549 1 1 1
v -0.230504 3.94618 2.9143 1 1 1
v -0.204972 3.95923 2.92044 1 1 1
v -0.0292817 3.96266 2.92206 1 1 1
v -0.0097605 3.96103 2.92129 1 1 1
v 0.00976062 3.96103 2.92129 1 1 1
v 0.0292817 3.96266 2.92206 1 1 1
v 0.204972 3.95923 2.92044 1 1 1
v 0.224494 3.9487 2.91549 1 1 1
v 0.230504 3.94618 2.9143 1 1 1
v 0.614917 3.95113 2.91663 1 1 1
v 0.609951 3.94618 2.9143 1 1 1
v -0.595396 3.9321 2.90767 1 1 1
v -0.591066 3.92852 2.90598 1 1 1
v -0.283057 3.9311 2.9072 1 1 1
v -0.295889 3.92852 2.90598 1 1 1
v -0.263536 3.93553 2.90929 1 1 1
v -0.244015 3.94122 2.91196 1 1 1
v 0.244015 3.94122 2.91196 1 1 1
v 0.263536 3.93553 2.90929 1 1 1
v 0.283057 3.9311 2.9072 1 1 1
v 0.295888 3.92852 2.90598 1 1 1
v 0.595396 3.9321 2.90767 1 1 1
v 0.591066 3.92852 2.90598 1 1 1
v -0.575874 3.91689 2.90051 1 1 1
v -0.563393 3.91086 2.89767 1 1 1
v -0.380663 3.91172 2.89807 1 1 1
v -0.387339 3.91086 2.89767 1 1 1
v -0.361142 3.91483 2.89954 1 1 1
v -0.34162 3.91834 2.90119 1 1 1
v -0.322099 3.92232 2.90306 1 1 1
v -0.302578 3.92685 2.9052 1 1 1
v 0.302578 3.92685 2.9052 1 1 1
v 0.322099 3.92232 2.90306 1 1 1
v 0.34162 3.91834 2.90119 1 1 1
v 0.361142 3.91483 2.89954 1 1 1
v 0.380663 3.91172 2.89807 1 1 1
v 0.387339 3.91086 2.89767 1 1 1
v 0.575874 3.91689 2.90051 1 1 1
v 0.563393 3.91086 2.89767 1 1 1
v -0.556353 3.9077 2.89618 1 1 1
v -0.536832 3.90391 2.89439 1 1 1
v -0.517311 3.90356 2.89423 1 1 1
v -0.49779 3.90462 2.89473 1 1 1
v -0.478269 3.90561 2.8952 1 1 1
v -0.458747 3.90598 2.89537 1 1 1
v -0.439226 3.90617 2.89546 1 1 1
v -0.419705 3.90697 2.89584 1 1 1
v -0.400184 3.90885 2.89672 1 1 1
v 0.400184 3.90885 2.89672 1 1 1
v 0.419705 3.90697 2.89584 1 1 1
v 0.439226 3.90617 2.89546 1 1 1
v 0.458748 3.90598 2.89537 1 1 1
v 0.478269 3.90561 2.8952 1 1 1
v 0.49779 3.90462 2.89473 1 1 1
v 0.517311 3.90356 2.89423 1 1 1
v 0.536832 3.90391 2.89439 1 1 1
v 0.556353 3.9077 2.89618 1 1 1
v -0.16593 4.37265 2.92879 1 1 1
v -0.175393 4.37109 2.92811 1 1 1
v -0.146409 4.37465 2.92966 1 1 1
v -0.126888 4.3763 2.93037 1 1 1
v -0.107366 4.37806 2.93114 1 1 1
v -0.0878452 4.37985 2.93191 1 1 1
v -0.0683241 4.38129 2.93254 1 1 1
v -0.0488029 4.3822 2.93293 1 1 1
v -0.0292817 4.38261 2.93311 1 1 1
v -0.0097605 4.38274 2.93317 1 1 1
v 0.00976062 4.38274 2.93317 1 1 1
v 0.0292817 4.38261 2.93311 1 1 1
v 0.048803 4.3822 2.93293 1 1 1
v 0.0683241 4.38129 2.93254 1 1 1
v 0.0878453 4.37985 2.93191 1 1 1
v 0.107366 4.37806 2.93114 1 1 1
v 0.126888 4.3763 2.93037 1 1 1
v 0.146409 4.37465 2.92966 1 1 1
v 0.16593 4.37265 2.92879 1 1 1
v 0.175393 4.37109 2.92811 1 1 1
v -0.204972 4.3589 2.92282 1 1 1
v -0.210511 4.35319 2.92034 1 1 1
v -0.185451 4.36888 2.92715 1 1 1
v 0.185451 4.36888 2.92715 1 1 1
v 0.204972 4.3589 2.92282 1 1 1
v 0.210511 4.35319 2.92034 1 1 1
v -0.439226 4.33786 2.91369 1 1 1
v -0.450658 4.33528 2.91257 1 1 1
v -0.419705 4.3405 2.91484 1 1 1
v -0.400184 4.3395 2.91441 1 1 1
v -0.388419 4.33528 2.91257 1 1 1
v -0.213747 4.33528 2.91257 1 1 1
v 0.213747 4.33528 2.91257 1 1 1
v 0.400184 4.3395 2.91441 1 1 1
v 0.388419 4.33528 2.91257 1 1 1
v 0.419705 4.3405 2.91484 1 1 1
v 0.439226 4.33786 2.91369 1 1 1
v 0.450658 4.33528 2.91257 1 1 1
v -0.517311 4.31865 2.90536 1 1 1
v -0.522229 4.31737 2.9048 1 1 1
v -0.49779 4.32371 2.90755 1 1 1
v -0.478269 4.3287 2.90972 1 1 1
v -0.458747 4.33353 2.91181 1 1 1
v -0.380663 4.33187 2.91109 1 1 1
v -0.363697 4.31737 2.9048 1 1 1
v -0.209735 4.31737 2.9048 1 1 1
v 0.209735 4.31737 2.9048 1 1 1
v 0.380663 4.33187 2.91109 1 1 1
v 0.363697 4.31737 2.9048 1 1 1
v 0.458748 4.33353 2.91181 1 1 1
v 0.478269 4.3287 2.90972 1 1 1
v 0.49779 4.32371 2.90755 1 1 1
v 0.517311 4.31865 2.90536 1 1 1
v 0.522229 4.31737 2.9048 1 1 1
v -0.575874 4.30366 2.89885 1 1 1
v -0.592073 4.29946 2.89703 1 1 1
v -0.556353 4.30868 2.90103 1 1 1
v -0.536832 4.31366 2.90319 1 1 1
v -0.361142 4.31477 2.90367 1 1 1
v -0.348473 4.29946 2.89703 1 1 1
v -0.204972 4.30502 2.89944 1 1 1
v -0.202967 4.29946 2.89703 1 1 1
v 0.204972 4.30502 2.89944 1 1 1
v 0.202967 4.29946 2.89703 1 1 1
v 0.361142 4.31477 2.90367 1 1 1
v 0.348473 4.29946 2.89703 1 1 1
v 0.536832 4.31366 2.90319 1 1 1
v 0.556353 4.30868 2.90103 1 1 1
v 0.575874 4.30366 2.89885 1 1 1
v 0.592073 4.29946 2.89703 1 1 1
v -0.653959 4.28363 2.89016 1 1 1
v -0.661965 4.28155 2.88926 1 1 1
v -0.634438 4.28866 2.89234 1 1 1
v -0.614917 4.29365 2.89451 1 1 1
v -0.595396 4.29861 2.89666 1 1 1
v -0.34162 4.29056 2.89317 1 1 1
v -0.334615 4.28155 2.88926 1 1 1
v -0.195867 4.28155 2.88926 1 1 1
v 0.195867 4.28155 2.88926 1 1 1
v 0.34162 4.29056 2.89317 1 1 1
v 0.334615 4.28155 2.88926 1 1 1
v 0.595396 4.29861 2.89666 1 1 1
v 0.614917 4.29365 2.89451 1 1 1
v 0.634438 4.28866 2.89234 1 1 1
v 0.653959 4.28363 2.89016 1 1 1
v 0.661965 4.28155 2.88926 1 1 1
v -0.712523 4.26856 2.88362 1 1 1
v -0.730891 4.26365 2.88149 1 1 1
v -0.693001 4.27363 2.88582 1 1 1
v -0.67348 4.27862 2.88799 1 1 1
v -0.322099 4.26487 2.88202 1 1 1
v -0.321121 4.26365 2.88149 1 1 1
v -0.188529 4.26365 2.88149 1 1 1
v 0.188529 4.26365 2.88149 1 1 1
v 0.322099 4.26487 2.88202 1 1 1
v 0.321121 4.26365 2.88149 1 1 1
v 0.67348 4.27862 2.88799 1 1 1
v 0.693002 4.27363 2.88582 1 1 1
v 0.712523 4.26856 2.88362 1 1 1
v 0.730891 4.26365 2.88149 1 1 1
v -0.771086 4.25002 2.87558 1 1 1
v -0.780898 4.24574 2.87372 1 1 1
v -0.751565 4.25718 2.87868 1 1 1
v -0.732044 4.26331 2.88134 1 1 1
v -0.307178 4.24574 2.87372 1 1 1
v -0.185451 4.25653 2.8784 1 1 1
v -0.18032 4.24574 2.87372 1 1 1
v 0.185451 4.25653 2.8784 1 1 1
v 0.18032 4.24574 2.87372 1 1 1
v 0.307178 4.24574 2.87372 1 1 1
v 0.732044 4.26331 2.88134 1 1 1
v 0.751565 4.25718 2.87868 1 1 1
v 0.771086 4.25002 2.87558 1 1 1
v 0.780897 4.24574 2.87372 1 1 1
v -0.790607 4.23709 2.86997 1 1 1
v -0.798224 4.22783 2.86595 1 1 1
v -0.302578 4.23984 2.87116 1 1 1
v -0.292087 4.22783 2.86595 1 1 1
v -0.169119 4.22783 2.86595 1 1 1
v 0.169119 4.22783 2.86595 1 1 1
v 0.302578 4.23984 2.87116 1 1 1
v 0.292087 4.22783 2.86595 1 1 1
v 0.790607 4.23709 2.86997 1 1 1
v 0.798224 4.22783 2.86595 1 1 1
v -0.796414 4.20992 2.85818 1 1 1
v -0.283057 4.21853 2.86191 1 1 1
v -0.271536 4.20992 2.85818 1 1 1
v -0.16593 4.224 2.86428 1 1 1
v -0.157893 4.20992 2.85818 1 1 1
v 0.16593 4.224 2.86428 1 1 1
v 0.157893 4.20992 2.85818 1 1 1
v 0.283057 4.21853 2.86191 1 1 1
v 0.271536 4.20992 2.85818 1 1 1
v 0.796414 4.20992 2.85818 1 1 1
v -0.790607 4.20078 2.85421 1 1 1
v -0.785485 4.19201 2.85041 1 1 1
v -0.263536 4.20498 2.85603 1 1 1
v -0.244015 4.19587 2.85208 1 1 1
v -0.236979 4.19201 2.85041 1 1 1
v -0.147595 4.19201 2.85041 1 1 1
v 0.147595 4.19201 2.85041 1 1 1
v 0.244015 4.19587 2.85208 1 1 1
v 0.236979 4.19201 2.85041 1 1 1
v 0.263536 4.20498 2.85603 1 1 1
v 0.790607 4.20079 2.85421 1 1 1
v 0.785485 4.19201 2.85041 1 1 1
v -0.771086 4.1748 2.84294 1 1 1
v -0.770532 4.17411 2.84264 1 1 1
v -0.224493 4.18233 2.8462 1 1 1
v -0.218526 4.17411 2.84264 1 1 1
v -0.146409 4.18974 2.84942 1 1 1
v -0.141782 4.17411 2.84264 1 1 1
v 0.146409 4.18974 2.84942 1 1 1
v 0.141782 4.17411 2.84264 1 1 1
v 0.224494 4.18233 2.8462 1 1 1
v 0.218526 4.17411 2.84264 1 1 1
v 0.771086 4.1748 2.84294 1 1 1
v 0.770532 4.17411 2.84264 1 1 1
v -0.753921 4.1562 2.83486 1 1 1
v -0.210998 4.1562 2.83486 1 1 1
v -0.137597 4.1562 2.83486 1 1 1
v 0.137597 4.1562 2.83486 1 1 1
v 0.210998 4.1562 2.83486 1 1 1
v 0.753921 4.1562 2.83486 1 1 1
v -0.751565 4.15374 2.8338 1 1 1
v -0.736787 4.13829 2.82709 1 1 1
v -0.206359 4.13829 2.82709 1 1 1
v -0.134517 4.13829 2.82709 1 1 1
v 0.134517 4.13829 2.82709 1 1 1
v 0.206358 4.13829 2.82709 1 1 1
v 0.751565 4.15374 2.8338 1 1 1
v 0.736787 4.13829 2.82709 1 1 1
v -0.732044 4.13335 2.82495 1 1 1
v -0.719596 4.12038 2.81932 1 1 1
v -0.204972 4.13239 2.82454 1 1 1
v -0.20145 4.12038 2.81932 1 1 1
v -0.132548 4.12038 2.81932 1 1 1
v 0.132548 4.12038 2.81932 1 1 1
v 0.204972 4.13239 2.82454 1 1 1
v 0.20145 4.12038 2.81932 1 1 1
v 0.732044 4.13335 2.82495 1 1 1
v 0.719596 4.12038 2.81932 1 1 1
v -0.712523 4.11302 2.81613 1 1 1
v -0.7024 4.10247 2.81155 1 1 1
v -0.195908 4.10247 2.81155 1 1 1
v -0.131279 4.10247 2.81155 1 1 1
v 0.131279 4.10247 2.81155 1 1 1
v 0.195908 4.10247 2.81155 1 1 1
v 0.712523 4.11302 2.81613 1 1 1
v 0.7024 4.10247 2.81155 1 1 1
v -0.693001 4.09271 2.80731 1 1 1
v -0.685157 4.08457 2.80378 1 1 1
v -0.190177 4.08457 2.80378 1 1 1
v -0.129044 4.08457 2.80378 1 1 1
v 0.129044 4.08457 2.80378 1 1 1
v 0.190177 4.08457 2.80378 1 1 1
v 0.693002 4.09271 2.80731 1 1 1
v 0.685157 4.08457 2.80378 1 1 1
v -0.67348 4.07249 2.79854 1 1 1
v -0.667836 4.06666 2.79601 1 1 1
v -0.185451 4.0671 2.79621 1 1 1
v -0.185195 4.06666 2.79601 1 1 1
v -0.126888 4.07891 2.80133 1 1 1
v -0.122056 4.06666 2.79601 1 1 1
v 0.126888 4.07891 2.80133 1 1 1
v 0.122056 4.06666 2.79601 1 1 1
v 0.185451 4.06711 2.79621 1 1 1
v 0.185195 4.06666 2.79601 1 1 1
v 0.67348 4.07249 2.79854 1 1 1
v 0.667836 4.06666 2.79601 1 1 1
v -0.653959 4.05242 2.78983 1 1 1
v -0.650377 4.04875 2.78824 1 1 1
v -0.183652 4.04875 2.78824 1 1 1
v -0.107366 4.05487 2.79089 1 1 1
v -0.0962766 4.04875 2.78824 1 1 1
v 0.107366 4.05487 2.79089 1 1 1
v 0.0962765 4.04875 2.78824 1 1 1
v 0.183652 4.04875 2.78824 1 1 1
v 0.653959 4.05242 2.78983 1 1 1
v 0.650377 4.04875 2.78824 1 1 1
v -0.634438 4.03253 2.7812 1 1 1
v -0.632783 4.03084 2.78047 1 1 1
v -0.185451 4.04616 2.78712 1 1 1
v -0.194679 4.03084 2.78047 1 1 1
v -0.0878452 4.04532 2.78675 1 1 1
v -0.0683241 4.03822 2.78367 1 1 1
v -0.0488029 4.03319 2.78149 1 1 1
v -0.0340862 4.03084 2.78047 1 1 1
v 0.048803 4.03319 2.78149 1 1 1
v 0.0340862 4.03084 2.78047 1 1 1
v 0.0683241 4.03822 2.78367 1 1 1
v 0.0878453 4.04532 2.78675 1 1 1
v 0.185451 4.04616 2.78712 1 1 1
v 0.194679 4.03084 2.78047 1 1 1
v 0.634438 4.03253 2.7812 1 1 1
v 0.632783 4.03084 2.78047 1 1 1
v -0.61508 4.01294 2.7727 1 1 1
v -0.224493 4.01435 2.77331 1 1 1
v -0.227927 4.01294 2.7727 1 1 1
v -0.204972 4.02433 2.77764 1 1 1
v -0.0292817 4.02993 2.78007 1 1 1
v -0.0097605 4.02815 2.7793 1 1 1
v 0.00976062 4.02815 2.7793 1 1 1
v 0.0292817 4.02993 2.78007 1 1 1
v 0.204972 4.02433 2.77764 1 1 1
v 0.224494 4.01435 2.77331 1 1 1
v 0.227927 4.01294 2.7727 1 1 1
v 0.61508 4.01294 2.7727 1 1 1
v -0.614917 4.01277 2.77263 1 1 1
v -0.596414 3.99503 2.76493 1 1 1
v -0.283057 3.99727 2.7659 1 1 1
v -0.294191 3.99503 2.76493 1 1 1
v -0.263536 4.00163 2.76779 1 1 1
v -0.244015 4.00713 2.77018 1 1 1
v 0.244015 4.00713 2.77018 1 1 1
v 0.263536 4.00163 2.76779 1 1 1
v 0.283057 3.99727 2.7659 1 1 1
v 0.294191 3.99503 2.76493 1 1 1
v 0.614917 4.01277 2.77263 1 1 1
v 0.596414 3.99503 2.76493 1 1 1
v -0.595396 3.99409 2.76452 1 1 1
v -0.575874 3.9794 2.75815 1 1 1
v -0.57104 3.97712 2.75716 1 1 1
v -0.380663 3.97774 2.75743 1 1 1
v -0.385275 3.97712 2.75716 1 1 1
v -0.361142 3.98091 2.7588 1 1 1
v -0.34162 3.98445 2.76034 1 1 1
v -0.322099 3.98843 2.76207 1 1 1
v -0.302578 3.99294 2.76402 1 1 1
v 0.302578 3.99294 2.76402 1 1 1
v 0.322099 3.98843 2.76207 1 1 1
v 0.34162 3.98445 2.76034 1 1 1
v 0.361142 3.98091 2.7588 1 1 1
v 0.380663 3.97774 2.75743 1 1 1
v 0.385275 3.97712 2.75716 1 1 1
v 0.575874 3.9794 2.75815 1 1 1
v 0.57104 3.97712 2.75716 1 1 1
v 0.595396 3.99409 2.76452 1 1 1
v -0.556353 3.97066 2.75436 1 1 1
v -0.536832 3.96727 2.75289 1 1 1
v -0.517311 3.96724 2.75287 1 1 1
v -0.49779 3.96859 2.75346 1 1 1
v -0.478269 3.96995 2.75405 1 1 1
v -0.458747 3.97078 2.75441 1 1 1
v -0.439226 3.97142 2.75469 1 1 1
v -0.419705 3.97258 2.75519 1 1 1
v -0.400184 3.97469 2.75611 1 1 1
v 0.400184 3.97469 2.75611 1 1 1
v 0.419705 3.97258 2.75519 1 1 1
v 0.439226 3.97142 2.75469 1 1 1
v 0.458748 3.97078 2.75441 1 1 1
v 0.478269 3.96995 2.75405 1 1 1
v 0.49779 3.96859 2.75346 1 1 1
v 0.517311 3.96724 2.75287 1 1 1
v 0.536832 3.96727 2.75289 1 1 1
v 0.556353 3.97066 2.75436 1 1 1
v -0.185451 4.43785 2.77734 1 1 1
v -0.189677 4.4367 2.77686 1 1 1
v -0.16593 4.44087 2.7786 1 1 1
v -0.146409 4.44261 2.77932 1 1 1
v -0.126888 4.444 2.7799 1 1 1
v -0.107366 4.44545 2.78051 1 1 1
v -0.0878452 4.44691 2.78112 1 1 1
v -0.0683241 4.4481 2.78161 1 1 1
v -0.0488029 4.44885 2.78193 1 1 1
v -0.0292817 4.4492 2.78207 1 1 1
v -0.0097605 4.44931 2.78211 1 1 1
v 0.00976062 4.44931 2.78211 1 1 1
v 0.0292817 4.4492 2.78207 1 1 1
v 0.048803 4.44885 2.78193 1 1 1
v 0.0683241 4.4481 2.78161 1 1 1
v 0.0878453 4.44691 2.78112 1 1 1
v 0.107366 4.44545 2.78051 1 1 1
v 0.126888 4.444 2.7799 1 1 1
v 0.146409 4.44261 2.77932 1 1 1
v 0.16593 4.44087 2.7786 1 1 1
v 0.185451 4.43785 2.77734 1 1 1
v 0.189677 4.4367 2.77686 1 1 1
v -0.204972 4.42958 2.7739 1 1 1
v -0.215448 4.41868 2.76935 1 1 1
v 0.204972 4.42958 2.7739 1 1 1
v 0.215448 4.41868 2.76935 1 1 1
v -0.458747 4.40337 2.76297 1 1 1
v -0.469405 4.40066 2.76184 1 1 1
v -0.439226 4.4077 2.76477 1 1 1
v -0.419705 4.41042 2.76591 1 1 1
v -0.400184 4.4097 2.76561 1 1 1
v -0.380663 4.40266 2.76267 1 1 1
v -0.377862 4.40066 2.76184 1 1 1
v -0.21732 4.40066 2.76184 1 1 1
v 0.21732 4.40066 2.76184 1 1 1
v 0.380663 4.40266 2.76267 1 1 1
v 0.377861 4.40066 2.76184 1 1 1
v 0.400184 4.40971 2.76561 1 1 1
v 0.419705 4.41042 2.76591 1 1 1
v 0.439226 4.4077 2.76477 1 1 1
v 0.458748 4.40337 2.76297 1 1 1
v 0.469405 4.40066 2.76184 1 1 1
v -0.536832 4.38377 2.7548 1 1 1
v -0.541183 4.38264 2.75433 1 1 1
v -0.517311 4.38875 2.75688 1 1 1
v -0.49779 4.39365 2.75892 1 1 1
v -0.478269 4.39851 2.76094 1 1 1
v -0.361142 4.38598 2.75572 1 1 1
v -0.358219 4.38264 2.75433 1 1 1
v -0.212648 4.38264 2.75433 1 1 1
v 0.212648 4.38264 2.75433 1 1 1
v 0.361142 4.38598 2.75572 1 1 1
v 0.358219 4.38264 2.75433 1 1 1
v 0.478269 4.39851 2.76094 1 1 1
v 0.49779 4.39365 2.75892 1 1 1
v 0.517311 4.38875 2.75688 1 1 1
v 0.536832 4.38377 2.7548 1 1 1
v 0.541183 4.38264 2.75433 1 1 1
v -0.595396 4.36906 2.74867 1 1 1
v -0.612783 4.36462 2.74682 1 1 1
v -0.575874 4.37398 2.75072 1 1 1
v -0.556353 4.37886 2.75276 1 1 1
v -0.344054 4.36462 2.74682 1 1 1
v -0.205363 4.36462 2.74682 1 1 1
v 0.205363 4.36462 2.74682 1 1 1
v 0.344054 4.36462 2.74682 1 1 1
v 0.556353 4.37886 2.75276 1 1 1
v 0.575874 4.37398 2.75072 1 1 1
v 0.595396 4.36906 2.74867 1 1 1
v 0.612783 4.36462 2.74682 1 1 1
v -0.67348 4.3494 2.74047 1 1 1
v -0.684443 4.3466 2.73931 1 1 1
v -0.653959 4.35433 2.74253 1 1 1
v -0.634438 4.35922 2.74457 1 1 1
v -0.614917 4.36409 2.7466 1 1 1
v -0.34162 4.36135 2.74546 1 1 1
v -0.330557 4.3466 2.73931 1 1 1
v -0.204972 4.36373 2.74645 1 1 1
v -0.19786 4.3466 2.73931 1 1 1
v 0.204972 4.36373 2.74645 1 1 1
v 0.19786 4.3466 2.73931 1 1 1
v 0.34162 4.36135 2.74546 1 1 1
v 0.330558 4.3466 2.73931 1 1 1
v 0.614917 4.36409 2.7466 1 1 1
v 0.634438 4.35922 2.74457 1 1 1
v 0.653959 4.35433 2.74253 1 1 1
v 0.67348 4.3494 2.74047 1 1 1
v 0.684443 4.3466 2.73931 1 1 1
v -0.751565 4.32923 2.73207 1 1 1
v -0.753835 4.32859 2.7318 1 1 1
v -0.732044 4.33451 2.73427 1 1 1
v -0.712523 4.33955 2.73637 1 1 1
v -0.693001 4.34447 2.73842 1 1 1
v -0.322099 4.33492 2.73444 1 1 1
v -0.317238 4.32859 2.7318 1 1 1
v -0.190212 4.32859 2.7318 1 1 1
v 0.190212 4.32859 2.7318 1 1 1
v 0.322099 4.33492 2.73444 1 1 1
v 0.317238 4.32859 2.7318 1 1 1
v 0.693002 4.34447 2.73842 1 1 1
v 0.712523 4.33955 2.73637 1 1 1
v 0.732044 4.33451 2.73427 1 1 1
v 0.751565 4.32923 2.73207 1 1 1
v 0.753835 4.32859 2.7318 1 1 1
v -0.790607 4.31467 2.726 1 1 1
v -0.798622 4.31057 2.72429 1 1 1
v -0.771086 4.32275 2.72937 1 1 1
v -0.303934 4.31057 2.72429 1 1 1
v -0.185451 4.31825 2.72749 1 1 1
v -0.181666 4.31057 2.72429 1 1 1
v 0.185451 4.31825 2.72749 1 1 1
v 0.181666 4.31057 2.72429 1 1 1
v 0.303934 4.31057 2.72429 1 1 1
v 0.771086 4.32275 2.72937 1 1 1
v 0.790607 4.31467 2.726 1 1 1
v 0.798622 4.31057 2.72429 1 1 1
v -0.810128 4.29502 2.71781 1 1 1
v -0.811479 4.29255 2.71678 1 1 1
v -0.302578 4.30876 2.72354 1 1 1
v -0.289094 4.29255 2.71678 1 1 1
v -0.170821 4.29255 2.71678 1 1 1
v 0.170821 4.29255 2.71678 1 1 1
v 0.302578 4.30876 2.72354 1 1 1
v 0.289094 4.29255 2.71678 1 1 1
v 0.810129 4.29502 2.71781 1 1 1
v 0.811479 4.29255 2.71678 1 1 1
v -0.810128 4.28737 2.71462 1 1 1
v -0.807187 4.27453 2.70927 1 1 1
v -0.283057 4.2859 2.71401 1 1 1
v -0.269458 4.27453 2.70927 1 1 1
v -0.16593 4.28641 2.71422 1 1 1
v -0.159139 4.27453 2.70927 1 1 1
v 0.16593 4.28641 2.71422 1 1 1
v 0.159139 4.27453 2.70927 1 1 1
v 0.283057 4.2859 2.71401 1 1 1
v 0.269458 4.27453 2.70927 1 1 1
v 0.810129 4.28737 2.71462 1 1 1
v 0.807187 4.27453 2.70927 1 1 1
v -0.794937 4.25651 2.70176 1 1 1
v -0.263536 4.27034 2.70752 1 1 1
v -0.244015 4.2594 2.70297 1 1 1
v -0.239325 4.25651 2.70176 1 1 1
v -0.148752 4.25651 2.70176 1 1 1
v 0.148752 4.25651 2.70176 1 1 1
v 0.244015 4.2594 2.70297 1 1 1
v 0.239325 4.25651 2.70176 1 1 1
v 0.263536 4.27034 2.70752 1 1 1
v 0.794937 4.25651 2.70176 1 1 1
v -0.790607 4.25168 2.69975 1 1 1
v -0.779183 4.23849 2.69425 1 1 1
v -0.224493 4.24373 2.69644 1 1 1
v -0.220709 4.23849 2.69425 1 1 1
v -0.146409 4.25214 2.69994 1 1 1
v -0.142032 4.23849 2.69425 1 1 1
v 0.146409 4.25214 2.69994 1 1 1
v 0.142032 4.23849 2.69425 1 1 1
v 0.224494 4.24373 2.69644 1 1 1
v 0.220709 4.23849 2.69425 1 1 1
v 0.790607 4.25168 2.69975 1 1 1
v 0.779183 4.23849 2.69425 1 1 1
v -0.771086 4.23006 2.69074 1 1 1
v -0.762019 4.22047 2.68674 1 1 1
v -0.212287 4.22047 2.68674 1 1 1
v -0.137309 4.22047 2.68674 1 1 1
v 0.137309 4.22047 2.68674 1 1 1
v 0.212287 4.22047 2.68674 1 1 1
v 0.771086 4.23006 2.69074 1 1 1
v 0.762019 4.22047 2.68674 1 1 1
v -0.751565 4.20977 2.68228 1 1 1
v -0.744434 4.20245 2.67923 1 1 1
v -0.207022 4.20245 2.67923 1 1 1
v -0.133603 4.20245 2.67923 1 1 1
v 0.133603 4.20245 2.67923 1 1 1
v 0.207022 4.20245 2.67923 1 1 1
v 0.751565 4.20977 2.68228 1 1 1
v 0.744434 4.20245 2.67923 1 1 1
v -0.732044 4.18978 2.67395 1 1 1
v -0.726811 4.18443 2.67172 1 1 1
v -0.204972 4.19463 2.67597 1 1 1
v -0.20166 4.18443 2.67172 1 1 1
v -0.130892 4.18443 2.67172 1 1 1
v 0.130892 4.18443 2.67172 1 1 1
v 0.204972 4.19463 2.67597 1 1 1
v 0.20166 4.18443 2.67172 1 1 1
v 0.732044 4.18978 2.67395 1 1 1
v 0.726811 4.18443 2.67172 1 1 1
v -0.712523 4.16983 2.66564 1 1 1
v -0.709182 4.16642 2.66421 1 1 1
v -0.195561 4.16642 2.66421 1 1 1
v -0.12869 4.16642 2.66421 1 1 1
v 0.12869 4.16642 2.66421 1 1 1
v 0.195561 4.16642 2.66421 1 1 1
v 0.712523 4.16983 2.66564 1 1 1
v 0.709182 4.16642 2.66421 1 1 1
v -0.693001 4.14991 2.65733 1 1 1
v -0.691517 4.1484 2.6567 1 1 1
v -0.189384 4.1484 2.6567 1 1 1
v -0.126888 4.15621 2.65996 1 1 1
v -0.125685 4.1484 2.6567 1 1 1
v 0.126888 4.15621 2.65996 1 1 1
v 0.125685 4.1484 2.6567 1 1 1
v 0.189384 4.1484 2.6567 1 1 1
v 0.693002 4.14991 2.65733 1 1 1
v 0.691517 4.1484 2.6567 1 1 1
v -0.673789 4.13038 2.64919 1 1 1
v -0.185451 4.13464 2.65097 1 1 1
v -0.183074 4.13038 2.64919 1 1 1
v -0.117905 4.13038 2.64919 1 1 1
v 0.117905 4.13038 2.64919 1 1 1
v 0.185451 4.13464 2.65097 1 1 1
v 0.183074 4.13038 2.64919 1 1 1
v 0.673789 4.13038 2.64919 1 1 1
v -0.67348 4.13006 2.64906 1 1 1
v -0.655971 4.11236 2.64168 1 1 1
v -0.181073 4.11236 2.64168 1 1 1
v -0.107366 4.12187 2.64565 1 1 1
v -0.091154 4.11236 2.64168 1 1 1
v 0.107366 4.12187 2.64565 1 1 1
v 0.091154 4.11236 2.64168 1 1 1
v 0.181073 4.11236 2.64168 1 1 1
v 0.67348 4.13006 2.64906 1 1 1
v 0.655971 4.11236 2.64168 1 1 1
v -0.653959 4.11034 2.64084 1 1 1
v -0.638011 4.09434 2.63417 1 1 1
v -0.185451 4.10544 2.6388 1 1 1
v -0.191943 4.09434 2.63417 1 1 1
v -0.0878452 4.11094 2.64109 1 1 1
v -0.0683241 4.10285 2.63772 1 1 1
v -0.0488029 4.09721 2.63537 1 1 1
v -0.0323389 4.09434 2.63417 1 1 1
v 0.048803 4.09721 2.63537 1 1 1
v 0.0323388 4.09434 2.63417 1 1 1
v 0.0683241 4.10285 2.63772 1 1 1
v 0.0878453 4.11094 2.64109 1 1 1
v 0.185451 4.10544 2.6388 1 1 1
v 0.191943 4.09434 2.63417 1 1 1
v 0.653959 4.11034 2.64084 1 1 1
v 0.638011 4.09434 2.63417 1 1 1
v -0.634438 4.09077 2.63269 1 1 1
v -0.619946 4.07632 2.62666 1 1 1
v -0.224493 4.0766 2.62678 1 1 1
v -0.225197 4.07632 2.62666 1 1 1
v -0.204972 4.08601 2.6307 1 1 1
v -0.0292817 4.09371 2.63391 1 1 1
v -0.0097605 4.09179 2.63311 1 1 1
v 0.00976062 4.09179 2.63311 1 1 1
v 0.0292817 4.09371 2.63391 1 1 1
v 0.204972 4.08601 2.6307 1 1 1
v 0.224494 4.0766 2.62678 1 1 1
v 0.225197 4.07632 2.62666 1 1 1
v 0.634438 4.09077 2.63269 1 1 1
v 0.619946 4.07632 2.62666 1 1 1
v -0.614917 4.07135 2.62459 1 1 1
v -0.601066 4.0583 2.61916 1 1 1
v -0.283057 4.06017 2.61993 1 1 1
v -0.292388 4.0583 2.61916 1 1 1
v -0.263536 4.06442 2.62171 1 1 1
v -0.244015 4.06971 2.62391 1 1 1
v 0.244015 4.06971 2.62391 1 1 1
v 0.263536 4.06442 2.62171 1 1 1
v 0.283057 4.06017 2.61993 1 1 1
v 0.292388 4.0583 2.61916 1 1 1
v 0.614917 4.07135 2.62459 1 1 1
v 0.601066 4.0583 2.61916 1 1 1
v -0.595396 4.05315 2.61701 1 1 1
v -0.577659 4.04028 2.61165 1 1 1
v -0.380663 4.04065 2.6118 1 1 1
v -0.383271 4.04028 2.61165 1 1 1
v -0.361142 4.04385 2.61313 1 1 1
v -0.34162 4.0474 2.61461 1 1 1
v -0.322099 4.05135 2.61626 1 1 1
v -0.302578 4.0558 2.61811 1 1 1
v 0.302578 4.0558 2.61811 1 1 1
v 0.322099 4.05135 2.61626 1 1 1
v 0.34162 4.0474 2.61461 1 1 1
v 0.361142 4.04385 2.61313 1 1 1
v 0.380663 4.04065 2.6118 1 1 1
v 0.383271 4.04028 2.61165 1 1 1
v 0.595396 4.05315 2.61701 1 1 1
v 0.577659 4.04028 2.61165 1 1 1
v -0.575874 4.03907 2.61114 1 1 1
v -0.556353 4.03082 2.6077 1 1 1
v -0.536832 4.02782 2.60645 1 1 1
v -0.517311 4.02808 2.60656 1 1 1
v -0.49779 4.02968 2.60723 1 1 1
v -0.478269 4.03135 2.60792 1 1 1
v -0.458747 4.03258 2.60844 1 1 1
v -0.439226 4.03364 2.60888 1 1 1
v -0.419705 4.03512 2.60949 1 1 1
v -0.400184 4.03745 2.61046 1 1 1
v 0.400184 4.03745 2.61046 1 1 1
v 0.419705 4.03512 2.60949 1 1 1
v 0.439226 4.03364 2.60888 1 1 1
v 0.458748 4.03258 2.60844 1 1 1
v 0.478269 4.03135 2.60792 1 1 1
v 0.49779 4.02968 2.60723 1 1 1
v 0.517311 4.02808 2.60656 1 1 1
v 0.536832 4.02782 2.60645 1 1 1
v 0.556353 4.03082 2.6077 1 1 1
v 0.575874 4.03907 2.61114 1 1 1
v -0.185451 4.50517 2.62335 1 1 1
v -0.200014 4.50121 2.62184 1 1 1
v -0.16593 4.50785 2.62438 1 1 1
v -0.146409 4.50936 2.62496 1 1 1
v -0.126888 4.51052 2.62541 1 1 1
v -0.107366 4.5117 2.62586 1 1 1
v -0.0878452 4.51289 2.62632 1 1 1
v -0.0683241 4.51387 2.6267 1 1 1
v -0.0488029 4.51448 2.62693 1 1 1
v -0.0292817 4.51477 2.62704 1 1 1
v -0.0097605 4.51485 2.62708 1 1 1
v 0.00976062 4.51485 2.62708 1 1 1
v 0.0292817 4.51477 2.62704 1 1 1
v 0.048803 4.51448 2.62693 1 1 1
v 0.0683241 4.51387 2.6267 1 1 1
v 0.0878453 4.51289 2.62632 1 1 1
v 0.107366 4.5117 2.62586 1 1 1
v 0.126888 4.51052 2.62541 1 1 1
v 0.146409 4.50936 2.62496 1 1 1
v 0.16593 4.50785 2.62438 1 1 1
v 0.185451 4.50517 2.62335 1 1 1
v 0.200014 4.50121 2.62184 1 1 1
v -0.204972 4.49891 2.62095 1 1 1
v -0.220044 4.48299 2.61483 1 1 1
v 0.204972 4.49891 2.62095 1 1 1
v 0.220044 4.48299 2.61483 1 1 1
v -0.478269 4.46685 2.60863 1 1 1
v -0.486335 4.46477 2.60783 1 1 1
v -0.458747 4.47172 2.6105 1 1 1
v -0.439226 4.476 2.61215 1 1 1
v -0.419705 4.47881 2.61323 1 1 1
v -0.400184 4.47837 2.61306 1 1 1
v -0.380663 4.47175 2.61051 1 1 1
v -0.371262 4.46477 2.60783 1 1 1
v -0.220626 4.46477 2.60783 1 1 1
v 0.220626 4.46477 2.60783 1 1 1
v 0.380663 4.47175 2.61051 1 1 1
v 0.371262 4.46477 2.60783 1 1 1
v 0.400184 4.47837 2.61306 1 1 1
v 0.419705 4.47881 2.61323 1 1 1
v 0.439226 4.476 2.61215 1 1 1
v 0.458748 4.47172 2.6105 1 1 1
v 0.478269 4.46685 2.60863 1 1 1
v 0.486335 4.46477 2.60783 1 1 1
v -0.556353 4.44737 2.60115 1 1 1
v -0.559562 4.44655 2.60083 1 1 1
v -0.536832 4.45234 2.60305 1 1 1
v -0.517311 4.45718 2.60492 1 1 1
v -0.49779 4.46197 2.60675 1 1 1
v -0.361142 4.45551 2.60427 1 1 1
v -0.353589 4.44655 2.60083 1 1 1
v -0.21534 4.44655 2.60083 1 1 1
v 0.21534 4.44655 2.60083 1 1 1
v 0.361142 4.45551 2.60427 1 1 1
v 0.353589 4.44655 2.60083 1 1 1
v 0.49779 4.46197 2.60675 1 1 1
v 0.517311 4.45718 2.60492 1 1 1
v 0.536832 4.45234 2.60305 1 1 1
v 0.556353 4.44737 2.60115 1 1 1
v 0.559562 4.44655 2.60083 1 1 1
v -0.614917 4.43288 2.59558 1 1 1
v -0.632859 4.42832 2.59383 1 1 1
v -0.595396 4.43774 2.59745 1 1 1
v -0.575874 4.44255 2.59929 1 1 1
v -0.34162 4.43046 2.59465 1 1 1
v -0.340027 4.42832 2.59383 1 1 1
v -0.207729 4.42832 2.59383 1 1 1
v 0.207729 4.42832 2.59383 1 1 1
v 0.34162 4.43046 2.59465 1 1 1
v 0.340027 4.42832 2.59383 1 1 1
v 0.575874 4.44255 2.59929 1 1 1
v 0.595396 4.43774 2.59745 1 1 1
v 0.614917 4.43288 2.59558 1 1 1
v 0.632859 4.42832 2.59383 1 1 1
v -0.693001 4.41345 2.58811 1 1 1
v -0.706225 4.4101 2.58683 1 1 1
v -0.67348 4.41832 2.58998 1 1 1
v -0.653959 4.42314 2.59183 1 1 1
v -0.634438 4.42794 2.59368 1 1 1
v -0.326976 4.4101 2.58683 1 1 1
v -0.204972 4.42231 2.59152 1 1 1
v -0.199687 4.4101 2.58683 1 1 1
v 0.204972 4.42231 2.59152 1 1 1
v 0.199687 4.4101 2.58683 1 1 1
v 0.326976 4.4101 2.58683 1 1 1
v 0.634438 4.42794 2.59368 1 1 1
v 0.653959 4.42314 2.59183 1 1 1
v 0.67348 4.41832 2.58998 1 1 1
v 0.693002 4.41345 2.58811 1 1 1
v 0.706225 4.4101 2.58683 1 1 1
v -0.771086 4.39311 2.5803 1 1 1
v -0.775187 4.39188 2.57982 1 1 1
v -0.751565 4.39856 2.58239 1 1 1
v -0.732044 4.40365 2.58435 1 1 1
v -0.712523 4.40854 2.58623 1 1 1
v -0.322099 4.4031 2.58414 1 1 1
v -0.313811 4.39188 2.57982 1 1 1
v -0.191743 4.39188 2.57982 1 1 1
v 0.191743 4.39188 2.57982 1 1 1
v 0.322099 4.4031 2.58414 1 1 1
v 0.313811 4.39188 2.57982 1 1 1
v 0.712523 4.40854 2.58623 1 1 1
v 0.732044 4.40365 2.58435 1 1 1
v 0.751565 4.39856 2.58239 1 1 1
v 0.771086 4.39311 2.5803 1 1 1
v 0.775187 4.39188 2.57982 1 1 1
v -0.810128 4.37632 2.57385 1 1 1
v -0.814393 4.37366 2.57282 1 1 1
v -0.790607 4.38599 2.57756 1 1 1
v -0.302578 4.37594 2.5737 1 1 1
v -0.300806 4.37366 2.57282 1 1 1
v -0.185451 4.37885 2.57482 1 1 1
v -0.18283 4.37366 2.57282 1 1 1
v 0.185451 4.37885 2.57482 1 1 1
v 0.182831 4.37366 2.57282 1 1 1
v 0.302578 4.37594 2.5737 1 1 1
v 0.300806 4.37366 2.57282 1 1 1
v 0.790607 4.38599 2.57756 1 1 1
v 0.810129 4.37632 2.57385 1 1 1
v 0.814393 4.37366 2.57282 1 1 1
v -0.823209 4.35544 2.56582 1 1 1
v -0.286499 4.35544 2.56582 1 1 1
v -0.172231 4.35544 2.56582 1 1 1
v 0.172231 4.35544 2.56582 1 1 1
v 0.286499 4.35544 2.56582 1 1 1
v 0.823209 4.35544 2.56582 1 1 1
v -0.81698 4.33721 2.55882 1 1 1
v -0.283057 4.35138 2.56426 1 1 1
v -0.267795 4.33721 2.55882 1 1 1
v -0.16593 4.34718 2.56265 1 1 1
v -0.16026 4.33721 2.55882 1 1 1
v 0.16593 4.34718 2.56265 1 1 1
v 0.16026 4.33721 2.55882 1 1 1
v 0.283057 4.35138 2.56426 1 1 1
v 0.267795 4.33721 2.55882 1 1 1
v 0.81698 4.33721 2.55882 1 1 1
v -0.810128 4.32817 2.55534 1 1 1
v -0.803638 4.31899 2.55182 1 1 1
v -0.263536 4.33378 2.5575 1 1 1
v -0.244015 4.32086 2.55253 1 1 1
v -0.241306 4.31899 2.55182 1 1 1
v -0.149814 4.31899 2.55182 1 1 1
v 0.149814 4.31899 2.55182 1 1 1
v 0.244015 4.32086 2.55253 1 1 1
v 0.241306 4.31899 2.55182 1 1 1
v 0.263536 4.33378 2.5575 1 1 1
v 0.810129 4.32817 2.55534 1 1 1
v 0.803638 4.31899 2.55182 1 1 1
v -0.790607 4.30466 2.54631 1 1 1
v -0.787194 4.30077 2.54481 1 1 1
v -0.224493 4.30292 2.54564 1 1 1
v -0.222953 4.30077 2.54481 1 1 1
v -0.146409 4.31277 2.54943 1 1 1
v -0.142285 4.30077 2.54481 1 1 1
v 0.146409 4.31277 2.54943 1 1 1
v 0.142285 4.30077 2.54481 1 1 1
v 0.224494 4.30292 2.54564 1 1 1
v 0.222953 4.30077 2.54481 1 1 1
v 0.790607 4.30466 2.54631 1 1 1
v 0.787194 4.30077 2.54481 1 1 1
v -0.771086 4.28419 2.53844 1 1 1
v -0.769517 4.28255 2.53781 1 1 1
v -0.213612 4.28255 2.53781 1 1 1
v -0.13701 4.28255 2.53781 1 1 1
v 0.13701 4.28255 2.53781 1 1 1
v 0.213612 4.28255 2.53781 1 1 1
v 0.771086 4.28419 2.53844 1 1 1
v 0.769517 4.28255 2.53781 1 1 1
v -0.751565 4.26438 2.53083 1 1 1
v -0.751515 4.26432 2.53081 1 1 1
v -0.207703 4.26432 2.53081 1 1 1
v -0.132627 4.26432 2.53081 1 1 1
v 0.132627 4.26432 2.53081 1 1 1
v 0.207703 4.26432 2.53081 1 1 1
v 0.751565 4.26438 2.53083 1 1 1
v 0.751515 4.26432 2.53081 1 1 1
v -0.733545 4.2461 2.52381 1 1 1
v -0.204972 4.25484 2.52717 1 1 1
v -0.201869 4.2461 2.52381 1 1 1
v -0.129063 4.2461 2.52381 1 1 1
v 0.129063 4.2461 2.52381 1 1 1
v 0.204972 4.25484 2.52717 1 1 1
v 0.201869 4.2461 2.52381 1 1 1
v 0.733545 4.2461 2.52381 1 1 1
v -0.732044 4.24458 2.52322 1 1 1
v -0.715574 4.22788 2.51681 1 1 1
v -0.195212 4.22788 2.51681 1 1 1
v -0.126888 4.23345 2.51895 1 1 1
v -0.126124 4.22788 2.51681 1 1 1
v 0.126888 4.23346 2.51895 1 1 1
v 0.126124 4.22788 2.51681 1 1 1
v 0.195212 4.22788 2.51681 1 1 1
v 0.732044 4.24458 2.52322 1 1 1
v 0.715574 4.22788 2.51681 1 1 1
v -0.712523 4.22478 2.51562 1 1 1
v -0.697578 4.20966 2.50981 1 1 1
v -0.188608 4.20966 2.50981 1 1 1
v -0.122791 4.20966 2.50981 1 1 1
v 0.122791 4.20966 2.50981 1 1 1
v 0.188609 4.20966 2.50981 1 1 1
v 0.712523 4.22478 2.51562 1 1 1
v 0.697578 4.20966 2.50981 1 1 1
v -0.693001 4.20503 2.50803 1 1 1
v -0.679512 4.19144 2.5028 1 1 1
v -0.185451 4.1991 2.50575 1 1 1
v -0.181298 4.19144 2.5028 1 1 1
v -0.113114 4.19144 2.5028 1 1 1
v 0.113114 4.19144 2.5028 1 1 1
v 0.185451 4.1991 2.50575 1 1 1
v 0.181298 4.19144 2.5028 1 1 1
v 0.693002 4.20503 2.50803 1 1 1
v 0.679512 4.19144 2.5028 1 1 1
v -0.67348 4.18538 2.50048 1 1 1
v -0.661305 4.17321 2.4958 1 1 1
v -0.178903 4.17321 2.4958 1 1 1
v -0.107366 4.18675 2.501 1 1 1
v -0.0878452 4.17401 2.49611 1 1 1
v -0.08637 4.17321 2.4958 1 1 1
v 0.0878453 4.17401 2.49611 1 1 1
v 0.08637 4.17321 2.4958 1 1 1
v 0.107366 4.18675 2.501 1 1 1
v 0.178903 4.17321 2.4958 1 1 1
v 0.67348 4.18538 2.50048 1 1 1
v 0.661305 4.17321 2.4958 1 1 1
v -0.653959 4.16591 2.49299 1 1 1
v -0.642948 4.15499 2.4888 1 1 1
v -0.185451 4.16188 2.49145 1 1 1
v -0.189345 4.15499 2.4888 1 1 1
v -0.0683241 4.16479 2.49256 1 1 1
v -0.0488029 4.15845 2.49013 1 1 1
v -0.0307619 4.15499 2.4888 1 1 1
v 0.048803 4.15845 2.49013 1 1 1
v 0.0307618 4.15499 2.4888 1 1 1
v 0.0683241 4.16479 2.49256 1 1 1
v 0.185451 4.16188 2.49145 1 1 1
v 0.189345 4.15499 2.4888 1 1 1
v 0.653959 4.16591 2.49299 1 1 1
v 0.642948 4.15499 2.4888 1 1 1
v -0.634438 4.14657 2.48557 1 1 1
v -0.624491 4.13677 2.4818 1 1 1
v -0.204972 4.14484 2.4849 1 1 1
v -0.22214 4.13677 2.4818 1 1 1
v -0.0292817 4.15466 2.48867 1 1 1
v -0.0097605 4.15258 2.48787 1 1 1
v 0.00976062 4.15258 2.48787 1 1 1
v 0.0292817 4.15466 2.48867 1 1 1
v 0.204972 4.14484 2.4849 1 1 1
v 0.22214 4.13677 2.4818 1 1 1
v 0.634438 4.14657 2.48557 1 1 1
v 0.624491 4.13677 2.4818 1 1 1
v -0.614917 4.12739 2.47819 1 1 1
v -0.605425 4.11855 2.4748 1 1 1
v -0.283057 4.12003 2.47537 1 1 1
v -0.290499 4.11855 2.4748 1 1 1
v -0.263536 4.12421 2.47697 1 1 1
v -0.244015 4.12931 2.47893 1 1 1
v -0.224493 4.13589 2.48146 1 1 1
v 0.224494 4.13589 2.48146 1 1 1
v 0.244015 4.12931 2.47893 1 1 1
v 0.263536 4.12421 2.47697 1 1 1
v 0.283057 4.12003 2.47537 1 1 1
v 0.290499 4.11855 2.4748 1 1 1
v 0.614917 4.12739 2.47819 1 1 1
v 0.605425 4.11855 2.4748 1 1 1
v -0.595396 4.10951 2.47132 1 1 1
v -0.58257 4.10032 2.46779 1 1 1
v -0.380663 4.10043 2.46783 1 1 1
v -0.381357 4.10032 2.46779 1 1 1
v -0.361142 4.10368 2.46908 1 1 1
v -0.34162 4.10724 2.47045 1 1 1
v -0.322099 4.11119 2.47197 1 1 1
v -0.302578 4.11559 2.47366 1 1 1
v 0.302578 4.11559 2.47366 1 1 1
v 0.322099 4.11119 2.47197 1 1 1
v 0.34162 4.10724 2.47045 1 1 1
v 0.361142 4.10368 2.46908 1 1 1
v 0.380663 4.10043 2.46783 1 1 1
v 0.381357 4.10032 2.46779 1 1 1
v 0.595396 4.10951 2.47132 1 1 1
v 0.58257 4.10032 2.46779 1 1 1
v -0.575874 4.0958 2.46606 1 1 1
v -0.556353 4.08803 2.46307 1 1 1
v -0.536832 4.08539 2.46205 1 1 1
v -0.517311 4.0859 2.46225 1 1 1
v -0.49779 4.08775 2.46296 1 1 1
v -0.478269 4.0897 2.46371 1 1 1
v -0.458747 4.09129 2.46432 1 1 1
v -0.439226 4.09272 2.46487 1 1 1
v -0.419705 4.09452 2.46556 1 1 1
v -0.400184 4.09705 2.46654 1 1 1
v 0.400184 4.09705 2.46654 1 1 1
v 0.419705 4.09452 2.46556 1 1 1
v 0.439226 4.09272 2.46487 1 1 1
v 0.458748 4.09129 2.46432 1 1 1
v 0.478269 4.0897 2.46371 1 1 1
v 0.49779 4.08775 2.46296 1 1 1
v 0.517311 4.0859 2.46225 1 1 1
v 0.536832 4.08539 2.46205 1 1 1
v 0.556353 4.08803 2.46307 1 1 1
v 0.575874 4.0958 2.46606 1 1 1
v -0.204972 4.56177 2.46887 1 1 1
v -0.2084 4.5602 2.46828 1 1 1
v -0.185451 4.56676 2.47071 1 1 1
v -0.16593 4.56911 2.47158 1 1 1
v -0.146409 4.57039 2.47205 1 1 1
v -0.126888 4.57134 2.4724 1 1 1
v -0.107366 4.57228 2.47275 1 1 1
v -0.0878452 4.57323 2.4731 1 1 1
v -0.0683241 4.574 2.47339 1 1 1
v -0.0488029 4.57449 2.47357 1 1 1
v -0.0292817 4.57472 2.47365 1 1 1
v -0.0097605 4.57479 2.47368 1 1 1
v 0.00976062 4.57479 2.47368 1 1 1
v 0.0292817 4.57472 2.47365 1 1 1
v 0.048803 4.57449 2.47357 1 1 1
v 0.0683241 4.574 2.47339 1 1 1
v 0.0878453 4.57323 2.4731 1 1 1
v 0.107366 4.57228 2.47275 1 1 1
v 0.126888 4.57134 2.4724 1 1 1
v 0.146409 4.57039 2.47205 1 1 1
v 0.16593 4.56911 2.47158 1 1 1
v 0.185451 4.56676 2.47071 1 1 1
v 0.204972 4.56177 2.46887 1 1 1
v 0.2084 4.5602 2.46828 1 1 1
v -0.224332 4.54189 2.46151 1 1 1
v 0.224332 4.54189 2.46151 1 1 1
v -0.49779 4.52482 2.4552 1 1 1
v -0.502652 4.52358 2.45475 1 1 1
v -0.478269 4.52974 2.45702 1 1 1
v -0.458747 4.53446 2.45877 1 1 1
v -0.439226 4.53866 2.46032 1 1 1
v -0.419705 4.54156 2.46139 1 1 1
v -0.400184 4.54138 2.46133 1 1 1
v -0.380663 4.5352 2.45904 1 1 1
v -0.365457 4.52358 2.45475 1 1 1
v -0.223693 4.52358 2.45475 1 1 1
v 0.223693 4.52358 2.45475 1 1 1
v 0.380663 4.5352 2.45904 1 1 1
v 0.365457 4.52358 2.45475 1 1 1
v 0.400184 4.54138 2.46133 1 1 1
v 0.419705 4.54156 2.46139 1 1 1
v 0.439226 4.53866 2.46032 1 1 1
v 0.458748 4.53446 2.45877 1 1 1
v 0.478269 4.52974 2.45702 1 1 1
v 0.49779 4.52482 2.4552 1 1 1
v 0.502652 4.52358 2.45475 1 1 1
v -0.575874 4.50567 2.44813 1 1 1
v -0.577459 4.50527 2.44798 1 1 1
v -0.556353 4.5106 2.44995 1 1 1
v -0.536832 4.51539 2.45172 1 1 1
v -0.517311 4.52008 2.45345 1 1 1
v -0.361142 4.5195 2.45324 1 1 1
v -0.349484 4.50527 2.44798 1 1 1
v -0.217834 4.50527 2.44798 1 1 1
v 0.217835 4.50527 2.44798 1 1 1
v 0.361142 4.5195 2.45324 1 1 1
v 0.349484 4.50527 2.44798 1 1 1
v 0.517311 4.52008 2.45345 1 1 1
v 0.536832 4.51539 2.45172 1 1 1
v 0.556353 4.5106 2.44995 1 1 1
v 0.575874 4.50567 2.44813 1 1 1
v 0.577459 4.50527 2.44798 1 1 1
v -0.634438 4.49148 2.44288 1 1 1
v -0.65236 4.48696 2.44121 1 1 1
v -0.614917 4.49627 2.44465 1 1 1
v -0.595396 4.50097 2.44639 1 1 1
v -0.34162 4.49437 2.44395 1 1 1
v -0.336257 4.48696 2.44121 1 1 1
v -0.209929 4.48696 2.44121 1 1 1
v 0.209929 4.48696 2.44121 1 1 1
v 0.34162 4.49437 2.44395 1 1 1
v 0.336257 4.48696 2.44121 1 1 1
v 0.595396 4.50097 2.44639 1 1 1
v 0.614917 4.49627 2.44465 1 1 1
v 0.634438 4.49148 2.44288 1 1 1
v 0.65236 4.48696 2.44121 1 1 1
v -0.712523 4.47237 2.43582 1 1 1
v -0.727366 4.46865 2.43444 1 1 1
v -0.693001 4.47716 2.43759 1 1 1
v -0.67348 4.48188 2.43933 1 1 1
v -0.653959 4.48657 2.44107 1 1 1
v -0.323788 4.46865 2.43444 1 1 1
v -0.204972 4.47663 2.43739 1 1 1
v -0.201369 4.46865 2.43444 1 1 1
v 0.204972 4.47663 2.43739 1 1 1
v 0.201369 4.46865 2.43444 1 1 1
v 0.323788 4.46865 2.43444 1 1 1
v 0.653959 4.48657 2.44107 1 1 1
v 0.67348 4.48188 2.43933 1 1 1
v 0.693002 4.47716 2.43759 1 1 1
v 0.712523 4.47237 2.43582 1 1 1
v 0.727366 4.46865 2.43444 1 1 1
v -0.790607 4.45172 2.42818 1 1 1
v -0.794868 4.45034 2.42767 1 1 1
v -0.771086 4.45745 2.4303 1 1 1
v -0.751565 4.46262 2.43221 1 1 1
v -0.732044 4.4675 2.43402 1 1 1
v -0.322099 4.46615 2.43352 1 1 1
v -0.310763 4.45034 2.42767 1 1 1
v -0.193142 4.45034 2.42767 1 1 1
v 0.193142 4.45034 2.42767 1 1 1
v 0.322099 4.46615 2.43352 1 1 1
v 0.310763 4.45034 2.42767 1 1 1
v 0.732044 4.4675 2.43402 1 1 1
v 0.751565 4.46262 2.43221 1 1 1
v 0.771086 4.45745 2.4303 1 1 1
v 0.790607 4.45172 2.42818 1 1 1
v 0.794868 4.45034 2.42767 1 1 1
v -0.810128 4.44348 2.42514 1 1 1
v -0.828517 4.43203 2.4209 1 1 1
v -0.302578 4.43835 2.42324 1 1 1
v -0.29783 4.43203 2.4209 1 1 1
v -0.185451 4.43512 2.42205 1 1 1
v -0.183848 4.43203 2.4209 1 1 1
v 0.185451 4.43512 2.42205 1 1 1
v 0.183848 4.43203 2.4209 1 1 1
v 0.302578 4.43835 2.42324 1 1 1
v 0.29783 4.43203 2.4209 1 1 1
v 0.810129 4.44348 2.42514 1 1 1
v 0.828517 4.43203 2.4209 1 1 1
v -0.82965 4.42902 2.41979 1 1 1
v -0.833982 4.41372 2.41413 1 1 1
v -0.284226 4.41372 2.41413 1 1 1
v -0.173417 4.41372 2.41413 1 1 1
v 0.173417 4.41372 2.41413 1 1 1
v 0.284226 4.41372 2.41413 1 1 1
v 0.82965 4.42902 2.41979 1 1 1
v 0.833982 4.41372 2.41413 1 1 1
v -0.82965 4.40431 2.41066 1 1 1
v -0.826013 4.3954 2.40737 1 1 1
v -0.283057 4.41226 2.4136 1 1 1
v -0.266432 4.3954 2.40737 1 1 1
v -0.16593 4.40357 2.41039 1 1 1
v -0.161275 4.3954 2.40737 1 1 1
v 0.16593 4.40357 2.41039 1 1 1
v 0.161275 4.3954 2.40737 1 1 1
v 0.283057 4.41226 2.4136 1 1 1
v 0.266432 4.3954 2.40737 1 1 1
v 0.82965 4.40431 2.41066 1 1 1
v 0.826013 4.3954 2.40737 1 1 1
v -0.811742 4.37709 2.4006 1 1 1
v -0.263536 4.39279 2.4064 1 1 1
v -0.244015 4.37787 2.40088 1 1 1
v -0.242997 4.37709 2.4006 1 1 1
v -0.150793 4.37709 2.4006 1 1 1
v 0.150793 4.37709 2.4006 1 1 1
v 0.244015 4.37787 2.40088 1 1 1
v 0.242997 4.37709 2.4006 1 1 1
v 0.263536 4.39279 2.4064 1 1 1
v 0.811742 4.37709 2.4006 1 1 1
v -0.810128 4.3754 2.39997 1 1 1
v -0.794728 4.35878 2.39383 1 1 1
v -0.225175 4.35878 2.39383 1 1 1
v -0.146409 4.36928 2.39771 1 1 1
v -0.14254 4.35878 2.39383 1 1 1
v 0.146409 4.36928 2.39771 1 1 1
v 0.14254 4.35878 2.39383 1 1 1
v 0.225175 4.35878 2.39383 1 1 1
v 0.810129 4.3754 2.39997 1 1 1
v 0.794728 4.35878 2.39383 1 1 1
v -0.790607 4.35463 2.39229 1 1 1
v -0.776645 4.34047 2.38706 1 1 1
v -0.224493 4.35779 2.39346 1 1 1
v -0.214976 4.34047 2.38706 1 1 1
v -0.136698 4.34047 2.38706 1 1 1
v 0.136698 4.34047 2.38706 1 1 1
v 0.224494 4.3578 2.39346 1 1 1
v 0.214976 4.34047 2.38706 1 1 1
v 0.790607 4.35463 2.39229 1 1 1
v 0.776645 4.34047 2.38706 1 1 1
v -0.771086 4.33491 2.385 1 1 1
v -0.758315 4.32216 2.38029 1 1 1
v -0.208402 4.32216 2.38029 1 1 1
v -0.131583 4.32216 2.38029 1 1 1
v 0.131583 4.32216 2.38029 1 1 1
v 0.208402 4.32216 2.38029 1 1 1
v 0.771086 4.33492 2.385 1 1 1
v 0.758315 4.32216 2.38029 1 1 1
v -0.751565 4.31542 2.3778 1 1 1
v -0.739975 4.30385 2.37352 1 1 1
v -0.204972 4.31132 2.37628 1 1 1
v -0.202079 4.30385 2.37352 1 1 1
v -0.127032 4.30385 2.37352 1 1 1
v 0.127033 4.30385 2.37352 1 1 1
v 0.204972 4.31132 2.37628 1 1 1
v 0.202079 4.30385 2.37352 1 1 1
v 0.751565 4.31542 2.3778 1 1 1
v 0.739975 4.30385 2.37352 1 1 1
v -0.732044 4.29593 2.37059 1 1 1
v -0.721633 4.28554 2.36675 1 1 1
v -0.194862 4.28554 2.36675 1 1 1
v -0.126888 4.30316 2.37327 1 1 1
v -0.12398 4.28554 2.36675 1 1 1
v 0.126888 4.30316 2.37327 1 1 1
v 0.12398 4.28554 2.36675 1 1 1
v 0.194862 4.28554 2.36675 1 1 1
v 0.732044 4.29593 2.37059 1 1 1
v 0.721633 4.28554 2.36675 1 1 1
v -0.712523 4.27645 2.36339 1 1 1
v -0.703272 4.26723 2.35999 1 1 1
v -0.187848 4.26723 2.35999 1 1 1
v -0.119542 4.26723 2.35999 1 1 1
v 0.119542 4.26723 2.35999 1 1 1
v 0.187849 4.26723 2.35999 1 1 1
v 0.712523 4.27645 2.36339 1 1 1
v 0.703272 4.26723 2.35999 1 1 1
v -0.693001 4.25701 2.35621 1 1 1
v -0.684846 4.24892 2.35322 1 1 1
v -0.185451 4.25959 2.35716 1 1 1
v -0.179788 4.24892 2.35322 1 1 1
v -0.107525 4.24892 2.35322 1 1 1
v 0.107525 4.24892 2.35322 1 1 1
v 0.185451 4.25959 2.35716 1 1 1
v 0.179788 4.24892 2.35322 1 1 1
v 0.693002 4.25701 2.35621 1 1 1
v 0.684846 4.24892 2.35322 1 1 1
v -0.67348 4.23769 2.34907 1 1 1
v -0.666282 4.23061 2.34645 1 1 1
v -0.177052 4.23061 2.34645 1 1 1
v -0.107366 4.24879 2.35317 1 1 1
v -0.0878452 4.23378 2.34762 1 1 1
v -0.0824906 4.23061 2.34645 1 1 1
v 0.0878453 4.23378 2.34762 1 1 1
v 0.0824906 4.23061 2.34645 1 1 1
v 0.107366 4.24879 2.35317 1 1 1
v 0.177052 4.23061 2.34645 1 1 1
v 0.67348 4.23769 2.34907 1 1 1
v 0.666282 4.23061 2.34645 1 1 1
v -0.653959 4.21854 2.34199 1 1 1
v -0.647563 4.2123 2.33968 1 1 1
v -0.185451 4.21489 2.34064 1 1 1
v -0.186874 4.2123 2.33968 1 1 1
v -0.0683241 4.22347 2.34381 1 1 1
v -0.0488029 4.21636 2.34118 1 1 1
v -0.0293333 4.2123 2.33968 1 1 1
v 0.048803 4.21636 2.34118 1 1 1
v 0.0293332 4.2123 2.33968 1 1 1
v 0.0683241 4.22347 2.34381 1 1 1
v 0.185451 4.21489 2.34064 1 1 1
v 0.186874 4.2123 2.33968 1 1 1
v 0.653959 4.21854 2.34199 1 1 1
v 0.647563 4.2123 2.33968 1 1 1
v -0.634438 4.19952 2.33495 1 1 1
v -0.628745 4.19399 2.33291 1 1 1
v -0.204972 4.20044 2.33529 1 1 1
v -0.218971 4.19399 2.33291 1 1 1
v -0.0097605 4.21005 2.33885 1 1 1
v 0.00976062 4.21005 2.33885 1 1 1
v 0.204972 4.20044 2.33529 1 1 1
v 0.218971 4.19399 2.33291 1 1 1
v 0.634438 4.19952 2.33495 1 1 1
v 0.628745 4.19399 2.33291 1 1 1
v -0.614917 4.18064 2.32797 1 1 1
v -0.609518 4.17568 2.32614 1 1 1
v -0.283057 4.17676 2.32654 1 1 1
v -0.28852 4.17568 2.32614 1 1 1
v -0.263536 4.18083 2.32805 1 1 1
v -0.244015 4.18573 2.32986 1 1 1
v -0.224493 4.19197 2.33217 1 1 1
v 0.224494 4.19197 2.33217 1 1 1
v 0.244015 4.18573 2.32986 1 1 1
v 0.263536 4.18083 2.32805 1 1 1
v 0.283057 4.17676 2.32654 1 1 1
v 0.28852 4.17568 2.32614 1 1 1
v 0.614917 4.18064 2.32797 1 1 1
v 0.609518 4.17568 2.32614 1 1 1
v -0.595396 4.16312 2.3215 1 1 1
v -0.587224 4.15737 2.31938 1 1 1
v -0.361142 4.16049 2.32053 1 1 1
v -0.379664 4.15737 2.31938 1 1 1
v -0.34162 4.16404 2.32184 1 1 1
v -0.322099 4.16795 2.32329 1 1 1
v -0.302578 4.17229 2.32489 1 1 1
v 0.302578 4.17229 2.32489 1 1 1
v 0.322099 4.16795 2.32329 1 1 1
v 0.34162 4.16404 2.32184 1 1 1
v 0.361142 4.16049 2.32053 1 1 1
v 0.379664 4.15737 2.31938 1 1 1
v 0.595396 4.16312 2.3215 1 1 1
v 0.587224 4.15737 2.31938 1 1 1
v -0.575874 4.14982 2.31658 1 1 1
v -0.556353 4.14253 2.31389 1 1 1
v -0.536832 4.14022 2.31304 1 1 1
v -0.517311 4.14098 2.31331 1 1 1
v -0.49779 4.14302 2.31407 1 1 1
v -0.478269 4.14522 2.31488 1 1 1
v -0.458747 4.14712 2.31558 1 1 1
v -0.439226 4.14888 2.31624 1 1 1
v -0.419705 4.15096 2.31701 1 1 1
v -0.400184 4.15368 2.31801 1 1 1
v -0.380663 4.15717 2.3193 1 1 1
v 0.380663 4.15717 2.3193 1 1 1
v 0.400184 4.15368 2.31801 1 1 1
v 0.419705 4.15096 2.31701 1 1 1
v 0.439226 4.14888 2.31624 1 1 1
v 0.458748 4.14712 2.31558 1 1 1
v 0.478269 4.14522 2.31488 1 1 1
v 0.49779 4.14302 2.31407 1 1 1
v 0.517311 4.14098 2.31331 1 1 1
v 0.536832 4.14022 2.31304 1 1 1
v 0.556353 4.14253 2.31389 1 1 1
v 0.575874 4.14982 2.31658 1 1 1
v -0.204972 4.62238 2.31384 1 1 1
v -0.214902 4.61782 2.31226 1 1 1
v -0.185451 4.62685 2.31539 1 1 1
v -0.16593 4.62889 2.3161 1 1 1
v -0.146409 4.62996 2.31646 1 1 1
v -0.126888 4.63072 2.31673 1 1 1
v -0.107366 4.63145 2.31698 1 1 1
v -0.0878452 4.63219 2.31723 1 1 1
v -0.0683241 4.63279 2.31744 1 1 1
v -0.0488029 4.63317 2.31758 1 1 1
v -0.0292817 4.63335 2.31764 1 1 1
v -0.0097605 4.6334 2.31766 1 1 1
v 0.00976062 4.6334 2.31766 1 1 1
v 0.0292817 4.63335 2.31764 1 1 1
v 0.048803 4.63317 2.31758 1 1 1
v 0.0683241 4.63279 2.31744 1 1 1
v 0.0878453 4.63219 2.31723 1 1 1
v 0.107366 4.63145 2.31698 1 1 1
v 0.126888 4.63072 2.31673 1 1 1
v 0.146409 4.62996 2.31646 1 1 1
v 0.16593 4.62889 2.3161 1 1 1
v 0.185451 4.62685 2.31539 1 1 1
v 0.204972 4.62238 2.31384 1 1 1
v 0.214902 4.61782 2.31226 1 1 1
v -0.439226 4.59969 2.30599 1 1 1
v -0.440569 4.59937 2.30588 1 1 1
v -0.419705 4.60283 2.30708 1 1 1
v -0.400184 4.60281 2.30707 1 1 1
v -0.388061 4.59937 2.30588 1 1 1
v -0.224493 4.60657 2.30837 1 1 1
v -0.227947 4.59937 2.30588 1 1 1
v 0.224494 4.60657 2.30837 1 1 1
v 0.227947 4.59937 2.30588 1 1 1
v 0.400184 4.60281 2.30707 1 1 1
v 0.388061 4.59937 2.30588 1 1 1
v 0.419705 4.60283 2.30708 1 1 1
v 0.439226 4.59969 2.30599 1 1 1
v 0.440569 4.59937 2.30588 1 1 1
v -0.517311 4.58126 2.29961 1 1 1
v -0.518636 4.58092 2.2995 1 1 1
v -0.49779 4.58616 2.30131 1 1 1
v -0.478269 4.59092 2.30295 1 1 1
v -0.458747 4.5955 2.30454 1 1 1
v -0.380663 4.59695 2.30504 1 1 1
v -0.361142 4.58173 2.29978 1 1 1
v -0.3604 4.58092 2.2995 1 1 1
v -0.226587 4.58092 2.2995 1 1 1
v 0.226587 4.58092 2.2995 1 1 1
v 0.361142 4.58173 2.29978 1 1 1
v 0.3604 4.58092 2.2995 1 1 1
v 0.380663 4.59695 2.30504 1 1 1
v 0.458748 4.5955 2.30454 1 1 1
v 0.478269 4.59092 2.30295 1 1 1
v 0.49779 4.58616 2.30131 1 1 1
v 0.517311 4.58126 2.29961 1 1 1
v 0.518636 4.58092 2.2995 1 1 1
v -0.575874 4.56727 2.29477 1 1 1
v -0.594986 4.56247 2.29311 1 1 1
v -0.556353 4.57203 2.29642 1 1 1
v -0.536832 4.57667 2.29802 1 1 1
v -0.345825 4.56247 2.29311 1 1 1
v -0.224493 4.57544 2.2976 1 1 1
v -0.220151 4.56247 2.29311 1 1 1
v 0.224494 4.57544 2.2976 1 1 1
v 0.220151 4.56247 2.29311 1 1 1
v 0.345825 4.56247 2.29311 1 1 1
v 0.536832 4.57667 2.29802 1 1 1
v 0.556353 4.57203 2.29642 1 1 1
v 0.575874 4.56727 2.29477 1 1 1
v 0.594986 4.56247 2.29311 1 1 1
v -0.653959 4.5484 2.28824 1 1 1
v -0.67141 4.54403 2.28673 1 1 1
v -0.634438 4.55316 2.28989 1 1 1
v -0.614917 4.5578 2.2915 1 1 1
v -0.595396 4.56238 2.29308 1 1 1
v -0.34162 4.55647 2.29103 1 1 1
v -0.332895 4.54403 2.28673 1 1 1
v -0.211977 4.54403 2.28673 1 1 1
v 0.211977 4.54403 2.28673 1 1 1
v 0.34162 4.55647 2.29103 1 1 1
v 0.332895 4.54403 2.28673 1 1 1
v 0.595396 4.56238 2.29308 1 1 1
v 0.614917 4.5578 2.2915 1 1 1
v 0.634438 4.55316 2.28989 1 1 1
v 0.653959 4.5484 2.28824 1 1 1
v 0.67141 4.54403 2.28673 1 1 1
v -0.732044 4.52955 2.28172 1 1 1
v -0.74792 4.52558 2.28035 1 1 1
v -0.712523 4.5343 2.28336 1 1 1
v -0.693001 4.53894 2.28497 1 1 1
v -0.67348 4.54354 2.28656 1 1 1
v -0.322099 4.52749 2.28101 1 1 1
v -0.320737 4.52558 2.28035 1 1 1
v -0.204972 4.52997 2.28187 1 1 1
v -0.20292 4.52558 2.28035 1 1 1
v 0.204972 4.52997 2.28187 1 1 1
v 0.20292 4.52558 2.28035 1 1 1
v 0.322099 4.52749 2.28101 1 1 1
v 0.320737 4.52558 2.28035 1 1 1
v 0.67348 4.54354 2.28656 1 1 1
v 0.693002 4.53894 2.28497 1 1 1
v 0.712523 4.5343 2.28336 1 1 1
v 0.732044 4.52955 2.28172 1 1 1
v 0.74792 4.52558 2.28035 1 1 1
v -0.810128 4.50813 2.27431 1 1 1
v -0.812894 4.50713 2.27396 1 1 1
v -0.790607 4.51436 2.27646 1 1 1
v -0.771086 4.51975 2.27833 1 1 1
v -0.751565 4.52468 2.28004 1 1 1
v -0.308042 4.50713 2.27396 1 1 1
v -0.194423 4.50713 2.27396 1 1 1
v 0.194423 4.50713 2.27396 1 1 1
v 0.308042 4.50713 2.27396 1 1 1
v 0.751565 4.52468 2.28004 1 1 1
v 0.771086 4.51975 2.27833 1 1 1
v 0.790607 4.51436 2.27646 1 1 1
v 0.810129 4.50813 2.27431 1 1 1
v 0.812894 4.50713 2.27396 1 1 1
v -0.82965 4.49774 2.27071 1 1 1
v -0.841058 4.48868 2.26758 1 1 1
v -0.302578 4.49887 2.2711 1 1 1
v -0.295191 4.48868 2.26758 1 1 1
v -0.185451 4.49002 2.26804 1 1 1
v -0.184744 4.48868 2.26758 1 1 1
v 0.185451 4.49002 2.26804 1 1 1
v 0.184744 4.48868 2.26758 1 1 1
v 0.302578 4.49887 2.2711 1 1 1
v 0.295191 4.48868 2.26758 1 1 1
v 0.82965 4.49774 2.27071 1 1 1
v 0.841058 4.48868 2.26758 1 1 1
v -0.843802 4.47023 2.26119 1 1 1
v -0.283057 4.4715 2.26163 1 1 1
v -0.281977 4.47023 2.26119 1 1 1
v -0.174428 4.47023 2.26119 1 1 1
v 0.174428 4.47023 2.26119 1 1 1
v 0.283057 4.4715 2.26163 1 1 1
v 0.281977 4.47023 2.26119 1 1 1
v 0.843802 4.47023 2.26119 1 1 1
v -0.834426 4.45179 2.25481 1 1 1
v -0.265298 4.45179 2.25481 1 1 1
v -0.16593 4.45835 2.25708 1 1 1
v -0.162198 4.45179 2.25481 1 1 1
v 0.16593 4.45835 2.25708 1 1 1
v 0.162198 4.45179 2.25481 1 1 1
v 0.265298 4.45179 2.25481 1 1 1
v 0.834426 4.45179 2.25481 1 1 1
v -0.82965 4.44616 2.25286 1 1 1
v -0.819362 4.43334 2.24843 1 1 1
v -0.263536 4.45002 2.2542 1 1 1
v -0.24437 4.43334 2.24843 1 1 1
v -0.151697 4.43334 2.24843 1 1 1
v 0.151697 4.43334 2.24843 1 1 1
v 0.263536 4.45002 2.2542 1 1 1
v 0.24437 4.43334 2.24843 1 1 1
v 0.82965 4.44616 2.25286 1 1 1
v 0.819362 4.43334 2.24843 1 1 1
v -0.810128 4.42374 2.24511 1 1 1
v -0.801815 4.41489 2.24204 1 1 1
v -0.244015 4.43301 2.24832 1 1 1
v -0.227136 4.41489 2.24204 1 1 1
v -0.146409 4.42409 2.24523 1 1 1
v -0.142798 4.41489 2.24204 1 1 1
v 0.146409 4.42409 2.24523 1 1 1
v 0.142798 4.41489 2.24204 1 1 1
v 0.244015 4.43301 2.24832 1 1 1
v 0.227136 4.41489 2.24204 1 1 1
v 0.810129 4.42374 2.24511 1 1 1
v 0.801815 4.41489 2.24204 1 1 1
v -0.790607 4.40374 2.23819 1 1 1
v -0.783326 4.39644 2.23566 1 1 1
v -0.224493 4.41092 2.24067 1 1 1
v -0.216381 4.39644 2.23566 1 1 1
v -0.136374 4.39644 2.23566 1 1 1
v 0.136374 4.39644 2.23566 1 1 1
v 0.224494 4.41092 2.24067 1 1 1
v 0.216381 4.39644 2.23566 1 1 1
v 0.790607 4.40374 2.23819 1 1 1
v 0.783326 4.39644 2.23566 1 1 1
v -0.771086 4.38435 2.23147 1 1 1
v -0.764649 4.37799 2.22928 1 1 1
v -0.20912 4.37799 2.22928 1 1 1
v -0.130467 4.37799 2.22928 1 1 1
v 0.130467 4.37799 2.22928 1 1 1
v 0.20912 4.37799 2.22928 1 1 1
v 0.771086 4.38435 2.23147 1 1 1
v 0.764649 4.37799 2.22928 1 1 1
v -0.751565 4.36507 2.2248 1 1 1
v -0.745966 4.35955 2.22289 1 1 1
v -0.204972 4.36595 2.22511 1 1 1
v -0.202291 4.35955 2.22289 1 1 1
v -0.126888 4.36568 2.22502 1 1 1
v -0.125495 4.35955 2.22289 1 1 1
v 0.126888 4.36568 2.22502 1 1 1
v 0.125495 4.35955 2.22289 1 1 1
v 0.204972 4.36595 2.22511 1 1 1
v 0.202291 4.35955 2.22289 1 1 1
v 0.751565 4.36507 2.2248 1 1 1
v 0.745966 4.35955 2.22289 1 1 1
v -0.732044 4.3458 2.21814 1 1 1
v -0.727279 4.3411 2.21651 1 1 1
v -0.194513 4.3411 2.21651 1 1 1
v -0.121618 4.3411 2.21651 1 1 1
v 0.121618 4.3411 2.21651 1 1 1
v 0.194513 4.3411 2.21651 1 1 1
v 0.732044 4.3458 2.21814 1 1 1
v 0.727279 4.3411 2.21651 1 1 1
v -0.712523 4.32653 2.21147 1 1 1
v -0.708579 4.32265 2.21013 1 1 1
v -0.187107 4.32265 2.21013 1 1 1
v -0.115876 4.32265 2.21013 1 1 1
v 0.115876 4.32265 2.21013 1 1 1
v 0.187107 4.32265 2.21013 1 1 1
v 0.712523 4.32653 2.21147 1 1 1
v 0.708579 4.32265 2.21013 1 1 1
v -0.693001 4.30732 2.20482 1 1 1
v -0.689823 4.3042 2.20374 1 1 1
v -0.185451 4.31758 2.20837 1 1 1
v -0.178493 4.3042 2.20374 1 1 1
v -0.107366 4.30981 2.20568 1 1 1
v -0.103299 4.3042 2.20374 1 1 1
v 0.107366 4.30981 2.20568 1 1 1
v 0.103299 4.3042 2.20374 1 1 1
v 0.185451 4.31758 2.20837 1 1 1
v 0.178493 4.3042 2.20374 1 1 1
v 0.693002 4.30732 2.20482 1 1 1
v 0.689823 4.3042 2.20374 1 1 1
v -0.67348 4.28823 2.19822 1 1 1
v -0.67093 4.28575 2.19736 1 1 1
v -0.175458 4.28575 2.19736 1 1 1
v -0.0878452 4.29164 2.1994 1 1 1
v -0.0788012 4.28575 2.19736 1 1 1
v 0.0878453 4.29164 2.1994 1 1 1
v 0.0788012 4.28575 2.19736 1 1 1
v 0.175458 4.28575 2.19736 1 1 1
v 0.67348 4.28823 2.19822 1 1 1
v 0.67093 4.28575 2.19736 1 1 1
v -0.653959 4.26932 2.19167 1 1 1
v -0.651876 4.26731 2.19098 1 1 1
v -0.184384 4.26731 2.19098 1 1 1
v -0.0683241 4.28002 2.19538 1 1 1
v -0.0488029 4.27203 2.19261 1 1 1
v -0.0292817 4.26755 2.19106 1 1 1
v -0.0268762 4.26731 2.19098 1 1 1
v 0.0292817 4.26755 2.19106 1 1 1
v 0.0268762 4.26731 2.19098 1 1 1
v 0.048803 4.27203 2.19261 1 1 1
v 0.0683241 4.28002 2.19538 1 1 1
v 0.184384 4.26731 2.19098 1 1 1
v 0.653959 4.26932 2.19167 1 1 1
v 0.651876 4.26731 2.19098 1 1 1
v -0.634438 4.2505 2.18516 1 1 1
v -0.632728 4.24886 2.18459 1 1 1
v -0.204972 4.25375 2.18628 1 1 1
v -0.215778 4.24886 2.18459 1 1 1
v -0.185451 4.26648 2.19069 1 1 1
v -0.0097605 4.26521 2.19025 1 1 1
v 0.00976062 4.26521 2.19025 1 1 1
v 0.185451 4.26648 2.19069 1 1 1
v 0.204972 4.25375 2.18628 1 1 1
v 0.215778 4.24886 2.18459 1 1 1
v 0.634438 4.2505 2.18516 1 1 1
v 0.632727 4.24886 2.18459 1 1 1
v -0.614917 4.23183 2.1787 1 1 1
v -0.613357 4.23041 2.17821 1 1 1
v -0.283057 4.23108 2.17844 1 1 1
v -0.286463 4.23041 2.17821 1 1 1
v -0.263536 4.23506 2.17982 1 1 1
v -0.244015 4.23977 2.18145 1 1 1
v -0.224493 4.24572 2.18351 1 1 1
v 0.224494 4.24572 2.18351 1 1 1
v 0.244015 4.23977 2.18145 1 1 1
v 0.263536 4.23506 2.17982 1 1 1
v 0.283057 4.23108 2.17844 1 1 1
v 0.286463 4.23041 2.17821 1 1 1
v 0.614917 4.23183 2.1787 1 1 1
v 0.613357 4.23041 2.17821 1 1 1
v -0.595396 4.21458 2.17273 1 1 1
v -0.591626 4.21196 2.17183 1 1 1
v -0.361142 4.21484 2.17282 1 1 1
v -0.378069 4.21196 2.17183 1 1 1
v -0.34162 4.21839 2.17405 1 1 1
v -0.322099 4.22228 2.1754 1 1 1
v -0.302578 4.22657 2.17688 1 1 1
v 0.302578 4.22657 2.17688 1 1 1
v 0.322099 4.22228 2.1754 1 1 1
v 0.34162 4.21839 2.17405 1 1 1
v 0.361142 4.21484 2.17282 1 1 1
v 0.378069 4.21196 2.17183 1 1 1
v 0.595396 4.21458 2.17273 1 1 1
v 0.591626 4.21196 2.17183 1 1 1
v -0.575874 4.20159 2.16824 1 1 1
v -0.556353 4.19473 2.16586 1 1 1
v -0.544817 4.19351 2.16544 1 1 1
v -0.517311 4.19369 2.1655 1 1 1
v -0.520945 4.19351 2.16544 1 1 1
v -0.49779 4.19593 2.16628 1 1 1
v -0.478269 4.19835 2.16711 1 1 1
v -0.458747 4.20052 2.16787 1 1 1
v -0.439226 4.20259 2.16858 1 1 1
v -0.419705 4.20494 2.1694 1 1 1
v -0.400184 4.20784 2.1704 1 1 1
v -0.380663 4.21142 2.17164 1 1 1
v 0.380663 4.21142 2.17164 1 1 1
v 0.400184 4.20784 2.1704 1 1 1
v 0.419705 4.20494 2.1694 1 1 1
v 0.439226 4.20259 2.16858 1 1 1
v 0.458748 4.20052 2.16787 1 1 1
v 0.478269 4.19835 2.16711 1 1 1
v 0.49779 4.19593 2.16628 1 1 1
v 0.517311 4.19369 2.1655 1 1 1
v 0.520945 4.19351 2.16544 1 1 1
v 0.556353 4.19473 2.16586 1 1 1
v 0.544818 4.19351 2.16544 1 1 1
v 0.575874 4.20159 2.16824 1 1 1
v -0.536832 4.19262 2.16513 1 1 1
v 0.536832 4.19262 2.16513 1 1 1
v -0.204972 4.67887 2.15954 1 1 1
v -0.221071 4.6715 2.15709 1 1 1
v -0.185451 4.68282 2.16086 1 1 1
v -0.16593 4.68457 2.16144 1 1 1
v -0.146409 4.68543 2.16173 1 1 1
v -0.126888 4.68601 2.16192 1 1 1
v -0.107366 4.68656 2.1621 1 1 1
v -0.0878452 4.68711 2.16229 1 1 1
v -0.0683241 4.68756 2.16244 1 1 1
v -0.0488029 4.68785 2.16253 1 1 1
v -0.0292817 4.68798 2.16258 1 1 1
v -0.0097605 4.68801 2.16259 1 1 1
v 0.00976062 4.68801 2.16259 1 1 1
v 0.0292817 4.68798 2.16258 1 1 1
v 0.048803 4.68785 2.16253 1 1 1
v 0.0683241 4.68756 2.16244 1 1 1
v 0.0878453 4.68711 2.16229 1 1 1
v 0.107366 4.68656 2.1621 1 1 1
v 0.126888 4.68601 2.16192 1 1 1
v 0.146409 4.68543 2.16173 1 1 1
v 0.16593 4.68457 2.16144 1 1 1
v 0.185451 4.68282 2.16086 1 1 1
v 0.204972 4.67887 2.15954 1 1 1
v 0.221071 4.6715 2.15709 1 1 1
v -0.439226 4.6569 2.15222 1 1 1
v -0.45625 4.65298 2.15091 1 1 1
v -0.419705 4.65999 2.15325 1 1 1
v -0.400184 4.66012 2.15329 1 1 1
v -0.380663 4.65461 2.15146 1 1 1
v -0.378065 4.65298 2.15091 1 1 1
v -0.224493 4.66744 2.15574 1 1 1
v -0.231313 4.65298 2.15091 1 1 1
v 0.224494 4.66744 2.15574 1 1 1
v 0.231313 4.65298 2.15091 1 1 1
v 0.380663 4.65461 2.15146 1 1 1
v 0.378065 4.65298 2.15091 1 1 1
v 0.400184 4.66012 2.15329 1 1 1
v 0.419705 4.65999 2.15325 1 1 1
v 0.439226 4.6569 2.15222 1 1 1
v 0.45625 4.65298 2.15091 1 1 1
v -0.517311 4.63872 2.14616 1 1 1
v -0.534399 4.63446 2.14474 1 1 1
v -0.49779 4.64342 2.14773 1 1 1
v -0.478269 4.64801 2.14926 1 1 1
v -0.458747 4.65246 2.15074 1 1 1
v -0.361142 4.63993 2.14657 1 1 1
v -0.356272 4.63446 2.14474 1 1 1
v -0.229302 4.63446 2.14474 1 1 1
v 0.229302 4.63446 2.14474 1 1 1
v 0.361142 4.63993 2.14657 1 1 1
v 0.356272 4.63446 2.14474 1 1 1
v 0.458748 4.65246 2.15074 1 1 1
v 0.478269 4.64801 2.14926 1 1 1
v 0.49779 4.64342 2.14773 1 1 1
v 0.517311 4.63872 2.14616 1 1 1
v 0.534399 4.63446 2.14474 1 1 1
v -0.595396 4.62013 2.13997 1 1 1
v -0.612277 4.61594 2.13857 1 1 1
v -0.575874 4.62484 2.14154 1 1 1
v -0.556353 4.62942 2.14306 1 1 1
v -0.536832 4.6339 2.14456 1 1 1
v -0.342542 4.61594 2.13857 1 1 1
v -0.224493 4.62227 2.14068 1 1 1
v -0.222308 4.61594 2.13857 1 1 1
v 0.224494 4.62227 2.14068 1 1 1
v 0.222308 4.61594 2.13857 1 1 1
v 0.342542 4.61594 2.13857 1 1 1
v 0.536832 4.6339 2.14456 1 1 1
v 0.556353 4.62942 2.14306 1 1 1
v 0.575874 4.62484 2.14154 1 1 1
v 0.595396 4.62013 2.13997 1 1 1
v 0.612277 4.61594 2.13857 1 1 1
v -0.67348 4.60155 2.13378 1 1 1
v -0.690153 4.59742 2.1324 1 1 1
v -0.653959 4.60626 2.13535 1 1 1
v -0.634438 4.61084 2.13687 1 1 1
v -0.614917 4.61533 2.13837 1 1 1
v -0.34162 4.61459 2.13812 1 1 1
v -0.329877 4.59742 2.1324 1 1 1
v -0.213889 4.59742 2.1324 1 1 1
v 0.213889 4.59742 2.1324 1 1 1
v 0.34162 4.61459 2.13812 1 1 1
v 0.329877 4.59742 2.1324 1 1 1
v 0.614917 4.61533 2.13837 1 1 1
v 0.634438 4.61084 2.13687 1 1 1
v 0.653959 4.60626 2.13535 1 1 1
v 0.67348 4.60155 2.13378 1 1 1
v 0.690153 4.59742 2.1324 1 1 1
v -0.751565 4.58299 2.12759 1 1 1
v -0.767942 4.5789 2.12623 1 1 1
v -0.732044 4.5877 2.12916 1 1 1
v -0.712523 4.59227 2.13069 1 1 1
v -0.693001 4.59676 2.13218 1 1 1
v -0.322099 4.58519 2.12833 1 1 1
v -0.317734 4.5789 2.12623 1 1 1
v -0.204972 4.58018 2.12666 1 1 1
v -0.204355 4.5789 2.12623 1 1 1
v 0.204972 4.58018 2.12666 1 1 1
v 0.204355 4.5789 2.12623 1 1 1
v 0.322099 4.58519 2.12833 1 1 1
v 0.317734 4.5789 2.12623 1 1 1
v 0.693002 4.59676 2.13218 1 1 1
v 0.712523 4.59227 2.13069 1 1 1
v 0.732044 4.5877 2.12916 1 1 1
v 0.751565 4.58299 2.12759 1 1 1
v 0.767942 4.5789 2.12623 1 1 1
v -0.810128 4.56729 2.12236 1 1 1
v -0.829382 4.56038 2.12006 1 1 1
v -0.790607 4.57306 2.12428 1 1 1
v -0.771086 4.57812 2.12597 1 1 1
v -0.305596 4.56038 2.12006 1 1 1
v -0.195602 4.56038 2.12006 1 1 1
v 0.195602 4.56038 2.12006 1 1 1
v 0.305596 4.56038 2.12006 1 1 1
v 0.771086 4.57812 2.12597 1 1 1
v 0.790607 4.57306 2.12428 1 1 1
v 0.810129 4.56729 2.12236 1 1 1
v 0.829382 4.56038 2.12006 1 1 1
v -0.849171 4.54553 2.11511 1 1 1
v -0.852608 4.54186 2.11389 1 1 1
v -0.82965 4.56023 2.12001 1 1 1
v -0.302578 4.5557 2.1185 1 1 1
v -0.292834 4.54186 2.11389 1 1 1
v -0.18556 4.54186 2.11389 1 1 1
v 0.18556 4.54186 2.11389 1 1 1
v 0.302578 4.5557 2.1185 1 1 1
v 0.292834 4.54186 2.11389 1 1 1
v 0.82965 4.56023 2.12001 1 1 1
v 0.849171 4.54553 2.11511 1 1 1
v 0.852608 4.54186 2.11389 1 1 1
v -0.852932 4.52334 2.10771 1 1 1
v -0.283057 4.52748 2.10909 1 1 1
v -0.279722 4.52334 2.10771 1 1 1
v -0.185451 4.54167 2.11382 1 1 1
v -0.1753 4.52334 2.10771 1 1 1
v 0.185451 4.54167 2.11382 1 1 1
v 0.1753 4.52334 2.10771 1 1 1
v 0.283057 4.52748 2.10909 1 1 1
v 0.279722 4.52334 2.10771 1 1 1
v 0.852932 4.52334 2.10771 1 1 1
v -0.849171 4.51724 2.10568 1 1 1
v -0.842284 4.50482 2.10154 1 1 1
v -0.26434 4.50482 2.10154 1 1 1
v -0.16593 4.5099 2.10323 1 1 1
v -0.16304 4.50482 2.10154 1 1 1
v 0.16593 4.5099 2.10323 1 1 1
v 0.16304 4.50482 2.10154 1 1 1
v 0.26434 4.50482 2.10154 1 1 1
v 0.849171 4.51724 2.10568 1 1 1
v 0.842284 4.50482 2.10154 1 1 1
v -0.82965 4.49019 2.09667 1 1 1
v -0.826476 4.4863 2.09537 1 1 1
v -0.263536 4.50393 2.10125 1 1 1
v -0.24535 4.4863 2.09537 1 1 1
v -0.152534 4.4863 2.09537 1 1 1
v 0.152534 4.4863 2.09537 1 1 1
v 0.263536 4.50393 2.10125 1 1 1
v 0.24535 4.4863 2.09537 1 1 1
v 0.82965 4.49019 2.09667 1 1 1
v 0.826476 4.4863 2.09537 1 1 1
v -0.810128 4.46956 2.08979 1 1 1
v -0.80843 4.46778 2.0892 1 1 1
v -0.244015 4.48493 2.09491 1 1 1
v -0.228948 4.46778 2.0892 1 1 1
v -0.146409 4.47579 2.09187 1 1 1
v -0.143059 4.46778 2.0892 1 1 1
v 0.146409 4.47579 2.09187 1 1 1
v 0.143059 4.46778 2.0892 1 1 1
v 0.244015 4.48493 2.09491 1 1 1
v 0.228948 4.46778 2.0892 1 1 1
v 0.810129 4.46956 2.08979 1 1 1
v 0.80843 4.46778 2.0892 1 1 1
v -0.790607 4.45029 2.08337 1 1 1
v -0.789562 4.44926 2.08303 1 1 1
v -0.224493 4.46088 2.0869 1 1 1
v -0.217826 4.44926 2.08303 1 1 1
v -0.136037 4.44926 2.08303 1 1 1
v 0.136037 4.44926 2.08303 1 1 1
v 0.224494 4.46088 2.0869 1 1 1
v 0.217826 4.44926 2.08303 1 1 1
v 0.790607 4.45029 2.08337 1 1 1
v 0.789562 4.44926 2.08303 1 1 1
v -0.771086 4.43125 2.07703 1 1 1
v -0.770563 4.43074 2.07686 1 1 1
v -0.209857 4.43074 2.07686 1 1 1
v -0.12927 4.43074 2.07686 1 1 1
v 0.12927 4.43074 2.07686 1 1 1
v 0.209857 4.43074 2.07686 1 1 1
v 0.771086 4.43125 2.07703 1 1 1
v 0.770563 4.43074 2.07686 1 1 1
v -0.751565 4.41222 2.07069 1 1 1
v -0.204972 4.41768 2.0725 1 1 1
v -0.202504 4.41222 2.07068 1 1 1
v -0.126888 4.42363 2.07449 1 1 1
v -0.123876 4.41222 2.07068 1 1 1
v 0.126888 4.42363 2.07449 1 1 1
v 0.123876 4.41222 2.07068 1 1 1
v 0.204972 4.41768 2.0725 1 1 1
v 0.202504 4.41222 2.07068 1 1 1
v 0.751565 4.41222 2.07069 1 1 1
v -0.732595 4.3937 2.06451 1 1 1
v -0.194165 4.3937 2.06451 1 1 1
v -0.119 4.3937 2.06451 1 1 1
v 0.119 4.3937 2.06451 1 1 1
v 0.194165 4.3937 2.06451 1 1 1
v 0.732595 4.3937 2.06451 1 1 1
v -0.732044 4.39316 2.06433 1 1 1
v -0.713625 4.37518 2.05834 1 1 1
v -0.186383 4.37518 2.05834 1 1 1
v -0.111709 4.37518 2.05834 1 1 1
v 0.111709 4.37518 2.05834 1 1 1
v 0.186383 4.37518 2.05834 1 1 1
v 0.732044 4.39316 2.06433 1 1 1
v 0.713625 4.37518 2.05834 1 1 1
v -0.712523 4.3741 2.05798 1 1 1
v -0.694603 4.35666 2.05217 1 1 1
v -0.185451 4.37244 2.05743 1 1 1
v -0.177369 4.35666 2.05217 1 1 1
v -0.107366 4.36869 2.05618 1 1 1
v -0.0989622 4.35666 2.05217 1 1 1
v 0.107366 4.36869 2.05618 1 1 1
v 0.0989622 4.35666 2.05217 1 1 1
v 0.185451 4.37244 2.05743 1 1 1
v 0.177369 4.35666 2.05217 1 1 1
v 0.712523 4.3741 2.05798 1 1 1
v 0.694603 4.35666 2.05217 1 1 1
v -0.693001 4.3551 2.05165 1 1 1
v -0.675439 4.33814 2.046 1 1 1
v -0.174071 4.33814 2.046 1 1 1
v -0.0878452 4.34713 2.049 1 1 1
v -0.0752883 4.33814 2.046 1 1 1
v 0.0878453 4.34713 2.049 1 1 1
v 0.0752882 4.33814 2.046 1 1 1
v 0.174071 4.33814 2.046 1 1 1
v 0.693002 4.3551 2.05165 1 1 1
v 0.675439 4.33814 2.046 1 1 1
v -0.67348 4.33625 2.04537 1 1 1
v -0.656099 4.31962 2.03983 1 1 1
v -0.181939 4.31962 2.03983 1 1 1
v -0.0683241 4.33401 2.04462 1 1 1
v -0.0488029 4.32505 2.04164 1 1 1
v -0.0292817 4.32014 2.04 1 1 1
v -0.0245908 4.31962 2.03983 1 1 1
v 0.0292817 4.32014 2.04 1 1 1
v 0.0245908 4.31962 2.03983 1 1 1
v 0.048803 4.32505 2.04164 1 1 1
v 0.0683241 4.33401 2.04462 1 1 1
v 0.181939 4.31962 2.03983 1 1 1
v 0.67348 4.33625 2.04537 1 1 1
v 0.656099 4.31962 2.03983 1 1 1
v -0.653959 4.31757 2.03914 1 1 1
v -0.636655 4.3011 2.03366 1 1 1
v -0.204972 4.30446 2.03478 1 1 1
v -0.212561 4.3011 2.03366 1 1 1
v -0.185451 4.31678 2.03888 1 1 1
v -0.0097605 4.31769 2.03918 1 1 1
v 0.00976062 4.31769 2.03918 1 1 1
v 0.185451 4.31678 2.03888 1 1 1
v 0.204972 4.30446 2.03478 1 1 1
v 0.212561 4.3011 2.03366 1 1 1
v 0.653959 4.31757 2.03914 1 1 1
v 0.636655 4.3011 2.03366 1 1 1
v -0.634438 4.29898 2.03295 1 1 1
v -0.617067 4.28258 2.02748 1 1 1
v -0.283057 4.28282 2.02757 1 1 1
v -0.284324 4.28258 2.02748 1 1 1
v -0.263536 4.28671 2.02886 1 1 1
v -0.244015 4.29123 2.03037 1 1 1
v -0.224493 4.29687 2.03225 1 1 1
v 0.224494 4.29687 2.03225 1 1 1
v 0.244015 4.29123 2.03037 1 1 1
v 0.263536 4.28671 2.02886 1 1 1
v 0.283057 4.28282 2.02757 1 1 1
v 0.284324 4.28258 2.02748 1 1 1
v 0.634438 4.29898 2.03295 1 1 1
v 0.617067 4.28258 2.02748 1 1 1
v -0.614917 4.28055 2.02681 1 1 1
v -0.595758 4.26406 2.02131 1 1 1
v -0.361142 4.26668 2.02218 1 1 1
v -0.376471 4.26406 2.02131 1 1 1
v -0.34162 4.27022 2.02337 1 1 1
v -0.322099 4.27407 2.02465 1 1 1
v -0.302578 4.27829 2.02605 1 1 1
v 0.302578 4.27829 2.02605 1 1 1
v 0.322099 4.27407 2.02465 1 1 1
v 0.34162 4.27022 2.02337 1 1 1
v 0.361142 4.26668 2.02218 1 1 1
v 0.376471 4.26406 2.02131 1 1 1
v 0.614917 4.28055 2.02681 1 1 1
v 0.595758 4.26406 2.02131 1 1 1
v -0.595396 4.26375 2.02121 1 1 1
v -0.575874 4.25111 2.017 1 1 1
v -0.559255 4.24554 2.01514 1 1 1
v -0.49779 4.24651 2.01546 1 1 1
v -0.505654 4.24554 2.01514 1 1 1
v -0.478269 4.24911 2.01633 1 1 1
v -0.458747 4.25153 2.01714 1 1 1
v -0.439226 4.25387 2.01792 1 1 1
v -0.419705 4.25646 2.01878 1 1 1
v -0.400184 4.25952 2.0198 1 1 1
v -0.380663 4.26318 2.02102 1 1 1
v 0.380663 4.26318 2.02102 1 1 1
v 0.400184 4.25952 2.0198 1 1 1
v 0.419705 4.25646 2.01878 1 1 1
v 0.439226 4.25387 2.01792 1 1 1
v 0.458748 4.25153 2.01714 1 1 1
v 0.478269 4.24911 2.01633 1 1 1
v 0.49779 4.24651 2.01546 1 1 1
v 0.505654 4.24554 2.01514 1 1 1
v 0.575874 4.25111 2.017 1 1 1
v 0.559255 4.24554 2.01514 1 1 1
v 0.595396 4.26375 2.02121 1 1 1
v -0.556353 4.24455 2.01481 1 1 1
v -0.536832 4.24259 2.01416 1 1 1
v -0.517311 4.24387 2.01459 1 1 1
v 0.517311 4.24387 2.01459 1 1 1
v 0.536832 4.24259 2.01416 1 1 1
v 0.556353 4.24455 2.01481 1 1 1
v -0.224493 4.72526 2.00052 1 1 1
v -0.226389 4.72379 2.00006 1 1 1
v -0.204972 4.73383 2.00321 1 1 1
v -0.185451 4.7373 2.0043 1 1 1
v -0.16593 4.73876 2.00476 1 1 1
v -0.146409 4.73943 2.00497 1 1 1
v -0.126888 4.73985 2.0051 1 1 1
v -0.107366 4.74023 2.00522 1 1 1
v -0.0878452 4.74062 2.00534 1 1 1
v -0.0683241 4.74094 2.00544 1 1 1
v -0.0488029 4.74114 2.00551 1 1 1
v -0.0292817 4.74124 2.00554 1 1 1
v -0.0097605 4.74126 2.00555 1 1 1
v 0.00976062 4.74126 2.00555 1 1 1
v 0.0292817 4.74124 2.00554 1 1 1
v 0.048803 4.74114 2.00551 1 1 1
v 0.0683241 4.74094 2.00544 1 1 1
v 0.0878453 4.74062 2.00534 1 1 1
v 0.107366 4.74023 2.00522 1 1 1
v 0.126888 4.73985 2.0051 1 1 1
v 0.146409 4.73943 2.00497 1 1 1
v 0.16593 4.73876 2.00476 1 1 1
v 0.185451 4.7373 2.0043 1 1 1
v 0.204972 4.73383 2.00321 1 1 1
v 0.224494 4.72526 2.00052 1 1 1
v 0.226389 4.72379 2.00006 1 1 1
v -0.458747 4.70813 1.99514 1 1 1
v -0.47059 4.70517 1.99421 1 1 1
v -0.439226 4.71248 1.99651 1 1 1
v -0.419705 4.71553 1.99746 1 1 1
v -0.400184 4.71579 1.99755 1 1 1
v -0.380663 4.71065 1.99593 1 1 1
v -0.372149 4.70517 1.99421 1 1 1
v -0.234466 4.70517 1.99421 1 1 1
v 0.234466 4.70517 1.99421 1 1 1
v 0.380663 4.71065 1.99593 1 1 1
v 0.372149 4.70517 1.99421 1 1 1
v 0.400184 4.71579 1.99755 1 1 1
v 0.419705 4.71553 1.99746 1 1 1
v 0.439226 4.71248 1.99651 1 1 1
v 0.458748 4.70813 1.99514 1 1 1
v 0.47059 4.70517 1.99421 1 1 1
v -0.536832 4.68981 1.98939 1 1 1
v -0.549947 4.68654 1.98836 1 1 1
v -0.517311 4.69449 1.99085 1 1 1
v -0.49779 4.69901 1.99228 1 1 1
v -0.478269 4.70345 1.99367 1 1 1
v -0.361142 4.69642 1.99146 1 1 1
v -0.352561 4.68654 1.98836 1 1 1
v -0.231839 4.68654 1.98836 1 1 1
v 0.231839 4.68654 1.98836 1 1 1
v 0.361142 4.69642 1.99146 1 1 1
v 0.352561 4.68654 1.98836 1 1 1
v 0.478269 4.70345 1.99367 1 1 1
v 0.49779 4.69901 1.99228 1 1 1
v 0.517311 4.69449 1.99085 1 1 1
v 0.536832 4.68981 1.98939 1 1 1
v 0.549947 4.68654 1.98836 1 1 1
v -0.614917 4.67149 1.98363 1 1 1
v -0.629318 4.66792 1.98251 1 1 1
v -0.595396 4.67615 1.98509 1 1 1
v -0.575874 4.68067 1.98651 1 1 1
v -0.556353 4.6851 1.9879 1 1 1
v -0.34162 4.67121 1.98354 1 1 1
v -0.339314 4.66792 1.98251 1 1 1
v -0.224493 4.66841 1.98266 1 1 1
v -0.22432 4.66792 1.98251 1 1 1
v 0.224494 4.66841 1.98266 1 1 1
v 0.22432 4.66792 1.98251 1 1 1
v 0.34162 4.67121 1.98354 1 1 1
v 0.339314 4.66792 1.98251 1 1 1
v 0.556353 4.6851 1.9879 1 1 1
v 0.575874 4.68067 1.98651 1 1 1
v 0.595396 4.67615 1.98509 1 1 1
v 0.614917 4.67149 1.98363 1 1 1
v 0.629318 4.66792 1.98251 1 1 1
v -0.693001 4.65315 1.97787 1 1 1
v -0.708664 4.64929 1.97666 1 1 1
v -0.67348 4.6578 1.97933 1 1 1
v -0.653959 4.66233 1.98075 1 1 1
v -0.634438 4.66676 1.98214 1 1 1
v -0.327156 4.64929 1.97666 1 1 1
v -0.215677 4.64929 1.97666 1 1 1
v 0.215677 4.64929 1.97666 1 1 1
v 0.327156 4.64929 1.97666 1 1 1
v 0.634438 4.66676 1.98214 1 1 1
v 0.653959 4.66233 1.98075 1 1 1
v 0.67348 4.6578 1.97933 1 1 1
v 0.693002 4.65315 1.97787 1 1 1
v 0.708664 4.64929 1.97666 1 1 1
v -0.771086 4.6348 1.97211 1 1 1
v -0.787417 4.63067 1.97081 1 1 1
v -0.751565 4.63948 1.97358 1 1 1
v -0.732044 4.644 1.975 1 1 1
v -0.712523 4.64842 1.97638 1 1 1
v -0.322099 4.64114 1.9741 1 1 1
v -0.315029 4.63067 1.97081 1 1 1
v -0.205836 4.63067 1.97081 1 1 1
v 0.205836 4.63067 1.97081 1 1 1
v 0.322099 4.64114 1.9741 1 1 1
v 0.315029 4.63067 1.97081 1 1 1
v 0.712523 4.64842 1.97638 1 1 1
v 0.732044 4.644 1.975 1 1 1
v 0.751565 4.63948 1.97358 1 1 1
v 0.771086 4.6348 1.97211 1 1 1
v 0.787417 4.63067 1.97081 1 1 1
v -0.82965 4.61808 1.96685 1 1 1
v -0.844258 4.61205 1.96496 1 1 1
v -0.810128 4.62451 1.96887 1 1 1
v -0.790607 4.62986 1.97055 1 1 1
v -0.30339 4.61205 1.96496 1 1 1
v -0.204972 4.62904 1.9703 1 1 1
v -0.19669 4.61205 1.96496 1 1 1
v 0.204972 4.62904 1.9703 1 1 1
v 0.19669 4.61205 1.96496 1 1 1
v 0.30339 4.61205 1.96496 1 1 1
v 0.790607 4.62986 1.97055 1 1 1
v 0.810129 4.62451 1.96887 1 1 1
v 0.82965 4.61808 1.96685 1 1 1
v 0.844257 4.61205 1.96496 1 1 1
v -0.849171 4.60836 1.9638 1 1 1
v -0.863075 4.59342 1.95911 1 1 1
v -0.302578 4.61075 1.96455 1 1 1
v -0.290719 4.59342 1.95911 1 1 1
v -0.186451 4.59342 1.95911 1 1 1
v 0.186451 4.59342 1.95911 1 1 1
v 0.302578 4.61075 1.96455 1 1 1
v 0.290719 4.59342 1.95911 1 1 1
v 0.849171 4.60836 1.9638 1 1 1
v 0.863075 4.59342 1.95911 1 1 1
v -0.861406 4.5748 1.95326 1 1 1
v -0.283057 4.58172 1.95543 1 1 1
v -0.277764 4.5748 1.95326 1 1 1
v -0.185451 4.59173 1.95858 1 1 1
v -0.176059 4.5748 1.95326 1 1 1
v 0.185451 4.59173 1.95858 1 1 1
v 0.176059 4.5748 1.95326 1 1 1
v 0.283057 4.58172 1.95543 1 1 1
v 0.277764 4.5748 1.95326 1 1 1
v 0.861406 4.5748 1.95326 1 1 1
v -0.849661 4.55617 1.94741 1 1 1
v -0.263536 4.55619 1.94742 1 1 1
v -0.16593 4.5599 1.94858 1 1 1
v -0.163811 4.55617 1.94741 1 1 1
v 0.16593 4.5599 1.94858 1 1 1
v 0.163811 4.55617 1.94741 1 1 1
v 0.263536 4.55619 1.94742 1 1 1
v 0.849661 4.55617 1.94741 1 1 1
v -0.849171 4.55564 1.94724 1 1 1
v -0.833325 4.53755 1.94156 1 1 1
v -0.246165 4.53755 1.94156 1 1 1
v -0.153312 4.53755 1.94156 1 1 1
v 0.153312 4.53755 1.94156 1 1 1
v 0.246165 4.53755 1.94156 1 1 1
v 0.849171 4.55564 1.94724 1 1 1
v 0.833324 4.53755 1.94156 1 1 1
v -0.82965 4.53388 1.94041 1 1 1
v -0.814912 4.51893 1.93571 1 1 1
v -0.244015 4.53509 1.94079 1 1 1
v -0.230628 4.51893 1.93571 1 1 1
v -0.146409 4.52589 1.9379 1 1 1
v -0.143322 4.51893 1.93571 1 1 1
v 0.146409 4.52589 1.9379 1 1 1
v 0.143323 4.51893 1.93571 1 1 1
v 0.244015 4.53509 1.94079 1 1 1
v 0.230628 4.51893 1.93571 1 1 1
v 0.82965 4.53388 1.94041 1 1 1
v 0.814912 4.51893 1.93571 1 1 1
v -0.810128 4.51428 1.93425 1 1 1
v -0.795744 4.5003 1.92986 1 1 1
v -0.224493 4.50913 1.93263 1 1 1
v -0.219316 4.5003 1.92986 1 1 1
v -0.135687 4.5003 1.92986 1 1 1
v 0.135688 4.5003 1.92986 1 1 1
v 0.224494 4.50913 1.93263 1 1 1
v 0.219316 4.5003 1.92986 1 1 1
v 0.810129 4.51428 1.93425 1 1 1
v 0.795744 4.5003 1.92986 1 1 1
v -0.790607 4.49531 1.92829 1 1 1
v -0.776482 4.48168 1.92401 1 1 1
v -0.210616 4.48168 1.92401 1 1 1
v -0.127984 4.48168 1.92401 1 1 1
v 0.127984 4.48168 1.92401 1 1 1
v 0.210616 4.48168 1.92401 1 1 1
v 0.790607 4.49531 1.92829 1 1 1
v 0.776482 4.48168 1.92401 1 1 1
v -0.771086 4.47644 1.92237 1 1 1
v -0.757213 4.46305 1.91816 1 1 1
v -0.204972 4.4677 1.91962 1 1 1
v -0.202719 4.46305 1.91816 1 1 1
v -0.126888 4.47881 1.92311 1 1 1
v -0.122113 4.46305 1.91816 1 1 1
v 0.126888 4.47881 1.92311 1 1 1
v 0.122113 4.46305 1.91816 1 1 1
v 0.204972 4.4677 1.91962 1 1 1
v 0.202719 4.46305 1.91816 1 1 1
v 0.771086 4.47644 1.92237 1 1 1
v 0.757213 4.46305 1.91816 1 1 1
v -0.751565 4.45758 1.91644 1 1 1
v -0.737939 4.44443 1.91231 1 1 1
v -0.19382 4.44443 1.91231 1 1 1
v -0.116089 4.44443 1.91231 1 1 1
v 0.116089 4.44443 1.91231 1 1 1
v 0.19382 4.44443 1.91231 1 1 1
v 0.751565 4.45758 1.91644 1 1 1
v 0.737939 4.44443 1.91231 1 1 1
v -0.732044 4.43871 1.91051 1 1 1
v -0.718664 4.42581 1.90646 1 1 1
v -0.185677 4.42581 1.90646 1 1 1
v -0.107366 4.42644 1.90666 1 1 1
v -0.107067 4.42581 1.90646 1 1 1
v 0.107366 4.42644 1.90666 1 1 1
v 0.107067 4.42581 1.90646 1 1 1
v 0.185677 4.42581 1.90646 1 1 1
v 0.732044 4.43871 1.91051 1 1 1
v 0.718664 4.42581 1.90646 1 1 1
v -0.712523 4.41986 1.90459 1 1 1
v -0.699342 4.40718 1.90061 1 1 1
v -0.185451 4.42516 1.90626 1 1 1
v -0.176387 4.40718 1.90061 1 1 1
v -0.0944588 4.40718 1.90061 1 1 1
v 0.0944588 4.40718 1.90061 1 1 1
v 0.185451 4.42517 1.90626 1 1 1
v 0.176387 4.40718 1.90061 1 1 1
v 0.712523 4.41986 1.90459 1 1 1
v 0.699342 4.40718 1.90061 1 1 1
v -0.693001 4.40108 1.89869 1 1 1
v -0.679882 4.38856 1.89476 1 1 1
v -0.172855 4.38856 1.89476 1 1 1
v -0.0878452 4.40117 1.89872 1 1 1
v -0.0719427 4.38856 1.89476 1 1 1
v 0.0878453 4.40117 1.89872 1 1 1
v 0.0719426 4.38856 1.89476 1 1 1
v 0.172855 4.38856 1.89476 1 1 1
v 0.693002 4.40108 1.89869 1 1 1
v 0.679882 4.38856 1.89476 1 1 1
v -0.67348 4.38245 1.89284 1 1 1
v -0.660249 4.36993 1.88891 1 1 1
v -0.179777 4.36993 1.88891 1 1 1
v -0.0683241 4.38622 1.89403 1 1 1
v -0.0488029 4.37613 1.89086 1 1 1
v -0.0292817 4.37074 1.88917 1 1 1
v -0.0224968 4.36993 1.88891 1 1 1
v 0.0292817 4.37074 1.88917 1 1 1
v 0.0224968 4.36993 1.88891 1 1 1
v 0.048803 4.37613 1.89086 1 1 1
v 0.0683241 4.38622 1.89403 1 1 1
v 0.179777 4.36993 1.88891 1 1 1
v 0.67348 4.38245 1.89284 1 1 1
v 0.660249 4.36993 1.88891 1 1 1
v -0.653959 4.36397 1.88704 1 1 1
v -0.640501 4.35131 1.88306 1 1 1
v -0.204972 4.3532 1.88366 1 1 1
v -0.209329 4.35131 1.88306 1 1 1
v -0.185451 4.36514 1.88741 1 1 1
v -0.0097605 4.36817 1.88836 1 1 1
v 0.00976062 4.36817 1.88836 1 1 1
v 0.185451 4.36514 1.88741 1 1 1
v 0.204972 4.3532 1.88366 1 1 1
v 0.209328 4.35131 1.88306 1 1 1
v 0.653959 4.36397 1.88704 1 1 1
v 0.640501 4.35131 1.88306 1 1 1
v -0.634438 4.34558 1.88126 1 1 1
v -0.620633 4.33268 1.87721 1 1 1
v -0.263536 4.33629 1.87834 1 1 1
v -0.28205 4.33268 1.87721 1 1 1
v -0.244015 4.34064 1.87971 1 1 1
v -0.224493 4.34602 1.8814 1 1 1
v 0.224494 4.34602 1.8814 1 1 1
v 0.244015 4.34064 1.87971 1 1 1
v 0.263536 4.33629 1.87834 1 1 1
v 0.28205 4.33268 1.87721 1 1 1
v 0.634438 4.34558 1.88126 1 1 1
v 0.620633 4.33268 1.87721 1 1 1
v -0.614917 4.32735 1.87554 1 1 1
v -0.599313 4.31406 1.87136 1 1 1
v -0.361142 4.31643 1.8721 1 1 1
v -0.374879 4.31406 1.87136 1 1 1
v -0.34162 4.31996 1.87322 1 1 1
v -0.322099 4.32378 1.87441 1 1 1
v -0.302578 4.32794 1.87572 1 1 1
v -0.283057 4.33245 1.87714 1 1 1
v 0.283057 4.33245 1.87714 1 1 1
v 0.302578 4.32794 1.87572 1 1 1
v 0.322099 4.32378 1.87441 1 1 1
v 0.34162 4.31996 1.87322 1 1 1
v 0.361142 4.31643 1.8721 1 1 1
v 0.374879 4.31406 1.87136 1 1 1
v 0.614917 4.32735 1.87554 1 1 1
v 0.599314 4.31406 1.87136 1 1 1
v -0.595396 4.3108 1.87034 1 1 1
v -0.575874 4.2987 1.86654 1 1 1
v -0.56591 4.29544 1.86551 1 1 1
v -0.478269 4.29784 1.86627 1 1 1
v -0.495146 4.29544 1.86551 1 1 1
v -0.458747 4.30048 1.8671 1 1 1
v -0.439226 4.30307 1.86791 1 1 1
v -0.419705 4.30587 1.86879 1 1 1
v -0.400184 4.3091 1.8698 1 1 1
v -0.380663 4.31284 1.87098 1 1 1
v 0.380663 4.31284 1.87098 1 1 1
v 0.400184 4.3091 1.8698 1 1 1
v 0.419705 4.30587 1.86879 1 1 1
v 0.439226 4.30307 1.86791 1 1 1
v 0.458748 4.30048 1.8671 1 1 1
v 0.478269 4.29784 1.86627 1 1 1
v 0.495146 4.29544 1.86551 1 1 1
v 0.575874 4.2987 1.86654 1 1 1
v 0.56591 4.29544 1.86551 1 1 1
v 0.595396 4.3108 1.87034 1 1 1
v -0.556353 4.29226 1.86451 1 1 1
v -0.536832 4.29056 1.86398 1 1 1
v -0.517311 4.29202 1.86444 1 1 1
v -0.49779 4.29499 1.86537 1 1 1
v 0.49779 4.29499 1.86537 1 1 1
v 0.517311 4.29202 1.86444 1 1 1
v 0.536832 4.29056 1.86398 1 1 1
v 0.556353 4.29226 1.86451 1 1 1
v -0.224493 4.77766 1.84537 1 1 1
v -0.230708 4.77283 1.8439 1 1 1
v -0.204972 4.78536 1.84771 1 1 1
v -0.185451 4.78836 1.84862 1 1 1
v -0.16593 4.78955 1.84898 1 1 1
v -0.146409 4.79004 1.84913 1 1 1
v -0.126888 4.7903 1.84921 1 1 1
v -0.107366 4.79054 1.84928 1 1 1
v -0.0878452 4.79079 1.84936 1 1 1
v -0.0683241 4.791 1.84942 1 1 1
v -0.0488029 4.79113 1.84946 1 1 1
v -0.0292817 4.79119 1.84948 1 1 1
v -0.0097605 4.7912 1.84948 1 1 1
v 0.00976062 4.7912 1.84948 1 1 1
v 0.0292817 4.79119 1.84948 1 1 1
v 0.048803 4.79113 1.84946 1 1 1
v 0.0683241 4.791 1.84942 1 1 1
v 0.0878453 4.79079 1.84936 1 1 1
v 0.107366 4.79054 1.84928 1 1 1
v 0.126888 4.7903 1.84921 1 1 1
v 0.146409 4.79004 1.84913 1 1 1
v 0.16593 4.78955 1.84898 1 1 1
v 0.185451 4.78836 1.84862 1 1 1
v 0.204972 4.78536 1.84771 1 1 1
v 0.224494 4.77766 1.84537 1 1 1
v 0.230708 4.77283 1.8439 1 1 1
v -0.478269 4.75571 1.83869 1 1 1
v -0.484459 4.75415 1.83822 1 1 1
v -0.458747 4.76045 1.84013 1 1 1
v -0.439226 4.76464 1.84141 1 1 1
v -0.419705 4.76764 1.84232 1 1 1
v -0.400184 4.76803 1.84244 1 1 1
v -0.380663 4.76326 1.84099 1 1 1
v -0.366847 4.75415 1.83822 1 1 1
v -0.237426 4.75415 1.83822 1 1 1
v 0.237426 4.75415 1.83822 1 1 1
v 0.380663 4.76326 1.84099 1 1 1
v 0.366847 4.75415 1.83822 1 1 1
v 0.400184 4.76803 1.84244 1 1 1
v 0.419705 4.76764 1.84232 1 1 1
v 0.439226 4.76464 1.84141 1 1 1
v 0.458748 4.76045 1.84013 1 1 1
v 0.478269 4.75571 1.83869 1 1 1
v 0.484459 4.75415 1.83822 1 1 1
v -0.556353 4.73771 1.83322 1 1 1
v -0.5653 4.73548 1.83254 1 1 1
v -0.536832 4.7424 1.83464 1 1 1
v -0.517311 4.74687 1.836 1 1 1
v -0.49779 4.75121 1.83732 1 1 1
v -0.361142 4.74951 1.83681 1 1 1
v -0.349208 4.73548 1.83254 1 1 1
v -0.234216 4.73548 1.83254 1 1 1
v 0.234216 4.73548 1.83254 1 1 1
v 0.361142 4.74951 1.83681 1 1 1
v 0.349208 4.73548 1.83254 1 1 1
v 0.49779 4.75121 1.83732 1 1 1
v 0.517311 4.74687 1.836 1 1 1
v 0.536832 4.7424 1.83464 1 1 1
v 0.556353 4.73771 1.83322 1 1 1
v 0.5653 4.73548 1.83254 1 1 1
v -0.634438 4.71971 1.82774 1 1 1
v -0.646144 4.7168 1.82686 1 1 1
v -0.614917 4.72435 1.82916 1 1 1
v -0.595396 4.7288 1.83051 1 1 1
v -0.575874 4.73314 1.83183 1 1 1
v -0.34162 4.7246 1.82923 1 1 1
v -0.336284 4.7168 1.82686 1 1 1
v -0.226479 4.7168 1.82686 1 1 1
v 0.226479 4.7168 1.82686 1 1 1
v 0.34162 4.7246 1.82923 1 1 1
v 0.336284 4.7168 1.82686 1 1 1
v 0.575874 4.73314 1.83183 1 1 1
v 0.595396 4.7288 1.83051 1 1 1
v 0.614917 4.72435 1.82916 1 1 1
v 0.634438 4.71971 1.82774 1 1 1
v 0.646144 4.7168 1.82686 1 1 1
v -0.712523 4.70168 1.82226 1 1 1
v -0.726984 4.69812 1.82118 1 1 1
v -0.693001 4.70628 1.82366 1 1 1
v -0.67348 4.71072 1.82501 1 1 1
v -0.653959 4.71507 1.82633 1 1 1
v -0.32469 4.69812 1.82118 1 1 1
v -0.224493 4.71314 1.82575 1 1 1
v -0.217353 4.69812 1.82118 1 1 1
v 0.224494 4.71314 1.82575 1 1 1
v 0.217353 4.69812 1.82118 1 1 1
v 0.32469 4.69812 1.82118 1 1 1
v 0.653959 4.71507 1.82633 1 1 1
v 0.67348 4.71072 1.82501 1 1 1
v 0.693002 4.70628 1.82366 1 1 1
v 0.712523 4.70168 1.82226 1 1 1
v 0.726984 4.69812 1.82118 1 1 1
v -0.790607 4.68352 1.81674 1 1 1
v -0.806271 4.67945 1.8155 1 1 1
v -0.771086 4.6882 1.81816 1 1 1
v -0.751565 4.69266 1.81952 1 1 1
v -0.732044 4.697 1.82084 1 1 1
v -0.322099 4.69385 1.81988 1 1 1
v -0.312581 4.67945 1.8155 1 1 1
v -0.207349 4.67945 1.8155 1 1 1
v 0.207349 4.67945 1.8155 1 1 1
v 0.322099 4.69385 1.81988 1 1 1
v 0.312581 4.67945 1.8155 1 1 1
v 0.732044 4.697 1.82084 1 1 1
v 0.751565 4.69266 1.81952 1 1 1
v 0.771086 4.6882 1.81816 1 1 1
v 0.790607 4.68352 1.81674 1 1 1
v 0.806271 4.67945 1.8155 1 1 1
v -0.849171 4.66506 1.81113 1 1 1
v -0.857863 4.66077 1.80982 1 1 1
v -0.82965 4.67256 1.81341 1 1 1
v -0.810128 4.67842 1.81519 1 1 1
v -0.302578 4.66294 1.81048 1 1 1
v -0.301093 4.66077 1.80982 1 1 1
v -0.204972 4.67516 1.8142 1 1 1
v -0.197696 4.66077 1.80982 1 1 1
v 0.204972 4.67516 1.8142 1 1 1
v 0.197696 4.66077 1.80982 1 1 1
v 0.302578 4.66294 1.81048 1 1 1
v 0.301093 4.66077 1.80982 1 1 1
v 0.810129 4.67842 1.81519 1 1 1
v 0.82965 4.67256 1.81341 1 1 1
v 0.849171 4.66506 1.81113 1 1 1
v 0.857863 4.66077 1.80982 1 1 1
v -0.868692 4.64858 1.80612 1 1 1
v -0.872829 4.64209 1.80414 1 1 1
v -0.288811 4.64209 1.80414 1 1 1
v -0.187263 4.64209 1.80414 1 1 1
v 0.187263 4.64209 1.80414 1 1 1
v 0.288811 4.64209 1.80414 1 1 1
v 0.868692 4.64858 1.80612 1 1 1
v 0.872829 4.64209 1.80414 1 1 1
v -0.869389 4.62342 1.79846 1 1 1
v -0.283057 4.63302 1.80138 1 1 1
v -0.276047 4.62342 1.79846 1 1 1
v -0.185451 4.63909 1.80323 1 1 1
v -0.176726 4.62342 1.79846 1 1 1
v 0.185451 4.63909 1.80323 1 1 1
v 0.176726 4.62342 1.79846 1 1 1
v 0.283057 4.63302 1.80138 1 1 1
v 0.276046 4.62342 1.79846 1 1 1
v 0.869389 4.62342 1.79846 1 1 1
v -0.868692 4.62246 1.79817 1 1 1
v -0.856868 4.60474 1.79279 1 1 1
v -0.263536 4.60586 1.79313 1 1 1
v -0.262561 4.60474 1.79279 1 1 1
v -0.16593 4.60722 1.79354 1 1 1
v -0.16452 4.60474 1.79279 1 1 1
v 0.16593 4.60722 1.79354 1 1 1
v 0.16452 4.60474 1.79279 1 1 1
v 0.263536 4.60586 1.79313 1 1 1
v 0.262561 4.60474 1.79279 1 1 1
v 0.868692 4.62246 1.79817 1 1 1
v 0.856868 4.60474 1.79279 1 1 1
v -0.849171 4.59647 1.79027 1 1 1
v -0.839917 4.58606 1.78711 1 1 1
v -0.246853 4.58606 1.78711 1 1 1
v -0.154036 4.58606 1.78711 1 1 1
v 0.154036 4.58606 1.78711 1 1 1
v 0.246853 4.58606 1.78711 1 1 1
v 0.849171 4.59647 1.79027 1 1 1
v 0.839917 4.58606 1.78711 1 1 1
v -0.82965 4.57594 1.78403 1 1 1
v -0.821099 4.56739 1.78143 1 1 1
v -0.244015 4.58247 1.78601 1 1 1
v -0.232189 4.56739 1.78143 1 1 1
v -0.146409 4.57339 1.78325 1 1 1
v -0.143589 4.56739 1.78143 1 1 1
v 0.146409 4.57339 1.78325 1 1 1
v 0.143589 4.56739 1.78143 1 1 1
v 0.244015 4.58247 1.78601 1 1 1
v 0.232189 4.56739 1.78143 1 1 1
v 0.82965 4.57594 1.78403 1 1 1
v 0.821099 4.56739 1.78143 1 1 1
v -0.810128 4.55687 1.77823 1 1 1
v -0.801619 4.54871 1.77575 1 1 1
v -0.224493 4.55477 1.77759 1 1 1
v -0.220851 4.54871 1.77575 1 1 1
v -0.135324 4.54871 1.77575 1 1 1
v 0.135324 4.54871 1.77575 1 1 1
v 0.224494 4.55477 1.77759 1 1 1
v 0.220851 4.54871 1.77575 1 1 1
v 0.810129 4.55687 1.77823 1 1 1
v 0.801619 4.54871 1.77575 1 1 1
v -0.790607 4.53816 1.77254 1 1 1
v -0.782076 4.53003 1.77007 1 1 1
v -0.211397 4.53003 1.77007 1 1 1
v -0.126888 4.53056 1.77023 1 1 1
v -0.126686 4.53003 1.77007 1 1 1
v 0.126888 4.53056 1.77023 1 1 1
v 0.126686 4.53003 1.77007 1 1 1
v 0.211397 4.53003 1.77007 1 1 1
v 0.790607 4.53816 1.77254 1 1 1
v 0.782076 4.53003 1.77007 1 1 1
v -0.771086 4.51951 1.76687 1 1 1
v -0.762521 4.51135 1.76439 1 1 1
v -0.204972 4.51527 1.76558 1 1 1
v -0.202938 4.51135 1.76439 1 1 1
v -0.120186 4.51135 1.76439 1 1 1
v 0.120186 4.51135 1.76439 1 1 1
v 0.204972 4.51527 1.76558 1 1 1
v 0.202938 4.51135 1.76439 1 1 1
v 0.771086 4.51951 1.76687 1 1 1
v 0.762521 4.51135 1.76439 1 1 1
v -0.751565 4.50087 1.7612 1 1 1
v -0.74296 4.49268 1.75871 1 1 1
v -0.193476 4.49268 1.75871 1 1 1
v -0.11283 4.49268 1.75871 1 1 1
v 0.11283 4.49268 1.75871 1 1 1
v 0.193476 4.49268 1.75871 1 1 1
v 0.751565 4.50087 1.7612 1 1 1
v 0.74296 4.49268 1.75871 1 1 1
v -0.732044 4.48223 1.75553 1 1 1
v -0.723399 4.474 1.75303 1 1 1
v -0.185451 4.47506 1.75335 1 1 1
v -0.184776 4.474 1.75303 1 1 1
v -0.107366 4.48207 1.75549 1 1 1
v -0.103446 4.474 1.75303 1 1 1
v 0.107366 4.48207 1.75549 1 1 1
v 0.103446 4.474 1.75303 1 1 1
v 0.185451 4.47506 1.75335 1 1 1
v 0.184776 4.474 1.75303 1 1 1
v 0.732044 4.48223 1.75553 1 1 1
v 0.723399 4.474 1.75303 1 1 1
v -0.712523 4.4636 1.74987 1 1 1
v -0.703798 4.45532 1.74735 1 1 1
v -0.17552 4.45532 1.74735 1 1 1
v -0.0897788 4.45532 1.74735 1 1 1
v 0.0897788 4.45532 1.74735 1 1 1
v 0.17552 4.45532 1.74735 1 1 1
v 0.712523 4.46361 1.74987 1 1 1
v 0.703798 4.45532 1.74735 1 1 1
v -0.693001 4.44507 1.74423 1 1 1
v -0.684063 4.43665 1.74167 1 1 1
v -0.171781 4.43665 1.74167 1 1 1
v -0.0878452 4.45346 1.74678 1 1 1
v -0.0687527 4.43665 1.74167 1 1 1
v 0.0878453 4.45346 1.74678 1 1 1
v 0.0687526 4.43665 1.74167 1 1 1
v 0.171781 4.43665 1.74167 1 1 1
v 0.693002 4.44507 1.74423 1 1 1
v 0.684063 4.43665 1.74167 1 1 1
v -0.67348 4.42667 1.73864 1 1 1
v -0.664158 4.41797 1.73599 1 1 1
v -0.17785 4.41797 1.73599 1 1 1
v -0.0683241 4.43635 1.74158 1 1 1
v -0.0488029 4.42499 1.73813 1 1 1
v -0.0292817 4.41908 1.73633 1 1 1
v -0.0205717 4.41797 1.73599 1 1 1
v 0.0292817 4.41908 1.73633 1 1 1
v 0.0205717 4.41797 1.73599 1 1 1
v 0.048803 4.42499 1.73813 1 1 1
v 0.0683241 4.43635 1.74158 1 1 1
v 0.177851 4.41797 1.73599 1 1 1
v 0.67348 4.42667 1.73864 1 1 1
v 0.664158 4.41797 1.73599 1 1 1
v -0.653959 4.40843 1.73309 1 1 1
v -0.644127 4.39929 1.73032 1 1 1
v -0.204972 4.39977 1.73046 1 1 1
v -0.20608 4.39929 1.73032 1 1 1
v -0.185451 4.4113 1.73397 1 1 1
v -0.0097605 4.41639 1.73551 1 1 1
v 0.00976062 4.41639 1.73551 1 1 1
v 0.185451 4.4113 1.73397 1 1 1
v 0.204972 4.39977 1.73046 1 1 1
v 0.20608 4.39929 1.73032 1 1 1
v 0.653959 4.40843 1.73309 1 1 1
v 0.644127 4.39929 1.73032 1 1 1
v -0.634438 4.39025 1.72757 1 1 1
v -0.623998 4.38062 1.72464 1 1 1
v -0.263536 4.38369 1.72557 1 1 1
v -0.279613 4.38062 1.72464 1 1 1
v -0.244015 4.38787 1.72684 1 1 1
v -0.224493 4.39299 1.7284 1 1 1
v 0.224494 4.39299 1.7284 1 1 1
v 0.244015 4.38787 1.72684 1 1 1
v 0.263536 4.38369 1.72557 1 1 1
v 0.279613 4.38062 1.72464 1 1 1
v 0.634438 4.39025 1.72757 1 1 1
v 0.623998 4.38062 1.72464 1 1 1
v -0.614917 4.37224 1.72209 1 1 1
v -0.602678 4.36194 1.71896 1 1 1
v -0.361142 4.36404 1.7196 1 1 1
v -0.373293 4.36194 1.71896 1 1 1
v -0.34162 4.36756 1.72067 1 1 1
v -0.322099 4.37134 1.72181 1 1 1
v -0.302578 4.37542 1.72306 1 1 1
v -0.283057 4.37982 1.7244 1 1 1
v 0.283057 4.37982 1.7244 1 1 1
v 0.302578 4.37542 1.72306 1 1 1
v 0.322099 4.37134 1.72181 1 1 1
v 0.34162 4.36756 1.72067 1 1 1
v 0.361142 4.36404 1.7196 1 1 1
v 0.373293 4.36194 1.71896 1 1 1
v 0.614917 4.37224 1.72209 1 1 1
v 0.602678 4.36194 1.71896 1 1 1
v -0.595396 4.35595 1.71714 1 1 1
v -0.575874 4.34437 1.71362 1 1 1
v -0.572397 4.34326 1.71328 1 1 1
v -0.478269 4.34457 1.71367 1 1 1
v -0.486898 4.34326 1.71328 1 1 1
v -0.458747 4.34739 1.71453 1 1 1
v -0.439226 4.3502 1.71539 1 1 1
v -0.419705 4.35321 1.7163 1 1 1
v -0.400184 4.35658 1.71733 1 1 1
v -0.380663 4.36038 1.71848 1 1 1
v 0.380663 4.36038 1.71848 1 1 1
v 0.400184 4.35658 1.71733 1 1 1
v 0.419705 4.35321 1.7163 1 1 1
v 0.439226 4.3502 1.71539 1 1 1
v 0.458748 4.34739 1.71453 1 1 1
v 0.478269 4.34457 1.71367 1 1 1
v 0.486898 4.34326 1.71328 1 1 1
v 0.575874 4.34437 1.71362 1 1 1
v 0.572397 4.34326 1.71328 1 1 1
v 0.595396 4.35595 1.71714 1 1 1
v -0.556353 4.33805 1.71169 1 1 1
v -0.536832 4.3366 1.71125 1 1 1
v -0.517311 4.33822 1.71174 1 1 1
v -0.49779 4.34132 1.71269 1 1 1
v 0.49779 4.34132 1.71269 1 1 1
v 0.517311 4.33822 1.71174 1 1 1
v 0.536832 4.3366 1.71125 1 1 1
v 0.556353 4.33805 1.71169 1 1 1
v -0.126888 4.83991 1.69059 1 1 1
v -0.138729 4.83981 1.69056 1 1 1
v -0.107366 4.84005 1.69062 1 1 1
v -0.0878452 4.84021 1.69067 1 1 1
v -0.0683241 4.84036 1.69071 1 1 1
v -0.0488029 4.84045 1.69074 1 1 1
v -0.0292817 4.84049 1.69075 1 1 1
v -0.0097605 4.8405 1.69075 1 1 1
v 0.00976062 4.8405 1.69075 1 1 1
v 0.0292817 4.84049 1.69075 1 1 1
v 0.048803 4.84045 1.69074 1 1 1
v 0.0683241 4.84036 1.69071 1 1 1
v 0.0878453 4.84021 1.69067 1 1 1
v 0.107366 4.84005 1.69062 1 1 1
v 0.126888 4.83991 1.69059 1 1 1
v 0.138729 4.83981 1.69056 1 1 1
v -0.224493 4.82908 1.68751 1 1 1
v -0.234796 4.82103 1.68523 1 1 1
v -0.204972 4.83596 1.68946 1 1 1
v -0.185451 4.83852 1.69019 1 1 1
v -0.16593 4.83945 1.69045 1 1 1
v -0.146409 4.83976 1.69054 1 1 1
v 0.146409 4.83976 1.69054 1 1 1
v 0.16593 4.83945 1.69045 1 1 1
v 0.185451 4.83852 1.69019 1 1 1
v 0.204972 4.83596 1.68946 1 1 1
v 0.224494 4.82908 1.68751 1 1 1
v 0.234796 4.82103 1.68523 1 1 1
v -0.49779 4.80233 1.67993 1 1 1
v -0.4981 4.80225 1.6799 1 1 1
v -0.478269 4.80718 1.6813 1 1 1
v -0.458747 4.81171 1.68258 1 1 1
v -0.439226 4.81575 1.68373 1 1 1
v -0.419705 4.81872 1.68457 1 1 1
v -0.400184 4.81924 1.68472 1 1 1
v -0.380663 4.81481 1.68346 1 1 1
v -0.36207 4.80225 1.6799 1 1 1
v -0.24021 4.80225 1.6799 1 1 1
v 0.24021 4.80225 1.6799 1 1 1
v 0.380663 4.81481 1.68346 1 1 1
v 0.36207 4.80225 1.6799 1 1 1
v 0.400184 4.81924 1.68472 1 1 1
v 0.419705 4.81872 1.68457 1 1 1
v 0.439226 4.81575 1.68373 1 1 1
v 0.458748 4.81171 1.68258 1 1 1
v 0.478269 4.80718 1.6813 1 1 1
v 0.49779 4.80233 1.67993 1 1 1
v 0.4981 4.80225 1.6799 1 1 1
v -0.575874 4.78464 1.67491 1 1 1
v -0.580542 4.78347 1.67458 1 1 1
v -0.556353 4.78939 1.67625 1 1 1
v -0.536832 4.79386 1.67752 1 1 1
v -0.517311 4.79814 1.67873 1 1 1
v -0.361142 4.80148 1.67968 1 1 1
v -0.346165 4.78347 1.67458 1 1 1
v -0.236446 4.78347 1.67458 1 1 1
v 0.236446 4.78347 1.67458 1 1 1
v 0.361142 4.80148 1.67968 1 1 1
v 0.346165 4.78347 1.67458 1 1 1
v 0.517311 4.79814 1.67873 1 1 1
v 0.536832 4.79386 1.67752 1 1 1
v 0.556353 4.78939 1.67625 1 1 1
v 0.575874 4.78464 1.67491 1 1 1
v 0.580542 4.78347 1.67458 1 1 1
v -0.653959 4.76691 1.66988 1 1 1
v -0.662857 4.76469 1.66925 1 1 1
v -0.634438 4.77159 1.67121 1 1 1
v -0.614917 4.77601 1.67246 1 1 1
v -0.595396 4.78027 1.67367 1 1 1
v -0.34162 4.7768 1.67268 1 1 1
v -0.333532 4.76469 1.66925 1 1 1
v -0.228533 4.76469 1.66925 1 1 1
v 0.228533 4.76469 1.66925 1 1 1
v 0.34162 4.7768 1.67268 1 1 1
v 0.333532 4.76469 1.66925 1 1 1
v 0.595396 4.78027 1.67367 1 1 1
v 0.614917 4.77601 1.67246 1 1 1
v 0.634438 4.77159 1.67121 1 1 1
v 0.653959 4.76691 1.66988 1 1 1
v 0.662857 4.76469 1.66925 1 1 1
v -0.732044 4.74917 1.66484 1 1 1
v -0.7452 4.74591 1.66392 1 1 1
v -0.712523 4.75376 1.66615 1 1 1
v -0.693001 4.75814 1.66739 1 1 1
v -0.67348 4.76239 1.66859 1 1 1
v -0.322446 4.74591 1.66392 1 1 1
v -0.224493 4.7574 1.66718 1 1 1
v -0.218926 4.74591 1.66392 1 1 1
v 0.224494 4.7574 1.66718 1 1 1
v 0.218926 4.74591 1.66392 1 1 1
v 0.322446 4.74591 1.66392 1 1 1
v 0.67348 4.76239 1.66859 1 1 1
v 0.693002 4.75814 1.66739 1 1 1
v 0.712523 4.75376 1.66615 1 1 1
v 0.732044 4.74917 1.66484 1 1 1
v 0.7452 4.74591 1.66392 1 1 1
v -0.810128 4.73104 1.6597 1 1 1
v -0.824402 4.72713 1.65859 1 1 1
v -0.790607 4.73584 1.66106 1 1 1
v -0.771086 4.74027 1.66232 1 1 1
v -0.751565 4.74453 1.66353 1 1 1
v -0.322099 4.74533 1.66375 1 1 1
v -0.310356 4.72713 1.65859 1 1 1
v -0.208778 4.72713 1.65859 1 1 1
v 0.208778 4.72713 1.65859 1 1 1
v 0.322099 4.74533 1.66375 1 1 1
v 0.310356 4.72713 1.65859 1 1 1
v 0.751565 4.74453 1.66353 1 1 1
v 0.771086 4.74027 1.66232 1 1 1
v 0.790607 4.73584 1.66106 1 1 1
v 0.810129 4.73104 1.6597 1 1 1
v 0.824402 4.72713 1.65859 1 1 1
v -0.868692 4.70944 1.65357 1 1 1
v -0.870447 4.70835 1.65326 1 1 1
v -0.849171 4.71888 1.65625 1 1 1
v -0.82965 4.7256 1.65816 1 1 1
v -0.302578 4.71398 1.65486 1 1 1
v -0.298825 4.70835 1.65326 1 1 1
v -0.204972 4.72052 1.65672 1 1 1
v -0.19863 4.70835 1.65326 1 1 1
v 0.204972 4.72052 1.65672 1 1 1
v 0.19863 4.70835 1.65326 1 1 1
v 0.302578 4.71398 1.65486 1 1 1
v 0.298825 4.70835 1.65326 1 1 1
v 0.82965 4.7256 1.65816 1 1 1
v 0.849171 4.71888 1.65625 1 1 1
v 0.868692 4.70944 1.65357 1 1 1
v 0.870447 4.70835 1.65326 1 1 1
v -0.881889 4.68957 1.64794 1 1 1
v -0.287083 4.68957 1.64794 1 1 1
v -0.188006 4.68957 1.64794 1 1 1
v 0.188006 4.68957 1.64794 1 1 1
v 0.287083 4.68957 1.64794 1 1 1
v 0.881889 4.68957 1.64794 1 1 1
v -0.877083 4.67079 1.64261 1 1 1
v -0.283057 4.68301 1.64608 1 1 1
v -0.27453 4.67079 1.64261 1 1 1
v -0.185451 4.6854 1.64675 1 1 1
v -0.177317 4.67079 1.64261 1 1 1
v 0.185451 4.6854 1.64675 1 1 1
v 0.177317 4.67079 1.64261 1 1 1
v 0.283057 4.68301 1.64608 1 1 1
v 0.27453 4.67079 1.64261 1 1 1
v 0.877083 4.67079 1.64261 1 1 1
v -0.868692 4.65946 1.6394 1 1 1
v -0.863649 4.65201 1.63728 1 1 1
v -0.263536 4.65426 1.63792 1 1 1
v -0.261749 4.65201 1.63728 1 1 1
v -0.16593 4.65335 1.63766 1 1 1
v -0.165174 4.65201 1.63728 1 1 1
v 0.16593 4.65335 1.63766 1 1 1
v 0.165174 4.65201 1.63728 1 1 1
v 0.263536 4.65426 1.63792 1 1 1
v 0.261749 4.65201 1.63728 1 1 1
v 0.868692 4.65946 1.6394 1 1 1
v 0.863649 4.65201 1.63728 1 1 1
v -0.849171 4.63663 1.63292 1 1 1
v -0.846116 4.63323 1.63195 1 1 1
v -0.247443 4.63323 1.63195 1 1 1
v -0.154712 4.63323 1.63195 1 1 1
v 0.154712 4.63323 1.63195 1 1 1
v 0.247443 4.63323 1.63195 1 1 1
v 0.849171 4.63663 1.63292 1 1 1
v 0.846116 4.63323 1.63195 1 1 1
v -0.82965 4.61716 1.62739 1 1 1
v -0.826915 4.61445 1.62663 1 1 1
v -0.244015 4.62846 1.6306 1 1 1
v -0.233644 4.61445 1.62663 1 1 1
v -0.146409 4.61961 1.62809 1 1 1
v -0.143859 4.61445 1.62663 1 1 1
v 0.146409 4.61961 1.62809 1 1 1
v 0.143859 4.61445 1.62663 1 1 1
v 0.244015 4.62846 1.6306 1 1 1
v 0.233644 4.61445 1.62663 1 1 1
v 0.82965 4.61716 1.62739 1 1 1
v 0.826915 4.61445 1.62663 1 1 1
v -0.810128 4.59851 1.6221 1 1 1
v -0.807142 4.59567 1.6213 1 1 1
v -0.224493 4.59903 1.62225 1 1 1
v -0.222433 4.59567 1.6213 1 1 1
v -0.134946 4.59567 1.6213 1 1 1
v 0.134946 4.59567 1.6213 1 1 1
v 0.224494 4.59903 1.62225 1 1 1
v 0.222433 4.59567 1.6213 1 1 1
v 0.810129 4.59851 1.6221 1 1 1
v 0.807142 4.59567 1.6213 1 1 1
v -0.790607 4.57998 1.61685 1 1 1
v -0.787337 4.57689 1.61597 1 1 1
v -0.212201 4.57689 1.61597 1 1 1
v -0.126888 4.57981 1.6168 1 1 1
v -0.12564 4.57689 1.61597 1 1 1
v 0.126888 4.57981 1.6168 1 1 1
v 0.12564 4.57689 1.61597 1 1 1
v 0.212201 4.57689 1.61597 1 1 1
v 0.790607 4.57998 1.61685 1 1 1
v 0.787337 4.57689 1.61597 1 1 1
v -0.771086 4.56148 1.6116 1 1 1
v -0.767515 4.55811 1.61064 1 1 1
v -0.204972 4.5614 1.61157 1 1 1
v -0.203159 4.55811 1.61064 1 1 1
v -0.118072 4.55811 1.61064 1 1 1
v 0.118072 4.55811 1.61064 1 1 1
v 0.204972 4.5614 1.61157 1 1 1
v 0.203159 4.55811 1.61064 1 1 1
v 0.771086 4.56148 1.6116 1 1 1
v 0.767515 4.55811 1.61064 1 1 1
v -0.751565 4.54299 1.60635 1 1 1
v -0.747685 4.53933 1.60532 1 1 1
v -0.193136 4.53933 1.60532 1 1 1
v -0.109159 4.53933 1.60532 1 1 1
v 0.109159 4.53933 1.60532 1 1 1
v 0.193136 4.53933 1.60532 1 1 1
v 0.751565 4.54299 1.60635 1 1 1
v 0.747685 4.53933 1.60532 1 1 1
v -0.732044 4.5245 1.60111 1 1 1
v -0.727858 4.52055 1.59999 1 1 1
v -0.185451 4.52308 1.6007 1 1 1
v -0.183865 4.52055 1.59999 1 1 1
v -0.107366 4.53606 1.60439 1 1 1
v -0.0996269 4.52055 1.59999 1 1 1
v 0.107366 4.53606 1.60439 1 1 1
v 0.0996269 4.52055 1.59999 1 1 1
v 0.185451 4.52308 1.6007 1 1 1
v 0.183865 4.52055 1.59999 1 1 1
v 0.732044 4.5245 1.60111 1 1 1
v 0.727858 4.52055 1.59999 1 1 1
v -0.712523 4.50603 1.59587 1 1 1
v -0.707996 4.50177 1.59466 1 1 1
v -0.174751 4.50177 1.59466 1 1 1
v -0.0878452 4.50458 1.59546 1 1 1
v -0.085686 4.50177 1.59466 1 1 1
v 0.0878453 4.50458 1.59546 1 1 1
v 0.085686 4.50177 1.59466 1 1 1
v 0.174751 4.50177 1.59466 1 1 1
v 0.712523 4.50603 1.59587 1 1 1
v 0.707996 4.50177 1.59466 1 1 1
v -0.693001 4.48766 1.59065 1 1 1
v -0.688004 4.48299 1.58933 1 1 1
v -0.170825 4.48299 1.58933 1 1 1
v -0.0683241 4.48479 1.58984 1 1 1
v -0.0659366 4.48299 1.58933 1 1 1
v 0.0683241 4.48479 1.58984 1 1 1
v 0.0659365 4.48299 1.58933 1 1 1
v 0.170825 4.48299 1.58933 1 1 1
v 0.693002 4.48766 1.59065 1 1 1
v 0.688004 4.48299 1.58933 1 1 1
v -0.67348 4.46943 1.58548 1 1 1
v -0.667844 4.46421 1.584 1 1 1
v -0.176125 4.46421 1.584 1 1 1
v -0.0488029 4.47214 1.58625 1 1 1
v -0.0292817 4.46566 1.58441 1 1 1
v -0.0187954 4.46421 1.584 1 1 1
v 0.0292817 4.46566 1.58441 1 1 1
v 0.0187954 4.46421 1.584 1 1 1
v 0.048803 4.47214 1.58625 1 1 1
v 0.176125 4.46421 1.584 1 1 1
v 0.67348 4.46943 1.58548 1 1 1
v 0.667844 4.46421 1.584 1 1 1
v -0.653959 4.45133 1.58035 1 1 1
v -0.64755 4.44543 1.57868 1 1 1
v -0.185451 4.45571 1.58159 1 1 1
v -0.202904 4.44543 1.57868 1 1 1
v -0.0097605 4.46281 1.58361 1 1 1
v 0.00976062 4.46281 1.58361 1 1 1
v 0.185451 4.45571 1.58159 1 1 1
v 0.202904 4.44543 1.57868 1 1 1
v 0.653959 4.45133 1.58035 1 1 1
v 0.64755 4.44543 1.57868 1 1 1
v -0.634438 4.4333 1.57523 1 1 1
v -0.627177 4.42665 1.57335 1 1 1
v -0.263536 4.42921 1.57407 1 1 1
v -0.277087 4.42665 1.57335 1 1 1
v -0.244015 4.43323 1.57522 1 1 1
v -0.224493 4.43812 1.5766 1 1 1
v -0.204972 4.44459 1.57844 1 1 1
v 0.204972 4.44459 1.57844 1 1 1
v 0.224494 4.43812 1.5766 1 1 1
v 0.244015 4.43323 1.57522 1 1 1
v 0.263536 4.42921 1.57407 1 1 1
v 0.277087 4.42665 1.57335 1 1 1
v 0.634438 4.4333 1.57523 1 1 1
v 0.627177 4.42665 1.57335 1 1 1
v -0.614917 4.41542 1.57016 1 1 1
v -0.605864 4.40787 1.56802 1 1 1
v -0.361142 4.40972 1.56854 1 1 1
v -0.371717 4.40787 1.56802 1 1 1
v -0.34162 4.41322 1.56954 1 1 1
v -0.322099 4.41697 1.5706 1 1 1
v -0.302578 4.421 1.57174 1 1 1
v -0.283057 4.4253 1.57297 1 1 1
v 0.283057 4.4253 1.57297 1 1 1
v 0.302578 4.421 1.57174 1 1 1
v 0.322099 4.41697 1.5706 1 1 1
v 0.34162 4.41322 1.56954 1 1 1
v 0.361142 4.40972 1.56854 1 1 1
v 0.371717 4.40787 1.56802 1 1 1
v 0.614917 4.41542 1.57016 1 1 1
v 0.605864 4.40787 1.56802 1 1 1
v -0.595396 4.39932 1.56559 1 1 1
v -0.577665 4.38909 1.56269 1 1 1
v -0.478269 4.38937 1.56277 1 1 1
v -0.479995 4.38909 1.56269 1 1 1
v -0.458747 4.39237 1.56362 1 1 1
v -0.439226 4.39538 1.56448 1 1 1
v -0.419705 4.39858 1.56538 1 1 1
v -0.400184 4.40209 1.56638 1 1 1
v -0.380663 4.40597 1.56748 1 1 1
v 0.380663 4.40597 1.56748 1 1 1
v 0.400184 4.40209 1.56638 1 1 1
v 0.419705 4.39858 1.56538 1 1 1
v 0.439226 4.39538 1.56448 1 1 1
v 0.458748 4.39237 1.56362 1 1 1
v 0.478269 4.38937 1.56277 1 1 1
v 0.479995 4.38909 1.56269 1 1 1
v 0.595396 4.39932 1.56559 1 1 1
v 0.577665 4.38909 1.56269 1 1 1
v -0.575874 4.38807 1.5624 1 1 1
v -0.556353 4.38196 1.56067 1 1 1
v -0.536832 4.38075 1.56033 1 1 1
v -0.517311 4.38251 1.56083 1 1 1
v -0.49779 4.38573 1.56174 1 1 1
v 0.49779 4.38573 1.56174 1 1 1
v 0.517311 4.38251 1.56083 1 1 1
v 0.536832 4.38075 1.56033 1 1 1
v 0.556353 4.38196 1.56067 1 1 1
v 0.575874 4.38807 1.5624 1 1 1
v -0.185451 4.88449 1.53497 1 1 1
v -0.190245 4.88399 1.53483 1 1 1
v -0.16593 4.8853 1.5352 1 1 1
v -0.146409 4.88553 1.53527 1 1 1
v -0.126888 4.88557 1.53528 1 1 1
v -0.107366 4.88559 1.53529 1 1 1
v -0.0878452 4.88563 1.5353 1 1 1
v -0.0683241 4.88568 1.53531 1 1 1
v -0.0488029 4.8857 1.53532 1 1 1
v -0.0292817 4.88572 1.53532 1 1 1
v -0.0097605 4.88572 1.53532 1 1 1
v 0.00976062 4.88572 1.53532 1 1 1
v 0.0292817 4.88572 1.53532 1 1 1
v 0.048803 4.8857 1.53532 1 1 1
v 0.0683241 4.88568 1.53531 1 1 1
v 0.0878453 4.88563 1.5353 1 1 1
v 0.107366 4.88559 1.53529 1 1 1
v 0.126888 4.88557 1.53528 1 1 1
v 0.146409 4.88553 1.53527 1 1 1
v 0.16593 4.8853 1.5352 1 1 1
v 0.185451 4.88449 1.53497 1 1 1
v 0.190245 4.88399 1.53483 1 1 1
v -0.419705 4.86568 1.52966 1 1 1
v -0.42232 4.86521 1.52953 1 1 1
v -0.400184 4.8664 1.52986 1 1 1
v -0.394564 4.86521 1.52953 1 1 1
v -0.224493 4.87626 1.53265 1 1 1
v -0.238672 4.86521 1.52953 1 1 1
v -0.204972 4.88232 1.53436 1 1 1
v 0.204972 4.88232 1.53436 1 1 1
v 0.224494 4.87626 1.53265 1 1 1
v 0.238672 4.86521 1.52953 1 1 1
v 0.400184 4.8664 1.52986 1 1 1
v 0.394564 4.86521 1.52953 1 1 1
v 0.419705 4.86568 1.52966 1 1 1
v 0.42232 4.86521 1.52953 1 1 1
v -0.49779 4.84991 1.5252 1 1 1
v -0.511974 4.84642 1.52422 1 1 1
v -0.478269 4.85449 1.5265 1 1 1
v -0.458747 4.85879 1.52771 1 1 1
v -0.439226 4.86268 1.52881 1 1 1
v -0.380663 4.86216 1.52867 1 1 1
v -0.361142 4.84948 1.52508 1 1 1
v -0.358141 4.84642 1.52422 1 1 1
v -0.242832 4.84642 1.52422 1 1 1
v 0.242832 4.84642 1.52422 1 1 1
v 0.361142 4.84948 1.52508 1 1 1
v 0.358141 4.84642 1.52422 1 1 1
v 0.380663 4.86216 1.52867 1 1 1
v 0.439226 4.86268 1.52881 1 1 1
v 0.458748 4.85879 1.52771 1 1 1
v 0.478269 4.85449 1.5265 1 1 1
v 0.49779 4.84991 1.5252 1 1 1
v 0.511974 4.84642 1.52422 1 1 1
v -0.595396 4.82773 1.51893 1 1 1
v -0.59578 4.82764 1.51891 1 1 1
v -0.575874 4.83251 1.52029 1 1 1
v -0.556353 4.83699 1.52155 1 1 1
v -0.536832 4.84122 1.52275 1 1 1
v -0.517311 4.8453 1.5239 1 1 1
v -0.343389 4.82764 1.51891 1 1 1
v -0.238543 4.82764 1.51891 1 1 1
v 0.238543 4.82764 1.51891 1 1 1
v 0.343389 4.82764 1.51891 1 1 1
v 0.517311 4.8453 1.5239 1 1 1
v 0.536832 4.84122 1.52275 1 1 1
v 0.556353 4.83699 1.52155 1 1 1
v 0.575874 4.83251 1.52029 1 1 1
v 0.595396 4.82773 1.51893 1 1 1
v 0.595781 4.82764 1.51891 1 1 1
v -0.67348 4.81036 1.51403 1 1 1
v -0.679638 4.80885 1.5136 1 1 1
v -0.653959 4.81506 1.51535 1 1 1
v -0.634438 4.81947 1.5166 1 1 1
v -0.614917 4.82366 1.51778 1 1 1
v -0.34162 4.82499 1.51816 1 1 1
v -0.331022 4.80885 1.5136 1 1 1
v -0.230467 4.80885 1.5136 1 1 1
v 0.230467 4.80885 1.5136 1 1 1
v 0.34162 4.82499 1.51816 1 1 1
v 0.331022 4.80885 1.5136 1 1 1
v 0.614917 4.82366 1.51778 1 1 1
v 0.634438 4.81947 1.5166 1 1 1
v 0.653959 4.81506 1.51535 1 1 1
v 0.67348 4.81036 1.51403 1 1 1
v 0.679638 4.80885 1.5136 1 1 1
v -0.751565 4.793 1.50912 1 1 1
v -0.763526 4.79007 1.50829 1 1 1
v -0.732044 4.79759 1.51042 1 1 1
v -0.712523 4.80191 1.51164 1 1 1
v -0.693001 4.80605 1.51281 1 1 1
v -0.322099 4.79339 1.50923 1 1 1
v -0.319932 4.79007 1.50829 1 1 1
v -0.224493 4.79831 1.51062 1 1 1
v -0.220406 4.79007 1.50829 1 1 1
v 0.224494 4.79831 1.51062 1 1 1
v 0.220406 4.79007 1.50829 1 1 1
v 0.322099 4.79339 1.50923 1 1 1
v 0.319932 4.79007 1.50829 1 1 1
v 0.693002 4.80605 1.51281 1 1 1
v 0.712523 4.80191 1.51164 1 1 1
v 0.732044 4.79759 1.51042 1 1 1
v 0.751565 4.793 1.50912 1 1 1
v 0.763525 4.79007 1.50829 1 1 1
v -0.82965 4.77484 1.50399 1 1 1
v -0.841766 4.77128 1.50298 1 1 1
v -0.810128 4.77985 1.5054 1 1 1
v -0.790607 4.7843 1.50666 1 1 1
v -0.771086 4.78846 1.50784 1 1 1
v -0.308325 4.77128 1.50298 1 1 1
v -0.210129 4.77128 1.50298 1 1 1
v 0.210129 4.77128 1.50298 1 1 1
v 0.308325 4.77128 1.50298 1 1 1
v 0.771086 4.78846 1.50784 1 1 1
v 0.790607 4.7843 1.50666 1 1 1
v 0.810129 4.77985 1.5054 1 1 1
v 0.82965 4.77484 1.50399 1 1 1
v 0.841766 4.77128 1.50298 1 1 1
v -0.868692 4.7606 1.49996 1 1 1
v -0.881898 4.75249 1.49767 1 1 1
v -0.849171 4.76884 1.50229 1 1 1
v -0.302578 4.76139 1.50018 1 1 1
v -0.296759 4.75249 1.49767 1 1 1
v -0.204972 4.76267 1.50055 1 1 1
v -0.199498 4.75249 1.49767 1 1 1
v 0.204972 4.76267 1.50055 1 1 1
v 0.199498 4.75249 1.49767 1 1 1
v 0.302578 4.76139 1.50018 1 1 1
v 0.296759 4.75249 1.49767 1 1 1
v 0.849171 4.76884 1.50229 1 1 1
v 0.868692 4.7606 1.49996 1 1 1
v 0.881898 4.75249 1.49767 1 1 1
v -0.888213 4.73974 1.49407 1 1 1
v -0.890511 4.73371 1.49236 1 1 1
v -0.28551 4.73371 1.49236 1 1 1
v -0.18869 4.73371 1.49236 1 1 1
v 0.18869 4.73371 1.49236 1 1 1
v 0.28551 4.73371 1.49236 1 1 1
v 0.888213 4.73974 1.49407 1 1 1
v 0.890511 4.73371 1.49236 1 1 1
v -0.888213 4.7274 1.49058 1 1 1
v -0.884346 4.71492 1.48705 1 1 1
v -0.283057 4.72961 1.4912 1 1 1
v -0.273181 4.71492 1.48705 1 1 1
v -0.185451 4.72852 1.4909 1 1 1
v -0.177844 4.71492 1.48705 1 1 1
v 0.185451 4.72852 1.4909 1 1 1
v 0.177844 4.71492 1.48705 1 1 1
v 0.283057 4.72961 1.4912 1 1 1
v 0.273181 4.71492 1.48705 1 1 1
v 0.888213 4.7274 1.49058 1 1 1
v 0.884346 4.71492 1.48705 1 1 1
v -0.870188 4.69614 1.48175 1 1 1
v -0.263536 4.69951 1.4827 1 1 1
v -0.261051 4.69614 1.48175 1 1 1
v -0.16593 4.6964 1.48182 1 1 1
v -0.165779 4.69614 1.48175 1 1 1
v 0.16593 4.6964 1.48182 1 1 1
v 0.165778 4.69614 1.48175 1 1 1
v 0.263536 4.69951 1.4827 1 1 1
v 0.261051 4.69614 1.48175 1 1 1
v 0.870188 4.69614 1.48175 1 1 1
v -0.868692 4.69461 1.48131 1 1 1
v -0.852298 4.67735 1.47644 1 1 1
v -0.247954 4.67735 1.47644 1 1 1
v -0.155344 4.67735 1.47644 1 1 1
v 0.155344 4.67735 1.47644 1 1 1
v 0.247954 4.67735 1.47644 1 1 1
v 0.868692 4.69461 1.48131 1 1 1
v 0.852298 4.67735 1.47644 1 1 1
v -0.849171 4.67437 1.47559 1 1 1
v -0.832752 4.65857 1.47113 1 1 1
v -0.244015 4.67137 1.47475 1 1 1
v -0.235003 4.65857 1.47113 1 1 1
v -0.146409 4.66293 1.47236 1 1 1
v -0.144132 4.65857 1.47113 1 1 1
v 0.146409 4.66293 1.47236 1 1 1
v 0.144132 4.65857 1.47113 1 1 1
v 0.244015 4.67137 1.47475 1 1 1
v 0.235003 4.65857 1.47113 1 1 1
v 0.849171 4.67437 1.47559 1 1 1
v 0.832752 4.65857 1.47113 1 1 1
v -0.82965 4.65565 1.4703 1 1 1
v -0.812654 4.63978 1.46582 1 1 1
v -0.224493 4.64046 1.46601 1 1 1
v -0.224065 4.63978 1.46582 1 1 1
v -0.134553 4.63978 1.46582 1 1 1
v 0.134553 4.63978 1.46582 1 1 1
v 0.224494 4.64046 1.46601 1 1 1
v 0.224065 4.63978 1.46582 1 1 1
v 0.82965 4.65565 1.4703 1 1 1
v 0.812654 4.63978 1.46582 1 1 1
v -0.810128 4.63741 1.46515 1 1 1
v -0.792535 4.621 1.46051 1 1 1
v -0.213028 4.621 1.46051 1 1 1
v -0.126888 4.62598 1.46192 1 1 1
v -0.124513 4.621 1.46051 1 1 1
v 0.126888 4.62598 1.46192 1 1 1
v 0.124513 4.621 1.46051 1 1 1
v 0.213028 4.621 1.46051 1 1 1
v 0.810129 4.63741 1.46515 1 1 1
v 0.792535 4.621 1.46051 1 1 1
v -0.790607 4.61918 1.46 1 1 1
v -0.772389 4.60221 1.4552 1 1 1
v -0.204972 4.60491 1.45596 1 1 1
v -0.203383 4.60221 1.4552 1 1 1
v -0.115741 4.60221 1.4552 1 1 1
v 0.115741 4.60221 1.4552 1 1 1
v 0.204972 4.60491 1.45596 1 1 1
v 0.203383 4.60221 1.4552 1 1 1
v 0.790607 4.61918 1.46 1 1 1
v 0.772389 4.60221 1.4552 1 1 1
v -0.771086 4.60099 1.45485 1 1 1
v -0.752227 4.58343 1.44989 1 1 1
v -0.192798 4.58343 1.44989 1 1 1
v -0.107366 4.58684 1.45086 1 1 1
v -0.105686 4.58343 1.44989 1 1 1
v 0.107366 4.58684 1.45086 1 1 1
v 0.105686 4.58343 1.44989 1 1 1
v 0.192798 4.58343 1.44989 1 1 1
v 0.771086 4.60099 1.45485 1 1 1
v 0.752227 4.58343 1.44989 1 1 1
v -0.751565 4.5828 1.44972 1 1 1
v -0.732065 4.56464 1.44458 1 1 1
v -0.185451 4.5685 1.44567 1 1 1
v -0.183047 4.56464 1.44458 1 1 1
v -0.0955937 4.56464 1.44458 1 1 1
v 0.0955937 4.56464 1.44458 1 1 1
v 0.185451 4.5685 1.44567 1 1 1
v 0.183047 4.56464 1.44458 1 1 1
v 0.751565 4.5828 1.44972 1 1 1
v 0.732065 4.56464 1.44458 1 1 1
v -0.732044 4.56462 1.44458 1 1 1
v -0.712523 4.54638 1.43942 1 1 1
v -0.711956 4.54586 1.43927 1 1 1
v -0.174064 4.54586 1.43927 1 1 1
v -0.0878452 4.55381 1.44152 1 1 1
v -0.0821449 4.54586 1.43927 1 1 1
v 0.0878453 4.55381 1.44152 1 1 1
v 0.0821449 4.54586 1.43927 1 1 1
v 0.174064 4.54586 1.43927 1 1 1
v 0.712523 4.54638 1.43942 1 1 1
v 0.711956 4.54586 1.43927 1 1 1
v 0.732044 4.56462 1.44458 1 1 1
v -0.693001 4.52824 1.4343 1 1 1
v -0.691724 4.52707 1.43396 1 1 1
v -0.169969 4.52707 1.43396 1 1 1
v -0.0683241 4.53121 1.43513 1 1 1
v -0.0633318 4.52707 1.43396 1 1 1
v 0.0683241 4.53121 1.43513 1 1 1
v 0.0633317 4.52707 1.43396 1 1 1
v 0.169969 4.52707 1.43396 1 1 1
v 0.693002 4.52824 1.4343 1 1 1
v 0.691724 4.52707 1.43396 1 1 1
v -0.67348 4.51025 1.42921 1 1 1
v -0.671327 4.50828 1.42866 1 1 1
v -0.174571 4.50828 1.42866 1 1 1
v -0.0488029 4.51716 1.43116 1 1 1
v -0.0292817 4.51007 1.42916 1 1 1
v -0.0171516 4.50828 1.42866 1 1 1
v 0.0292817 4.51007 1.42916 1 1 1
v 0.0171516 4.50828 1.42866 1 1 1
v 0.048803 4.51716 1.43116 1 1 1
v 0.174571 4.50828 1.42866 1 1 1
v 0.67348 4.51025 1.42921 1 1 1
v 0.671327 4.50828 1.42866 1 1 1
v -0.653959 4.49238 1.42416 1 1 1
v -0.650785 4.4895 1.42335 1 1 1
v -0.185451 4.49805 1.42576 1 1 1
v -0.1999 4.4895 1.42335 1 1 1
v -0.0097605 4.50708 1.42832 1 1 1
v 0.00976062 4.50708 1.42832 1 1 1
v 0.185451 4.49805 1.42576 1 1 1
v 0.1999 4.4895 1.42335 1 1 1
v 0.653959 4.49238 1.42416 1 1 1
v 0.650785 4.4895 1.42335 1 1 1
v -0.634438 4.47456 1.41912 1 1 1
v -0.630184 4.47071 1.41804 1 1 1
v -0.263536 4.47273 1.41861 1 1 1
v -0.274467 4.47071 1.41804 1 1 1
v -0.244015 4.47659 1.4197 1 1 1
v -0.224493 4.48124 1.42101 1 1 1
v -0.204972 4.48743 1.42276 1 1 1
v 0.204972 4.48743 1.42276 1 1 1
v 0.224494 4.48124 1.42101 1 1 1
v 0.244015 4.47659 1.4197 1 1 1
v 0.263536 4.47273 1.41861 1 1 1
v 0.274467 4.47071 1.41804 1 1 1
v 0.634438 4.47456 1.41912 1 1 1
v 0.630184 4.47071 1.41804 1 1 1
v -0.614917 4.45689 1.41413 1 1 1
v -0.608885 4.45193 1.41273 1 1 1
v -0.361142 4.4535 1.41317 1 1 1
v -0.370152 4.45193 1.41273 1 1 1
v -0.34162 4.45698 1.41416 1 1 1
v -0.322099 4.46067 1.4152 1 1 1
v -0.302578 4.46462 1.41632 1 1 1
v -0.283057 4.46882 1.4175 1 1 1
v 0.283057 4.46882 1.4175 1 1 1
v 0.302578 4.46462 1.41632 1 1 1
v 0.322099 4.46067 1.4152 1 1 1
v 0.34162 4.45698 1.41416 1 1 1
v 0.361142 4.4535 1.41317 1 1 1
v 0.370152 4.45193 1.41273 1 1 1
v 0.614917 4.45689 1.41413 1 1 1
v 0.608885 4.45193 1.41273 1 1 1
v -0.595396 4.44103 1.40965 1 1 1
v -0.581494 4.43314 1.40742 1 1 1
v -0.458747 4.43559 1.40811 1 1 1
v -0.473884 4.43314 1.40742 1 1 1
v -0.439226 4.43877 1.40901 1 1 1
v -0.419705 4.44213 1.40996 1 1 1
v -0.400184 4.44577 1.41099 1 1 1
v -0.380663 4.4497 1.4121 1 1 1
v 0.380663 4.4497 1.4121 1 1 1
v 0.400184 4.44577 1.41099 1 1 1
v 0.419705 4.44213 1.40996 1 1 1
v 0.439226 4.43877 1.40901 1 1 1
v 0.458748 4.43559 1.40811 1 1 1
v 0.473884 4.43314 1.40742 1 1 1
v 0.595396 4.44103 1.40965 1 1 1
v 0.581494 4.43314 1.40742 1 1 1
v -0.575874 4.42998 1.40652 1 1 1
v -0.556353 4.42426 1.40491 1 1 1
v -0.536832 4.42326 1.40463 1 1 1
v -0.517311 4.42515 1.40516 1 1 1
v -0.49779 4.42847 1.4061 1 1 1
v -0.478269 4.43229 1.40718 1 1 1
v 0.478269 4.43229 1.40718 1 1 1
v 0.49779 4.42847 1.4061 1 1 1
v 0.517311 4.42515 1.40516 1 1 1
v 0.536832 4.42326 1.40463 1 1 1
v 0.556353 4.42426 1.40491 1 1 1
v 0.575874 4.42998 1.40652 1 1 1
v -0.204972 4.92966 1.37452 1 1 1
v -0.206853 4.92927 1.37442 1 1 1
v -0.185451 4.93156 1.37502 1 1 1
v -0.16593 4.93222 1.37519 1 1 1
v -0.146409 4.93233 1.37522 1 1 1
v -0.126888 4.93226 1.3752 1 1 1
v -0.107366 4.93217 1.37518 1 1 1
v -0.0878452 4.9321 1.37516 1 1 1
v -0.0683241 4.93206 1.37515 1 1 1
v -0.0488029 4.93203 1.37514 1 1 1
v -0.0292817 4.93202 1.37514 1 1 1
v -0.0097605 4.93202 1.37514 1 1 1
v 0.00976062 4.93202 1.37514 1 1 1
v 0.0292817 4.93202 1.37514 1 1 1
v 0.048803 4.93203 1.37514 1 1 1
v 0.0683241 4.93206 1.37515 1 1 1
v 0.0878453 4.9321 1.37516 1 1 1
v 0.107366 4.93217 1.37518 1 1 1
v 0.126888 4.93226 1.3752 1 1 1
v 0.146409 4.93233 1.37522 1 1 1
v 0.16593 4.93222 1.37519 1 1 1
v 0.185451 4.93156 1.37502 1 1 1
v 0.204972 4.92966 1.37452 1 1 1
v 0.206853 4.92927 1.37442 1 1 1
v -0.439226 4.91045 1.36952 1 1 1
v -0.439535 4.91038 1.3695 1 1 1
v -0.419705 4.91392 1.37042 1 1 1
v -0.400184 4.91466 1.37062 1 1 1
v -0.380878 4.91038 1.3695 1 1 1
v -0.224493 4.92436 1.37314 1 1 1
v -0.242351 4.91038 1.3695 1 1 1
v 0.224494 4.92436 1.37314 1 1 1
v 0.242351 4.91038 1.3695 1 1 1
v 0.400184 4.91466 1.37062 1 1 1
v 0.380878 4.91038 1.3695 1 1 1
v 0.419705 4.91392 1.37042 1 1 1
v 0.439226 4.91045 1.36952 1 1 1
v 0.439535 4.91038 1.3695 1 1 1
v -0.517311 4.89359 1.36513 1 1 1
v -0.525967 4.89149 1.36459 1 1 1
v -0.49779 4.89821 1.36634 1 1 1
v -0.478269 4.90257 1.36747 1 1 1
v -0.458747 4.90668 1.36854 1 1 1
v -0.380663 4.91033 1.36949 1 1 1
v -0.361142 4.89825 1.36635 1 1 1
v -0.354659 4.89149 1.36459 1 1 1
v -0.244015 4.9014 1.36717 1 1 1
v -0.245399 4.89149 1.36459 1 1 1
v 0.244015 4.9014 1.36717 1 1 1
v 0.245399 4.89149 1.36459 1 1 1
v 0.361142 4.89825 1.36635 1 1 1
v 0.354659 4.89149 1.36459 1 1 1
v 0.380663 4.91033 1.36949 1 1 1
v 0.458748 4.90668 1.36854 1 1 1
v 0.478269 4.90257 1.36747 1 1 1
v 0.49779 4.89821 1.36634 1 1 1
v 0.517311 4.89359 1.36513 1 1 1
v 0.525967 4.89149 1.36459 1 1 1
v -0.595396 4.87649 1.36068 1 1 1
v -0.611405 4.8726 1.35967 1 1 1
v -0.575874 4.88099 1.36185 1 1 1
v -0.556353 4.88524 1.36296 1 1 1
v -0.536832 4.88928 1.36401 1 1 1
v -0.34162 4.87391 1.36001 1 1 1
v -0.340703 4.8726 1.35967 1 1 1
v -0.244015 4.88693 1.3634 1 1 1
v -0.240518 4.8726 1.35967 1 1 1
v 0.244015 4.88693 1.3634 1 1 1
v 0.240518 4.8726 1.35967 1 1 1
v 0.34162 4.87391 1.36001 1 1 1
v 0.340703 4.8726 1.35967 1 1 1
v 0.536832 4.88928 1.36401 1 1 1
v 0.556353 4.88524 1.36296 1 1 1
v 0.575874 4.88099 1.36185 1 1 1
v 0.595396 4.87649 1.36068 1 1 1
v 0.611405 4.8726 1.35967 1 1 1
v -0.693001 4.85461 1.35498 1 1 1
v -0.696709 4.85371 1.35475 1 1 1
v -0.67348 4.85929 1.3562 1 1 1
v -0.653959 4.86372 1.35736 1 1 1
v -0.634438 4.86789 1.35844 1 1 1
v -0.614917 4.87188 1.35948 1 1 1
v -0.328724 4.85371 1.35475 1 1 1
v -0.23229 4.85371 1.35475 1 1 1
v 0.23229 4.85371 1.35475 1 1 1
v 0.328724 4.85371 1.35475 1 1 1
v 0.614917 4.87188 1.35948 1 1 1
v 0.634438 4.86789 1.35844 1 1 1
v 0.653959 4.86372 1.35736 1 1 1
v 0.67348 4.85929 1.3562 1 1 1
v 0.693002 4.85461 1.35498 1 1 1
v 0.696709 4.85371 1.35475 1 1 1
v -0.771086 4.83752 1.35053 1 1 1
v -0.782219 4.83482 1.34983 1 1 1
v -0.751565 4.8421 1.35173 1 1 1
v -0.732044 4.84641 1.35285 1 1 1
v -0.712523 4.85049 1.35391 1 1 1
v -0.322099 4.84197 1.35169 1 1 1
v -0.317547 4.83482 1.34983 1 1 1
v -0.224493 4.84016 1.35122 1 1 1
v -0.2218 4.83482 1.34983 1 1 1
v 0.224494 4.84016 1.35122 1 1 1
v 0.2218 4.83482 1.34983 1 1 1
v 0.322099 4.84197 1.35169 1 1 1
v 0.317547 4.83482 1.34983 1 1 1
v 0.712523 4.85049 1.35391 1 1 1
v 0.732044 4.84641 1.35285 1 1 1
v 0.751565 4.8421 1.35173 1 1 1
v 0.771086 4.83752 1.35053 1 1 1
v 0.782219 4.83482 1.34983 1 1 1
v -0.849171 4.8189 1.34569 1 1 1
v -0.858341 4.81592 1.34491 1 1 1
v -0.82965 4.82432 1.3471 1 1 1
v -0.810128 4.82893 1.3483 1 1 1
v -0.790607 4.83308 1.34938 1 1 1
v -0.306465 4.81592 1.34491 1 1 1
v -0.211408 4.81592 1.34491 1 1 1
v 0.211408 4.81592 1.34491 1 1 1
v 0.306465 4.81592 1.34491 1 1 1
v 0.790607 4.83308 1.34938 1 1 1
v 0.810129 4.82893 1.3483 1 1 1
v 0.82965 4.82432 1.3471 1 1 1
v 0.849171 4.8189 1.34569 1 1 1
v 0.858341 4.81592 1.34491 1 1 1
v -0.888213 4.80063 1.34093 1 1 1
v -0.89271 4.79703 1.33999 1 1 1
v -0.868692 4.81183 1.34384 1 1 1
v -0.302578 4.80908 1.34313 1 1 1
v -0.294872 4.79703 1.33999 1 1 1
v -0.204972 4.8055 1.3422 1 1 1
v -0.200308 4.79703 1.33999 1 1 1
v 0.204972 4.8055 1.3422 1 1 1
v 0.200308 4.79703 1.33999 1 1 1
v 0.302578 4.80908 1.34313 1 1 1
v 0.294872 4.79703 1.33999 1 1 1
v 0.868692 4.81183 1.34384 1 1 1
v 0.888213 4.80063 1.34093 1 1 1
v 0.89271 4.79703 1.33999 1 1 1
v -0.898815 4.77814 1.33507 1 1 1
v -0.284072 4.77814 1.33507 1 1 1
v -0.18932 4.77814 1.33507 1 1 1
v 0.18932 4.77814 1.33507 1 1 1
v 0.284072 4.77814 1.33507 1 1 1
v 0.898814 4.77814 1.33507 1 1 1
v -0.891503 4.75925 1.33016 1 1 1
v -0.283057 4.77639 1.33462 1 1 1
v -0.271974 4.75925 1.33016 1 1 1
v -0.185451 4.77202 1.33348 1 1 1
v -0.178317 4.75925 1.33016 1 1 1
v 0.185451 4.77202 1.33348 1 1 1
v 0.178317 4.75925 1.33016 1 1 1
v 0.283057 4.77639 1.33462 1 1 1
v 0.271974 4.75925 1.33016 1 1 1
v 0.891503 4.75925 1.33016 1 1 1
v -0.888213 4.75525 1.32911 1 1 1
v -0.876889 4.74036 1.32524 1 1 1
v -0.263536 4.7449 1.32642 1 1 1
v -0.260446 4.74036 1.32524 1 1 1
v -0.166485 4.74036 1.32524 1 1 1
v 0.166485 4.74036 1.32524 1 1 1
v 0.263536 4.7449 1.32642 1 1 1
v 0.260445 4.74036 1.32524 1 1 1
v 0.888213 4.75525 1.32911 1 1 1
v 0.876889 4.74036 1.32524 1 1 1
v -0.868692 4.7321 1.32309 1 1 1
v -0.858497 4.72147 1.32032 1 1 1
v -0.2484 4.72147 1.32032 1 1 1
v -0.16593 4.73951 1.32502 1 1 1
v -0.155937 4.72147 1.32032 1 1 1
v 0.16593 4.73951 1.32502 1 1 1
v 0.155937 4.72147 1.32032 1 1 1
v 0.2484 4.72147 1.32032 1 1 1
v 0.868692 4.7321 1.32309 1 1 1
v 0.858497 4.72147 1.32032 1 1 1
v -0.849171 4.71265 1.31802 1 1 1
v -0.838608 4.70258 1.3154 1 1 1
v -0.244015 4.71419 1.31842 1 1 1
v -0.236275 4.70258 1.3154 1 1 1
v -0.146409 4.70623 1.31635 1 1 1
v -0.144408 4.70258 1.3154 1 1 1
v 0.146409 4.70623 1.31635 1 1 1
v 0.144408 4.70258 1.3154 1 1 1
v 0.244015 4.71419 1.31842 1 1 1
v 0.236275 4.70258 1.3154 1 1 1
v 0.849171 4.71265 1.31802 1 1 1
v 0.838608 4.70258 1.3154 1 1 1
v -0.82965 4.69422 1.31322 1 1 1
v -0.818258 4.68368 1.31048 1 1 1
v -0.225426 4.68368 1.31048 1 1 1
v -0.134145 4.68368 1.31048 1 1 1
v 0.134145 4.68368 1.31048 1 1 1
v 0.225426 4.68368 1.31048 1 1 1
v 0.82965 4.69422 1.31322 1 1 1
v 0.818258 4.68368 1.31048 1 1 1
v -0.810128 4.6761 1.30851 1 1 1
v -0.797891 4.66479 1.30556 1 1 1
v -0.224493 4.68204 1.31005 1 1 1
v -0.213881 4.66479 1.30556 1 1 1
v -0.126888 4.67162 1.30734 1 1 1
v -0.123296 4.66479 1.30556 1 1 1
v 0.126888 4.67162 1.30734 1 1 1
v 0.123296 4.66479 1.30556 1 1 1
v 0.224494 4.68204 1.31005 1 1 1
v 0.213881 4.66479 1.30556 1 1 1
v 0.810129 4.6761 1.30851 1 1 1
v 0.797891 4.66479 1.30556 1 1 1
v -0.790607 4.65801 1.3038 1 1 1
v -0.777494 4.6459 1.30064 1 1 1
v -0.204972 4.64809 1.30121 1 1 1
v -0.203611 4.6459 1.30064 1 1 1
v -0.11316 4.6459 1.30064 1 1 1
v 0.11316 4.6459 1.30064 1 1 1
v 0.204972 4.64809 1.30121 1 1 1
v 0.203611 4.6459 1.30064 1 1 1
v 0.790607 4.65801 1.3038 1 1 1
v 0.777494 4.6459 1.30064 1 1 1
v -0.771086 4.63993 1.29909 1 1 1
v -0.757079 4.62701 1.29572 1 1 1
v -0.192464 4.62701 1.29572 1 1 1
v -0.107366 4.63621 1.29812 1 1 1
v -0.102487 4.62701 1.29572 1 1 1
v 0.107366 4.63621 1.29812 1 1 1
v 0.102487 4.62701 1.29572 1 1 1
v 0.192464 4.62701 1.29572 1 1 1
v 0.771086 4.63993 1.29909 1 1 1
v 0.757079 4.62701 1.29572 1 1 1
v -0.751565 4.62188 1.29439 1 1 1
v -0.736657 4.60812 1.29081 1 1 1
v -0.185451 4.61322 1.29213 1 1 1
v -0.182309 4.60812 1.29081 1 1 1
v -0.0913283 4.60812 1.29081 1 1 1
v 0.0913283 4.60812 1.29081 1 1 1
v 0.185451 4.61322 1.29213 1 1 1
v 0.182309 4.60812 1.29081 1 1 1
v 0.751565 4.62188 1.29439 1 1 1
v 0.736657 4.60812 1.29081 1 1 1
v -0.732044 4.60383 1.28969 1 1 1
v -0.716203 4.58923 1.28589 1 1 1
v -0.173446 4.58923 1.28589 1 1 1
v -0.0878452 4.60306 1.28949 1 1 1
v -0.0786902 4.58923 1.28589 1 1 1
v 0.0878453 4.60306 1.28949 1 1 1
v 0.0786901 4.58923 1.28589 1 1 1
v 0.173446 4.58923 1.28589 1 1 1
v 0.732044 4.60383 1.28969 1 1 1
v 0.716203 4.58923 1.28589 1 1 1
v -0.712523 4.58581 1.285 1 1 1
v -0.695608 4.57034 1.28097 1 1 1
v -0.169199 4.57034 1.28097 1 1 1
v -0.0683241 4.57721 1.28276 1 1 1
v -0.0608891 4.57034 1.28097 1 1 1
v 0.0683241 4.57721 1.28276 1 1 1
v 0.060889 4.57034 1.28097 1 1 1
v 0.169199 4.57034 1.28097 1 1 1
v 0.712523 4.58581 1.285 1 1 1
v 0.695608 4.57034 1.28097 1 1 1
v -0.693001 4.56794 1.28034 1 1 1
v -0.674814 4.55145 1.27605 1 1 1
v -0.173164 4.55145 1.27605 1 1 1
v -0.0488029 4.5614 1.27864 1 1 1
v -0.0292817 4.5536 1.27661 1 1 1
v -0.0156257 4.55145 1.27605 1 1 1
v 0.0292817 4.5536 1.27661 1 1 1
v 0.0156257 4.55145 1.27605 1 1 1
v 0.048803 4.5614 1.27864 1 1 1
v 0.173164 4.55145 1.27605 1 1 1
v 0.693002 4.56794 1.28034 1 1 1
v 0.674813 4.55145 1.27605 1 1 1
v -0.67348 4.55023 1.27573 1 1 1
v -0.653959 4.53265 1.27116 1 1 1
v -0.653847 4.53255 1.27113 1 1 1
v -0.185451 4.53949 1.27294 1 1 1
v -0.197044 4.53255 1.27113 1 1 1
v -0.0097605 4.55044 1.27579 1 1 1
v 0.00976062 4.55044 1.27579 1 1 1
v 0.185451 4.53949 1.27294 1 1 1
v 0.197044 4.53255 1.27113 1 1 1
v 0.653959 4.53265 1.27116 1 1 1
v 0.653847 4.53255 1.27113 1 1 1
v 0.67348 4.55023 1.27573 1 1 1
v -0.634438 4.51492 1.26654 1 1 1
v -0.633032 4.51366 1.26621 1 1 1
v -0.263536 4.51515 1.2666 1 1 1
v -0.271749 4.51366 1.26621 1 1 1
v -0.244015 4.51889 1.26757 1 1 1
v -0.224493 4.52334 1.26873 1 1 1
v -0.204972 4.5293 1.27028 1 1 1
v 0.204972 4.5293 1.27028 1 1 1
v 0.224494 4.52334 1.26873 1 1 1
v 0.244015 4.51889 1.26757 1 1 1
v 0.263536 4.51515 1.2666 1 1 1
v 0.271749 4.51366 1.26621 1 1 1
v 0.634438 4.51492 1.26654 1 1 1
v 0.633032 4.51366 1.26621 1 1 1
v -0.614917 4.49736 1.26197 1 1 1
v -0.611753 4.49477 1.26129 1 1 1
v -0.361142 4.49608 1.26164 1 1 1
v -0.368597 4.49477 1.26129 1 1 1
v -0.34162 4.49955 1.26254 1 1 1
v -0.322099 4.50321 1.26349 1 1 1
v -0.302578 4.5071 1.26451 1 1 1
v -0.283057 4.51121 1.26558 1 1 1
v 0.283057 4.51121 1.26558 1 1 1
v 0.302578 4.5071 1.26451 1 1 1
v 0.322099 4.50321 1.26349 1 1 1
v 0.34162 4.49955 1.26254 1 1 1
v 0.361142 4.49608 1.26164 1 1 1
v 0.368597 4.49477 1.26129 1 1 1
v 0.614917 4.49736 1.26197 1 1 1
v 0.611753 4.49477 1.26129 1 1 1
v -0.595396 4.48163 1.25787 1 1 1
v -0.585162 4.47588 1.25638 1 1 1
v -0.458747 4.47756 1.25681 1 1 1
v -0.468589 4.47588 1.25638 1 1 1
v -0.439226 4.48091 1.25768 1 1 1
v -0.419705 4.48444 1.2586 1 1 1
v -0.400184 4.4882 1.25958 1 1 1
v -0.380663 4.4922 1.26062 1 1 1
v 0.380663 4.4922 1.26062 1 1 1
v 0.400184 4.4882 1.25958 1 1 1
v 0.419705 4.48444 1.2586 1 1 1
v 0.439226 4.48091 1.25768 1 1 1
v 0.458748 4.47756 1.25681 1 1 1
v 0.468589 4.47588 1.25638 1 1 1
v 0.595396 4.48163 1.25787 1 1 1
v 0.585162 4.47588 1.25638 1 1 1
v -0.575874 4.47069 1.25502 1 1 1
v -0.556353 4.4653 1.25362 1 1 1
v -0.536832 4.4645 1.25341 1 1 1
v -0.517311 4.46652 1.25394 1 1 1
v -0.49779 4.46994 1.25483 1 1 1
v -0.478269 4.47388 1.25586 1 1 1
v 0.478269 4.47388 1.25586 1 1 1
v 0.49779 4.46994 1.25483 1 1 1
v 0.517311 4.46652 1.25394 1 1 1
v 0.536832 4.4645 1.25341 1 1 1
v 0.556353 4.4653 1.25362 1 1 1
v 0.575874 4.47069 1.25502 1 1 1
v -0.204972 4.97231 1.21862 1 1 1
v -0.216443 4.97 1.21801 1 1 1
v -0.185451 4.97398 1.21905 1 1 1
v -0.16593 4.97448 1.21918 1 1 1
v -0.146409 4.97448 1.21918 1 1 1
v -0.126888 4.97431 1.21914 1 1 1
v -0.107366 4.97411 1.21909 1 1 1
v -0.0878452 4.97395 1.21904 1 1 1
v -0.0683241 4.97384 1.21901 1 1 1
v -0.0488029 4.97376 1.21899 1 1 1
v -0.0292817 4.97372 1.21899 1 1 1
v -0.0097605 4.97371 1.21898 1 1 1
v 0.00976062 4.97371 1.21898 1 1 1
v 0.0292817 4.97372 1.21899 1 1 1
v 0.048803 4.97376 1.21899 1 1 1
v 0.0683241 4.97384 1.21901 1 1 1
v 0.0878453 4.97395 1.21904 1 1 1
v 0.107366 4.97411 1.21909 1 1 1
v 0.126888 4.97431 1.21914 1 1 1
v 0.146409 4.97448 1.21918 1 1 1
v 0.16593 4.97448 1.21918 1 1 1
v 0.185451 4.97398 1.21905 1 1 1
v 0.204972 4.97231 1.21862 1 1 1
v 0.216443 4.97 1.21801 1 1 1
v -0.439226 4.95422 1.21391 1 1 1
v -0.452828 4.9511 1.2131 1 1 1
v -0.419705 4.95752 1.21477 1 1 1
v -0.400184 4.95828 1.21497 1 1 1
v -0.380663 4.95425 1.21391 1 1 1
v -0.374853 4.9511 1.2131 1 1 1
v -0.244015 4.95336 1.21368 1 1 1
v -0.24571 4.9511 1.2131 1 1 1
v -0.224493 4.96779 1.21744 1 1 1
v 0.224494 4.96779 1.21744 1 1 1
v 0.244015 4.95336 1.21368 1 1 1
v 0.24571 4.9511 1.2131 1 1 1
v 0.380663 4.95425 1.21391 1 1 1
v 0.374853 4.9511 1.2131 1 1 1
v 0.400184 4.95828 1.21497 1 1 1
v 0.419705 4.95752 1.21477 1 1 1
v 0.439226 4.95422 1.21391 1 1 1
v 0.452828 4.9511 1.2131 1 1 1
v -0.536832 4.933 1.20838 1 1 1
v -0.54012 4.93221 1.20818 1 1 1
v -0.517311 4.93761 1.20958 1 1 1
v -0.49779 4.94196 1.21071 1 1 1
v -0.478269 4.94608 1.21179 1 1 1
v -0.458747 4.94999 1.21281 1 1 1
v -0.361142 4.94245 1.21084 1 1 1
v -0.35147 4.93221 1.20818 1 1 1
v -0.247909 4.93221 1.20818 1 1 1
v 0.247909 4.93221 1.20818 1 1 1
v 0.361142 4.94245 1.21084 1 1 1
v 0.35147 4.93221 1.20818 1 1 1
v 0.458748 4.94999 1.21281 1 1 1
v 0.478269 4.94608 1.21179 1 1 1
v 0.49779 4.94196 1.21071 1 1 1
v 0.517311 4.93761 1.20958 1 1 1
v 0.536832 4.933 1.20838 1 1 1
v 0.54012 4.93221 1.20818 1 1 1
v -0.614917 4.9163 1.20403 1 1 1
v -0.627323 4.91332 1.20326 1 1 1
v -0.595396 4.92078 1.2052 1 1 1
v -0.575874 4.925 1.2063 1 1 1
v -0.556353 4.92901 1.20734 1 1 1
v -0.34162 4.9187 1.20466 1 1 1
v -0.33793 4.91332 1.20326 1 1 1
v -0.244015 4.91981 1.20495 1 1 1
v -0.242381 4.91332 1.20326 1 1 1
v 0.244015 4.91981 1.20495 1 1 1
v 0.242381 4.91332 1.20326 1 1 1
v 0.34162 4.9187 1.20466 1 1 1
v 0.33793 4.91332 1.20326 1 1 1
v 0.556353 4.92901 1.20734 1 1 1
v 0.575874 4.925 1.2063 1 1 1
v 0.595396 4.92078 1.2052 1 1 1
v 0.614917 4.9163 1.20403 1 1 1
v 0.627323 4.91332 1.20326 1 1 1
v -0.712523 4.89485 1.19845 1 1 1
v -0.714243 4.89443 1.19834 1 1 1
v -0.693001 4.89948 1.19966 1 1 1
v -0.67348 4.90384 1.20079 1 1 1
v -0.653959 4.90798 1.20187 1 1 1
v -0.634438 4.91191 1.20289 1 1 1
v -0.326611 4.89443 1.19834 1 1 1
v -0.234011 4.89443 1.19834 1 1 1
v 0.234011 4.89443 1.19834 1 1 1
v 0.326611 4.89443 1.19834 1 1 1
v 0.634438 4.91191 1.20289 1 1 1
v 0.653959 4.90798 1.20187 1 1 1
v 0.67348 4.90384 1.20079 1 1 1
v 0.693002 4.89948 1.19966 1 1 1
v 0.712523 4.89485 1.19845 1 1 1
v 0.714243 4.89443 1.19834 1 1 1
v -0.790607 4.87815 1.1941 1 1 1
v -0.801467 4.87554 1.19342 1 1 1
v -0.771086 4.88265 1.19527 1 1 1
v -0.751565 4.88689 1.19638 1 1 1
v -0.732044 4.89092 1.19743 1 1 1
v -0.322099 4.8863 1.19622 1 1 1
v -0.315358 4.87554 1.19342 1 1 1
v -0.224493 4.87822 1.19412 1 1 1
v -0.223116 4.87554 1.19342 1 1 1
v 0.224494 4.87822 1.19412 1 1 1
v 0.223116 4.87554 1.19342 1 1 1
v 0.322099 4.8863 1.19622 1 1 1
v 0.315358 4.87554 1.19342 1 1 1
v 0.732044 4.89092 1.19743 1 1 1
v 0.751565 4.88689 1.19638 1 1 1
v 0.771086 4.88265 1.19527 1 1 1
v 0.790607 4.87815 1.1941 1 1 1
v 0.801467 4.87554 1.19342 1 1 1
v -0.868692 4.85866 1.18903 1 1 1
v -0.874131 4.85665 1.1885 1 1 1
v -0.849171 4.86469 1.1906 1 1 1
v -0.82965 4.86957 1.19187 1 1 1
v -0.810128 4.87378 1.19296 1 1 1
v -0.304754 4.85665 1.1885 1 1 1
v -0.21262 4.85665 1.1885 1 1 1
v 0.21262 4.85665 1.1885 1 1 1
v 0.304754 4.85665 1.1885 1 1 1
v 0.810129 4.87378 1.19296 1 1 1
v 0.82965 4.86957 1.19187 1 1 1
v 0.849171 4.86469 1.1906 1 1 1
v 0.868692 4.85866 1.18903 1 1 1
v 0.874131 4.85665 1.1885 1 1 1
v -0.888213 4.84946 1.18663 1 1 1
v -0.902888 4.83776 1.18358 1 1 1
v -0.302578 4.85276 1.18749 1 1 1
v -0.29314 4.83776 1.18358 1 1 1
v -0.204972 4.84467 1.18538 1 1 1
v -0.201065 4.83776 1.18358 1 1 1
v 0.204972 4.84467 1.18538 1 1 1
v 0.201065 4.83776 1.18358 1 1 1
v 0.302578 4.85276 1.18749 1 1 1
v 0.29314 4.83776 1.18358 1 1 1
v 0.888213 4.84946 1.18663 1 1 1
v 0.902888 4.83776 1.18358 1 1 1
v -0.9067 4.81886 1.17867 1 1 1
v -0.283057 4.8195 1.17883 1 1 1
v -0.282649 4.81886 1.17867 1 1 1
v -0.189903 4.81886 1.17867 1 1 1
v 0.189903 4.81886 1.17867 1 1 1
v 0.283057 4.8195 1.17883 1 1 1
v 0.282649 4.81886 1.17867 1 1 1
v 0.9067 4.81886 1.17867 1 1 1
v -0.898643 4.79997 1.17375 1 1 1
v -0.270888 4.79997 1.17375 1 1 1
v -0.185451 4.81193 1.17686 1 1 1
v -0.178744 4.79997 1.17375 1 1 1
v 0.185451 4.81193 1.17686 1 1 1
v 0.178744 4.79997 1.17375 1 1 1
v 0.270888 4.79997 1.17375 1 1 1
v 0.898642 4.79997 1.17375 1 1 1
v -0.888213 4.78752 1.1705 1 1 1
v -0.883237 4.78108 1.16883 1 1 1
v -0.263536 4.78677 1.17031 1 1 1
v -0.259915 4.78108 1.16883 1 1 1
v -0.167163 4.78108 1.16883 1 1 1
v 0.167163 4.78108 1.16883 1 1 1
v 0.263536 4.78677 1.17031 1 1 1
v 0.259915 4.78108 1.16883 1 1 1
v 0.888213 4.78752 1.1705 1 1 1
v 0.883237 4.78108 1.16883 1 1 1
v -0.868692 4.76663 1.16507 1 1 1
v -0.864368 4.76219 1.16391 1 1 1
v -0.248794 4.76219 1.16391 1 1 1
v -0.16593 4.77915 1.16833 1 1 1
v -0.156494 4.76219 1.16391 1 1 1
v 0.16593 4.77915 1.16833 1 1 1
v 0.156494 4.76219 1.16391 1 1 1
v 0.248794 4.76219 1.16391 1 1 1
v 0.868692 4.76663 1.16507 1 1 1
v 0.864368 4.76219 1.16391 1 1 1
v -0.849171 4.74802 1.16022 1 1 1
v -0.844154 4.7433 1.15899 1 1 1
v -0.244015 4.75362 1.16168 1 1 1
v -0.237468 4.7433 1.15899 1 1 1
v -0.146409 4.74629 1.15977 1 1 1
v -0.144687 4.7433 1.15899 1 1 1
v 0.146409 4.74629 1.15977 1 1 1
v 0.144687 4.7433 1.15899 1 1 1
v 0.244015 4.75362 1.16168 1 1 1
v 0.237468 4.7433 1.15899 1 1 1
v 0.849171 4.74802 1.16022 1 1 1
v 0.844154 4.7433 1.15899 1 1 1
v -0.82965 4.72996 1.15552 1 1 1
v -0.823567 4.72441 1.15407 1 1 1
v -0.226643 4.72441 1.15407 1 1 1
v -0.133719 4.72441 1.15407 1 1 1
v 0.133719 4.72441 1.15407 1 1 1
v 0.226643 4.72441 1.15407 1 1 1
v 0.82965 4.72996 1.15552 1 1 1
v 0.823567 4.72441 1.15407 1 1 1
v -0.810128 4.71204 1.15085 1 1 1
v -0.802967 4.70552 1.14915 1 1 1
v -0.224493 4.72065 1.15309 1 1 1
v -0.214761 4.70552 1.14915 1 1 1
v -0.126888 4.71394 1.15135 1 1 1
v -0.121976 4.70552 1.14915 1 1 1
v 0.126888 4.71394 1.15135 1 1 1
v 0.121977 4.70552 1.14915 1 1 1
v 0.224494 4.72065 1.15309 1 1 1
v 0.214761 4.70552 1.14915 1 1 1
v 0.810129 4.71204 1.15085 1 1 1
v 0.802967 4.70552 1.14915 1 1 1
v -0.790607 4.69416 1.1462 1 1 1
v -0.782333 4.68663 1.14423 1 1 1
v -0.204972 4.68834 1.14468 1 1 1
v -0.203842 4.68663 1.14423 1 1 1
v -0.110286 4.68663 1.14423 1 1 1
v 0.110286 4.68663 1.14423 1 1 1
v 0.204972 4.68834 1.14468 1 1 1
v 0.203842 4.68663 1.14423 1 1 1
v 0.790607 4.69416 1.1462 1 1 1
v 0.782333 4.68663 1.14423 1 1 1
v -0.771086 4.67629 1.14154 1 1 1
v -0.761679 4.66773 1.13932 1 1 1
v -0.192132 4.66773 1.13932 1 1 1
v -0.107366 4.68221 1.14308 1 1 1
v -0.0990579 4.66773 1.13932 1 1 1
v 0.107366 4.68221 1.14308 1 1 1
v 0.0990578 4.66773 1.13932 1 1 1
v 0.192132 4.66773 1.13932 1 1 1
v 0.771086 4.67629 1.14154 1 1 1
v 0.761679 4.66773 1.13932 1 1 1
v -0.751565 4.65845 1.1369 1 1 1
v -0.741013 4.64884 1.1344 1 1 1
v -0.185451 4.65507 1.13602 1 1 1
v -0.18164 4.64884 1.1344 1 1 1
v -0.0878452 4.65017 1.13474 1 1 1
v -0.0870599 4.64884 1.1344 1 1 1
v 0.0878453 4.65017 1.13474 1 1 1
v 0.0870599 4.64884 1.1344 1 1 1
v 0.185451 4.65507 1.13602 1 1 1
v 0.18164 4.64884 1.1344 1 1 1
v 0.751565 4.65845 1.1369 1 1 1
v 0.741013 4.64884 1.1344 1 1 1
v -0.732044 4.64061 1.13225 1 1 1
v -0.720319 4.62995 1.12948 1 1 1
v -0.172888 4.62995 1.12948 1 1 1
v -0.0753187 4.62995 1.12948 1 1 1
v 0.0753186 4.62995 1.12948 1 1 1
v 0.172888 4.62995 1.12948 1 1 1
v 0.732044 4.64061 1.13225 1 1 1
v 0.720319 4.62995 1.12948 1 1 1
v -0.712523 4.62282 1.12762 1 1 1
v -0.699492 4.61106 1.12456 1 1 1
v -0.168502 4.61106 1.12456 1 1 1
v -0.0683241 4.62109 1.12717 1 1 1
v -0.0585939 4.61106 1.12456 1 1 1
v 0.0683241 4.62109 1.12717 1 1 1
v 0.0585938 4.61106 1.12456 1 1 1
v 0.168502 4.61106 1.12456 1 1 1
v 0.712523 4.62282 1.12762 1 1 1
v 0.699492 4.61106 1.12456 1 1 1
v -0.693001 4.60517 1.12303 1 1 1
v -0.678466 4.59217 1.11964 1 1 1
v -0.171884 4.59217 1.11964 1 1 1
v -0.0488029 4.60325 1.12253 1 1 1
v -0.0292817 4.59471 1.1203 1 1 1
v -0.0142053 4.59217 1.11964 1 1 1
v 0.0292817 4.59471 1.1203 1 1 1
v 0.0142054 4.59217 1.11964 1 1 1
v 0.048803 4.60325 1.12253 1 1 1
v 0.171884 4.59217 1.11964 1 1 1
v 0.693002 4.60517 1.12303 1 1 1
v 0.678466 4.59217 1.11964 1 1 1
v -0.67348 4.58768 1.11847 1 1 1
v -0.657247 4.57328 1.11472 1 1 1
v -0.185451 4.57861 1.11611 1 1 1
v -0.194325 4.57328 1.11472 1 1 1
v -0.0097605 4.59137 1.11943 1 1 1
v 0.00976062 4.59137 1.11943 1 1 1
v 0.185451 4.57861 1.11611 1 1 1
v 0.194325 4.57328 1.11472 1 1 1
v 0.67348 4.58768 1.11847 1 1 1
v 0.657247 4.57328 1.11472 1 1 1
v -0.653959 4.57033 1.11396 1 1 1
v -0.635962 4.55439 1.1098 1 1 1
v -0.263536 4.55534 1.11005 1 1 1
v -0.268929 4.55439 1.1098 1 1 1
v -0.244015 4.55893 1.11099 1 1 1
v -0.224493 4.56319 1.1121 1 1 1
v -0.204972 4.5689 1.11358 1 1 1
v 0.204972 4.5689 1.11358 1 1 1
v 0.224494 4.56319 1.1121 1 1 1
v 0.244015 4.55893 1.11099 1 1 1
v 0.263536 4.55534 1.11005 1 1 1
v 0.268929 4.55439 1.1098 1 1 1
v 0.653959 4.57033 1.11396 1 1 1
v 0.635961 4.55439 1.1098 1 1 1
v -0.634438 4.55302 1.10945 1 1 1
v -0.614917 4.53585 1.10498 1 1 1
v -0.614478 4.53549 1.10489 1 1 1
v -0.361142 4.53654 1.10516 1 1 1
v -0.367055 4.53549 1.10489 1 1 1
v -0.34162 4.53997 1.10605 1 1 1
v -0.322099 4.54357 1.10699 1 1 1
v -0.302578 4.5474 1.10798 1 1 1
v -0.283057 4.5514 1.10903 1 1 1
v 0.283057 4.5514 1.10903 1 1 1
v 0.302578 4.5474 1.10798 1 1 1
v 0.322099 4.54357 1.10699 1 1 1
v 0.34162 4.53997 1.10605 1 1 1
v 0.361142 4.53654 1.10516 1 1 1
v 0.367055 4.53549 1.10489 1 1 1
v 0.614917 4.53585 1.10498 1 1 1
v 0.614478 4.53549 1.10489 1 1 1
v 0.634438 4.55302 1.10945 1 1 1
v -0.595396 4.52032 1.10094 1 1 1
v -0.588679 4.5166 1.09997 1 1 1
v -0.458747 4.51755 1.10021 1 1 1
v -0.46403 4.5166 1.09997 1 1 1
v -0.439226 4.52103 1.10112 1 1 1
v -0.419705 4.52469 1.10207 1 1 1
v -0.400184 4.52855 1.10308 1 1 1
v -0.380663 4.5326 1.10413 1 1 1
v 0.380663 4.5326 1.10413 1 1 1
v 0.400184 4.52855 1.10308 1 1 1
v 0.419705 4.52469 1.10207 1 1 1
v 0.439226 4.52103 1.10112 1 1 1
v 0.458748 4.51755 1.10021 1 1 1
v 0.46403 4.5166 1.09997 1 1 1
v 0.595396 4.52032 1.10094 1 1 1
v 0.588679 4.5166 1.09997 1 1 1
v -0.575874 4.50954 1.09813 1 1 1
v -0.556353 4.50449 1.09681 1 1 1
v -0.536832 4.50388 1.09665 1 1 1
v -0.517311 4.506 1.09721 1 1 1
v -0.49779 4.5095 1.09812 1 1 1
v -0.478269 4.51353 1.09917 1 1 1
v 0.478269 4.51353 1.09917 1 1 1
v 0.49779 4.5095 1.09812 1 1 1
v 0.517311 4.506 1.09721 1 1 1
v 0.536832 4.50388 1.09665 1 1 1
v 0.556353 4.50449 1.09681 1 1 1
v 0.575874 4.50954 1.09813 1 1 1
l 1 2
l 3 1
l 4 3
l 5 4
l 6 5
l 7 6
l 8 7
l 9 8
l 10 9
l 11 10
l 12 11
l 13 12
l 14 13
l 15 14
l 16 15
l 17 16
l 18 17
l 19 20
l 21 19
l 2 21
l 18 22
l 23 22
l 24 23
l 20 25
l 24 26
l 25 27
l 26 28
l 29 30
l 31 29
l 32 31
l 27 33
l 28 34
l 35 36
l 37 35
l 38 37
l 39 40
l 41 39
l 30 41
l 32 42
l 43 42
l 33 44
l 45 44
l 46 47
l 34 46
l 48 49
l 36 48
l 38 50
l 51 50
l 52 51
l 53 54
l 40 53
l 43 55
l 45 56
l 47 57
l 49 58
l 52 59
l 60 59
l 61 62
l 54 61
l 55 63
l 56 64
l 57 65
l 58 66
l 60 67
l 68 67
l 62 69
l 63 70
l 71 70
l 64 72
l 73 72
l 74 75
l 65 74
l 76 77
l 66 76
l 68 78
l 79 80
l 69 79
l 71 81
l 73 82
l 75 83
l 77 84
l 78 85
l 86 85
l 87 88
l 80 87
l 81 89
l 82 90
l 83 91
l 84 92
l 86 93
l 94 93
l 95 96
l 88 95
l 89 97
l 98 97
l 90 99
l 100 99
l 101 102
l 91 101
l 103 104
l 92 103
l 94 105
l 106 105
l 107 108
l 96 107
l 98 109
l 100 110
l 102 111
l 104 112
l 106 113
l 114 113
l 115 116
l 108 115
l 109 117
l 118 117
l 110 119
l 111 120
l 121 122
l 112 121
l 114 123
l 124 123
l 125 126
l 116 125
l 118 127
l 119 128
l 129 128
l 130 131
l 120 130
l 122 132
l 124 133
l 134 133
l 135 136
l 126 135
l 127 137
l 129 138
l 131 139
l 132 140
l 134 141
l 142 141
l 143 144
l 136 143
l 137 145
l 146 145
l 138 147
l 139 148
l 149 150
l 140 149
l 142 151
l 152 151
l 153 154
l 144 153
l 146 155
l 147 156
l 157 156
l 158 159
l 148 158
l 150 160
l 152 161
l 162 161
l 154 163
l 155 164
l 157 165
l 159 166
l 160 167
l 162 168
l 163 169
l 164 170
l 171 170
l 165 172
l 166 173
l 174 175
l 167 174
l 168 176
l 177 178
l 169 177
l 171 179
l 172 180
l 181 180
l 182 183
l 173 182
l 175 184
l 176 185
l 186 185
l 187 188
l 178 187
l 179 189
l 181 190
l 183 191
l 184 192
l 186 193
l 194 193
l 195 196
l 188 195
l 189 197
l 198 197
l 190 199
l 191 200
l 201 202
l 192 201
l 194 203
l 204 203
l 205 206
l 196 205
l 198 207
l 199 208
l 209 208
l 210 211
l 200 210
l 202 212
l 204 213
l 214 213
l 215 216
l 206 215
l 207 217
l 209 218
l 211 219
l 212 220
l 214 221
l 222 221
l 223 224
l 216 223
l 217 225
l 218 226
l 227 226
l 228 229
l 219 228
l 220 230
l 222 231
l 232 231
l 224 233
l 225 234
l 227 235
l 229 236
l 230 237
l 232 238
l 233 239
l 234 240
l 235 241
l 242 241
l 243 242
l 244 243
l 236 244
l 237 245
l 238 246
l 239 247
l 248 249
l 240 248
l 245 250
l 251 250
l 246 252
l 247 253
l 254 255
l 256 254
l 257 256
l 258 257
l 259 258
l 249 259
l 251 260
l 261 260
l 262 261
l 263 262
l 264 263
l 265 264
l 252 266
l 253 267
l 268 267
l 269 270
l 271 269
l 272 271
l 273 272
l 274 273
l 255 274
l 265 275
l 276 275
l 277 276
l 278 277
l 279 278
l 280 279
l 281 282
l 266 281
l 268 283
l 284 285
l 286 284
l 287 286
l 288 287
l 289 288
l 270 289
l 280 290
l 291 290
l 292 291
l 293 292
l 294 293
l 295 294
l 282 296
l 283 297
l 298 297
l 299 300
l 301 299
l 302 301
l 303 302
l 304 303
l 285 304
l 305 295
l 306 305
l 307 306
l 308 307
l 309 308
l 310 309
l 311 312
l 296 311
l 298 313
l 314 313
l 315 314
l 316 315
l 317 316
l 300 317
l 310 318
l 319 318
l 320 319
l 321 320
l 322 321
l 312 322
l 323 324
l 325 323
l 326 325
l 327 326
l 328 327
l 329 328
l 330 329
l 331 330
l 332 331
l 333 332
l 334 333
l 335 334
l 336 335
l 337 336
l 338 337
l 339 338
l 340 339
l 341 342
l 343 341
l 324 343
l 340 344
l 345 344
l 346 345
l 342 347
l 346 348
l 347 349
l 348 350
l 351 352
l 353 351
l 354 353
l 349 355
l 350 356
l 357 358
l 359 357
l 360 359
l 361 362
l 352 361
l 354 363
l 364 363
l 355 365
l 366 365
l 367 368
l 356 367
l 369 370
l 358 369
l 360 371
l 372 371
l 373 374
l 362 373
l 364 375
l 366 376
l 368 377
l 370 378
l 372 379
l 380 379
l 381 382
l 374 381
l 375 383
l 376 384
l 377 385
l 378 386
l 380 387
l 388 387
l 389 390
l 382 389
l 383 391
l 392 391
l 384 393
l 394 393
l 395 396
l 385 395
l 397 398
l 386 397
l 388 399
l 400 399
l 401 402
l 390 401
l 392 403
l 394 404
l 396 405
l 398 406
l 400 407
l 408 407
l 409 410
l 402 409
l 403 411
l 404 412
l 405 413
l 406 414
l 408 415
l 416 415
l 417 418
l 410 417
l 411 419
l 420 419
l 412 421
l 422 421
l 423 424
l 413 423
l 425 426
l 414 425
l 416 427
l 428 427
l 429 430
l 418 429
l 420 431
l 422 432
l 424 433
l 426 434
l 428 435
l 436 435
l 437 438
l 430 437
l 431 439
l 440 439
l 432 441
l 433 442
l 443 444
l 434 443
l 436 445
l 446 445
l 447 448
l 438 447
l 440 449
l 441 450
l 451 450
l 452 453
l 442 452
l 444 454
l 446 455
l 456 455
l 457 458
l 448 457
l 449 459
l 451 460
l 453 461
l 454 462
l 456 463
l 464 463
l 465 466
l 458 465
l 459 467
l 468 467
l 460 469
l 461 470
l 471 472
l 462 471
l 464 473
l 474 473
l 466 475
l 468 476
l 469 477
l 478 477
l 479 480
l 470 479
l 472 481
l 474 482
l 483 484
l 475 483
l 476 485
l 478 486
l 480 487
l 481 488
l 482 489
l 490 489
l 491 492
l 484 491
l 485 493
l 494 493
l 486 495
l 487 496
l 497 498
l 488 497
l 490 499
l 500 499
l 501 502
l 492 501
l 494 503
l 495 504
l 496 505
l 498 506
l 500 507
l 508 507
l 509 510
l 502 509
l 503 511
l 504 512
l 513 512
l 514 515
l 505 514
l 506 516
l 508 517
l 518 517
l 519 520
l 510 519
l 511 521
l 522 521
l 513 523
l 515 524
l 525 526
l 516 525
l 518 527
l 528 527
l 529 530
l 520 529
l 522 531
l 523 532
l 533 532
l 534 535
l 524 534
l 526 536
l 528 537
l 538 537
l 539 540
l 530 539
l 531 541
l 533 542
l 535 543
l 536 544
l 538 545
l 546 545
l 540 547
l 541 548
l 542 549
l 550 549
l 551 552
l 543 551
l 544 553
l 546 554
l 555 556
l 547 555
l 548 557
l 550 558
l 552 559
l 553 560
l 554 561
l 562 561
l 556 563
l 557 564
l 558 565
l 566 565
l 567 566
l 568 567
l 559 568
l 560 569
l 562 570
l 563 571
l 572 573
l 574 572
l 564 574
l 569 575
l 576 575
l 577 576
l 570 578
l 571 579
l 580 581
l 582 580
l 583 582
l 584 583
l 573 584
l 577 585
l 586 585
l 587 586
l 588 587
l 589 588
l 578 590
l 579 591
l 592 591
l 593 594
l 595 593
l 596 595
l 597 596
l 598 597
l 599 598
l 581 599
l 589 600
l 601 600
l 602 601
l 603 602
l 604 603
l 605 604
l 606 605
l 607 608
l 590 607
l 592 609
l 610 611
l 612 610
l 613 612
l 614 613
l 615 614
l 594 615
l 606 616
l 617 616
l 618 617
l 619 618
l 620 619
l 621 620
l 608 622
l 609 623
l 624 623
l 625 626
l 627 625
l 628 627
l 629 628
l 630 629
l 611 630
l 621 631
l 632 631
l 633 632
l 634 633
l 635 634
l 636 635
l 637 638
l 622 637
l 624 639
l 640 639
l 641 640
l 642 641
l 643 642
l 626 643
l 636 644
l 645 644
l 646 645
l 647 646
l 648 647
l 638 648
l 649 650
l 651 649
l 652 651
l 653 652
l 654 653
l 655 654
l 656 655
l 657 656
l 658 657
l 659 658
l 660 659
l 661 660
l 662 661
l 663 662
l 664 663
l 665 664
l 666 665
l 667 668
l 650 667
l 666 669
l 670 669
l 671 672
l 668 671
l 670 673
l 674 673
l 672 675
l 674 676
l 677 678
l 679 677
l 675 680
l 681 680
l 682 683
l 676 682
l 684 685
l 686 684
l 687 688
l 678 687
l 679 689
l 690 689
l 681 691
l 683 692
l 693 694
l 685 693
l 686 695
l 696 695
l 697 698
l 688 697
l 690 699
l 700 699
l 691 701
l 692 702
l 703 704
l 694 703
l 696 705
l 706 705
l 707 708
l 698 707
l 700 709
l 701 710
l 711 710
l 712 713
l 702 712
l 704 714
l 706 715
l 716 715
l 717 718
l 708 717
l 709 719
l 720 719
l 711 721
l 713 722
l 723 724
l 714 723
l 716 725
l 726 725
l 727 728
l 718 727
l 720 729
l 721 730
l 722 731
l 724 732
l 726 733
l 734 733
l 735 736
l 728 735
l 729 737
l 730 738
l 731 739
l 732 740
l 734 741
l 742 741
l 743 744
l 736 743
l 737 745
l 746 745
l 738 747
l 748 747
l 749 750
l 739 749
l 751 752
l 740 751
l 742 753
l 754 753
l 755 756
l 744 755
l 746 757
l 748 758
l 750 759
l 752 760
l 754 761
l 762 761
l 763 764
l 756 763
l 757 765
l 766 765
l 758 767
l 759 768
l 769 770
l 760 769
l 762 771
l 772 771
l 773 774
l 764 773
l 766 775
l 767 776
l 777 776
l 778 779
l 768 778
l 770 780
l 772 781
l 782 781
l 774 783
l 775 784
l 777 785
l 779 786
l 780 787
l 782 788
l 789 790
l 783 789
l 784 791
l 792 791
l 785 793
l 786 794
l 795 796
l 787 795
l 788 797
l 798 797
l 799 800
l 790 799
l 792 801
l 793 802
l 794 803
l 796 804
l 798 805
l 806 805
l 807 808
l 800 807
l 801 809
l 802 810
l 811 810
l 812 813
l 803 812
l 804 814
l 806 815
l 816 815
l 817 818
l 808 817
l 809 819
l 811 820
l 813 821
l 814 822
l 816 823
l 824 823
l 825 826
l 818 825
l 819 827
l 828 827
l 820 829
l 821 830
l 831 832
l 822 831
l 824 833
l 834 833
l 835 836
l 826 835
l 828 837
l 829 838
l 839 838
l 840 841
l 830 840
l 832 842
l 834 843
l 844 843
l 845 846
l 836 845
l 837 847
l 848 847
l 839 849
l 841 850
l 851 852
l 842 851
l 844 853
l 854 853
l 855 856
l 846 855
l 848 857
l 849 858
l 859 858
l 860 861
l 850 860
l 852 862
l 854 863
l 864 863
l 865 866
l 856 865
l 857 867
l 859 868
l 861 869
l 862 870
l 864 871
l 872 871
l 866 873
l 867 874
l 868 875
l 876 875
l 877 878
l 869 877
l 870 879
l 872 880
l 881 882
l 873 881
l 874 883
l 876 884
l 878 885
l 879 886
l 880 887
l 888 887
l 882 889
l 883 890
l 884 891
l 892 891
l 893 892
l 894 893
l 885 894
l 886 895
l 888 896
l 889 897
l 898 899
l 900 898
l 890 900
l 895 901
l 902 901
l 903 902
l 896 904
l 897 905
l 906 905
l 907 908
l 909 907
l 910 909
l 911 910
l 912 911
l 899 912
l 903 913
l 914 913
l 915 914
l 916 915
l 917 916
l 918 917
l 919 920
l 904 919
l 906 921
l 922 923
l 924 922
l 925 924
l 926 925
l 927 926
l 908 927
l 918 928
l 929 928
l 930 929
l 931 930
l 932 931
l 933 932
l 920 934
l 921 935
l 936 937
l 938 936
l 939 938
l 940 939
l 941 940
l 923 941
l 933 942
l 943 942
l 944 943
l 945 944
l 946 945
l 947 946
l 934 948
l 935 949
l 950 949
l 951 952
l 953 951
l 954 953
l 955 954
l 956 955
l 957 956
l 937 957
l 947 958
l 959 958
l 960 959
l 961 960
l 962 961
l 963 962
l 964 963
l 965 966
l 948 965
l 967 950
l 968 967
l 969 968
l 952 969
l 964 970
l 971 970
l 972 971
l 966 972
l 973 974
l 975 973
l 976 975
l 977 976
l 978 977
l 979 978
l 980 979
l 981 980
l 982 981
l 983 982
l 984 983
l 985 984
l 986 985
l 987 986
l 988 987
l 989 990
l 991 989
l 974 991
l 988 992
l 993 992
l 994 993
l 995 996
l 990 995
l 994 997
l 998 997
l 996 999
l 998 1000
l 999 1001
l 1002 1001
l 1003 1004
l 1000 1003
l 1005 1006
l 1007 1005
l 1008 1007
l 1009 1008
l 1002 1010
l 1004 1011
l 1012 1013
l 1014 1012
l 1015 1014
l 1016 1015
l 1017 1018
l 1006 1017
l 1009 1019
l 1020 1019
l 1010 1021
l 1011 1022
l 1023 1024
l 1013 1023
l 1016 1025
l 1026 1025
l 1027 1028
l 1018 1027
l 1020 1029
l 1021 1030
l 1031 1030
l 1032 1033
l 1022 1032
l 1024 1034
l 1026 1035
l 1036 1035
l 1037 1038
l 1028 1037
l 1029 1039
l 1040 1039
l 1031 1041
l 1033 1042
l 1043 1044
l 1034 1043
l 1036 1045
l 1046 1045
l 1047 1048
l 1038 1047
l 1040 1049
l 1041 1050
l 1042 1051
l 1044 1052
l 1046 1053
l 1054 1053
l 1055 1056
l 1048 1055
l 1049 1057
l 1050 1058
l 1059 1058
l 1060 1061
l 1051 1060
l 1052 1062
l 1054 1063
l 1064 1063
l 1065 1066
l 1056 1065
l 1057 1067
l 1068 1067
l 1059 1069
l 1061 1070
l 1071 1072
l 1062 1071
l 1064 1073
l 1074 1073
l 1075 1076
l 1066 1075
l 1068 1077
l 1069 1078
l 1070 1079
l 1072 1080
l 1074 1081
l 1082 1081
l 1076 1083
l 1077 1084
l 1085 1084
l 1078 1086
l 1079 1087
l 1088 1089
l 1080 1088
l 1082 1090
l 1083 1091
l 1085 1092
l 1086 1093
l 1094 1093
l 1095 1096
l 1087 1095
l 1089 1097
l 1090 1098
l 1099 1100
l 1091 1099
l 1092 1101
l 1094 1102
l 1096 1103
l 1097 1104
l 1098 1105
l 1106 1105
l 1107 1108
l 1100 1107
l 1101 1109
l 1110 1109
l 1102 1111
l 1103 1112
l 1113 1114
l 1104 1113
l 1106 1115
l 1116 1115
l 1117 1118
l 1108 1117
l 1110 1119
l 1111 1120
l 1112 1121
l 1114 1122
l 1116 1123
l 1124 1123
l 1125 1126
l 1118 1125
l 1119 1127
l 1120 1128
l 1129 1128
l 1130 1131
l 1121 1130
l 1122 1132
l 1124 1133
l 1134 1133
l 1135 1136
l 1126 1135
l 1127 1137
l 1129 1138
l 1131 1139
l 1132 1140
l 1134 1141
l 1142 1141
l 1143 1144
l 1136 1143
l 1137 1145
l 1146 1145
l 1138 1147
l 1139 1148
l 1149 1150
l 1140 1149
l 1142 1151
l 1152 1151
l 1153 1154
l 1144 1153
l 1146 1155
l 1147 1156
l 1148 1157
l 1150 1158
l 1152 1159
l 1160 1159
l 1161 1162
l 1154 1161
l 1155 1163
l 1164 1163
l 1156 1165
l 1166 1165
l 1167 1168
l 1157 1167
l 1169 1170
l 1158 1169
l 1160 1171
l 1172 1171
l 1173 1174
l 1162 1173
l 1164 1175
l 1166 1176
l 1168 1177
l 1170 1178
l 1172 1179
l 1180 1179
l 1181 1182
l 1174 1181
l 1175 1183
l 1176 1184
l 1185 1184
l 1186 1187
l 1177 1186
l 1178 1188
l 1180 1189
l 1190 1189
l 1182 1191
l 1183 1192
l 1185 1193
l 1194 1193
l 1195 1196
l 1187 1195
l 1188 1197
l 1190 1198
l 1199 1200
l 1191 1199
l 1192 1201
l 1194 1202
l 1203 1202
l 1204 1205
l 1196 1204
l 1197 1206
l 1198 1207
l 1208 1207
l 1200 1209
l 1201 1210
l 1203 1211
l 1212 1211
l 1205 1212
l 1206 1213
l 1208 1214
l 1209 1215
l 1216 1217
l 1218 1216
l 1210 1218
l 1213 1219
l 1220 1219
l 1221 1220
l 1214 1222
l 1215 1223
l 1224 1223
l 1225 1226
l 1227 1225
l 1228 1227
l 1229 1228
l 1230 1229
l 1217 1230
l 1221 1231
l 1232 1231
l 1233 1232
l 1234 1233
l 1235 1234
l 1236 1235
l 1237 1238
l 1222 1237
l 1224 1239
l 1240 1241
l 1242 1240
l 1243 1242
l 1244 1243
l 1245 1244
l 1226 1245
l 1236 1246
l 1247 1246
l 1248 1247
l 1249 1248
l 1250 1249
l 1251 1250
l 1238 1252
l 1239 1253
l 1254 1253
l 1255 1256
l 1257 1255
l 1258 1257
l 1259 1258
l 1260 1259
l 1261 1260
l 1241 1261
l 1251 1262
l 1263 1262
l 1264 1263
l 1265 1264
l 1266 1265
l 1267 1266
l 1268 1267
l 1269 1270
l 1252 1269
l 1254 1271
l 1272 1271
l 1273 1274
l 1275 1273
l 1276 1275
l 1277 1276
l 1278 1277
l 1256 1278
l 1268 1279
l 1280 1279
l 1281 1280
l 1282 1281
l 1283 1282
l 1284 1283
l 1285 1286
l 1270 1285
l 1272 1287
l 1288 1287
l 1289 1288
l 1274 1289
l 1284 1290
l 1291 1290
l 1292 1291
l 1286 1292
l 1293 1294
l 1295 1293
l 1296 1295
l 1297 1296
l 1298 1297
l 1299 1300
l 1301 1299
l 1302 1301
l 1303 1302
l 1304 1303
l 1305 1304
l 1306 1305
l 1294 1306
l 1298 1307
l 1308 1307
l 1309 1308
l 1310 1309
l 1311 1310
l 1312 1311
l 1313 1312
l 1314 1313
l 1300 1315
l 1314 1316
l 1315 1317
l 1316 1318
l 1317 1319
l 1318 1320
l 1321 1322
l 1323 1321
l 1324 1323
l 1325 1324
l 1319 1326
l 1320 1327
l 1328 1329
l 1330 1328
l 1331 1330
l 1332 1331
l 1333 1334
l 1322 1333
l 1325 1335
l 1336 1335
l 1326 1337
l 1327 1338
l 1339 1340
l 1329 1339
l 1332 1341
l 1342 1341
l 1343 1344
l 1334 1343
l 1336 1345
l 1337 1346
l 1347 1346
l 1348 1349
l 1338 1348
l 1340 1350
l 1342 1351
l 1352 1351
l 1353 1354
l 1344 1353
l 1345 1355
l 1347 1356
l 1349 1357
l 1350 1358
l 1352 1359
l 1360 1359
l 1361 1362
l 1354 1361
l 1363 1355
l 1356 1364
l 1357 1365
l 1358 1366
l 1360 1367
l 1368 1367
l 1369 1370
l 1362 1369
l 1363 1371
l 1364 1372
l 1373 1372
l 1374 1375
l 1365 1374
l 1366 1376
l 1368 1377
l 1378 1377
l 1379 1380
l 1370 1379
l 1371 1381
l 1382 1381
l 1373 1383
l 1375 1384
l 1385 1386
l 1376 1385
l 1378 1387
l 1388 1387
l 1380 1389
l 1382 1390
l 1383 1391
l 1384 1392
l 1386 1393
l 1388 1394
l 1395 1396
l 1389 1395
l 1390 1397
l 1391 1398
l 1392 1399
l 1393 1400
l 1394 1401
l 1402 1401
l 1403 1404
l 1396 1403
l 1397 1405
l 1406 1405
l 1398 1407
l 1408 1407
l 1409 1410
l 1399 1409
l 1411 1412
l 1400 1411
l 1402 1413
l 1414 1413
l 1415 1416
l 1404 1415
l 1406 1417
l 1408 1418
l 1410 1419
l 1412 1420
l 1414 1421
l 1422 1421
l 1423 1424
l 1416 1423
l 1417 1425
l 1418 1426
l 1419 1427
l 1420 1428
l 1422 1429
l 1430 1429
l 1431 1432
l 1424 1431
l 1425 1433
l 1434 1433
l 1426 1435
l 1427 1436
l 1437 1438
l 1428 1437
l 1430 1439
l 1440 1439
l 1441 1442
l 1432 1441
l 1434 1443
l 1435 1444
l 1436 1445
l 1438 1446
l 1440 1447
l 1448 1447
l 1449 1450
l 1442 1449
l 1443 1451
l 1444 1452
l 1453 1452
l 1454 1455
l 1445 1454
l 1446 1456
l 1448 1457
l 1458 1457
l 1459 1460
l 1450 1459
l 1451 1461
l 1462 1461
l 1453 1463
l 1455 1464
l 1465 1466
l 1456 1465
l 1458 1467
l 1468 1467
l 1469 1470
l 1460 1469
l 1462 1471
l 1463 1472
l 1464 1473
l 1466 1474
l 1468 1475
l 1476 1475
l 1477 1478
l 1470 1477
l 1471 1479
l 1480 1479
l 1472 1481
l 1482 1481
l 1483 1484
l 1473 1483
l 1485 1486
l 1474 1485
l 1476 1487
l 1488 1487
l 1478 1489
l 1480 1490
l 1482 1491
l 1484 1492
l 1486 1493
l 1488 1494
l 1495 1496
l 1489 1495
l 1490 1497
l 1491 1498
l 1499 1498
l 1500 1501
l 1492 1500
l 1493 1502
l 1494 1503
l 1504 1503
l 1505 1506
l 1496 1505
l 1497 1507
l 1499 1508
l 1509 1508
l 1510 1511
l 1501 1510
l 1502 1512
l 1504 1513
l 1514 1513
l 1506 1515
l 1507 1516
l 1509 1517
l 1518 1517
l 1519 1520
l 1511 1519
l 1512 1521
l 1514 1522
l 1523 1524
l 1515 1523
l 1516 1525
l 1518 1526
l 1527 1526
l 1520 1527
l 1521 1528
l 1522 1529
l 1530 1529
l 1524 1531
l 1532 1531
l 1533 1534
l 1535 1533
l 1536 1535
l 1525 1536
l 1528 1537
l 1538 1537
l 1539 1538
l 1540 1539
l 1541 1542
l 1530 1541
l 1532 1543
l 1544 1545
l 1546 1544
l 1547 1546
l 1548 1547
l 1534 1548
l 1540 1549
l 1550 1549
l 1551 1550
l 1552 1551
l 1553 1552
l 1542 1554
l 1543 1555
l 1556 1557
l 1558 1556
l 1559 1558
l 1560 1559
l 1561 1560
l 1562 1561
l 1545 1562
l 1553 1563
l 1564 1563
l 1565 1564
l 1566 1565
l 1567 1566
l 1568 1567
l 1569 1568
l 1554 1570
l 1555 1571
l 1572 1571
l 1573 1574
l 1575 1573
l 1576 1575
l 1577 1576
l 1578 1577
l 1557 1578
l 1569 1579
l 1580 1579
l 1581 1580
l 1582 1581
l 1583 1582
l 1584 1583
l 1585 1586
l 1570 1585
l 1572 1587
l 1588 1587
l 1589 1588
l 1590 1591
l 1592 1590
l 1593 1592
l 1594 1593
l 1595 1594
l 1596 1595
l 1574 1596
l 1584 1597
l 1598 1597
l 1599 1598
l 1600 1599
l 1601 1600
l 1602 1601
l 1603 1602
l 1604 1605
l 1606 1604
l 1586 1606
l 1589 1607
l 1591 1607
l 1603 1608
l 1605 1608
l 1609 1610
l 1611 1609
l 1612 1611
l 1613 1612
l 1614 1613
l 1615 1614
l 1616 1615
l 1617 1616
l 1618 1617
l 1619 1618
l 1620 1619
l 1621 1620
l 1622 1621
l 1623 1622
l 1624 1623
l 1625 1624
l 1626 1625
l 1627 1626
l 1628 1627
l 1610 1629
l 1628 1630
l 1629 1631
l 1630 1632
l 1631 1633
l 1632 1634
l 1635 1636
l 1637 1635
l 1638 1637
l 1639 1638
l 1633 1640
l 1634 1641
l 1642 1643
l 1644 1642
l 1645 1644
l 1646 1645
l 1647 1648
l 1636 1647
l 1639 1649
l 1650 1649
l 1640 1651
l 1641 1652
l 1653 1654
l 1643 1653
l 1646 1655
l 1656 1655
l 1657 1658
l 1648 1657
l 1650 1659
l 1651 1660
l 1661 1660
l 1662 1663
l 1652 1662
l 1654 1664
l 1656 1665
l 1666 1665
l 1667 1668
l 1658 1667
l 1659 1669
l 1661 1670
l 1663 1671
l 1664 1672
l 1666 1673
l 1674 1673
l 1675 1676
l 1668 1675
l 1669 1677
l 1678 1677
l 1670 1679
l 1671 1680
l 1681 1682
l 1672 1681
l 1674 1683
l 1684 1683
l 1676 1685
l 1678 1686
l 1679 1687
l 1688 1687
l 1689 1690
l 1680 1689
l 1682 1691
l 1684 1692
l 1693 1694
l 1685 1693
l 1686 1695
l 1696 1695
l 1688 1697
l 1690 1698
l 1699 1700
l 1691 1699
l 1692 1701
l 1702 1701
l 1703 1704
l 1694 1703
l 1696 1705
l 1697 1706
l 1698 1707
l 1700 1708
l 1702 1709
l 1710 1709
l 1711 1712
l 1704 1711
l 1705 1713
l 1706 1714
l 1707 1715
l 1708 1716
l 1710 1717
l 1718 1717
l 1719 1720
l 1712 1719
l 1713 1721
l 1722 1721
l 1714 1723
l 1724 1723
l 1725 1726
l 1715 1725
l 1727 1728
l 1716 1727
l 1718 1729
l 1730 1729
l 1731 1732
l 1720 1731
l 1722 1733
l 1724 1734
l 1726 1735
l 1728 1736
l 1730 1737
l 1738 1737
l 1739 1740
l 1732 1739
l 1733 1741
l 1734 1742
l 1735 1743
l 1736 1744
l 1738 1745
l 1746 1745
l 1747 1748
l 1740 1747
l 1741 1749
l 1750 1749
l 1742 1751
l 1743 1752
l 1753 1754
l 1744 1753
l 1746 1755
l 1756 1755
l 1757 1758
l 1748 1757
l 1750 1759
l 1751 1760
l 1752 1761
l 1754 1762
l 1756 1763
l 1764 1763
l 1765 1766
l 1758 1765
l 1759 1767
l 1760 1768
l 1761 1769
l 1762 1770
l 1764 1771
l 1772 1771
l 1773 1774
l 1766 1773
l 1767 1775
l 1776 1775
l 1768 1777
l 1778 1777
l 1779 1780
l 1769 1779
l 1781 1782
l 1770 1781
l 1772 1783
l 1784 1783
l 1774 1785
l 1776 1786
l 1778 1787
l 1780 1788
l 1782 1789
l 1784 1790
l 1791 1792
l 1785 1791
l 1786 1793
l 1794 1793
l 1787 1795
l 1788 1796
l 1797 1798
l 1789 1797
l 1790 1799
l 1800 1799
l 1801 1802
l 1792 1801
l 1794 1803
l 1795 1804
l 1805 1804
l 1806 1807
l 1796 1806
l 1798 1808
l 1800 1809
l 1810 1809
l 1811 1812
l 1802 1811
l 1803 1813
l 1805 1814
l 1815 1814
l 1816 1817
l 1807 1816
l 1808 1818
l 1810 1819
l 1820 1819
l 1821 1822
l 1812 1821
l 1813 1823
l 1815 1824
l 1825 1824
l 1826 1827
l 1817 1826
l 1818 1828
l 1820 1829
l 1830 1829
l 1822 1831
l 1823 1832
l 1825 1833
l 1834 1833
l 1835 1836
l 1827 1835
l 1828 1837
l 1830 1838
l 1831 1839
l 1840 1841
l 1832 1840
l 1834 1842
l 1843 1842
l 1836 1843
l 1837 1844
l 1845 1844
l 1838 1846
l 1839 1847
l 1848 1849
l 1850 1848
l 1841 1850
l 1845 1851
l 1852 1851
l 1853 1852
l 1846 1854
l 1847 1855
l 1856 1857
l 1858 1856
l 1859 1858
l 1860 1859
l 1861 1860
l 1849 1861
l 1853 1862
l 1863 1862
l 1864 1863
l 1865 1864
l 1866 1865
l 1867 1866
l 1854 1868
l 1855 1869
l 1870 1871
l 1872 1870
l 1873 1872
l 1874 1873
l 1875 1874
l 1857 1875
l 1867 1876
l 1877 1876
l 1878 1877
l 1879 1878
l 1880 1879
l 1881 1880
l 1868 1882
l 1869 1883
l 1884 1883
l 1885 1886
l 1887 1885
l 1888 1887
l 1889 1888
l 1890 1889
l 1871 1890
l 1881 1891
l 1892 1891
l 1893 1892
l 1894 1893
l 1895 1894
l 1896 1895
l 1897 1898
l 1882 1897
l 1884 1899
l 1900 1899
l 1901 1900
l 1902 1901
l 1903 1902
l 1904 1903
l 1905 1904
l 1906 1905
l 1907 1906
l 1886 1907
l 1896 1908
l 1909 1908
l 1910 1909
l 1911 1910
l 1912 1911
l 1913 1912
l 1914 1913
l 1915 1914
l 1916 1915
l 1898 1916
l 1917 1918
l 1919 1917
l 1920 1919
l 1921 1920
l 1922 1921
l 1923 1922
l 1924 1923
l 1925 1924
l 1926 1925
l 1927 1926
l 1928 1927
l 1929 1928
l 1930 1929
l 1931 1930
l 1932 1931
l 1933 1932
l 1934 1933
l 1935 1934
l 1936 1935
l 1918 1937
l 1936 1938
l 1937 1939
l 1938 1940
l 1939 1941
l 1940 1942
l 1943 1944
l 1945 1943
l 1946 1945
l 1941 1947
l 1942 1948
l 1949 1950
l 1951 1949
l 1952 1951
l 1953 1954
l 1955 1953
l 1944 1955
l 1946 1956
l 1947 1957
l 1958 1957
l 1959 1960
l 1948 1959
l 1950 1961
l 1952 1962
l 1963 1962
l 1964 1963
l 1965 1966
l 1954 1965
l 1956 1967
l 1968 1967
l 1958 1969
l 1960 1970
l 1971 1972
l 1961 1971
l 1964 1973
l 1974 1973
l 1975 1976
l 1966 1975
l 1968 1977
l 1969 1978
l 1970 1979
l 1972 1980
l 1974 1981
l 1982 1981
l 1976 1983
l 1977 1984
l 1985 1984
l 1978 1986
l 1979 1987
l 1988 1989
l 1980 1988
l 1982 1990
l 1991 1992
l 1983 1991
l 1985 1993
l 1986 1994
l 1995 1994
l 1996 1997
l 1987 1996
l 1989 1998
l 1990 1999
l 2000 1999
l 2001 2002
l 1992 2001
l 1993 2003
l 2004 2003
l 1995 2005
l 1997 2006
l 2007 2008
l 1998 2007
l 2000 2009
l 2010 2009
l 2011 2012
l 2002 2011
l 2004 2013
l 2005 2014
l 2006 2015
l 2008 2016
l 2010 2017
l 2018 2017
l 2019 2020
l 2012 2019
l 2013 2021
l 2014 2022
l 2015 2023
l 2016 2024
l 2018 2025
l 2026 2025
l 2027 2028
l 2020 2027
l 2021 2029
l 2030 2029
l 2022 2031
l 2032 2031
l 2033 2034
l 2023 2033
l 2035 2036
l 2024 2035
l 2026 2037
l 2038 2037
l 2039 2040
l 2028 2039
l 2030 2041
l 2032 2042
l 2034 2043
l 2036 2044
l 2038 2045
l 2046 2045
l 2047 2048
l 2040 2047
l 2041 2049
l 2042 2050
l 2043 2051
l 2044 2052
l 2046 2053
l 2054 2053
l 2055 2056
l 2048 2055
l 2049 2057
l 2058 2057
l 2050 2059
l 2051 2060
l 2061 2062
l 2052 2061
l 2054 2063
l 2064 2063
l 2065 2066
l 2056 2065
l 2058 2067
l 2059 2068
l 2060 2069
l 2062 2070
l 2064 2071
l 2072 2071
l 2066 2073
l 2067 2074
l 2068 2075
l 2069 2076
l 2070 2077
l 2072 2078
l 2079 2080
l 2073 2079
l 2074 2081
l 2082 2081
l 2075 2083
l 2076 2084
l 2085 2086
l 2077 2085
l 2078 2087
l 2088 2087
l 2089 2090
l 2080 2089
l 2082 2091
l 2083 2092
l 2093 2092
l 2094 2095
l 2084 2094
l 2086 2096
l 2088 2097
l 2098 2097
l 2099 2100
l 2090 2099
l 2091 2101
l 2102 2101
l 2093 2103
l 2095 2104
l 2105 2106
l 2096 2105
l 2098 2107
l 2108 2107
l 2109 2110
l 2100 2109
l 2102 2111
l 2103 2112
l 2113 2112
l 2114 2115
l 2104 2114
l 2106 2116
l 2108 2117
l 2118 2117
l 2119 2120
l 2110 2119
l 2111 2121
l 2113 2122
l 2123 2122
l 2124 2125
l 2115 2124
l 2116 2126
l 2118 2127
l 2128 2127
l 2129 2130
l 2120 2129
l 2121 2131
l 2123 2132
l 2133 2132
l 2134 2135
l 2125 2134
l 2126 2136
l 2128 2137
l 2138 2137
l 2130 2139
l 2131 2140
l 2133 2141
l 2142 2141
l 2143 2144
l 2135 2143
l 2136 2145
l 2138 2146
l 2139 2147
l 2148 2149
l 2140 2148
l 2142 2150
l 2151 2150
l 2144 2151
l 2145 2152
l 2153 2152
l 2146 2154
l 2147 2155
l 2156 2157
l 2158 2156
l 2149 2158
l 2153 2159
l 2160 2159
l 2161 2160
l 2154 2162
l 2155 2163
l 2164 2165
l 2166 2164
l 2167 2166
l 2168 2167
l 2169 2168
l 2157 2169
l 2161 2170
l 2171 2170
l 2172 2171
l 2173 2172
l 2174 2173
l 2175 2174
l 2162 2176
l 2163 2177
l 2178 2179
l 2180 2178
l 2181 2180
l 2182 2181
l 2183 2182
l 2165 2183
l 2175 2184
l 2185 2184
l 2186 2185
l 2187 2186
l 2188 2187
l 2189 2188
l 2176 2190
l 2177 2191
l 2192 2191
l 2193 2194
l 2195 2193
l 2196 2195
l 2197 2196
l 2198 2197
l 2199 2198
l 2179 2199
l 2189 2200
l 2201 2200
l 2202 2201
l 2203 2202
l 2204 2203
l 2205 2204
l 2206 2205
l 2207 2208
l 2190 2207
l 2192 2209
l 2210 2209
l 2211 2210
l 2212 2211
l 2213 2212
l 2214 2213
l 2215 2214
l 2216 2215
l 2194 2216
l 2206 2217
l 2218 2217
l 2219 2218
l 2220 2219
l 2221 2220
l 2222 2221
l 2223 2222
l 2224 2223
l 2208 2224
l 2225 2226
l 2227 2225
l 2228 2227
l 2229 2228
l 2230 2229
l 2231 2230
l 2232 2231
l 2233 2232
l 2234 2233
l 2235 2234
l 2236 2235
l 2237 2236
l 2238 2237
l 2239 2238
l 2240 2239
l 2241 2240
l 2242 2241
l 2243 2244
l 2226 2243
l 2242 2245
l 2246 2245
l 2244 2247
l 2246 2248
l 2247 2249
l 2248 2250
l 2251 2252
l 2253 2251
l 2249 2254
l 2250 2255
l 2256 2257
l 2258 2256
l 2259 2260
l 2252 2259
l 2253 2261
l 2262 2261
l 2254 2263
l 2264 2263
l 2265 2266
l 2255 2265
l 2267 2268
l 2257 2267
l 2258 2269
l 2270 2269
l 2271 2272
l 2260 2271
l 2262 2273
l 2274 2273
l 2264 2275
l 2266 2276
l 2277 2278
l 2268 2277
l 2270 2279
l 2280 2279
l 2281 2282
l 2272 2281
l 2274 2283
l 2275 2284
l 2276 2285
l 2278 2286
l 2280 2287
l 2288 2287
l 2289 2290
l 2282 2289
l 2283 2291
l 2292 2291
l 2284 2293
l 2285 2294
l 2295 2296
l 2286 2295
l 2288 2297
l 2298 2297
l 2299 2300
l 2290 2299
l 2292 2301
l 2293 2302
l 2303 2302
l 2304 2305
l 2294 2304
l 2296 2306
l 2298 2307
l 2308 2307
l 2309 2310
l 2300 2309
l 2301 2311
l 2303 2312
l 2305 2313
l 2306 2314
l 2308 2315
l 2316 2315
l 2317 2318
l 2310 2317
l 2311 2319
l 2320 2319
l 2312 2321
l 2313 2322
l 2323 2324
l 2314 2323
l 2316 2325
l 2326 2325
l 2327 2328
l 2318 2327
l 2320 2329
l 2321 2330
l 2322 2331
l 2324 2332
l 2326 2333
l 2334 2333
l 2335 2336
l 2328 2335
l 2329 2337
l 2338 2337
l 2330 2339
l 2340 2339
l 2341 2342
l 2331 2341
l 2343 2344
l 2332 2343
l 2334 2345
l 2346 2345
l 2347 2348
l 2336 2347
l 2338 2349
l 2340 2350
l 2342 2351
l 2344 2352
l 2346 2353
l 2354 2353
l 2348 2355
l 2349 2356
l 2350 2357
l 2351 2358
l 2352 2359
l 2354 2360
l 2355 2361
l 2356 2362
l 2363 2362
l 2357 2364
l 2358 2365
l 2366 2367
l 2359 2366
l 2368 2360
l 2369 2370
l 2361 2369
l 2363 2371
l 2364 2372
l 2365 2373
l 2367 2374
l 2368 2375
l 2376 2375
l 2377 2378
l 2370 2377
l 2371 2379
l 2372 2380
l 2373 2381
l 2374 2382
l 2376 2383
l 2384 2383
l 2385 2386
l 2378 2385
l 2379 2387
l 2388 2387
l 2380 2389
l 2381 2390
l 2391 2392
l 2382 2391
l 2384 2393
l 2394 2393
l 2395 2396
l 2386 2395
l 2388 2397
l 2389 2398
l 2390 2399
l 2392 2400
l 2394 2401
l 2402 2401
l 2403 2404
l 2396 2403
l 2397 2405
l 2406 2405
l 2398 2407
l 2408 2407
l 2409 2410
l 2399 2409
l 2411 2412
l 2400 2411
l 2402 2413
l 2414 2413
l 2415 2416
l 2404 2415
l 2406 2417
l 2408 2418
l 2419 2418
l 2420 2421
l 2410 2420
l 2412 2422
l 2414 2423
l 2424 2423
l 2425 2426
l 2416 2425
l 2417 2427
l 2419 2428
l 2429 2428
l 2430 2431
l 2421 2430
l 2422 2432
l 2424 2433
l 2434 2433
l 2435 2436
l 2426 2435
l 2427 2437
l 2429 2438
l 2439 2438
l 2440 2441
l 2431 2440
l 2432 2442
l 2434 2443
l 2444 2443
l 2436 2445
l 2437 2446
l 2439 2447
l 2448 2447
l 2449 2450
l 2441 2449
l 2442 2451
l 2444 2452
l 2445 2453
l 2454 2455
l 2446 2454
l 2448 2456
l 2457 2456
l 2450 2457
l 2451 2458
l 2459 2458
l 2452 2460
l 2453 2461
l 2462 2463
l 2464 2462
l 2465 2464
l 2455 2465
l 2459 2466
l 2467 2466
l 2468 2467
l 2469 2468
l 2460 2470
l 2461 2471
l 2472 2473
l 2474 2472
l 2475 2474
l 2476 2475
l 2477 2476
l 2463 2477
l 2469 2478
l 2479 2478
l 2480 2479
l 2481 2480
l 2482 2481
l 2483 2482
l 2470 2484
l 2471 2485
l 2486 2485
l 2487 2488
l 2489 2487
l 2490 2489
l 2491 2490
l 2492 2491
l 2473 2492
l 2483 2493
l 2494 2493
l 2495 2494
l 2496 2495
l 2497 2496
l 2498 2497
l 2499 2500
l 2484 2499
l 2486 2501
l 2502 2503
l 2504 2502
l 2505 2504
l 2506 2505
l 2507 2506
l 2508 2507
l 2488 2508
l 2498 2509
l 2510 2509
l 2511 2510
l 2512 2511
l 2513 2512
l 2514 2513
l 2515 2514
l 2500 2516
l 2501 2517
l 2518 2517
l 2519 2518
l 2520 2519
l 2521 2520
l 2522 2521
l 2523 2522
l 2503 2523
l 2515 2524
l 2525 2524
l 2526 2525
l 2527 2526
l 2528 2527
l 2529 2528
l 2530 2529
l 2516 2530
l 2531 2532
l 2533 2531
l 2534 2533
l 2535 2534
l 2536 2535
l 2537 2536
l 2538 2537
l 2539 2538
l 2540 2539
l 2541 2540
l 2542 2541
l 2543 2542
l 2544 2543
l 2545 2544
l 2546 2545
l 2547 2546
l 2548 2547
l 2549 2550
l 2532 2549
l 2548 2551
l 2552 2551
l 2550 2553
l 2552 2554
l 2553 2555
l 2554 2556
l 2555 2557
l 2556 2558
l 2559 2560
l 2561 2559
l 2562 2561
l 2563 2562
l 2557 2564
l 2565 2564
l 2566 2567
l 2558 2566
l 2568 2569
l 2570 2568
l 2571 2570
l 2572 2571
l 2573 2574
l 2560 2573
l 2563 2575
l 2576 2575
l 2565 2577
l 2567 2578
l 2579 2580
l 2569 2579
l 2572 2581
l 2582 2581
l 2583 2584
l 2574 2583
l 2576 2585
l 2577 2586
l 2578 2587
l 2580 2588
l 2582 2589
l 2590 2589
l 2591 2592
l 2584 2591
l 2585 2593
l 2586 2594
l 2595 2594
l 2596 2597
l 2587 2596
l 2588 2598
l 2590 2599
l 2600 2599
l 2601 2602
l 2592 2601
l 2593 2603
l 2604 2603
l 2595 2605
l 2597 2606
l 2607 2608
l 2598 2607
l 2600 2609
l 2610 2609
l 2611 2612
l 2602 2611
l 2604 2613
l 2605 2614
l 2606 2615
l 2608 2616
l 2610 2617
l 2618 2617
l 2619 2620
l 2612 2619
l 2613 2621
l 2622 2621
l 2614 2623
l 2615 2624
l 2625 2626
l 2616 2625
l 2618 2627
l 2628 2627
l 2629 2630
l 2620 2629
l 2622 2631
l 2623 2632
l 2624 2633
l 2626 2634
l 2628 2635
l 2636 2635
l 2637 2638
l 2630 2637
l 2631 2639
l 2640 2639
l 2632 2641
l 2642 2641
l 2643 2644
l 2633 2643
l 2645 2646
l 2634 2645
l 2636 2647
l 2648 2647
l 2638 2649
l 2640 2650
l 2642 2651
l 2644 2652
l 2646 2653
l 2648 2654
l 2655 2656
l 2649 2655
l 2650 2657
l 2651 2658
l 2652 2659
l 2653 2660
l 2654 2661
l 2662 2661
l 2663 2664
l 2656 2663
l 2657 2665
l 2666 2665
l 2658 2667
l 2659 2668
l 2669 2670
l 2660 2669
l 2662 2671
l 2672 2671
l 2673 2674
l 2664 2673
l 2666 2675
l 2667 2676
l 2668 2677
l 2670 2678
l 2672 2679
l 2680 2679
l 2681 2682
l 2674 2681
l 2675 2683
l 2676 2684
l 2677 2685
l 2678 2686
l 2680 2687
l 2688 2687
l 2689 2690
l 2682 2689
l 2683 2691
l 2692 2691
l 2684 2693
l 2685 2694
l 2695 2696
l 2686 2695
l 2688 2697
l 2698 2697
l 2699 2700
l 2690 2699
l 2692 2701
l 2693 2702
l 2694 2703
l 2696 2704
l 2698 2705
l 2706 2705
l 2707 2708
l 2700 2707
l 2701 2709
l 2710 2709
l 2702 2711
l 2703 2712
l 2713 2714
l 2704 2713
l 2706 2715
l 2716 2715
l 2717 2718
l 2708 2717
l 2710 2719
l 2711 2720
l 2721 2720
l 2722 2721
l 2723 2724
l 2725 2723
l 2712 2725
l 2714 2726
l 2716 2727
l 2728 2727
l 2729 2730
l 2718 2729
l 2719 2731
l 2722 2732
l 2733 2732
l 2734 2735
l 2724 2734
l 2726 2736
l 2728 2737
l 2738 2737
l 2730 2739
l 2731 2740
l 2733 2741
l 2742 2741
l 2743 2744
l 2735 2743
l 2736 2745
l 2738 2746
l 2747 2748
l 2739 2747
l 2740 2749
l 2742 2750
l 2751 2750
l 2752 2751
l 2753 2752
l 2744 2753
l 2745 2754
l 2746 2755
l 2756 2755
l 2748 2757
l 2758 2759
l 2749 2758
l 2754 2760
l 2761 2760
l 2756 2762
l 2757 2763
l 2764 2765
l 2766 2764
l 2767 2766
l 2759 2767
l 2761 2768
l 2769 2768
l 2770 2769
l 2771 2770
l 2762 2772
l 2763 2773
l 2774 2775
l 2776 2774
l 2777 2776
l 2778 2777
l 2779 2778
l 2765 2779
l 2771 2780
l 2781 2780
l 2782 2781
l 2783 2782
l 2784 2783
l 2785 2784
l 2772 2786
l 2773 2787
l 2788 2787
l 2789 2790
l 2791 2789
l 2792 2791
l 2793 2792
l 2794 2793
l 2775 2794
l 2785 2795
l 2796 2795
l 2797 2796
l 2798 2797
l 2799 2798
l 2800 2799
l 2801 2802
l 2786 2801
l 2788 2803
l 2804 2803
l 2805 2806
l 2807 2805
l 2808 2807
l 2809 2808
l 2810 2809
l 2811 2810
l 2790 2811
l 2800 2812
l 2813 2812
l 2814 2813
l 2815 2814
l 2816 2815
l 2817 2816
l 2818 2817
l 2819 2820
l 2802 2819
l 2804 2821
l 2822 2821
l 2823 2822
l 2824 2823
l 2825 2824
l 2826 2825
l 2806 2826
l 2818 2827
l 2828 2827
l 2829 2828
l 2830 2829
l 2831 2830
l 2832 2831
l 2820 2832
l 2833 2834
l 2835 2833
l 2836 2835
l 2837 2836
l 2838 2837
l 2839 2838
l 2840 2839
l 2841 2840
l 2842 2841
l 2843 2842
l 2844 2843
l 2845 2844
l 2846 2845
l 2847 2846
l 2848 2847
l 2849 2848
l 2850 2849
l 2851 2852
l 2834 2851
l 2850 2853
l 2854 2853
l 2852 2855
l 2854 2856
l 2855 2857
l 2856 2858
l 2857 2859
l 2860 2859
l 2861 2862
l 2858 2861
l 2863 2864
l 2865 2863
l 2866 2865
l 2867 2866
l 2860 2868
l 2862 2869
l 2870 2871
l 2872 2870
l 2873 2872
l 2874 2873
l 2875 2876
l 2864 2875
l 2867 2877
l 2868 2878
l 2869 2879
l 2871 2880
l 2874 2881
l 2882 2881
l 2883 2884
l 2876 2883
l 2877 2885
l 2886 2885
l 2878 2887
l 2879 2888
l 2889 2890
l 2880 2889
l 2882 2891
l 2892 2891
l 2893 2894
l 2884 2893
l 2886 2895
l 2887 2896
l 2897 2896
l 2898 2899
l 2888 2898
l 2890 2900
l 2892 2901
l 2902 2901
l 2903 2904
l 2894 2903
l 2895 2905
l 2906 2905
l 2897 2907
l 2899 2908
l 2909 2910
l 2900 2909
l 2902 2911
l 2912 2911
l 2913 2914
l 2904 2913
l 2906 2915
l 2907 2916
l 2908 2917
l 2910 2918
l 2912 2919
l 2920 2919
l 2921 2922
l 2914 2921
l 2915 2923
l 2924 2923
l 2916 2925
l 2917 2926
l 2927 2928
l 2918 2927
l 2920 2929
l 2930 2929
l 2922 2931
l 2924 2932
l 2925 2933
l 2934 2933
l 2935 2936
l 2926 2935
l 2928 2937
l 2930 2938
l 2939 2940
l 2931 2939
l 2932 2941
l 2942 2941
l 2934 2943
l 2936 2944
l 2945 2946
l 2937 2945
l 2938 2947
l 2948 2947
l 2949 2950
l 2940 2949
l 2942 2951
l 2943 2952
l 2944 2953
l 2946 2954
l 2948 2955
l 2956 2955
l 2957 2958
l 2950 2957
l 2951 2959
l 2952 2960
l 2953 2961
l 2954 2962
l 2956 2963
l 2964 2963
l 2965 2966
l 2958 2965
l 2959 2967
l 2968 2967
l 2960 2969
l 2961 2970
l 2971 2972
l 2962 2971
l 2964 2973
l 2974 2973
l 2975 2976
l 2966 2975
l 2968 2977
l 2969 2978
l 2970 2979
l 2972 2980
l 2974 2981
l 2982 2981
l 2983 2984
l 2976 2983
l 2977 2985
l 2978 2986
l 2979 2987
l 2980 2988
l 2982 2989
l 2990 2989
l 2991 2992
l 2984 2991
l 2985 2993
l 2994 2993
l 2986 2995
l 2987 2996
l 2997 2998
l 2988 2997
l 2990 2999
l 3000 2999
l 3001 3002
l 2992 3001
l 2994 3003
l 3004 3005
l 2995 3004
l 2996 3006
l 3007 3006
l 2998 3008
l 3000 3009
l 3010 3009
l 3011 3012
l 3002 3011
l 3003 3013
l 3014 3015
l 3016 3017
l 3008 3018
l 3010 3019
l 3020 3019
l 3021 3022
l 3012 3021
l 3023 3024
l 3014 3025
l 3026 3025
l 3027 3026
l 3028 3029
l 3030 3028
l 3017 3030
l 3031 3032
l 3020 3033
l 3034 3033
l 3022 3035
l 3024 3036
l 3027 3037
l 3038 3037
l 3039 3040
l 3029 3039
l 3032 3041
l 3034 3042
l 3043 3044
l 3035 3043
l 3036 3045
l 3038 3046
l 3047 3046
l 3048 3049
l 3040 3048
l 3041 3050
l 3042 3051
l 3052 3051
l 3053 3054
l 3044 3053
l 3045 3055
l 3047 3056
l 3057 3056
l 3058 3057
l 3059 3058
l 3049 3059
l 3050 3060
l 3052 3061
l 3062 3061
l 3054 3063
l 3064 3065
l 3055 3064
l 3060 3066
l 3067 3066
l 3062 3068
l 3063 3069
l 3070 3071
l 3072 3070
l 3073 3072
l 3074 3073
l 3065 3074
l 3067 3075
l 3076 3075
l 3077 3076
l 3078 3077
l 3079 3078
l 3068 3080
l 3069 3081
l 3082 3081
l 3083 3084
l 3085 3083
l 3086 3085
l 3087 3086
l 3088 3087
l 3071 3088
l 3079 3089
l 3090 3089
l 3091 3090
l 3092 3091
l 3093 3092
l 3094 3093
l 3095 3096
l 3080 3095
l 3082 3097
l 3098 3099
l 3100 3098
l 3101 3100
l 3102 3101
l 3103 3102
l 3084 3103
l 3094 3104
l 3105 3104
l 3106 3105
l 3107 3106
l 3108 3107
l 3109 3108
l 3096 3110
l 3097 3111
l 3112 3111
l 3113 3114
l 3115 3113
l 3116 3115
l 3117 3116
l 3118 3117
l 3119 3118
l 3099 3119
l 3109 3120
l 3121 3120
l 3122 3121
l 3123 3122
l 3124 3123
l 3125 3124
l 3126 3125
l 3127 3128
l 3110 3127
l 3112 3129
l 3130 3129
l 3131 3130
l 3132 3131
l 3133 3132
l 3114 3133
l 3126 3134
l 3135 3134
l 3136 3135
l 3137 3136
l 3138 3137
l 3128 3138
l 3139 3140
l 3141 3139
l 3142 3141
l 3143 3142
l 3144 3143
l 3145 3144
l 3146 3145
l 3147 3146
l 3148 3147
l 3149 3148
l 3150 3149
l 3151 3150
l 3152 3151
l 3153 3152
l 3154 3153
l 3155 3156
l 3157 3155
l 3140 3157
l 3154 3158
l 3159 3158
l 3160 3159
l 3156 3161
l 3160 3162
l 3161 3163
l 3162 3164
l 3163 3165
l 3166 3165
l 3167 3168
l 3164 3167
l 3169 3170
l 3171 3169
l 3172 3171
l 3173 3172
l 3166 3174
l 3168 3175
l 3176 3177
l 3178 3176
l 3179 3178
l 3180 3179
l 3181 3182
l 3170 3181
l 3173 3183
l 3174 3184
l 3175 3185
l 3177 3186
l 3180 3187
l 3188 3187
l 3189 3190
l 3182 3189
l 3183 3191
l 3192 3191
l 3184 3193
l 3185 3194
l 3195 3196
l 3186 3195
l 3188 3197
l 3198 3197
l 3199 3200
l 3190 3199
l 3192 3201
l 3193 3202
l 3203 3202
l 3204 3205
l 3194 3204
l 3196 3206
l 3198 3207
l 3208 3207
l 3209 3210
l 3200 3209
l 3201 3211
l 3212 3211
l 3203 3213
l 3205 3214
l 3215 3216
l 3206 3215
l 3208 3217
l 3218 3217
l 3210 3219
l 3212 3220
l 3213 3221
l 3214 3222
l 3216 3223
l 3218 3224
l 3225 3226
l 3219 3225
l 3220 3227
l 3228 3227
l 3221 3229
l 3222 3230
l 3231 3232
l 3223 3231
l 3224 3233
l 3234 3233
l 3235 3236
l 3226 3235
l 3228 3237
l 3229 3238
l 3239 3238
l 3240 3241
l 3230 3240
l 3232 3242
l 3234 3243
l 3244 3243
l 3245 3246
l 3236 3245
l 3237 3247
l 3248 3247
l 3239 3249
l 3241 3250
l 3251 3252
l 3242 3251
l 3244 3253
l 3254 3253
l 3255 3256
l 3246 3255
l 3248 3257
l 3249 3258
l 3250 3259
l 3252 3260
l 3254 3261
l 3262 3261
l 3263 3264
l 3256 3263
l 3257 3265
l 3258 3266
l 3259 3267
l 3260 3268
l 3262 3269
l 3270 3269
l 3271 3272
l 3264 3271
l 3265 3273
l 3274 3273
l 3266 3275
l 3267 3276
l 3277 3278
l 3268 3277
l 3270 3279
l 3280 3279
l 3281 3282
l 3272 3281
l 3274 3283
l 3275 3284
l 3276 3285
l 3278 3286
l 3280 3287
l 3288 3287
l 3289 3290
l 3282 3289
l 3283 3291
l 3284 3292
l 3285 3293
l 3286 3294
l 3288 3295
l 3296 3295
l 3297 3298
l 3290 3297
l 3291 3299
l 3300 3299
l 3301 3302
l 3292 3301
l 3293 3303
l 3304 3303
l 3305 3306
l 3294 3305
l 3296 3307
l 3308 3307
l 3298 3309
l 3300 3310
l 3302 3310
l 3304 3311
l 3306 3311
l 3308 3312
l 3313 3314
l 3309 3313
l 3312 3315
l 3316 3315
l 3317 3318
l 3314 3317
l 3319 3320
l 3321 3319
l 3322 3321
l 3323 3324
l 3325 3323
l 3326 3325
l 3316 3327
l 3328 3327
l 3329 3330
l 3318 3329
l 3320 3331
l 3322 3332
l 3333 3332
l 3334 3333
l 3335 3336
l 3337 3335
l 3324 3337
l 3326 3338
l 3328 3339
l 3340 3339
l 3341 3342
l 3330 3341
l 3331 3343
l 3334 3344
l 3345 3344
l 3346 3347
l 3336 3346
l 3338 3348
l 3340 3349
l 3350 3349
l 3342 3351
l 3352 3353
l 3343 3352
l 3345 3354
l 3355 3354
l 3356 3355
l 3357 3356
l 3347 3357
l 3348 3358
l 3359 3358
l 3350 3360
l 3361 3362
l 3351 3361
l 3363 3364
l 3353 3363
l 3359 3365
l 3366 3365
l 3360 3367
l 3368 3367
l 3362 3369
l 3370 3369
l 3371 3372
l 3373 3371
l 3374 3373
l 3364 3374
l 3366 3375
l 3376 3375
l 3377 3376
l 3378 3377
l 3379 3380
l 3368 3379
l 3370 3381
l 3382 3383
l 3384 3382
l 3385 3384
l 3386 3385
l 3387 3386
l 3372 3387
l 3378 3388
l 3389 3388
l 3390 3389
l 3391 3390
l 3392 3391
l 3393 3392
l 3380 3394
l 3381 3395
l 3396 3397
l 3398 3396
l 3399 3398
l 3400 3399
l 3401 3400
l 3383 3401
l 3393 3402
l 3403 3402
l 3404 3403
l 3405 3404
l 3406 3405
l 3407 3406
l 3394 3408
l 3395 3409
l 3410 3409
l 3411 3410
l 3412 3413
l 3414 3412
l 3415 3414
l 3416 3415
l 3417 3416
l 3418 3417
l 3419 3418
l 3397 3419
l 3407 3420
l 3421 3420
l 3422 3421
l 3423 3422
l 3424 3423
l 3425 3424
l 3426 3425
l 3427 3426
l 3428 3429
l 3430 3428
l 3408 3430
l 3411 3431
l 3432 3431
l 3433 3432
l 3413 3433
l 3427 3434
l 3435 3434
l 3436 3435
l 3429 3436
l 3437 3438
l 3439 3437
l 3440 3439
l 3441 3440
l 3442 3441
l 3443 3442
l 3444 3443
l 3445 3444
l 3446 3445
l 3447 3446
l 3448 3447
l 3449 3448
l 3450 3449
l 3451 3450
l 3452 3451
l 3453 3454
l 3438 3453
l 3452 3455
l 3456 3455
l 3457 3458
l 3454 3457
l 3456 3459
l 3460 3459
l 3458 3461
l 3462 3461
l 3463 3464
l 3460 3463
l 3462 3465
l 3464 3466
l 3467 3468
l 3469 3467
l 3465 3470
l 3466 3471
l 3472 3473
l 3474 3472
l 3475 3476
l 3477 3475
l 3468 3477
l 3469 3478
l 3479 3478
l 3470 3480
l 3471 3481
l 3482 3483
l 3473 3482
l 3474 3484
l 3485 3484
l 3486 3485
l 3487 3488
l 3476 3487
l 3479 3489
l 3490 3489
l 3480 3491
l 3492 3491
l 3493 3494
l 3481 3493
l 3495 3496
l 3483 3495
l 3486 3497
l 3498 3497
l 3488 3499
l 3490 3500
l 3492 3501
l 3494 3502
l 3496 3503
l 3498 3504
l 3505 3506
l 3499 3505
l 3500 3507
l 3508 3507
l 3501 3509
l 3502 3510
l 3511 3512
l 3503 3511
l 3504 3513
l 3514 3513
l 3515 3516
l 3506 3515
l 3508 3517
l 3509 3518
l 3510 3519
l 3512 3520
l 3514 3521
l 3522 3521
l 3523 3524
l 3516 3523
l 3517 3525
l 3526 3525
l 3518 3527
l 3519 3528
l 3529 3530
l 3520 3529
l 3522 3531
l 3532 3531
l 3533 3534
l 3524 3533
l 3526 3535
l 3527 3536
l 3537 3536
l 3538 3539
l 3528 3538
l 3530 3540
l 3532 3541
l 3542 3541
l 3543 3544
l 3534 3543
l 3535 3545
l 3546 3545
l 3537 3547
l 3539 3548
l 3549 3550
l 3540 3549
l 3542 3551
l 3552 3551
l 3553 3554
l 3544 3553
l 3546 3555
l 3547 3556
l 3548 3557
l 3550 3558
l 3552 3559
l 3560 3559
l 3561 3562
l 3554 3561
l 3555 3563
l 3556 3564
l 3557 3565
l 3558 3566
l 3560 3567
l 3568 3567
l 3569 3570
l 3562 3569
l 3563 3571
l 3572 3571
l 3564 3573
l 3565 3574
l 3575 3576
l 3566 3575
l 3568 3577
l 3578 3577
l 3570 3579
l 3572 3580
l 3573 3581
l 3574 3582
l 3576 3583
l 3578 3584
l 3585 3586
l 3579 3585
l 3580 3587
l 3588 3589
l 3581 3588
l 3582 3590
l 3591 3590
l 3583 3592
l 3584 3593
l 3594 3593
l 3595 3596
l 3586 3595
l 3587 3597
l 3598 3597
l 3589 3599
l 3591 3600
l 3601 3602
l 3592 3601
l 3594 3603
l 3604 3603
l 3605 3606
l 3596 3605
l 3598 3607
l 3599 3607
l 3600 3608
l 3602 3608
l 3604 3609
l 3610 3609
l 3611 3612
l 3606 3611
l 3610 3613
l 3614 3613
l 3615 3616
l 3612 3615
l 3617 3618
l 3619 3617
l 3620 3619
l 3621 3622
l 3623 3621
l 3624 3623
l 3614 3625
l 3626 3625
l 3627 3628
l 3616 3627
l 3618 3629
l 3620 3630
l 3631 3630
l 3632 3631
l 3633 3634
l 3635 3633
l 3622 3635
l 3624 3636
l 3626 3637
l 3638 3637
l 3639 3640
l 3628 3639
l 3629 3641
l 3632 3642
l 3643 3642
l 3644 3645
l 3634 3644
l 3636 3646
l 3638 3647
l 3648 3647
l 3640 3649
l 3650 3651
l 3641 3650
l 3643 3652
l 3653 3652
l 3654 3653
l 3655 3654
l 3645 3655
l 3646 3656
l 3657 3656
l 3648 3658
l 3649 3659
l 3660 3661
l 3651 3660
l 3657 3662
l 3663 3662
l 3658 3664
l 3659 3665
l 3666 3667
l 3668 3666
l 3669 3668
l 3670 3669
l 3661 3670
l 3663 3671
l 3672 3671
l 3673 3672
l 3674 3673
l 3675 3674
l 3664 3676
l 3665 3677
l 3678 3679
l 3680 3678
l 3681 3680
l 3682 3681
l 3683 3682
l 3667 3683
l 3675 3684
l 3685 3684
l 3686 3685
l 3687 3686
l 3688 3687
l 3689 3688
l 3676 3690
l 3677 3691
l 3692 3691
l 3693 3694
l 3695 3693
l 3696 3695
l 3697 3696
l 3698 3697
l 3679 3698
l 3689 3699
l 3700 3699
l 3701 3700
l 3702 3701
l 3703 3702
l 3704 3703
l 3705 3706
l 3690 3705
l 3692 3707
l 3708 3707
l 3709 3708
l 3710 3711
l 3712 3710
l 3713 3712
l 3714 3713
l 3715 3714
l 3716 3715
l 3717 3716
l 3694 3717
l 3704 3718
l 3719 3718
l 3720 3719
l 3721 3720
l 3722 3721
l 3723 3722
l 3724 3723
l 3725 3724
l 3726 3727
l 3728 3726
l 3706 3728
l 3709 3729
l 3711 3729
l 3725 3730
l 3727 3730
l 3731 3732
l 3733 3731
l 3734 3733
l 3735 3734
l 3736 3735
l 3737 3736
l 3738 3737
l 3739 3738
l 3740 3739
l 3741 3740
l 3742 3741
l 3743 3742
l 3744 3743
l 3745 3746
l 3747 3745
l 3732 3747
l 3744 3748
l 3749 3748
l 3750 3749
l 3746 3751
l 3750 3752
l 3751 3753
l 3752 3754
l 3753 3755
l 3754 3756
l 3755 3757
l 3756 3758
l 3759 3760
l 3761 3759
l 3762 3761
l 3763 3762
l 3757 3764
l 3758 3765
l 3766 3767
l 3768 3766
l 3769 3768
l 3770 3769
l 3771 3772
l 3760 3771
l 3763 3773
l 3764 3774
l 3775 3774
l 3776 3777
l 3765 3776
l 3767 3778
l 3770 3779
l 3780 3779
l 3781 3782
l 3772 3781
l 3773 3783
l 3784 3783
l 3775 3785
l 3777 3786
l 3787 3788
l 3778 3787
l 3780 3789
l 3790 3789
l 3791 3792
l 3782 3791
l 3784 3793
l 3785 3794
l 3786 3795
l 3788 3796
l 3790 3797
l 3798 3797
l 3799 3800
l 3792 3799
l 3793 3801
l 3802 3801
l 3794 3803
l 3795 3804
l 3805 3806
l 3796 3805
l 3798 3807
l 3808 3807
l 3809 3810
l 3800 3809
l 3802 3811
l 3812 3811
l 3803 3813
l 3804 3814
l 3815 3816
l 3806 3815
l 3808 3817
l 3818 3817
l 3819 3820
l 3810 3819
l 3812 3821
l 3813 3822
l 3823 3822
l 3824 3825
l 3814 3824
l 3816 3826
l 3818 3827
l 3828 3827
l 3829 3830
l 3820 3829
l 3821 3831
l 3832 3831
l 3823 3833
l 3825 3834
l 3835 3836
l 3826 3835
l 3828 3837
l 3838 3837
l 3839 3840
l 3830 3839
l 3832 3841
l 3833 3842
l 3834 3843
l 3836 3844
l 3838 3845
l 3846 3845
l 3840 3847
l 3841 3848
l 3842 3849
l 3843 3850
l 3844 3851
l 3846 3852
l 3853 3854
l 3847 3853
l 3848 3855
l 3856 3855
l 3849 3857
l 3850 3858
l 3859 3860
l 3851 3859
l 3852 3861
l 3862 3861
l 3863 3864
l 3854 3863
l 3856 3865
l 3857 3866
l 3858 3867
l 3860 3868
l 3862 3869
l 3870 3869
l 3871 3872
l 3864 3871
l 3865 3873
l 3874 3875
l 3866 3874
l 3867 3876
l 3877 3876
l 3868 3878
l 3870 3879
l 3880 3879
l 3881 3882
l 3872 3881
l 3873 3883
l 3884 3883
l 3875 3885
l 3877 3886
l 3887 3888
l 3878 3887
l 3880 3889
l 3890 3889
l 3891 3892
l 3882 3891
l 3884 3893
l 3885 3893
l 3886 3894
l 3888 3894
l 3890 3895
l 3896 3895
l 3897 3898
l 3892 3897
l 3896 3899
l 3900 3899
l 3901 3902
l 3898 3901
l 3900 3903
l 3904 3903
l 3905 3906
l 3902 3905
l 3907 3908
l 3909 3907
l 3910 3909
l 3911 3910
l 3912 3911
l 3913 3914
l 3915 3913
l 3916 3915
l 3917 3916
l 3918 3917
l 3904 3919
l 3920 3919
l 3921 3922
l 3906 3921
l 3908 3923
l 3912 3924
l 3925 3924
l 3926 3927
l 3914 3926
l 3918 3928
l 3920 3929
l 3930 3929
l 3922 3931
l 3932 3933
l 3923 3932
l 3925 3934
l 3935 3934
l 3936 3935
l 3937 3936
l 3927 3937
l 3928 3938
l 3939 3938
l 3930 3940
l 3931 3941
l 3942 3943
l 3933 3942
l 3939 3944
l 3945 3944
l 3940 3946
l 3941 3947
l 3948 3949
l 3950 3948
l 3951 3950
l 3952 3951
l 3943 3952
l 3945 3953
l 3954 3953
l 3955 3954
l 3956 3955
l 3957 3956
l 3946 3958
l 3947 3959
l 3960 3961
l 3962 3960
l 3963 3962
l 3964 3963
l 3965 3964
l 3949 3965
l 3957 3966
l 3967 3966
l 3968 3967
l 3969 3968
l 3970 3969
l 3971 3970
l 3958 3972
l 3959 3973
l 3974 3973
l 3975 3976
l 3977 3975
l 3978 3977
l 3979 3978
l 3980 3979
l 3981 3980
l 3961 3981
l 3971 3982
l 3983 3982
l 3984 3983
l 3985 3984
l 3986 3985
l 3987 3986
l 3988 3987
l 3989 3990
l 3972 3989
l 3974 3991
l 3992 3991
l 3993 3992
l 3994 3993
l 3995 3994
l 3996 3995
l 3997 3996
l 3998 3997
l 3999 3998
l 3976 3999
l 3988 4000
l 4001 4000
l 4002 4001
l 4003 4002
l 4004 4003
l 4005 4004
l 4006 4005
l 4007 4006
l 4008 4007
l 3990 4008
l 4009 4010
l 4011 4009
l 4012 4011
l 4013 4012
l 4014 4013
l 4015 4014
l 4016 4015
l 4017 4016
l 4018 4017
l 4019 4018
l 4020 4019
l 4021 4020
l 4022 4021
l 4023 4022
l 4024 4023
l 4025 4024
l 4026 4025
l 4010 4027
l 4026 4028
l 4027 4029
l 4028 4030
l 4029 4031
l 4030 4032
l 4031 4033
l 4032 4034
l 4035 4036
l 4037 4035
l 4038 4037
l 4039 4038
l 4033 4040
l 4041 4040
l 4042 4043
l 4034 4042
l 4044 4045
l 4046 4044
l 4047 4046
l 4048 4047
l 4049 4050
l 4036 4049
l 4039 4051
l 4041 4052
l 4043 4053
l 4045 4054
l 4048 4055
l 4056 4055
l 4057 4058
l 4050 4057
l 4051 4059
l 4060 4059
l 4052 4061
l 4053 4062
l 4063 4064
l 4054 4063
l 4056 4065
l 4066 4065
l 4067 4068
l 4058 4067
l 4060 4069
l 4061 4070
l 4062 4071
l 4064 4072
l 4066 4073
l 4074 4073
l 4075 4076
l 4068 4075
l 4069 4077
l 4078 4077
l 4070 4079
l 4071 4080
l 4081 4082
l 4072 4081
l 4074 4083
l 4084 4083
l 4085 4086
l 4076 4085
l 4078 4087
l 4088 4087
l 4079 4089
l 4080 4090
l 4091 4092
l 4082 4091
l 4084 4093
l 4094 4093
l 4086 4095
l 4088 4096
l 4089 4097
l 4098 4097
l 4099 4100
l 4090 4099
l 4092 4101
l 4094 4102
l 4103 4104
l 4095 4103
l 4096 4105
l 4106 4105
l 4098 4107
l 4100 4108
l 4109 4110
l 4101 4109
l 4102 4111
l 4112 4111
l 4113 4114
l 4104 4113
l 4106 4115
l 4107 4116
l 4108 4117
l 4110 4118
l 4112 4119
l 4120 4119
l 4121 4122
l 4114 4121
l 4115 4123
l 4116 4124
l 4117 4125
l 4118 4126
l 4120 4127
l 4128 4127
l 4129 4130
l 4122 4129
l 4123 4131
l 4132 4131
l 4124 4133
l 4125 4134
l 4135 4136
l 4126 4135
l 4128 4137
l 4138 4137
l 4139 4140
l 4130 4139
l 4132 4141
l 4142 4143
l 4133 4142
l 4134 4144
l 4145 4144
l 4136 4146
l 4138 4147
l 4148 4147
l 4149 4150
l 4140 4149
l 4141 4151
l 4143 4152
l 4145 4153
l 4146 4154
l 4148 4155
l 4156 4155
l 4157 4158
l 4150 4157
l 4151 4159
l 4152 4160
l 4153 4161
l 4154 4162
l 4156 4163
l 4164 4163
l 4165 4166
l 4158 4165
l 4159 4167
l 4168 4167
l 4160 4168
l 4161 4169
l 4170 4169
l 4162 4170
l 4164 4171
l 4172 4171
l 4173 4174
l 4166 4173
l 4172 4175
l 4176 4175
l 4177 4178
l 4174 4177
l 4176 4179
l 4180 4179
l 4178 4181
l 4182 4183
l 4184 4182
l 4185 4184
l 4186 4185
l 4187 4186
l 4188 4189
l 4190 4188
l 4191 4190
l 4192 4191
l 4193 4192
l 4180 4194
l 4195 4196
l 4181 4195
l 4197 4198
l 4183 4197
l 4187 4199
l 4200 4199
l 4201 4202
l 4189 4201
l 4193 4203
l 4204 4203
l 4194 4205
l 4206 4205
l 4207 4208
l 4196 4207
l 4198 4209
l 4200 4210
l 4211 4210
l 4212 4211
l 4213 4212
l 4202 4213
l 4204 4214
l 4206 4215
l 4216 4215
l 4208 4217
l 4218 4219
l 4220 4218
l 4209 4220
l 4214 4221
l 4222 4221
l 4223 4222
l 4216 4224
l 4217 4225
l 4226 4227
l 4228 4226
l 4229 4228
l 4230 4229
l 4219 4230
l 4223 4231
l 4232 4231
l 4233 4232
l 4234 4233
l 4235 4234
l 4224 4236
l 4225 4237
l 4238 4239
l 4240 4238
l 4241 4240
l 4242 4241
l 4243 4242
l 4227 4243
l 4235 4244
l 4245 4244
l 4246 4245
l 4247 4246
l 4248 4247
l 4249 4248
l 4236 4250
l 4237 4251
l 4252 4251
l 4253 4254
l 4255 4253
l 4256 4255
l 4257 4256
l 4258 4257
l 4239 4258
l 4249 4259
l 4260 4259
l 4261 4260
l 4262 4261
l 4263 4262
l 4264 4263
l 4265 4266
l 4250 4265
l 4252 4267
l 4268 4267
l 4269 4268
l 4270 4269
l 4271 4270
l 4272 4271
l 4273 4272
l 4274 4273
l 4275 4274
l 4254 4275
l 4264 4276
l 4277 4276
l 4278 4277
l 4279 4278
l 4280 4279
l 4281 4280
l 4282 4281
l 4283 4282
l 4284 4283
l 4266 4284
l 4285 4286
l 4287 4285
l 4288 4287
l 4289 4288
l 4290 4289
l 4291 4290
l 4292 4291
l 4293 4292
l 4294 4293
l 4295 4294
l 4296 4295
l 4297 4296
l 4298 4297
l 4299 4298
l 4300 4299
l 4301 4302
l 4286 4301
l 4300 4303
l 4304 4303
l 4302 4305
l 4304 4306
l 4305 4307
l 4306 4308
l 4307 4309
l 4308 4310
l 4311 4312
l 4313 4311
l 4309 4314
l 4315 4314
l 4316 4317
l 4310 4316
l 4318 4319
l 4320 4318
l 4321 4322
l 4323 4321
l 4312 4323
l 4313 4324
l 4325 4324
l 4315 4326
l 4317 4327
l 4328 4329
l 4319 4328
l 4320 4330
l 4331 4330
l 4332 4331
l 4333 4334
l 4322 4333
l 4325 4335
l 4336 4335
l 4326 4337
l 4327 4338
l 4339 4340
l 4329 4339
l 4332 4341
l 4342 4341
l 4343 4344
l 4334 4343
l 4336 4345
l 4337 4346
l 4338 4347
l 4340 4348
l 4342 4349
l 4350 4349
l 4344 4351
l 4345 4352
l 4353 4352
l 4346 4354
l 4347 4355
l 4356 4357
l 4348 4356
l 4350 4358
l 4359 4360
l 4351 4359
l 4353 4361
l 4362 4361
l 4354 4363
l 4355 4364
l 4365 4366
l 4357 4365
l 4358 4367
l 4368 4367
l 4369 4370
l 4360 4369
l 4362 4371
l 4363 4372
l 4373 4372
l 4374 4375
l 4364 4374
l 4366 4376
l 4368 4377
l 4378 4377
l 4379 4380
l 4370 4379
l 4371 4381
l 4382 4381
l 4373 4383
l 4375 4384
l 4385 4386
l 4376 4385
l 4378 4387
l 4388 4387
l 4389 4390
l 4380 4389
l 4382 4391
l 4383 4392
l 4384 4393
l 4386 4394
l 4388 4395
l 4396 4395
l 4397 4398
l 4390 4397
l 4391 4399
l 4392 4400
l 4393 4401
l 4394 4402
l 4396 4403
l 4404 4403
l 4405 4406
l 4398 4405
l 4399 4407
l 4408 4407
l 4409 4410
l 4400 4409
l 4401 4411
l 4412 4411
l 4413 4414
l 4402 4413
l 4404 4415
l 4416 4415
l 4417 4418
l 4406 4417
l 4408 4419
l 4410 4420
l 4412 4421
l 4414 4422
l 4416 4423
l 4424 4423
l 4425 4426
l 4418 4425
l 4419 4427
l 4420 4428
l 4421 4429
l 4422 4430
l 4424 4431
l 4432 4431
l 4433 4434
l 4426 4433
l 4427 4435
l 4428 4436
l 4429 4437
l 4430 4438
l 4432 4439
l 4440 4439
l 4434 4441
l 4435 4442
l 4443 4442
l 4436 4443
l 4437 4444
l 4445 4444
l 4438 4445
l 4440 4446
l 4447 4448
l 4441 4447
l 4446 4449
l 4450 4449
l 4451 4452
l 4448 4451
l 4450 4453
l 4454 4453
l 4455 4456
l 4452 4455
l 4457 4458
l 4459 4457
l 4460 4459
l 4461 4460
l 4462 4461
l 4463 4464
l 4465 4463
l 4466 4465
l 4467 4466
l 4468 4467
l 4454 4469
l 4470 4469
l 4471 4472
l 4456 4471
l 4473 4474
l 4458 4473
l 4462 4475
l 4476 4475
l 4477 4476
l 4478 4479
l 4480 4478
l 4464 4480
l 4468 4481
l 4482 4481
l 4470 4483
l 4484 4483
l 4472 4485
l 4474 4486
l 4477 4487
l 4488 4487
l 4479 4488
l 4482 4489
l 4484 4490
l 4491 4492
l 4485 4491
l 4493 4494
l 4495 4493
l 4486 4495
l 4489 4496
l 4497 4496
l 4498 4497
l 4490 4499
l 4500 4499
l 4492 4501
l 4502 4503
l 4504 4502
l 4505 4504
l 4506 4505
l 4494 4506
l 4498 4507
l 4508 4507
l 4509 4508
l 4510 4509
l 4511 4510
l 4500 4512
l 4501 4513
l 4514 4513
l 4515 4516
l 4517 4515
l 4518 4517
l 4519 4518
l 4520 4519
l 4503 4520
l 4511 4521
l 4522 4521
l 4523 4522
l 4524 4523
l 4525 4524
l 4526 4525
l 4527 4528
l 4512 4527
l 4514 4529
l 4530 4529
l 4531 4532
l 4533 4531
l 4534 4533
l 4535 4534
l 4536 4535
l 4537 4536
l 4516 4537
l 4526 4538
l 4539 4538
l 4540 4539
l 4541 4540
l 4542 4541
l 4543 4542
l 4544 4543
l 4545 4546
l 4528 4545
l 4530 4547
l 4548 4547
l 4549 4548
l 4550 4549
l 4551 4550
l 4552 4551
l 4553 4552
l 4532 4553
l 4544 4554
l 4555 4554
l 4556 4555
l 4557 4556
l 4558 4557
l 4559 4558
l 4560 4559
l 4546 4560
l 4561 4562
l 4563 4561
l 4564 4563
l 4565 4564
l 4566 4565
l 4567 4566
l 4568 4567
l 4569 4568
l 4570 4569
l 4571 4570
l 4572 4571
l 4573 4572
l 4574 4573
l 4575 4574
l 4576 4575
l 4577 4578
l 4562 4577
l 4576 4579
l 4580 4579
l 4578 4581
l 4580 4582
l 4581 4583
l 4582 4584
l 4583 4585
l 4586 4585
l 4587 4588
l 4584 4587
l 4586 4589
l 4588 4590
l 4591 4592
l 4593 4591
l 4594 4593
l 4595 4594
l 4589 4596
l 4590 4597
l 4598 4599
l 4600 4598
l 4601 4600
l 4602 4601
l 4603 4604
l 4592 4603
l 4595 4605
l 4596 4606
l 4597 4607
l 4599 4608
l 4602 4609
l 4610 4609
l 4611 4612
l 4604 4611
l 4605 4613
l 4614 4613
l 4606 4615
l 4607 4616
l 4617 4618
l 4608 4617
l 4610 4619
l 4620 4619
l 4621 4622
l 4612 4621
l 4614 4623
l 4624 4623
l 4615 4625
l 4616 4626
l 4627 4628
l 4618 4627
l 4620 4629
l 4630 4629
l 4631 4632
l 4622 4631
l 4624 4633
l 4625 4634
l 4635 4634
l 4636 4637
l 4626 4636
l 4628 4638
l 4630 4639
l 4640 4639
l 4641 4642
l 4632 4641
l 4633 4643
l 4644 4643
l 4635 4645
l 4637 4646
l 4647 4648
l 4638 4647
l 4640 4649
l 4650 4649
l 4651 4652
l 4642 4651
l 4644 4653
l 4654 4653
l 4645 4655
l 4646 4656
l 4657 4658
l 4648 4657
l 4650 4659
l 4660 4659
l 4661 4662
l 4652 4661
l 4654 4663
l 4655 4664
l 4656 4665
l 4658 4666
l 4660 4667
l 4668 4667
l 4669 4670
l 4662 4669
l 4663 4671
l 4664 4672
l 4665 4673
l 4666 4674
l 4668 4675
l 4676 4675
l 4670 4677
l 4671 4678
l 4679 4678
l 4680 4681
l 4672 4680
l 4673 4682
l 4683 4682
l 4684 4685
l 4674 4684
l 4676 4686
l 4687 4688
l 4677 4687
l 4679 4689
l 4681 4690
l 4683 4691
l 4685 4692
l 4686 4693
l 4694 4693
l 4695 4696
l 4688 4695
l 4689 4697
l 4690 4698
l 4691 4699
l 4692 4700
l 4694 4701
l 4702 4701
l 4703 4704
l 4696 4703
l 4697 4705
l 4698 4706
l 4699 4707
l 4700 4708
l 4702 4709
l 4710 4709
l 4711 4712
l 4704 4711
l 4705 4713
l 4714 4713
l 4706 4714
l 4707 4715
l 4716 4715
l 4708 4716
l 4710 4717
l 4718 4717
l 4719 4720
l 4712 4719
l 4718 4721
l 4722 4721
l 4723 4724
l 4720 4723
l 4722 4725
l 4726 4725
l 4727 4728
l 4724 4727
l 4729 4730
l 4731 4729
l 4732 4731
l 4733 4732
l 4734 4733
l 4735 4736
l 4737 4735
l 4738 4737
l 4739 4738
l 4740 4739
l 4726 4741
l 4742 4741
l 4743 4744
l 4728 4743
l 4745 4746
l 4730 4745
l 4734 4747
l 4748 4747
l 4749 4748
l 4750 4751
l 4752 4750
l 4736 4752
l 4740 4753
l 4754 4753
l 4742 4755
l 4756 4755
l 4744 4757
l 4758 4759
l 4746 4758
l 4749 4760
l 4761 4760
l 4751 4761
l 4754 4762
l 4763 4762
l 4756 4764
l 4757 4765
l 4766 4767
l 4768 4766
l 4759 4768
l 4763 4769
l 4770 4769
l 4771 4770
l 4764 4772
l 4765 4773
l 4774 4775
l 4776 4774
l 4777 4776
l 4778 4777
l 4767 4778
l 4771 4779
l 4780 4779
l 4781 4780
l 4782 4781
l 4783 4782
l 4772 4784
l 4773 4785
l 4786 4787
l 4788 4786
l 4789 4788
l 4790 4789
l 4791 4790
l 4775 4791
l 4783 4792
l 4793 4792
l 4794 4793
l 4795 4794
l 4796 4795
l 4797 4796
l 4784 4798
l 4785 4799
l 4800 4799
l 4801 4802
l 4803 4801
l 4804 4803
l 4805 4804
l 4806 4805
l 4807 4806
l 4808 4807
l 4787 4808
l 4797 4809
l 4810 4809
l 4811 4810
l 4812 4811
l 4813 4812
l 4814 4813
l 4815 4814
l 4816 4815
l 4817 4818
l 4798 4817
l 4800 4819
l 4820 4819
l 4821 4820
l 4822 4821
l 4823 4822
l 4802 4823
l 4816 4824
l 4825 4824
l 4826 4825
l 4827 4826
l 4828 4827
l 4818 4828
l 4829 4830
l 4831 4829
l 4832 4831
l 4833 4832
l 4834 4833
l 4835 4834
l 4836 4835
l 4837 4836
l 4838 4837
l 4839 4838
l 4840 4839
l 4841 4840
l 4842 4841
l 4843 4842
l 4844 4843
l 4830 4845
l 4844 4846
l 4847 4848
l 4845 4847
l 4846 4849
l 4850 4849
l 4848 4851
l 4852 4851
l 4853 4854
l 4850 4853
l 4852 4855
l 4854 4856
l 4855 4857
l 4856 4858
l 4859 4860
l 4861 4859
l 4862 4861
l 4857 4863
l 4858 4864
l 4865 4866
l 4867 4865
l 4868 4867
l 4869 4870
l 4860 4869
l 4862 4871
l 4872 4871
l 4863 4873
l 4864 4874
l 4875 4876
l 4866 4875
l 4868 4877
l 4878 4877
l 4879 4880
l 4870 4879
l 4872 4881
l 4882 4881
l 4873 4883
l 4874 4884
l 4885 4886
l 4876 4885
l 4878 4887
l 4888 4887
l 4889 4890
l 4880 4889
l 4882 4891
l 4883 4892
l 4884 4893
l 4886 4894
l 4888 4895
l 4896 4895
l 4897 4898
l 4890 4897
l 4891 4899
l 4900 4899
l 4892 4901
l 4902 4901
l 4903 4904
l 4893 4903
l 4905 4906
l 4894 4905
l 4896 4907
l 4908 4907
l 4909 4910
l 4898 4909
l 4900 4911
l 4912 4911
l 4902 4913
l 4904 4914
l 4915 4916
l 4906 4915
l 4908 4917
l 4918 4917
l 4910 4919
l 4912 4920
l 4921 4920
l 4913 4922
l 4914 4923
l 4924 4925
l 4916 4924
l 4918 4926
l 4927 4928
l 4919 4927
l 4921 4929
l 4922 4930
l 4923 4931
l 4925 4932
l 4926 4933
l 4934 4933
l 4935 4936
l 4928 4935
l 4929 4937
l 4938 4939
l 4930 4938
l 4931 4940
l 4941 4940
l 4932 4942
l 4934 4943
l 4944 4943
l 4945 4946
l 4936 4945
l 4937 4947
l 4939 4948
l 4941 4949
l 4942 4950
l 4944 4951
l 4952 4951
l 4953 4954
l 4946 4953
l 4947 4955
l 4956 4955
l 4948 4957
l 4949 4958
l 4959 4960
l 4950 4959
l 4952 4961
l 4962 4961
l 4963 4964
l 4954 4963
l 4956 4965
l 4957 4966
l 4958 4967
l 4960 4968
l 4962 4969
l 4970 4969
l 4971 4972
l 4964 4971
l 4965 4973
l 4966 4974
l 4967 4975
l 4968 4976
l 4970 4977
l 4978 4977
l 4979 4980
l 4972 4979
l 4973 4981
l 4982 4981
l 4974 4982
l 4975 4983
l 4984 4983
l 4976 4984
l 4978 4985
l 4986 4985
l 4987 4988
l 4980 4987
l 4986 4989
l 4990 4989
l 4991 4992
l 4988 4991
l 4990 4993
l 4994 4993
l 4995 4996
l 4992 4995
l 4997 4998
l 4999 4997
l 5000 4999
l 5001 5000
l 5002 5001
l 5003 5002
l 5004 5005
l 5006 5004
l 5007 5006
l 5008 5007
l 5009 5008
l 5010 5009
l 4994 5011
l 5012 5011
l 4996 5013
l 4998 5014
l 5003 5015
l 5016 5015
l 5017 5016
l 5018 5019
l 5020 5018
l 5005 5020
l 5010 5021
l 5012 5022
l 5023 5024
l 5013 5023
l 5025 5026
l 5014 5025
l 5017 5027
l 5028 5027
l 5019 5028
l 5021 5029
l 5030 5029
l 5022 5031
l 5032 5031
l 5024 5033
l 5034 5035
l 5036 5034
l 5026 5036
l 5030 5037
l 5038 5037
l 5039 5038
l 5032 5040
l 5033 5041
l 5042 5043
l 5044 5042
l 5045 5044
l 5046 5045
l 5047 5046
l 5035 5047
l 5039 5048
l 5049 5048
l 5050 5049
l 5051 5050
l 5052 5051
l 5053 5052
l 5040 5054
l 5041 5055
l 5056 5057
l 5058 5056
l 5059 5058
l 5060 5059
l 5043 5060
l 5053 5061
l 5062 5061
l 5063 5062
l 5064 5063
l 5065 5064
l 5054 5066
l 5055 5067
l 5068 5067
l 5069 5068
l 5070 5069
l 5071 5070
l 5072 5071
l 5073 5072
l 5074 5073
l 5075 5074
l 5076 5075
l 5077 5076
l 5078 5077
l 5079 5078
l 5057 5079
l 5065 5080
l 5081 5080
l 5082 5081
l 5083 5082
l 5084 5083
l 5085 5084
l 5086 5085
l 5087 5086
l 5088 5087
l 5089 5088
l 5090 5089
l 5091 5090
l 5092 5091
l 5066 5092
l 5093 5094
l 5095 5093
l 5096 5095
l 5097 5096
l 5098 5097
l 5099 5098
l 5100 5099
l 5101 5100
l 5102 5101
l 5103 5102
l 5104 5103
l 5105 5104
l 5106 5105
l 5107 5108
l 5094 5107
l 5106 5109
l 5110 5109
l 5108 5111
l 5110 5112
l 5111 5113
l 5112 5114
l 5113 5115
l 5114 5116
l 5115 5117
l 5116 5118
l 5117 5119
l 5118 5120
l 5121 5122
l 5123 5121
l 5124 5123
l 5125 5124
l 5126 5125
l 5119 5127
l 5120 5128
l 5129 5130
l 5131 5129
l 5132 5131
l 5133 5132
l 5134 5133
l 5135 5136
l 5122 5135
l 5126 5137
l 5127 5138
l 5128 5139
l 5130 5140
l 5134 5141
l 5142 5141
l 5143 5144
l 5136 5143
l 5137 5145
l 5146 5145
l 5138 5147
l 5148 5147
l 5149 5150
l 5139 5149
l 5151 5152
l 5140 5151
l 5142 5153
l 5154 5153
l 5144 5155
l 5146 5156
l 5157 5156
l 5148 5158
l 5150 5159
l 5160 5161
l 5152 5160
l 5154 5162
l 5163 5164
l 5155 5163
l 5157 5165
l 5166 5165
l 5158 5167
l 5159 5168
l 5169 5170
l 5161 5169
l 5162 5171
l 5172 5171
l 5173 5174
l 5164 5173
l 5166 5175
l 5176 5175
l 5167 5177
l 5168 5178
l 5179 5180
l 5170 5179
l 5172 5181
l 5182 5181
l 5183 5184
l 5174 5183
l 5176 5185
l 5177 5186
l 5178 5187
l 5180 5188
l 5182 5189
l 5190 5189
l 5191 5192
l 5184 5191
l 5185 5193
l 5194 5195
l 5186 5194
l 5187 5196
l 5197 5196
l 5188 5198
l 5190 5199
l 5200 5199
l 5201 5202
l 5192 5201
l 5193 5203
l 5195 5204
l 5197 5205
l 5198 5206
l 5200 5207
l 5208 5207
l 5209 5210
l 5202 5209
l 5203 5211
l 5212 5211
l 5204 5213
l 5205 5214
l 5215 5216
l 5206 5215
l 5208 5217
l 5218 5217
l 5219 5220
l 5210 5219
l 5212 5221
l 5213 5222
l 5214 5223
l 5216 5224
l 5218 5225
l 5226 5225
l 5227 5228
l 5220 5227
l 5221 5229
l 5222 5230
l 5223 5231
l 5224 5232
l 5226 5233
l 5234 5233
l 5235 5236
l 5228 5235
l 5229 5237
l 5238 5237
l 5230 5238
l 5231 5239
l 5240 5239
l 5232 5240
l 5234 5241
l 5242 5241
l 5236 5243
l 5242 5244
l 5245 5246
l 5243 5245
l 5244 5247
l 5248 5247
l 5249 5250
l 5246 5249
l 5251 5252
l 5253 5251
l 5254 5253
l 5255 5254
l 5256 5255
l 5257 5256
l 5258 5259
l 5260 5258
l 5261 5260
l 5262 5261
l 5263 5262
l 5264 5263
l 5248 5265
l 5266 5265
l 5267 5268
l 5250 5267
l 5252 5269
l 5257 5270
l 5271 5270
l 5272 5271
l 5273 5274
l 5275 5273
l 5259 5275
l 5264 5276
l 5266 5277
l 5278 5277
l 5279 5280
l 5268 5279
l 5281 5282
l 5269 5281
l 5272 5283
l 5284 5283
l 5274 5284
l 5276 5285
l 5286 5285
l 5278 5287
l 5288 5287
l 5280 5289
l 5290 5291
l 5292 5290
l 5293 5292
l 5282 5293
l 5286 5294
l 5295 5294
l 5296 5295
l 5297 5296
l 5288 5298
l 5289 5299
l 5300 5301
l 5302 5300
l 5303 5302
l 5304 5303
l 5291 5304
l 5297 5305
l 5306 5305
l 5307 5306
l 5308 5307
l 5309 5308
l 5298 5310
l 5299 5311
l 5312 5311
l 5313 5314
l 5315 5313
l 5316 5315
l 5317 5316
l 5318 5317
l 5301 5318
l 5309 5319
l 5320 5319
l 5321 5320
l 5322 5321
l 5323 5322
l 5324 5323
l 5325 5326
l 5310 5325
l 5312 5327
l 5328 5327
l 5329 5328
l 5330 5329
l 5331 5330
l 5332 5331
l 5333 5332
l 5334 5333
l 5335 5334
l 5336 5335
l 5337 5336
l 5314 5337
l 5324 5338
l 5339 5338
l 5340 5339
l 5341 5340
l 5342 5341
l 5343 5342
l 5344 5343
l 5345 5344
l 5346 5345
l 5347 5346
l 5348 5347
l 5326 5348
l 5349 5350
l 5351 5349
l 5352 5351
l 5353 5352
l 5354 5353
l 5355 5354
l 5356 5355
l 5357 5356
l 5358 5357
l 5359 5360
l 5361 5359
l 5362 5361
l 5350 5362
l 5358 5363
l 5364 5363
l 5365 5364
l 5366 5365
l 5360 5367
l 5366 5368
l 5367 5369
l 5368 5370
l 5369 5371
l 5370 5372
l 5371 5373
l 5372 5374
l 5373 5375
l 5374 5376
l 5377 5378
l 5379 5377
l 5380 5379
l 5375 5381
l 5376 5382
l 5383 5384
l 5385 5383
l 5386 5385
l 5387 5388
l 5378 5387
l 5380 5389
l 5390 5389
l 5381 5391
l 5382 5392
l 5393 5394
l 5384 5393
l 5386 5395
l 5396 5395
l 5397 5398
l 5388 5397
l 5390 5399
l 5400 5399
l 5391 5401
l 5402 5401
l 5403 5404
l 5392 5403
l 5405 5406
l 5394 5405
l 5396 5407
l 5408 5407
l 5409 5410
l 5398 5409
l 5400 5411
l 5412 5411
l 5402 5413
l 5404 5414
l 5415 5416
l 5406 5415
l 5408 5417
l 5418 5417
l 5419 5420
l 5410 5419
l 5412 5421
l 5422 5421
l 5413 5423
l 5414 5424
l 5425 5426
l 5416 5425
l 5418 5427
l 5428 5427
l 5429 5430
l 5420 5429
l 5422 5431
l 5432 5431
l 5423 5433
l 5424 5434
l 5435 5436
l 5426 5435
l 5428 5437
l 5438 5437
l 5439 5440
l 5430 5439
l 5432 5441
l 5433 5442
l 5434 5443
l 5436 5444
l 5438 5445
l 5446 5445
l 5447 5448
l 5440 5447
l 5441 5449
l 5450 5451
l 5442 5450
l 5443 5452
l 5453 5452
l 5444 5454
l 5446 5455
l 5456 5455
l 5448 5457
l 5449 5458
l 5451 5459
l 5453 5460
l 5454 5461
l 5456 5462
l 5463 5464
l 5457 5463
l 5458 5465
l 5466 5465
l 5459 5467
l 5460 5468
l 5469 5470
l 5461 5469
l 5462 5471
l 5472 5471
l 5473 5474
l 5464 5473
l 5466 5475
l 5467 5476
l 5468 5477
l 5470 5478
l 5472 5479
l 5480 5479
l 5481 5482
l 5474 5481
l 5475 5483
l 5484 5485
l 5476 5484
l 5477 5486
l 5487 5486
l 5478 5488
l 5480 5489
l 5490 5489
l 5491 5492
l 5482 5491
l 5483 5493
l 5485 5493
l 5487 5494
l 5488 5494
l 5490 5495
l 5496 5495
l 5497 5498
l 5492 5497
l 5496 5499
l 5500 5499
l 5501 5502
l 5498 5501
l 5500 5503
l 5504 5503
l 5505 5506
l 5502 5505
l 5507 5508
l 5509 5507
l 5510 5509
l 5511 5510
l 5512 5511
l 5513 5512
l 5514 5515
l 5516 5514
l 5517 5516
l 5518 5517
l 5519 5518
l 5520 5519
l 5504 5521
l 5522 5521
l 5523 5524
l 5506 5523
l 5525 5526
l 5508 5525
l 5513 5527
l 5528 5527
l 5529 5528
l 5530 5529
l 5531 5530
l 5532 5531
l 5515 5532
l 5520 5533
l 5534 5533
l 5522 5535
l 5536 5535
l 5524 5537
l 5538 5539
l 5526 5538
l 5534 5540
l 5541 5540
l 5536 5542
l 5537 5543
l 5544 5545
l 5546 5544
l 5547 5546
l 5539 5547
l 5541 5548
l 5549 5548
l 5550 5549
l 5551 5550
l 5542 5552
l 5543 5553
l 5554 5555
l 5556 5554
l 5557 5556
l 5558 5557
l 5545 5558
l 5551 5559
l 5560 5559
l 5561 5560
l 5562 5561
l 5563 5562
l 5552 5564
l 5553 5565
l 5566 5565
l 5567 5568
l 5569 5567
l 5570 5569
l 5571 5570
l 5572 5571
l 5555 5572
l 5563 5573
l 5574 5573
l 5575 5574
l 5576 5575
l 5577 5576
l 5578 5577
l 5579 5580
l 5564 5579
l 5566 5581
l 5582 5581
l 5583 5582
l 5584 5583
l 5585 5584
l 5586 5585
l 5587 5586
l 5588 5587
l 5589 5588
l 5568 5589
l 5578 5590
l 5591 5590
l 5592 5591
l 5593 5592
l 5594 5593
l 5595 5594
l 5596 5595
l 5597 5596
l 5598 5597
l 5580 5598
l 5599 5600
l 5601 5599
l 5602 5601
l 5603 5602
l 5604 5603
l 5605 5604
l 5606 5605
l 5607 5606
l 5608 5607
l 5609 5608
l 5610 5609
l 5611 5610
l 5612 5611
l 5613 5614
l 5600 5613
l 5612 5615
l 5616 5615
l 5614 5617
l 5616 5618
l 5617 5619
l 5618 5620
l 5619 5621
l 5620 5622
l 5621 5623
l 5622 5624
l 5623 5625
l 5626 5625
l 5627 5628
l 5624 5627
l 5629 5630
l 5631 5629
l 5632 5631
l 5633 5632
l 5634 5633
l 5626 5635
l 5628 5636
l 5637 5638
l 5639 5637
l 5640 5639
l 5641 5640
l 5642 5641
l 5643 5644
l 5630 5643
l 5634 5645
l 5635 5646
l 5636 5647
l 5638 5648
l 5642 5649
l 5650 5649
l 5651 5652
l 5644 5651
l 5645 5653
l 5654 5653
l 5655 5654
l 5646 5656
l 5647 5657
l 5658 5659
l 5660 5658
l 5648 5660
l 5650 5661
l 5662 5661
l 5663 5664
l 5652 5663
l 5655 5665
l 5666 5665
l 5656 5667
l 5657 5668
l 5669 5670
l 5659 5669
l 5662 5671
l 5672 5671
l 5664 5673
l 5666 5674
l 5675 5674
l 5667 5676
l 5668 5677
l 5678 5679
l 5670 5678
l 5672 5680
l 5681 5682
l 5673 5681
l 5675 5683
l 5684 5685
l 5676 5684
l 5677 5686
l 5687 5686
l 5679 5688
l 5680 5689
l 5690 5689
l 5691 5692
l 5682 5691
l 5683 5693
l 5685 5694
l 5687 5695
l 5688 5696
l 5690 5697
l 5698 5697
l 5699 5700
l 5692 5699
l 5693 5701
l 5694 5702
l 5695 5703
l 5696 5704
l 5698 5705
l 5706 5705
l 5707 5708
l 5700 5707
l 5701 5709
l 5702 5710
l 5703 5711
l 5704 5712
l 5706 5713
l 5714 5713
l 5715 5716
l 5708 5715
l 5709 5717
l 5718 5717
l 5710 5719
l 5711 5720
l 5721 5722
l 5712 5721
l 5714 5723
l 5724 5723
l 5725 5726
l 5716 5725
l 5718 5727
l 5728 5729
l 5719 5728
l 5720 5730
l 5731 5730
l 5722 5732
l 5724 5733
l 5734 5733
l 5735 5736
l 5726 5735
l 5727 5737
l 5729 5738
l 5731 5739
l 5732 5740
l 5734 5741
l 5742 5741
l 5743 5744
l 5736 5743
l 5737 5745
l 5738 5745
l 5739 5746
l 5740 5746
l 5742 5747
l 5748 5747
l 5749 5750
l 5744 5749
l 5748 5751
l 5752 5751
l 5750 5753
l 5754 5755
l 5756 5754
l 5757 5756
l 5758 5757
l 5759 5758
l 5760 5761
l 5762 5760
l 5763 5762
l 5764 5763
l 5765 5764
l 5752 5766
l 5767 5768
l 5753 5767
l 5769 5770
l 5755 5769
l 5759 5771
l 5772 5771
l 5773 5772
l 5774 5773
l 5775 5774
l 5776 5775
l 5777 5776
l 5778 5777
l 5761 5778
l 5765 5779
l 5780 5779
l 5766 5781
l 5782 5781
l 5783 5784
l 5768 5783
l 5785 5786
l 5770 5785
l 5780 5787
l 5788 5787
l 5782 5789
l 5790 5789
l 5784 5791
l 5792 5793
l 5794 5792
l 5795 5794
l 5786 5795
l 5788 5796
l 5797 5796
l 5798 5797
l 5799 5798
l 5790 5800
l 5791 5801
l 5802 5803
l 5804 5802
l 5805 5804
l 5806 5805
l 5807 5806
l 5793 5807
l 5799 5808
l 5809 5808
l 5810 5809
l 5811 5810
l 5812 5811
l 5813 5812
l 5800 5814
l 5801 5815
l 5816 5815
l 5817 5816
l 5818 5819
l 5820 5818
l 5821 5820
l 5822 5821
l 5823 5822
l 5803 5823
l 5813 5824
l 5825 5824
l 5826 5825
l 5827 5826
l 5828 5827
l 5829 5828
l 5830 5831
l 5832 5830
l 5814 5832
l 5817 5833
l 5834 5833
l 5835 5834
l 5836 5835
l 5837 5836
l 5838 5837
l 5839 5838
l 5819 5839
l 5829 5840
l 5841 5840
l 5842 5841
l 5843 5842
l 5844 5843
l 5845 5844
l 5846 5845
l 5831 5846
l 5847 5848
l 5849 5847
l 5850 5849
l 5851 5850
l 5852 5851
l 5853 5852
l 5854 5853
l 5855 5854
l 5856 5855
l 5857 5856
l 5858 5857
l 5859 5858
l 5860 5859
l 5848 5861
l 5860 5862
l 5863 5864
l 5861 5863
l 5862 5865
l 5866 5865
l 5864 5867
l 5866 5868
l 5867 5869
l 5868 5870
l 5869 5871
l 5872 5871
l 5873 5874
l 5870 5873
l 5872 5875
l 5874 5876
l 5877 5878
l 5879 5877
l 5880 5879
l 5875 5881
l 5876 5882
l 5883 5884
l 5885 5883
l 5886 5885
l 5887 5888
l 5878 5887
l 5880 5889
l 5890 5889
l 5881 5891
l 5882 5892
l 5893 5894
l 5884 5893
l 5886 5895
l 5896 5895
l 5897 5898
l 5888 5897
l 5890 5899
l 5900 5899
l 5891 5901
l 5892 5902
l 5903 5904
l 5894 5903
l 5896 5905
l 5906 5905
l 5907 5908
l 5898 5907
l 5900 5909
l 5910 5909
l 5911 5910
l 5901 5912
l 5902 5913
l 5914 5915
l 5916 5914
l 5904 5916
l 5906 5917
l 5918 5917
l 5919 5920
l 5908 5919
l 5911 5921
l 5922 5921
l 5912 5923
l 5913 5924
l 5925 5926
l 5915 5925
l 5918 5927
l 5928 5927
l 5929 5930
l 5920 5929
l 5922 5931
l 5932 5933
l 5923 5932
l 5924 5934
l 5935 5934
l 5926 5936
l 5928 5937
l 5938 5937
l 5939 5940
l 5930 5939
l 5931 5941
l 5933 5942
l 5935 5943
l 5936 5944
l 5938 5945
l 5946 5945
l 5947 5948
l 5940 5947
l 5941 5949
l 5942 5950
l 5943 5951
l 5944 5952
l 5946 5953
l 5954 5953
l 5955 5956
l 5948 5955
l 5949 5957
l 5950 5958
l 5951 5959
l 5952 5960
l 5954 5961
l 5962 5961
l 5963 5964
l 5956 5963
l 5957 5965
l 5966 5965
l 5958 5967
l 5959 5968
l 5969 5970
l 5960 5969
l 5962 5971
l 5972 5971
l 5964 5973
l 5966 5974
l 5975 5976
l 5967 5975
l 5968 5977
l 5978 5977
l 5970 5979
l 5972 5980
l 5981 5982
l 5973 5981
l 5974 5983
l 5976 5984
l 5978 5985
l 5979 5986
l 5980 5987
l 5988 5987
l 5989 5990
l 5982 5989
l 5983 5991
l 5984 5991
l 5985 5992
l 5986 5992
l 5988 5993
l 5994 5993
l 5995 5996
l 5990 5995
l 5994 5997
l 5998 5997
l 5999 6000
l 5996 5999
l 6001 6002
l 6003 6001
l 6004 6003
l 6005 6004
l 6006 6005
l 6007 6006
l 6008 6009
l 6010 6008
l 6011 6010
l 6012 6011
l 6013 6012
l 6014 6013
l 5998 6015
l 6016 6015
l 6017 6018
l 6000 6017
l 6002 6019
l 6007 6020
l 6021 6020
l 6022 6021
l 6023 6022
l 6024 6023
l 6025 6024
l 6026 6025
l 6027 6026
l 6009 6027
l 6014 6028
l 6016 6029
l 6030 6029
l 6018 6031
l 6032 6033
l 6034 6032
l 6019 6034
l 6028 6035
l 6036 6035
l 6037 6036
l 6030 6038
l 6031 6039
l 6040 6041
l 6042 6040
l 6043 6042
l 6033 6043
l 6037 6044
l 6045 6044
l 6046 6045
l 6047 6046
l 6038 6048
l 6039 6049
l 6050 6051
l 6052 6050
l 6053 6052
l 6054 6053
l 6041 6054
l 6047 6055
l 6056 6055
l 6057 6056
l 6058 6057
l 6059 6058
l 6048 6060
l 6049 6061
l 6062 6061
l 6063 6062
l 6064 6063
l 6065 6064
l 6066 6065
l 6067 6066
l 6068 6067
l 6069 6068
l 6070 6069
l 6071 6070
l 6072 6071
l 6073 6072
l 6051 6073
l 6059 6074
l 6075 6074
l 6076 6075
l 6077 6076
l 6078 6077
l 6079 6078
l 6080 6079
l 6081 6080
l 6082 6081
l 6083 6082
l 6084 6083
l 6085 6084
l 6086 6085
l 6060 6086
l 6087 6088
l 6089 6087
l 6090 6089
l 6091 6090
l 6092 6091
l 6093 6092
l 6094 6093
l 6095 6094
l 6096 6095
l 6097 6096
l 6098 6097
l 6099 6100
l 6088 6099
l 6098 6101
l 6102 6101
l 6100 6103
l 6102 6104
l 6103 6105
l 6104 6106
l 6105 6107
l 6106 6108
l 6107 6109
l 6108 6110
l 6109 6111
l 6110 6112
l 6111 6113
l 6112 6114
l 6115 6116
l 6117 6115
l 6118 6117
l 6119 6118
l 6113 6120
l 6114 6121
l 6122 6123
l 6124 6122
l 6125 6124
l 6126 6125
l 6127 6128
l 6116 6127
l 6119 6129
l 6130 6129
l 6120 6131
l 6121 6132
l 6133 6134
l 6123 6133
l 6126 6135
l 6136 6135
l 6137 6138
l 6128 6137
l 6130 6139
l 6140 6139
l 6141 6140
l 6142 6141
l 6131 6143
l 6132 6144
l 6145 6146
l 6147 6145
l 6148 6147
l 6134 6148
l 6136 6149
l 6150 6149
l 6151 6152
l 6138 6151
l 6142 6153
l 6154 6153
l 6143 6155
l 6144 6156
l 6157 6158
l 6146 6157
l 6150 6159
l 6160 6159
l 6161 6162
l 6152 6161
l 6154 6163
l 6164 6165
l 6155 6164
l 6156 6166
l 6167 6166
l 6158 6168
l 6160 6169
l 6170 6169
l 6162 6171
l 6163 6172
l 6165 6173
l 6167 6174
l 6168 6175
l 6170 6176
l 6177 6178
l 6171 6177
l 6172 6179
l 6173 6180
l 6174 6181
l 6175 6182
l 6176 6183
l 6184 6183
l 6185 6186
l 6178 6185
l 6179 6187
l 6180 6188
l 6181 6189
l 6182 6190
l 6184 6191
l 6192 6191
l 6193 6194
l 6186 6193
l 6187 6195
l 6188 6196
l 6189 6197
l 6190 6198
l 6192 6199
l 6200 6199
l 6201 6202
l 6194 6201
l 6195 6203
l 6204 6203
l 6205 6206
l 6196 6205
l 6197 6207
l 6208 6207
l 6209 6210
l 6198 6209
l 6200 6211
l 6212 6211
l 6213 6214
l 6202 6213
l 6204 6215
l 6206 6216
l 6208 6217
l 6210 6218
l 6212 6219
l 6220 6219
l 6221 6222
l 6214 6221
l 6215 6223
l 6216 6223
l 6217 6224
l 6218 6224
l 6220 6225
l 6226 6225
l 6227 6228
l 6222 6227
l 6226 6229
l 6230 6229
l 6231 6232
l 6228 6231
l 6233 6234
l 6235 6233
l 6236 6235
l 6237 6236
l 6238 6237
l 6239 6238
l 6240 6241
l 6242 6240
l 6243 6242
l 6244 6243
l 6245 6244
l 6246 6245
l 6230 6247
l 6248 6247
l 6232 6249
l 6250 6251
l 6234 6250
l 6239 6252
l 6253 6252
l 6254 6253
l 6255 6254
l 6256 6255
l 6257 6256
l 6258 6257
l 6259 6258
l 6241 6259
l 6246 6260
l 6261 6260
l 6248 6262
l 6263 6264
l 6249 6263
l 6265 6266
l 6251 6265
l 6261 6267
l 6268 6267
l 6262 6269
l 6270 6269
l 6264 6271
l 6272 6273
l 6274 6272
l 6275 6274
l 6276 6275
l 6266 6276
l 6268 6277
l 6278 6277
l 6279 6278
l 6280 6279
l 6281 6280
l 6270 6282
l 6271 6283
l 6284 6283
l 6285 6286
l 6287 6285
l 6288 6287
l 6289 6288
l 6273 6289
l 6281 6290
l 6291 6290
l 6292 6291
l 6293 6292
l 6294 6293
l 6295 6296
l 6282 6295
l 6284 6297
l 6298 6297
l 6299 6298
l 6300 6299
l 6301 6300
l 6302 6301
l 6303 6302
l 6304 6303
l 6305 6304
l 6306 6305
l 6307 6306
l 6286 6307
l 6294 6308
l 6309 6308
l 6310 6309
l 6311 6310
l 6312 6311
l 6313 6312
l 6314 6313
l 6315 6314
l 6316 6315
l 6317 6316
l 6318 6317
l 6296 6318
l 6319 6320
l 6321 6319
l 6322 6321
l 6323 6322
l 6324 6323
l 6325 6324
l 6326 6325
l 6327 6328
l 6329 6327
l 6330 6329
l 6320 6330
l 6326 6331
l 6332 6331
l 6333 6332
l 6334 6333
l 6328 6335
l 6334 6336
l 6335 6337
l 6336 6338
l 6337 6339
l 6338 6340
l 6339 6341
l 6340 6342
l 6341 6343
l 6342 6344
l 6343 6345
l 6344 6346
l 6345 6347
l 6346 6348
l 6349 6350
l 6351 6349
l 6352 6351
l 6353 6352
l 6354 6353
l 6347 6355
l 6348 6356
l 6357 6358
l 6359 6357
l 6360 6359
l 6361 6360
l 6362 6361
l 6363 6364
l 6350 6363
l 6354 6365
l 6366 6365
l 6367 6366
l 6368 6367
l 6355 6369
l 6356 6370
l 6371 6372
l 6373 6371
l 6374 6373
l 6358 6374
l 6362 6375
l 6376 6375
l 6377 6378
l 6364 6377
l 6368 6379
l 6380 6379
l 6369 6381
l 6370 6382
l 6383 6384
l 6372 6383
l 6376 6385
l 6386 6385
l 6387 6388
l 6378 6387
l 6380 6389
l 6390 6391
l 6381 6390
l 6382 6392
l 6393 6392
l 6384 6394
l 6386 6395
l 6396 6395
l 6397 6398
l 6388 6397
l 6389 6399
l 6391 6400
l 6393 6401
l 6394 6402
l 6396 6403
l 6404 6403
l 6405 6406
l 6398 6405
l 6399 6407
l 6400 6408
l 6401 6409
l 6402 6410
l 6404 6411
l 6412 6411
l 6413 6414
l 6406 6413
l 6407 6415
l 6408 6416
l 6409 6417
l 6410 6418
l 6412 6419
l 6420 6419
l 6421 6422
l 6414 6421
l 6415 6423
l 6416 6424
l 6417 6425
l 6418 6426
l 6420 6427
l 6428 6427
l 6429 6430
l 6422 6429
l 6423 6431
l 6432 6433
l 6424 6432
l 6425 6434
l 6435 6434
l 6426 6436
l 6428 6437
l 6438 6437
l 6439 6440
l 6430 6439
l 6431 6441
l 6442 6441
l 6433 6443
l 6435 6444
l 6445 6446
l 6436 6445
l 6438 6447
l 6448 6447
l 6440 6449
l 6442 6450
l 6443 6451
l 6444 6452
l 6446 6453
l 6448 6454
l 6455 6456
l 6449 6455
l 6450 6457
l 6451 6458
l 6452 6459
l 6453 6460
l 6454 6461
l 6462 6461
l 6463 6464
l 6456 6463
l 6457 6465
l 6458 6466
l 6467 6466
l 6468 6467
l 6469 6468
l 6470 6469
l 6471 6472
l 6473 6471
l 6474 6473
l 6475 6474
l 6459 6475
l 6460 6476
l 6462 6477
l 6478 6477
l 6479 6480
l 6464 6479
l 6481 6482
l 6465 6481
l 6470 6483
l 6484 6483
l 6485 6484
l 6486 6485
l 6487 6486
l 6488 6487
l 6489 6488
l 6490 6489
l 6472 6490
l 6476 6491
l 6492 6491
l 6478 6493
l 6494 6493
l 6480 6495
l 6496 6497
l 6498 6496
l 6482 6498
l 6492 6499
l 6500 6499
l 6501 6500
l 6494 6502
l 6495 6503
l 6504 6505
l 6506 6504
l 6507 6506
l 6497 6507
l 6501 6508
l 6509 6508
l 6510 6509
l 6511 6510
l 6502 6512
l 6503 6513
l 6514 6513
l 6515 6514
l 6516 6517
l 6518 6516
l 6519 6518
l 6520 6519
l 6505 6520
l 6511 6521
l 6522 6521
l 6523 6522
l 6524 6523
l 6525 6524
l 6526 6527
l 6528 6526
l 6512 6528
l 6515 6529
l 6530 6529
l 6531 6530
l 6532 6531
l 6533 6532
l 6534 6533
l 6535 6534
l 6536 6535
l 6537 6536
l 6517 6537
l 6525 6538
l 6539 6538
l 6540 6539
l 6541 6540
l 6542 6541
l 6543 6542
l 6544 6543
l 6545 6544
l 6546 6545
l 6527 6546
l 6547 6548
l 6549 6547
l 6550 6549
l 6551 6550
l 6552 6551
l 6553 6552
l 6554 6553
l 6555 6554
l 6556 6555
l 6557 6556
l 6558 6557
l 6559 6560
l 6548 6559
l 6558 6561
l 6562 6561
l 6560 6563
l 6562 6564
l 6563 6565
l 6564 6566
l 6565 6567
l 6566 6568
l 6567 6569
l 6568 6570
l 6569 6571
l 6570 6572
l 6571 6573
l 6572 6574
l 6575 6576
l 6577 6575
l 6578 6577
l 6573 6579
l 6574 6580
l 6581 6582
l 6583 6581
l 6584 6583
l 6585 6586
l 6587 6585
l 6576 6587
l 6578 6588
l 6589 6588
l 6590 6589
l 6591 6590
l 6592 6591
l 6579 6593
l 6580 6594
l 6595 6596
l 6597 6595
l 6598 6597
l 6599 6598
l 6582 6599
l 6584 6600
l 6601 6600
l 6602 6601
l 6603 6604
l 6586 6603
l 6592 6605
l 6606 6605
l 6593 6607
l 6594 6608
l 6609 6610
l 6596 6609
l 6602 6611
l 6612 6611
l 6613 6614
l 6604 6613
l 6606 6615
l 6616 6617
l 6607 6616
l 6608 6618
l 6619 6618
l 6610 6620
l 6612 6621
l 6622 6621
l 6623 6624
l 6614 6623
l 6615 6625
l 6617 6626
l 6619 6627
l 6620 6628
l 6622 6629
l 6630 6629
l 6631 6632
l 6624 6631
l 6625 6633
l 6626 6634
l 6627 6635
l 6628 6636
l 6630 6637
l 6638 6637
l 6639 6640
l 6632 6639
l 6633 6641
l 6634 6642
l 6635 6643
l 6636 6644
l 6638 6645
l 6646 6645
l 6640 6647
l 6641 6648
l 6642 6649
l 6643 6650
l 6644 6651
l 6646 6652
l 6653 6654
l 6647 6653
l 6648 6655
l 6656 6657
l 6649 6656
l 6650 6658
l 6659 6658
l 6651 6660
l 6652 6661
l 6662 6661
l 6663 6664
l 6654 6663
l 6655 6665
l 6657 6666
l 6659 6667
l 6660 6668
l 6662 6669
l 6670 6669
l 6671 6672
l 6664 6671
l 6665 6673
l 6674 6673
l 6666 6675
l 6667 6676
l 6677 6678
l 6668 6677
l 6670 6679
l 6680 6679
l 6681 6682
l 6672 6681
l 6674 6683
l 6675 6684
l 6676 6685
l 6678 6686
l 6680 6687
l 6688 6687
l 6682 6689
l 6690 6691
l 6683 6690
l 6684 6692
l 6693 6692
l 6694 6693
l 6695 6694
l 6696 6695
l 6697 6698
l 6699 6697
l 6700 6699
l 6701 6700
l 6685 6701
l 6686 6702
l 6703 6702
l 6688 6704
l 6705 6706
l 6689 6705
l 6691 6707
l 6696 6708
l 6709 6708
l 6710 6709
l 6711 6710
l 6712 6711
l 6713 6712
l 6714 6713
l 6715 6714
l 6698 6715
l 6703 6716
l 6704 6717
l 6718 6717
l 6706 6719
l 6720 6721
l 6722 6720
l 6707 6722
l 6716 6723
l 6724 6723
l 6725 6724
l 6718 6726
l 6719 6727
l 6728 6729
l 6730 6728
l 6731 6730
l 6732 6731
l 6721 6732
l 6725 6733
l 6734 6733
l 6735 6734
l 6736 6735
l 6737 6736
l 6726 6738
l 6727 6739
l 6740 6739
l 6741 6740
l 6742 6741
l 6743 6742
l 6744 6745
l 6746 6744
l 6747 6746
l 6748 6747
l 6729 6748
l 6737 6749
l 6750 6749
l 6751 6750
l 6752 6751
l 6753 6752
l 6754 6755
l 6756 6754
l 6757 6756
l 6758 6757
l 6738 6758
l 6743 6759
l 6760 6759
l 6761 6760
l 6762 6761
l 6763 6762
l 6745 6763
l 6753 6764
l 6765 6764
l 6766 6765
l 6767 6766
l 6768 6767
l 6755 6768
l 6769 6770
l 6771 6769
l 6772 6771
l 6773 6772
l 6774 6773
l 6775 6774
l 6776 6775
l 6777 6776
l 6778 6777
l 6779 6778
l 6780 6779
l 6770 6781
l 6780 6782
l 6783 6784
l 6781 6783
l 6782 6785
l 6786 6785
l 6784 6787
l 6786 6788
l 6787 6789
l 6788 6790
l 6789 6791
l 6790 6792
l 6791 6793
l 6792 6794
l 6793 6795
l 6794 6796
l 6795 6797
l 6796 6798
l 6799 6800
l 6801 6799
l 6802 6801
l 6803 6802
l 6804 6803
l 6805 6806
l 6807 6805
l 6808 6807
l 6797 6809
l 6798 6810
l 6811 6812
l 6813 6811
l 6814 6813
l 6815 6816
l 6817 6815
l 6818 6817
l 6819 6818
l 6820 6819
l 6821 6822
l 6800 6821
l 6804 6823
l 6806 6823
l 6808 6824
l 6825 6824
l 6826 6827
l 6809 6826
l 6810 6828
l 6829 6828
l 6830 6831
l 6812 6830
l 6814 6832
l 6816 6832
l 6820 6833
l 6834 6833
l 6835 6836
l 6822 6835
l 6825 6837
l 6827 6838
l 6829 6839
l 6831 6840
l 6834 6841
l 6842 6841
l 6843 6844
l 6836 6843
l 6837 6845
l 6838 6846
l 6839 6847
l 6840 6848
l 6842 6849
l 6850 6849
l 6851 6852
l 6844 6851
l 6845 6853
l 6846 6854
l 6847 6855
l 6848 6856
l 6850 6857
l 6858 6857
l 6859 6860
l 6852 6859
l 6853 6861
l 6854 6862
l 6855 6863
l 6856 6864
l 6858 6865
l 6866 6865
l 6867 6868
l 6860 6867
l 6861 6869
l 6862 6870
l 6863 6871
l 6864 6872
l 6866 6873
l 6874 6873
l 6875 6876
l 6868 6875
l 6869 6877
l 6878 6879
l 6870 6878
l 6871 6880
l 6881 6880
l 6872 6882
l 6874 6883
l 6884 6883
l 6885 6886
l 6876 6885
l 6877 6887
l 6879 6888
l 6881 6889
l 6882 6890
l 6884 6891
l 6892 6891
l 6886 6893
l 6887 6894
l 6888 6895
l 6889 6896
l 6890 6897
l 6892 6898
l 6899 6900
l 6893 6899
l 6894 6901
l 6895 6902
l 6896 6903
l 6897 6904
l 6898 6905
l 6906 6905
l 6907 6908
l 6900 6907
l 6901 6909
l 6902 6910
l 6911 6910
l 6912 6911
l 6913 6912
l 6914 6913
l 6915 6916
l 6917 6915
l 6918 6917
l 6919 6918
l 6903 6919
l 6904 6920
l 6906 6921
l 6922 6921
l 6908 6923
l 6924 6925
l 6909 6924
l 6914 6926
l 6927 6926
l 6928 6927
l 6929 6928
l 6930 6929
l 6931 6930
l 6932 6931
l 6933 6932
l 6916 6933
l 6920 6934
l 6935 6934
l 6922 6936
l 6937 6938
l 6923 6937
l 6939 6940
l 6941 6939
l 6925 6941
l 6935 6942
l 6943 6942
l 6944 6943
l 6936 6945
l 6946 6945
l 6938 6947
l 6948 6947
l 6949 6950
l 6951 6949
l 6952 6951
l 6940 6952
l 6944 6953
l 6954 6953
l 6955 6954
l 6956 6955
l 6957 6958
l 6946 6957
l 6948 6959
l 6960 6959
l 6961 6960
l 6962 6961
l 6963 6962
l 6964 6965
l 6966 6964
l 6967 6966
l 6968 6967
l 6969 6968
l 6950 6969
l 6956 6970
l 6971 6970
l 6972 6971
l 6973 6972
l 6974 6973
l 6975 6974
l 6976 6977
l 6978 6976
l 6979 6978
l 6980 6979
l 6958 6980
l 6963 6981
l 6982 6981
l 6983 6982
l 6965 6983
l 6975 6984
l 6985 6984
l 6986 6985
l 6977 6986
l 6987 6988
l 6989 6987
l 6990 6989
l 6991 6990
l 6992 6991
l 6993 6992
l 6994 6993
l 6995 6994
l 6996 6995
l 6997 6998
l 6988 6997
l 6996 6999
l 7000 6999
l 7001 7002
l 6998 7001
l 7000 7003
l 7004 7003
l 7002 7005
l 7004 7006
l 7005 7007
l 7006 7008
l 7007 7009
l 7008 7010
l 7009 7011
l 7010 7012
l 7011 7013
l 7012 7014
l 7013 7015
l 7014 7016
l 7015 7017
l 7016 7018
l 7019 7020
l 7021 7019
l 7022 7021
l 7023 7022
l 7024 7023
l 7025 7024
l 7026 7025
l 7027 7026
l 7028 7027
l 7029 7028
l 7030 7031
l 7017 7030
l 7018 7032
l 7033 7032
l 7034 7035
l 7036 7034
l 7037 7036
l 7038 7037
l 7039 7038
l 7040 7039
l 7041 7040
l 7042 7041
l 7043 7042
l 7044 7043
l 7045 7046
l 7020 7045
l 7029 7047
l 7031 7048
l 7033 7049
l 7035 7050
l 7044 7051
l 7052 7051
l 7053 7054
l 7046 7053
l 7047 7055
l 7048 7056
l 7049 7057
l 7050 7058
l 7052 7059
l 7060 7059
l 7061 7062
l 7054 7061
l 7055 7063
l 7056 7064
l 7057 7065
l 7058 7066
l 7060 7067
l 7068 7067
l 7069 7070
l 7062 7069
l 7063 7071
l 7064 7072
l 7065 7073
l 7066 7074
l 7068 7075
l 7076 7075
l 7077 7078
l 7070 7077
l 7071 7079
l 7072 7080
l 7073 7081
l 7074 7082
l 7076 7083
l 7084 7083
l 7078 7085
l 7079 7086
l 7087 7088
l 7080 7087
l 7081 7089
l 7090 7089
l 7082 7091
l 7084 7092
l 7093 7094
l 7085 7093
l 7086 7095
l 7088 7096
l 7090 7097
l 7091 7098
l 7092 7099
l 7100 7099
l 7101 7102
l 7094 7101
l 7095 7103
l 7096 7104
l 7097 7105
l 7098 7106
l 7100 7107
l 7108 7107
l 7109 7110
l 7102 7109
l 7103 7111
l 7104 7112
l 7105 7113
l 7106 7114
l 7108 7115
l 7116 7115
l 7110 7117
l 7111 7118
l 7112 7119
l 7120 7119
l 7121 7120
l 7122 7121
l 7123 7122
l 7124 7125
l 7126 7124
l 7127 7126
l 7128 7127
l 7113 7128
l 7114 7129
l 7116 7130
l 7131 7132
l 7117 7131
l 7133 7134
l 7118 7133
l 7123 7135
l 7136 7135
l 7137 7136
l 7138 7137
l 7139 7138
l 7140 7139
l 7141 7140
l 7142 7141
l 7125 7142
l 7129 7143
l 7144 7143
l 7130 7145
l 7146 7145
l 7132 7147
l 7148 7149
l 7150 7148
l 7134 7150
l 7144 7151
l 7152 7151
l 7153 7152
l 7146 7154
l 7147 7155
l 7156 7155
l 7157 7156
l 7158 7159
l 7160 7158
l 7161 7160
l 7162 7161
l 7149 7162
l 7153 7163
l 7164 7163
l 7165 7164
l 7166 7165
l 7167 7166
l 7168 7169
l 7170 7168
l 7154 7170
l 7157 7171
l 7172 7171
l 7173 7172
l 7174 7173
l 7175 7174
l 7176 7175
l 7177 7176
l 7178 7177
l 7179 7178
l 7159 7179
l 7167 7180
l 7181 7180
l 7182 7181
l 7183 7182
l 7184 7183
l 7185 7184
l 7186 7185
l 7187 7186
l 7188 7187
l 7169 7188
l 7189 7190
l 7191 7189
l 7192 7191
l 7193 7192
l 7194 7193
l 7195 7194
l 7196 7195
l 7197 7198
l 7199 7197
l 7190 7199
l 7196 7200
l 7201 7200
l 7202 7201
l 7203 7204
l 7198 7203
l 7202 7205
l 7206 7205
l 7204 7207
l 7206 7208
l 7207 7209
l 7208 7210
l 7209 7211
l 7210 7212
l 7211 7213
l 7212 7214
l 7213 7215
l 7214 7216
l 7215 7217
l 7216 7218
l 7217 7219
l 7218 7220
l 7221 7222
l 7223 7221
l 7224 7223
l 7225 7224
l 7226 7225
l 7227 7226
l 7228 7227
l 7229 7228
l 7230 7229
l 7231 7232
l 7219 7231
l 7220 7233
l 7234 7233
l 7235 7236
l 7237 7235
l 7238 7237
l 7239 7238
l 7240 7239
l 7241 7240
l 7242 7241
l 7243 7242
l 7244 7243
l 7245 7246
l 7222 7245
l 7230 7247
l 7232 7248
l 7234 7249
l 7236 7250
l 7244 7251
l 7252 7251
l 7253 7254
l 7246 7253
l 7247 7255
l 7248 7256
l 7249 7257
l 7250 7258
l 7252 7259
l 7260 7259
l 7261 7262
l 7263 7261
l 7254 7263
l 7255 7264
l 7256 7265
l 7257 7266
l 7258 7267
l 7260 7268
l 7269 7268
l 7270 7269
l 7271 7272
l 7262 7271
l 7264 7273
l 7265 7274
l 7266 7275
l 7267 7276
l 7270 7277
l 7278 7277
l 7272 7279
l 7273 7280
l 7274 7281
l 7275 7282
l 7276 7283
l 7278 7284
l 7285 7286
l 7279 7285
l 7280 7287
l 7288 7289
l 7281 7288
l 7282 7290
l 7291 7290
l 7283 7292
l 7284 7293
l 7294 7293
l 7295 7296
l 7286 7295
l 7287 7297
l 7289 7298
l 7291 7299
l 7292 7300
l 7294 7301
l 7302 7301
l 7303 7304
l 7296 7303
l 7297 7305
l 7298 7306
l 7299 7307
l 7300 7308
l 7302 7309
l 7310 7309
l 7304 7311
l 7305 7312
l 7306 7313
l 7307 7314
l 7308 7315
l 7310 7316
l 7317 7318
l 7311 7317
l 7312 7319
l 7313 7320
l 7321 7320
l 7322 7321
l 7323 7322
l 7324 7323
l 7325 7326
l 7327 7325
l 7328 7327
l 7329 7328
l 7314 7329
l 7315 7330
l 7316 7331
l 7332 7331
l 7318 7333
l 7334 7335
l 7319 7334
l 7324 7336
l 7337 7336
l 7338 7337
l 7339 7338
l 7340 7339
l 7341 7340
l 7342 7341
l 7343 7342
l 7326 7343
l 7330 7344
l 7345 7344
l 7332 7346
l 7333 7347
l 7348 7347
l 7349 7350
l 7351 7349
l 7335 7351
l 7345 7352
l 7353 7352
l 7354 7353
l 7355 7356
l 7346 7355
l 7348 7357
l 7358 7357
l 7359 7360
l 7361 7359
l 7362 7361
l 7363 7362
l 7350 7363
l 7354 7364
l 7365 7364
l 7366 7365
l 7367 7366
l 7368 7367
l 7369 7370
l 7356 7369
l 7358 7371
l 7372 7371
l 7373 7372
l 7374 7373
l 7375 7374
l 7376 7375
l 7377 7376
l 7378 7377
l 7360 7378
l 7368 7379
l 7380 7379
l 7381 7380
l 7382 7381
l 7383 7382
l 7384 7383
l 7385 7384
l 7386 7385
l 7370 7386
l 7387 7388
l 7389 7387
l 7390 7389
l 7391 7390
l 7392 7391
l 7393 7392
l 7394 7393
l 7395 7394
l 7396 7395
l 7397 7396
l 7398 7397
l 7388 7399
l 7398 7400
l 7401 7402
l 7399 7401
l 7400 7403
l 7404 7403
l 7402 7405
l 7404 7406
l 7405 7407
l 7406 7408
l 7407 7409
l 7408 7410
l 7409 7411
l 7410 7412
l 7411 7413
l 7412 7414
l 7413 7415
l 7414 7416
l 7417 7418
l 7419 7417
l 7420 7419
l 7421 7420
l 7422 7421
l 7423 7424
l 7415 7423
l 7416 7425
l 7426 7425
l 7427 7428
l 7429 7427
l 7430 7429
l 7431 7430
l 7432 7431
l 7433 7434
l 7435 7433
l 7436 7435
l 7437 7436
l 7438 7437
l 7418 7438
l 7422 7439
l 7424 7440
l 7426 7441
l 7428 7442
l 7432 7443
l 7444 7443
l 7445 7444
l 7446 7445
l 7447 7446
l 7448 7447
l 7449 7450
l 7434 7449
l 7439 7451
l 7440 7452
l 7441 7453
l 7442 7454
l 7448 7455
l 7456 7455
l 7457 7458
l 7450 7457
l 7451 7459
l 7452 7460
l 7453 7461
l 7454 7462
l 7456 7463
l 7464 7463
l 7465 7466
l 7458 7465
l 7459 7467
l 7460 7468
l 7461 7469
l 7462 7470
l 7464 7471
l 7472 7471
l 7473 7474
l 7466 7473
l 7467 7475
l 7468 7476
l 7469 7477
l 7470 7478
l 7472 7479
l 7480 7479
l 7481 7482
l 7474 7481
l 7475 7483
l 7484 7485
l 7476 7484
l 7477 7486
l 7487 7486
l 7478 7488
l 7480 7489
l 7490 7489
l 7491 7492
l 7482 7491
l 7483 7493
l 7485 7494
l 7487 7495
l 7488 7496
l 7490 7497
l 7498 7497
l 7492 7499
l 7493 7500
l 7494 7501
l 7495 7502
l 7496 7503
l 7498 7504
l 7505 7506
l 7499 7505
l 7500 7507
l 7501 7508
l 7509 7508
l 7510 7511
l 7502 7510
l 7503 7512
l 7504 7513
l 7514 7513
l 7506 7515
l 7516 7517
l 7507 7516
l 7509 7518
l 7519 7518
l 7520 7519
l 7521 7520
l 7522 7523
l 7524 7522
l 7525 7524
l 7511 7525
l 7512 7526
l 7527 7526
l 7514 7528
l 7515 7529
l 7530 7531
l 7517 7530
l 7521 7532
l 7533 7532
l 7534 7533
l 7535 7534
l 7536 7535
l 7537 7536
l 7538 7537
l 7539 7538
l 7523 7539
l 7527 7540
l 7541 7540
l 7528 7542
l 7529 7543
l 7544 7543
l 7545 7546
l 7547 7545
l 7531 7547
l 7541 7548
l 7549 7548
l 7550 7549
l 7551 7552
l 7542 7551
l 7544 7553
l 7554 7553
l 7555 7556
l 7557 7555
l 7558 7557
l 7546 7558
l 7550 7559
l 7560 7559
l 7561 7560
l 7562 7561
l 7563 7564
l 7552 7563
l 7554 7565
l 7566 7565
l 7567 7566
l 7568 7567
l 7569 7568
l 7570 7569
l 7571 7570
l 7556 7571
l 7562 7572
l 7573 7572
l 7574 7573
l 7575 7574
l 7576 7575
l 7577 7576
l 7578 7577
l 7564 7578
l 7579 7580
l 7581 7579
l 7582 7581
l 7583 7582
l 7584 7583
l 7585 7584
l 7586 7585
l 7587 7586
l 7588 7587
l 7589 7590
l 7580 7589
l 7588 7591
l 7592 7591
l 7593 7594
l 7590 7593
l 7592 7595
l 7596 7595
l 7594 7597
l 7596 7598
l 7597 7599
l 7598 7600
l 7599 7601
l 7600 7602
l 7601 7603
l 7602 7604
l 7603 7605
l 7604 7606
l 7607 7608
l 7605 7607
l 7606 7609
l 7610 7609
l 7611 7612
l 7613 7611
l 7614 7613
l 7615 7614
l 7616 7615
l 7608 7617
l 7610 7618
l 7619 7620
l 7621 7619
l 7622 7621
l 7623 7622
l 7624 7623
l 7625 7626
l 7627 7625
l 7628 7627
l 7629 7628
l 7612 7629
l 7616 7630
l 7617 7631
l 7618 7632
l 7620 7633
l 7624 7634
l 7635 7634
l 7636 7635
l 7637 7636
l 7638 7637
l 7639 7640
l 7641 7639
l 7626 7641
l 7630 7642
l 7631 7643
l 7632 7644
l 7633 7645
l 7638 7646
l 7647 7646
l 7648 7647
l 7649 7650
l 7640 7649
l 7642 7651
l 7643 7652
l 7644 7653
l 7645 7654
l 7648 7655
l 7656 7655
l 7657 7658
l 7650 7657
l 7651 7659
l 7652 7660
l 7653 7661
l 7654 7662
l 7656 7663
l 7664 7663
l 7665 7666
l 7658 7665
l 7659 7667
l 7660 7668
l 7661 7669
l 7662 7670
l 7664 7671
l 7672 7671
l 7673 7674
l 7666 7673
l 7667 7675
l 7676 7677
l 7668 7676
l 7669 7678
l 7679 7678
l 7670 7680
l 7672 7681
l 7682 7681
l 7674 7683
l 7675 7684
l 7677 7685
l 7679 7686
l 7680 7687
l 7682 7688
l 7689 7690
l 7683 7689
l 7684 7691
l 7685 7692
l 7686 7693
l 7687 7694
l 7688 7695
l 7696 7695
l 7690 7697
l 7691 7698
l 7692 7699
l 7700 7699
l 7701 7702
l 7693 7701
l 7694 7703
l 7696 7704
l 7697 7705
l 7706 7707
l 7698 7706
l 7700 7708
l 7709 7708
l 7710 7709
l 7711 7710
l 7712 7713
l 7714 7712
l 7715 7714
l 7702 7715
l 7703 7716
l 7717 7716
l 7704 7718
l 7705 7719
l 7720 7721
l 7707 7720
l 7711 7722
l 7723 7722
l 7724 7723
l 7725 7724
l 7726 7725
l 7727 7726
l 7728 7727
l 7729 7728
l 7713 7729
l 7717 7730
l 7731 7730
l 7718 7732
l 7719 7733
l 7734 7735
l 7736 7734
l 7721 7736
l 7731 7737
l 7738 7737
l 7739 7738
l 7732 7740
l 7733 7741
l 7742 7741
l 7743 7744
l 7745 7743
l 7746 7745
l 7747 7746
l 7735 7747
l 7739 7748
l 7749 7748
l 7750 7749
l 7751 7750
l 7752 7751
l 7753 7754
l 7740 7753
l 7742 7755
l 7756 7755
l 7757 7756
l 7758 7757
l 7759 7758
l 7760 7759
l 7744 7760
l 7752 7761
l 7762 7761
l 7763 7762
l 7764 7763
l 7765 7764
l 7766 7765
l 7754 7766
l 7767 7768
l 7769 7767
l 7770 7769
l 7771 7770
l 7772 7771
l 7773 7772
l 7774 7773
l 7775 7774
l 7776 7775
l 7777 7778
l 7768 7777
l 7776 7779
l 7780 7779
l 7781 7782
l 7778 7781
l 7780 7783
l 7784 7783
l 7782 7785
l 7784 7786
l 7785 7787
l 7786 7788
l 7787 7789
l 7788 7790
l 7789 7791
l 7790 7792
l 7791 7793
l 7792 7794
l 7795 7796
l 7793 7795
l 7794 7797
l 7798 7797
l 7799 7800
l 7801 7799
l 7802 7801
l 7803 7802
l 7796 7804
l 7798 7805
l 7806 7807
l 7808 7806
l 7809 7808
l 7810 7809
l 7811 7812
l 7813 7811
l 7814 7813
l 7800 7814
l 7803 7815
l 7804 7816
l 7805 7817
l 7807 7818
l 7810 7819
l 7820 7819
l 7821 7820
l 7822 7821
l 7823 7824
l 7825 7823
l 7826 7825
l 7812 7826
l 7815 7827
l 7816 7828
l 7817 7829
l 7818 7830
l 7822 7831
l 7832 7831
l 7833 7832
l 7834 7833
l 7835 7836
l 7837 7835
l 7824 7837
l 7827 7838
l 7828 7839
l 7829 7840
l 7830 7841
l 7834 7842
l 7843 7842
l 7844 7843
l 7845 7846
l 7836 7845
l 7838 7847
l 7839 7848
l 7840 7849
l 7841 7850
l 7844 7851
l 7852 7851
l 7853 7854
l 7846 7853
l 7847 7855
l 7848 7856
l 7849 7857
l 7850 7858
l 7852 7859
l 7860 7859
l 7861 7862
l 7854 7861
l 7855 7863
l 7864 7865
l 7856 7864
l 7857 7866
l 7867 7866
l 7858 7868
l 7860 7869
l 7870 7869
l 7862 7871
l 7863 7872
l 7865 7873
l 7867 7874
l 7868 7875
l 7870 7876
l 7877 7878
l 7871 7877
l 7872 7879
l 7873 7880
l 7874 7881
l 7875 7882
l 7876 7883
l 7884 7883
l 7878 7885
l 7879 7886
l 7880 7887
l 7888 7887
l 7889 7890
l 7881 7889
l 7882 7891
l 7884 7892
l 7885 7893
l 7894 7895
l 7886 7894
l 7888 7896
l 7897 7896
l 7898 7897
l 7899 7898
l 7900 7901
l 7902 7900
l 7903 7902
l 7890 7903
l 7891 7904
l 7905 7904
l 7892 7906
l 7893 7907
l 7908 7909
l 7895 7908
l 7899 7910
l 7911 7910
l 7912 7911
l 7913 7912
l 7914 7913
l 7915 7914
l 7916 7915
l 7917 7916
l 7901 7917
l 7905 7918
l 7919 7918
l 7906 7920
l 7907 7921
l 7922 7921
l 7923 7924
l 7925 7923
l 7909 7925
l 7919 7926
l 7927 7926
l 7928 7927
l 7929 7930
l 7920 7929
l 7922 7931
l 7932 7931
l 7933 7934
l 7935 7933
l 7936 7935
l 7937 7936
l 7924 7937
l 7928 7938
l 7939 7938
l 7940 7939
l 7941 7940
l 7942 7941
l 7943 7944
l 7930 7943
l 7932 7945
l 7946 7945
l 7947 7946
l 7948 7947
l 7949 7948
l 7934 7949
l 7942 7950
l 7951 7950
l 7952 7951
l 7953 7952
l 7954 7953
l 7944 7954
l 7955 7956
l 7957 7955
l 7958 7957
l 7959 7958
l 7960 7959
l 7961 7960
l 7962 7961
l 7963 7962
l 7964 7963
l 7965 7966
l 7956 7965
l 7964 7967
l 7968 7967
l 7969 7970
l 7966 7969
l 7968 7971
l 7972 7971
l 7970 7973
l 7972 7974
l 7973 7975
l 7974 7976
l 7975 7977
l 7976 7978
l 7977 7979
l 7978 7980
l 7981 7982
l 7979 7981
l 7980 7983
l 7984 7983
l 7982 7985
l 7984 7986
l 7987 7988
l 7989 7987
l 7990 7989
l 7991 7990
l 7985 7992
l 7986 7993
l 7994 7995
l 7996 7994
l 7997 7996
l 7998 7997
l 7999 8000
l 8001 7999
l 7988 8001
l 7991 8002
l 7992 8003
l 7993 8004
l 7995 8005
l 7998 8006
l 8007 8006
l 8008 8007
l 8009 8010
l 8011 8009
l 8012 8011
l 8013 8012
l 8000 8013
l 8002 8014
l 8003 8015
l 8004 8016
l 8005 8017
l 8008 8018
l 8019 8018
l 8020 8019
l 8021 8020
l 8022 8021
l 8023 8024
l 8025 8023
l 8010 8025
l 8014 8026
l 8015 8027
l 8016 8028
l 8017 8029
l 8022 8030
l 8031 8030
l 8032 8031
l 8033 8034
l 8035 8033
l 8024 8035
l 8026 8036
l 8027 8037
l 8028 8038
l 8029 8039
l 8032 8040
l 8041 8040
l 8042 8041
l 8034 8043
l 8036 8044
l 8037 8045
l 8038 8046
l 8039 8047
l 8042 8048
l 8049 8050
l 8043 8049
l 8044 8051
l 8052 8053
l 8045 8052
l 8046 8054
l 8055 8054
l 8047 8056
l 8048 8057
l 8058 8057
l 8050 8059
l 8051 8060
l 8053 8061
l 8055 8062
l 8056 8063
l 8058 8064
l 8059 8065
l 8060 8066
l 8061 8067
l 8062 8068
l 8063 8069
l 8064 8070
l 8071 8072
l 8065 8071
l 8066 8073
l 8067 8074
l 8075 8074
l 8076 8077
l 8068 8076
l 8069 8078
l 8070 8079
l 8080 8079
l 8072 8081
l 8082 8083
l 8073 8082
l 8075 8084
l 8085 8084
l 8086 8085
l 8087 8086
l 8088 8089
l 8090 8088
l 8091 8090
l 8077 8091
l 8078 8092
l 8093 8092
l 8080 8094
l 8081 8095
l 8096 8095
l 8097 8098
l 8083 8097
l 8087 8099
l 8100 8099
l 8101 8100
l 8102 8101
l 8103 8102
l 8104 8103
l 8105 8104
l 8106 8105
l 8089 8106
l 8093 8107
l 8108 8107
l 8109 8110
l 8094 8109
l 8096 8111
l 8112 8113
l 8114 8112
l 8115 8114
l 8098 8115
l 8108 8116
l 8117 8116
l 8118 8117
l 8119 8118
l 8110 8120
l 8111 8121
l 8122 8121
l 8123 8124
l 8125 8123
l 8126 8125
l 8127 8126
l 8113 8127
l 8119 8128
l 8129 8128
l 8130 8129
l 8131 8130
l 8132 8131
l 8133 8134
l 8120 8133
l 8122 8135
l 8136 8135
l 8137 8136
l 8138 8137
l 8124 8138
l 8132 8139
l 8140 8139
l 8141 8140
l 8142 8141
l 8134 8142
l 8143 8144
l 8145 8143
l 8146 8145
l 8147 8146
l 8148 8147
l 8149 8148
l 8150 8149
l 8151 8150
l 8152 8151
l 8153 8154
l 8144 8153
l 8152 8155
l 8156 8155
l 8157 8158
l 8154 8157
l 8156 8159
l 8160 8159
l 8158 8161
l 8160 8162
l 8161 8163
l 8162 8164
l 8163 8165
l 8164 8166
l 8167 8168
l 8165 8167
l 8166 8169
l 8170 8169
l 8168 8171
l 8170 8172
l 8171 8173
l 8172 8174
l 8175 8176
l 8177 8175
l 8178 8177
l 8179 8178
l 8173 8180
l 8174 8181
l 8182 8183
l 8184 8182
l 8185 8184
l 8186 8185
l 8187 8188
l 8189 8187
l 8176 8189
l 8179 8190
l 8180 8191
l 8181 8192
l 8183 8193
l 8186 8194
l 8195 8194
l 8196 8195
l 8197 8198
l 8199 8197
l 8200 8199
l 8201 8200
l 8202 8201
l 8188 8202
l 8190 8203
l 8191 8204
l 8192 8205
l 8193 8206
l 8196 8207
l 8208 8207
l 8209 8208
l 8210 8209
l 8211 8210
l 8212 8211
l 8213 8214
l 8215 8213
l 8198 8215
l 8203 8216
l 8204 8217
l 8205 8218
l 8206 8219
l 8212 8220
l 8221 8220
l 8222 8221
l 8223 8224
l 8214 8223
l 8216 8225
l 8217 8226
l 8218 8227
l 8219 8228
l 8222 8229
l 8230 8229
l 8231 8232
l 8224 8231
l 8225 8233
l 8226 8234
l 8227 8235
l 8228 8236
l 8230 8237
l 8238 8237
l 8232 8239
l 8233 8240
l 8241 8242
l 8234 8241
l 8235 8243
l 8244 8243
l 8236 8245
l 8238 8246
l 8239 8247
l 8240 8248
l 8242 8249
l 8244 8250
l 8245 8251
l 8246 8252
l 8253 8254
l 8247 8253
l 8248 8255
l 8249 8256
l 8250 8257
l 8251 8258
l 8252 8259
l 8260 8259
l 8254 8261
l 8262 8263
l 8255 8262
l 8256 8264
l 8265 8264
l 8266 8267
l 8257 8266
l 8258 8268
l 8269 8268
l 8260 8270
l 8261 8271
l 8272 8271
l 8263 8273
l 8265 8274
l 8275 8274
l 8276 8275
l 8277 8276
l 8278 8279
l 8280 8278
l 8281 8280
l 8267 8281
l 8269 8282
l 8283 8284
l 8270 8283
l 8272 8285
l 8286 8287
l 8273 8286
l 8277 8288
l 8289 8288
l 8290 8289
l 8291 8290
l 8292 8291
l 8293 8292
l 8294 8293
l 8295 8294
l 8279 8295
l 8282 8296
l 8297 8296
l 8284 8298
l 8285 8299
l 8300 8301
l 8302 8300
l 8303 8302
l 8287 8303
l 8297 8304
l 8305 8304
l 8306 8305
l 8307 8306
l 8298 8308
l 8299 8309
l 8310 8309
l 8311 8312
l 8313 8311
l 8314 8313
l 8315 8314
l 8301 8315
l 8307 8316
l 8317 8316
l 8318 8317
l 8319 8318
l 8320 8319
l 8321 8322
l 8308 8321
l 8310 8323
l 8324 8323
l 8325 8324
l 8326 8325
l 8312 8326
l 8320 8327
l 8328 8327
l 8329 8328
l 8330 8329
l 8322 8330
l 8331 8332
l 8333 8331
l 8334 8333
l 8335 8334
l 8336 8335
l 8337 8336
l 8338 8337
l 8339 8340
l 8341 8339
l 8332 8341
l 8338 8342
l 8343 8342
l 8344 8343
l 8345 8346
l 8340 8345
l 8344 8347
l 8348 8347
l 8346 8349
l 8348 8350
l 8349 8351
l 8350 8352
l 8353 8354
l 8351 8353
l 8352 8355
l 8356 8355
l 8354 8357
l 8356 8358
l 8357 8359
l 8358 8360
l 8359 8361
l 8360 8362
l 8363 8364
l 8365 8363
l 8366 8365
l 8367 8366
l 8361 8368
l 8362 8369
l 8370 8371
l 8372 8370
l 8373 8372
l 8374 8373
l 8375 8376
l 8377 8375
l 8364 8377
l 8367 8378
l 8368 8379
l 8369 8380
l 8371 8381
l 8374 8382
l 8383 8382
l 8384 8383
l 8385 8386
l 8387 8385
l 8388 8387
l 8389 8388
l 8390 8389
l 8391 8390
l 8376 8391
l 8378 8392
l 8379 8393
l 8380 8394
l 8381 8395
l 8384 8396
l 8397 8396
l 8398 8397
l 8399 8398
l 8400 8399
l 8401 8400
l 8402 8401
l 8403 8404
l 8405 8403
l 8406 8405
l 8386 8406
l 8392 8407
l 8393 8408
l 8394 8409
l 8395 8410
l 8402 8411
l 8412 8411
l 8413 8412
l 8414 8413
l 8415 8416
l 8404 8415
l 8407 8417
l 8408 8418
l 8409 8419
l 8410 8420
l 8414 8421
l 8422 8421
l 8416 8423
l 8417 8424
l 8418 8425
l 8419 8426
l 8420 8427
l 8422 8428
l 8423 8429
l 8424 8430
l 8431 8432
l 8425 8431
l 8426 8433
l 8434 8433
l 8427 8435
l 8428 8436
l 8429 8437
l 8430 8438
l 8432 8439
l 8434 8440
l 8435 8441
l 8436 8442
l 8437 8443
l 8438 8444
l 8439 8445
l 8440 8446
l 8441 8447
l 8442 8448
l 8443 8449
l 8450 8451
l 8444 8450
l 8445 8452
l 8453 8452
l 8454 8455
l 8446 8454
l 8447 8456
l 8457 8456
l 8448 8458
l 8449 8459
l 8460 8459
l 8451 8461
l 8453 8462
l 8463 8462
l 8464 8463
l 8465 8464
l 8466 8467
l 8468 8466
l 8469 8468
l 8455 8469
l 8457 8470
l 8471 8472
l 8458 8471
l 8460 8473
l 8474 8475
l 8461 8474
l 8465 8476
l 8477 8476
l 8478 8477
l 8479 8478
l 8480 8479
l 8481 8480
l 8482 8481
l 8483 8482
l 8467 8483
l 8470 8484
l 8485 8484
l 8472 8486
l 8473 8487
l 8488 8489
l 8490 8488
l 8491 8490
l 8475 8491
l 8485 8492
l 8493 8492
l 8494 8493
l 8495 8494
l 8486 8496
l 8487 8497
l 8498 8497
l 8499 8498
l 8500 8501
l 8502 8500
l 8503 8502
l 8504 8503
l 8489 8504
l 8495 8505
l 8506 8505
l 8507 8506
l 8508 8507
l 8509 8508
l 8510 8511
l 8512 8510
l 8496 8512
l 8499 8513
l 8514 8513
l 8515 8514
l 8501 8515
l 8509 8516
l 8517 8516
l 8518 8517
l 8511 8518
l 8519 8520
l 8521 8519
l 8522 8521
l 8523 8522
l 8524 8523
l 8525 8524
l 8526 8525
l 8527 8528
l 8529 8527
l 8520 8529
l 8526 8530
l 8531 8530
l 8532 8531
l 8533 8534
l 8528 8533
l 8532 8535
l 8536 8535
l 8534 8537
l 8536 8538
l 8539 8540
l 8537 8539
l 8538 8541
l 8542 8541
l 8540 8543
l 8542 8544
l 8543 8545
l 8544 8546
l 8545 8547
l 8546 8548
l 8547 8549
l 8548 8550
l 8551 8552
l 8553 8551
l 8554 8553
l 8555 8554
l 8549 8556
l 8550 8557
l 8558 8559
l 8560 8558
l 8561 8560
l 8562 8561
l 8563 8564
l 8565 8563
l 8552 8565
l 8555 8566
l 8556 8567
l 8557 8568
l 8559 8569
l 8562 8570
l 8571 8570
l 8572 8571
l 8573 8574
l 8575 8573
l 8576 8575
l 8577 8576
l 8578 8577
l 8579 8578
l 8580 8579
l 8581 8580
l 8582 8581
l 8564 8582
l 8566 8583
l 8567 8584
l 8568 8585
l 8569 8586
l 8572 8587
l 8588 8587
l 8589 8588
l 8590 8589
l 8591 8590
l 8592 8591
l 8593 8592
l 8594 8593
l 8595 8594
l 8596 8595
l 8597 8598
l 8574 8597
l 8583 8599
l 8584 8600
l 8585 8601
l 8586 8602
l 8596 8603
l 8604 8603
l 8605 8606
l 8598 8605
l 8599 8607
l 8600 8608
l 8601 8609
l 8602 8610
l 8604 8611
l 8612 8611
l 8606 8613
l 8607 8614
l 8608 8615
l 8609 8616
l 8610 8617
l 8612 8618
l 8613 8619
l 8614 8620
l 8621 8622
l 8615 8621
l 8616 8623
l 8624 8623
l 8617 8625
l 8618 8626
l 8619 8627
l 8620 8628
l 8622 8629
l 8624 8630
l 8625 8631
l 8626 8632
l 8627 8633
l 8634 8633
l 8628 8635
l 8629 8636
l 8630 8637
l 8631 8638
l 8639 8640
l 8632 8639
l 8634 8641
l 8642 8643
l 8635 8642
l 8636 8644
l 8645 8644
l 8646 8647
l 8637 8646
l 8638 8648
l 8649 8648
l 8640 8650
l 8641 8651
l 8652 8651
l 8643 8653
l 8645 8654
l 8655 8654
l 8656 8655
l 8657 8656
l 8658 8659
l 8660 8658
l 8661 8660
l 8647 8661
l 8649 8662
l 8663 8664
l 8650 8663
l 8652 8665
l 8666 8667
l 8653 8666
l 8657 8668
l 8669 8668
l 8670 8669
l 8671 8670
l 8672 8671
l 8673 8672
l 8674 8673
l 8675 8674
l 8659 8675
l 8662 8676
l 8677 8676
l 8664 8678
l 8665 8679
l 8680 8679
l 8681 8682
l 8683 8681
l 8684 8683
l 8667 8684
l 8677 8685
l 8686 8685
l 8687 8686
l 8688 8687
l 8689 8690
l 8678 8689
l 8680 8691
l 8692 8691
l 8693 8694
l 8695 8693
l 8696 8695
l 8697 8696
l 8682 8697
l 8688 8698
l 8699 8698
l 8700 8699
l 8701 8700
l 8702 8701
l 8703 8704
l 8690 8703
l 8692 8705
l 8706 8705
l 8707 8706
l 8694 8707
l 8702 8708
l 8709 8708
l 8710 8709
l 8704 8710
l 8711 8712
l 8713 8711
l 8714 8713
l 8715 8714
l 8716 8715
l 8717 8716
l 8718 8717
l 8719 8720
l 8721 8719
l 8712 8721
l 8718 8722
l 8723 8722
l 8724 8723
l 8725 8726
l 8720 8725
l 8724 8727
l 8728 8727
l 8729 8730
l 8726 8729
l 8728 8731
l 8732 8731
l 8730 8733
l 8732 8734
l 8733 8735
l 8734 8736
l 8735 8737
l 8736 8738
l 8737 8739
l 8738 8740
l 8739 8741
l 8740 8742
l 8743 8744
l 8745 8743
l 8741 8746
l 8742 8747
l 8748 8749
l 8750 8748
l 8751 8752
l 8753 8751
l 8754 8753
l 8755 8754
l 8756 8755
l 8757 8756
l 8758 8759
l 8760 8758
l 8761 8760
l 8744 8761
l 8745 8762
l 8763 8762
l 8746 8764
l 8747 8765
l 8766 8767
l 8749 8766
l 8750 8768
l 8769 8768
l 8770 8769
l 8771 8770
l 8772 8773
l 8774 8772
l 8775 8774
l 8776 8775
l 8777 8776
l 8778 8777
l 8779 8780
l 8781 8779
l 8752 8781
l 8757 8782
l 8783 8782
l 8784 8783
l 8785 8784
l 8759 8785
l 8763 8786
l 8764 8787
l 8765 8788
l 8767 8789
l 8771 8790
l 8791 8790
l 8792 8791
l 8793 8792
l 8773 8793
l 8778 8794
l 8795 8794
l 8796 8795
l 8797 8798
l 8780 8797
l 8786 8799
l 8787 8800
l 8788 8801
l 8789 8802
l 8796 8803
l 8804 8803
l 8798 8805
l 8799 8806
l 8800 8807
l 8801 8808
l 8802 8809
l 8804 8810
l 8805 8811
l 8806 8812
l 8807 8813
l 8808 8814
l 8809 8815
l 8810 8816
l 8811 8817
l 8812 8818
l 8819 8820
l 8813 8819
l 8814 8821
l 8822 8821
l 8815 8823
l 8816 8824
l 8817 8825
l 8818 8826
l 8820 8827
l 8822 8828
l 8823 8829
l 8824 8830
l 8825 8831
l 8832 8831
l 8826 8833
l 8827 8834
l 8828 8835
l 8829 8836
l 8837 8838
l 8830 8837
l 8832 8839
l 8840 8841
l 8833 8840
l 8834 8842
l 8843 8842
l 8844 8845
l 8835 8844
l 8836 8846
l 8847 8846
l 8838 8848
l 8839 8849
l 8850 8849
l 8841 8851
l 8843 8852
l 8853 8852
l 8854 8853
l 8855 8854
l 8856 8857
l 8858 8856
l 8859 8858
l 8845 8859
l 8847 8860
l 8861 8862
l 8848 8861
l 8850 8863
l 8864 8863
l 8865 8866
l 8867 8865
l 8851 8867
l 8855 8868
l 8869 8868
l 8870 8869
l 8871 8870
l 8872 8871
l 8873 8872
l 8874 8873
l 8875 8874
l 8857 8875
l 8860 8876
l 8877 8876
l 8878 8877
l 8879 8880
l 8862 8879
l 8864 8881
l 8882 8881
l 8883 8884
l 8885 8883
l 8866 8885
l 8878 8886
l 8887 8886
l 8888 8887
l 8889 8890
l 8880 8889
l 8882 8891
l 8892 8891
l 8893 8894
l 8895 8893
l 8896 8895
l 8897 8896
l 8898 8897
l 8884 8898
l 8888 8899
l 8900 8899
l 8901 8900
l 8902 8901
l 8903 8902
l 8904 8903
l 8905 8906
l 8890 8905
l 8892 8907
l 8908 8907
l 8894 8908
l 8904 8909
l 8910 8909
l 8906 8910
l 8911 8912
l 8913 8911
l 8914 8913
l 8915 8914
l 8916 8915
l 8917 8916
l 8918 8917
l 8919 8920
l 8921 8919
l 8912 8921
l 8918 8922
l 8923 8922
l 8924 8923
l 8925 8926
l 8920 8925
l 8924 8927
l 8928 8927
l 8929 8930
l 8926 8929
l 8928 8931
l 8932 8931
l 8930 8933
l 8932 8934
l 8933 8935
l 8934 8936
l 8935 8937
l 8936 8938
l 8937 8939
l 8938 8940
l 8939 8941
l 8940 8942
l 8943 8944
l 8945 8943
l 8946 8945
l 8947 8946
l 8948 8949
l 8950 8948
l 8941 8951
l 8942 8952
l 8953 8954
l 8955 8953
l 8956 8957
l 8958 8956
l 8959 8958
l 8960 8959
l 8961 8962
l 8963 8961
l 8944 8963
l 8947 8964
l 8965 8964
l 8966 8965
l 8967 8966
l 8968 8969
l 8970 8968
l 8971 8970
l 8949 8971
l 8950 8972
l 8973 8972
l 8951 8974
l 8952 8975
l 8976 8977
l 8954 8976
l 8955 8978
l 8979 8978
l 8980 8979
l 8981 8980
l 8982 8983
l 8984 8982
l 8985 8984
l 8957 8985
l 8960 8986
l 8987 8986
l 8988 8987
l 8989 8990
l 8991 8989
l 8962 8991
l 8967 8992
l 8993 8992
l 8994 8993
l 8969 8994
l 8973 8995
l 8974 8996
l 8975 8997
l 8977 8998
l 8981 8999
l 9000 8999
l 9001 9000
l 8983 9001
l 8988 9002
l 9003 9002
l 9004 9003
l 8990 9005
l 8995 9006
l 8996 9007
l 8997 9008
l 8998 9009
l 9004 9010
l 9005 9011
l 9006 9012
l 9007 9013
l 9008 9014
l 9009 9015
l 9010 9016
l 9011 9017
l 9012 9018
l 9013 9019
l 9014 9020
l 9015 9021
l 9016 9022
l 9017 9023
l 9018 9024
l 9025 9026
l 9019 9025
l 9020 9027
l 9028 9027
l 9021 9029
l 9022 9030
l 9023 9031
l 9024 9032
l 9026 9033
l 9028 9034
l 9029 9035
l 9030 9036
l 9031 9037
l 9038 9037
l 9032 9039
l 9033 9040
l 9034 9041
l 9035 9042
l 9043 9044
l 9036 9043
l 9038 9045
l 9046 9047
l 9039 9046
l 9040 9048
l 9049 9048
l 9050 9051
l 9041 9050
l 9042 9052
l 9053 9052
l 9044 9054
l 9045 9055
l 9056 9055
l 9047 9057
l 9049 9058
l 9059 9058
l 9060 9059
l 9061 9060
l 9062 9063
l 9064 9062
l 9065 9064
l 9051 9065
l 9053 9066
l 9067 9068
l 9054 9067
l 9056 9069
l 9070 9069
l 9071 9070
l 9072 9073
l 9074 9072
l 9057 9074
l 9061 9075
l 9076 9075
l 9077 9076
l 9078 9077
l 9079 9078
l 9080 9079
l 9081 9080
l 9082 9081
l 9063 9082
l 9066 9083
l 9084 9083
l 9085 9084
l 9086 9087
l 9088 9086
l 9068 9088
l 9071 9089
l 9090 9091
l 9092 9090
l 9073 9092
l 9085 9093
l 9094 9093
l 9095 9094
l 9087 9096
l 9089 9097
l 9098 9097
l 9099 9098
l 9100 9101
l 9102 9100
l 9103 9102
l 9104 9103
l 9105 9104
l 9091 9105
l 9095 9106
l 9107 9106
l 9108 9107
l 9109 9108
l 9110 9109
l 9111 9110
l 9112 9113
l 9114 9112
l 9096 9114
l 9099 9115
l 9116 9115
l 9101 9116
l 9111 9117
l 9118 9117
l 9113 9118
l 9119 9120
l 9121 9119
l 9122 9121
l 9123 9122
l 9124 9123
l 9125 9124
l 9126 9125
l 9127 9128
l 9129 9127
l 9120 9129
l 9126 9130
l 9131 9130
l 9132 9131
l 9133 9134
l 9128 9133
l 9132 9135
l 9136 9135
l 9137 9138
l 9134 9137
l 9136 9139
l 9140 9139
l 9138 9141
l 9140 9142
l 9141 9143
l 9142 9144
l 9143 9145
l 9144 9146
l 9145 9147
l 9146 9148
l 9149 9150
l 9151 9149
l 9152 9151
l 9153 9152
l 9147 9154
l 9148 9155
l 9156 9157
l 9158 9156
l 9159 9158
l 9160 9159
l 9161 9162
l 9163 9161
l 9150 9163
l 9153 9164
l 9165 9164
l 9166 9165
l 9167 9168
l 9169 9167
l 9154 9170
l 9155 9171
l 9172 9173
l 9174 9172
l 9175 9176
l 9177 9175
l 9157 9177
l 9160 9178
l 9179 9178
l 9180 9179
l 9181 9182
l 9183 9181
l 9162 9183
l 9166 9184
l 9185 9184
l 9186 9185
l 9187 9188
l 9189 9187
l 9190 9189
l 9168 9190
l 9169 9191
l 9192 9191
l 9170 9193
l 9171 9194
l 9195 9196
l 9173 9195
l 9174 9197
l 9198 9197
l 9199 9198
l 9200 9199
l 9201 9202
l 9203 9201
l 9176 9203
l 9180 9204
l 9205 9204
l 9206 9205
l 9207 9208
l 9182 9207
l 9186 9209
l 9210 9209
l 9188 9210
l 9192 9211
l 9193 9212
l 9194 9213
l 9196 9214
l 9200 9215
l 9216 9215
l 9202 9216
l 9206 9217
l 9218 9217
l 9208 9219
l 9211 9220
l 9212 9221
l 9213 9222
l 9214 9223
l 9218 9224
l 9219 9225
l 9220 9226
l 9221 9227
l 9222 9228
l 9223 9229
l 9224 9230
l 9225 9231
l 9226 9232
l 9227 9233
l 9228 9234
l 9229 9235
l 9230 9236
l 9231 9237
l 9232 9238
l 9239 9240
l 9233 9239
l 9234 9241
l 9242 9241
l 9235 9243
l 9236 9244
l 9237 9245
l 9246 9245
l 9238 9247
l 9240 9248
l 9242 9249
l 9243 9250
l 9251 9252
l 9244 9251
l 9246 9253
l 9247 9254
l 9248 9255
l 9249 9256
l 9250 9257
l 9252 9258
l 9253 9259
l 9260 9261
l 9254 9260
l 9255 9262
l 9263 9262
l 9264 9265
l 9256 9264
l 9257 9266
l 9267 9266
l 9258 9268
l 9259 9269
l 9270 9269
l 9261 9271
l 9263 9272
l 9273 9272
l 9274 9273
l 9275 9274
l 9276 9277
l 9278 9276
l 9279 9278
l 9265 9279
l 9267 9280
l 9281 9282
l 9268 9281
l 9270 9283
l 9284 9283
l 9285 9284
l 9286 9287
l 9288 9286
l 9271 9288
l 9275 9289
l 9290 9289
l 9291 9290
l 9292 9291
l 9293 9292
l 9294 9293
l 9295 9294
l 9296 9295
l 9277 9296
l 9280 9297
l 9298 9297
l 9299 9298
l 9300 9301
l 9302 9300
l 9282 9302
l 9285 9303
l 9304 9303
l 9305 9306
l 9307 9305
l 9287 9307
l 9299 9308
l 9309 9308
l 9310 9309
l 9311 9312
l 9301 9311
l 9304 9313
l 9314 9313
l 9315 9314
l 9316 9317
l 9318 9316
l 9319 9318
l 9320 9319
l 9321 9320
l 9306 9321
l 9310 9322
l 9323 9322
l 9324 9323
l 9325 9324
l 9326 9325
l 9327 9326
l 9328 9329
l 9330 9328
l 9312 9330
l 9331 9315
l 9317 9331
l 9327 9332
l 9329 9332
l 9333 9334
l 9335 9333
l 9336 9335
l 9337 9336
l 9338 9337
l 9339 9338
l 9340 9339
l 9341 9342
l 9343 9341
l 9344 9343
l 9334 9344
l 9340 9345
l 9346 9345
l 9347 9346
l 9348 9347
l 9349 9350
l 9342 9349
l 9348 9351
l 9352 9351
l 9350 9353
l 9352 9354
l 9355 9356
l 9353 9355
l 9354 9357
l 9358 9357
l 9356 9359
l 9358 9360
l 9359 9361
l 9360 9362
l 9361 9363
l 9364 9363
l 9365 9366
l 9362 9365
l 9367 9368
l 9369 9367
l 9370 9369
l 9371 9370
l 9372 9371
l 9373 9372
l 9374 9373
l 9375 9374
l 9364 9376
l 9366 9377
l 9378 9379
l 9380 9378
l 9381 9380
l 9382 9381
l 9383 9382
l 9384 9383
l 9385 9384
l 9386 9385
l 9387 9388
l 9389 9387
l 9368 9389
l 9375 9390
l 9391 9390
l 9376 9392
l 9377 9393
l 9394 9395
l 9379 9394
l 9386 9396
l 9397 9396
l 9398 9397
l 9399 9400
l 9401 9399
l 9388 9401
l 9391 9402
l 9403 9402
l 9404 9403
l 9405 9404
l 9406 9405
l 9407 9406
l 9408 9407
l 9409 9408
l 9410 9409
l 9392 9411
l 9393 9412
l 9413 9414
l 9415 9413
l 9416 9415
l 9417 9416
l 9418 9417
l 9419 9418
l 9420 9419
l 9421 9420
l 9395 9421
l 9398 9422
l 9423 9422
l 9424 9423
l 9400 9425
l 9410 9426
l 9411 9427
l 9412 9428
l 9414 9429
l 9424 9430
l 9431 9432
l 9425 9431
l 9426 9433
l 9427 9434
l 9428 9435
l 9429 9436
l 9430 9437
l 9438 9437
l 9432 9439
l 9440 9439
l 9433 9441
l 9434 9442
l 9435 9443
l 9436 9444
l 9445 9446
l 9438 9445
l 9440 9447
l 9441 9448
l 9442 9449
l 9443 9450
l 9444 9451
l 9446 9452
l 9447 9453
l 9448 9454
l 9449 9455
l 9450 9456
l 9451 9457
l 9452 9458
l 9453 9459
l 9460 9459
l 9454 9461
l 9462 9463
l 9455 9462
l 9456 9464
l 9465 9464
l 9457 9466
l 9467 9468
l 9458 9467
l 9460 9469
l 9461 9470
l 9463 9471
l 9465 9472
l 9466 9473
l 9468 9474
l 9469 9475
l 9476 9475
l 9477 9478
l 9470 9477
l 9471 9479
l 9480 9479
l 9481 9482
l 9472 9481
l 9473 9483
l 9484 9483
l 9485 9486
l 9474 9485
l 9476 9487
l 9478 9488
l 9480 9489
l 9490 9489
l 9491 9490
l 9492 9491
l 9493 9492
l 9494 9495
l 9496 9494
l 9497 9496
l 9498 9497
l 9482 9498
l 9484 9499
l 9486 9500
l 9487 9501
l 9502 9501
l 9503 9502
l 9504 9505
l 9506 9504
l 9488 9506
l 9493 9507
l 9508 9507
l 9509 9508
l 9510 9509
l 9511 9510
l 9512 9511
l 9495 9512
l 9499 9513
l 9514 9513
l 9515 9514
l 9516 9517
l 9518 9516
l 9500 9518
l 9503 9519
l 9520 9519
l 9521 9520
l 9522 9523
l 9524 9522
l 9525 9524
l 9505 9525
l 9515 9526
l 9527 9526
l 9528 9527
l 9529 9528
l 9530 9531
l 9532 9530
l 9517 9532
l 9521 9533
l 9534 9533
l 9535 9534
l 9536 9535
l 9537 9538
l 9539 9537
l 9540 9539
l 9541 9540
l 9523 9541
l 9529 9542
l 9543 9542
l 9544 9543
l 9545 9544
l 9546 9545
l 9547 9548
l 9549 9547
l 9550 9549
l 9531 9550
l 9536 9551
l 9538 9551
l 9546 9552
l 9548 9552
l 9553 9554
l 9555 9553
l 9556 9555
l 9557 9556
l 9558 9557
l 9559 9558
l 9560 9559
l 9561 9562
l 9563 9561
l 9564 9563
l 9554 9564
l 9560 9565
l 9566 9565
l 9567 9566
l 9568 9567
l 9569 9570
l 9562 9569
l 9568 9571
l 9572 9571
l 9573 9574
l 9570 9573
l 9572 9575
l 9576 9575
l 9574 9577
l 9576 9578
l 9577 9579
l 9578 9580
l 9579 9581
l 9580 9582
l 9583 9584
l 9585 9583
l 9586 9585
l 9587 9586
l 9588 9587
l 9589 9588
l 9581 9590
l 9582 9591
l 9592 9593
l 9594 9592
l 9595 9594
l 9596 9595
l 9597 9596
l 9598 9597
l 9599 9600
l 9601 9599
l 9602 9601
l 9584 9602
l 9589 9603
l 9604 9603
l 9590 9605
l 9606 9605
l 9607 9608
l 9591 9607
l 9609 9610
l 9593 9609
l 9598 9611
l 9612 9611
l 9613 9612
l 9614 9613
l 9615 9616
l 9617 9615
l 9600 9617
l 9604 9618
l 9619 9618
l 9620 9619
l 9606 9621
l 9608 9622
l 9623 9624
l 9625 9623
l 9610 9625
l 9614 9626
l 9627 9626
l 9628 9627
l 9629 9630
l 9616 9629
l 9620 9631
l 9632 9631
l 9633 9632
l 9634 9633
l 9635 9634
l 9636 9635
l 9637 9636
l 9638 9637
l 9621 9639
l 9622 9640
l 9641 9642
l 9643 9641
l 9644 9643
l 9645 9644
l 9646 9645
l 9647 9646
l 9648 9647
l 9624 9648
l 9628 9649
l 9650 9649
l 9651 9652
l 9630 9651
l 9638 9653
l 9639 9654
l 9640 9655
l 9642 9656
l 9650 9657
l 9658 9657
l 9652 9659
l 9653 9660
l 9654 9661
l 9655 9662
l 9656 9663
l 9658 9664
l 9659 9665
l 9666 9665
l 9660 9667
l 9661 9668
l 9662 9669
l 9663 9670
l 9671 9672
l 9664 9671
l 9666 9673
l 9667 9674
l 9668 9675
l 9669 9676
l 9670 9677
l 9672 9678
l 9673 9679
l 9680 9679
l 9674 9681
l 9675 9682
l 9676 9683
l 9677 9684
l 9685 9686
l 9678 9685
l 9680 9687
l 9681 9688
l 9689 9690
l 9682 9689
l 9683 9691
l 9692 9691
l 9684 9693
l 9686 9694
l 9687 9695
l 9688 9696
l 9690 9697
l 9692 9698
l 9693 9699
l 9694 9700
l 9695 9701
l 9702 9701
l 9696 9703
l 9697 9704
l 9705 9704
l 9706 9707
l 9698 9706
l 9699 9708
l 9709 9710
l 9700 9709
l 9702 9711
l 9712 9711
l 9713 9714
l 9703 9713
l 9705 9715
l 9716 9715
l 9717 9716
l 9718 9717
l 9719 9718
l 9720 9721
l 9722 9720
l 9723 9722
l 9724 9723
l 9707 9724
l 9708 9725
l 9726 9725
l 9727 9728
l 9710 9727
l 9712 9729
l 9730 9729
l 9731 9732
l 9733 9731
l 9714 9733
l 9719 9734
l 9735 9734
l 9736 9735
l 9737 9736
l 9738 9737
l 9739 9738
l 9721 9739
l 9726 9740
l 9741 9740
l 9742 9741
l 9743 9744
l 9728 9743
l 9730 9745
l 9746 9745
l 9747 9746
l 9748 9747
l 9749 9750
l 9751 9749
l 9752 9751
l 9732 9752
l 9742 9753
l 9754 9753
l 9755 9754
l 9756 9755
l 9757 9758
l 9759 9757
l 9760 9759
l 9744 9760
l 9748 9761
l 9762 9761
l 9763 9762
l 9764 9763
l 9765 9766
l 9767 9765
l 9768 9767
l 9769 9768
l 9750 9769
l 9756 9770
l 9771 9770
l 9772 9771
l 9773 9772
l 9774 9773
l 9775 9776
l 9777 9775
l 9778 9777
l 9758 9778
l 9764 9779
l 9766 9779
l 9774 9780
l 9776 9780
l 9781 9782
l 9783 9781
l 9784 9783
l 9785 9784
l 9786 9785
l 9787 9786
l 9788 9787
l 9789 9790
l 9791 9789
l 9792 9791
l 9782 9792
l 9788 9793
l 9794 9793
l 9795 9794
l 9796 9795
l 9797 9798
l 9799 9797
l 9790 9799
l 9796 9800
l 9801 9800
l 9802 9801
l 9798 9803
l 9802 9804
l 9805 9806
l 9803 9805
l 9804 9807
l 9808 9807
l 9806 9809
l 9810 9809
l 9811 9812
l 9808 9811
l 9813 9814
l 9815 9813
l 9816 9815
l 9817 9816
l 9818 9817
l 9810 9819
l 9812 9820
l 9821 9822
l 9823 9821
l 9824 9823
l 9825 9824
l 9826 9825
l 9827 9828
l 9829 9827
l 9830 9829
l 9814 9830
l 9818 9831
l 9832 9831
l 9819 9833
l 9820 9834
l 9835 9836
l 9822 9835
l 9826 9837
l 9838 9837
l 9839 9838
l 9840 9839
l 9841 9842
l 9843 9841
l 9828 9843
l 9832 9844
l 9845 9844
l 9833 9846
l 9847 9846
l 9848 9849
l 9834 9848
l 9850 9851
l 9836 9850
l 9840 9852
l 9853 9852
l 9854 9853
l 9855 9856
l 9857 9855
l 9858 9857
l 9842 9858
l 9845 9859
l 9860 9859
l 9847 9861
l 9849 9862
l 9863 9864
l 9851 9863
l 9854 9865
l 9866 9865
l 9867 9866
l 9868 9867
l 9869 9870
l 9856 9869
l 9860 9871
l 9872 9871
l 9873 9872
l 9874 9873
l 9875 9874
l 9876 9875
l 9877 9876
l 9861 9878
l 9862 9879
l 9880 9881
l 9882 9880
l 9883 9882
l 9884 9883
l 9885 9884
l 9886 9885
l 9864 9886
l 9868 9887
l 9888 9887
l 9870 9889
l 9877 9890
l 9891 9890
l 9878 9892
l 9879 9893
l 9894 9895
l 9881 9894
l 9888 9896
l 9889 9897
l 9891 9898
l 9892 9899
l 9893 9900
l 9895 9901
l 9896 9902
l 9897 9903
l 9904 9903
l 9898 9905
l 9899 9906
l 9900 9907
l 9901 9908
l 9909 9910
l 9902 9909
l 9904 9911
l 9905 9912
l 9906 9913
l 9907 9914
l 9908 9915
l 9910 9916
l 9911 9917
l 9918 9917
l 9912 9919
l 9913 9920
l 9914 9921
l 9915 9922
l 9923 9924
l 9916 9923
l 9918 9925
l 9919 9926
l 9920 9927
l 9921 9928
l 9922 9929
l 9924 9930
l 9925 9931
l 9932 9931
l 9926 9933
l 9927 9934
l 9928 9935
l 9929 9936
l 9937 9938
l 9930 9937
l 9932 9939
l 9933 9940
l 9934 9941
l 9935 9942
l 9936 9943
l 9938 9944
l 9939 9945
l 9946 9945
l 9947 9948
l 9940 9947
l 9941 9949
l 9950 9949
l 9951 9950
l 9952 9951
l 9953 9952
l 9954 9955
l 9956 9954
l 9957 9956
l 9958 9957
l 9942 9958
l 9943 9959
l 9960 9959
l 9961 9962
l 9944 9961
l 9946 9963
l 9964 9963
l 9965 9966
l 9967 9965
l 9948 9967
l 9953 9968
l 9969 9968
l 9970 9969
l 9971 9970
l 9972 9971
l 9973 9972
l 9955 9973
l 9960 9974
l 9975 9974
l 9976 9975
l 9977 9978
l 9962 9977
l 9964 9979
l 9980 9979
l 9981 9980
l 9982 9981
l 9983 9984
l 9985 9983
l 9986 9985
l 9966 9986
l 9976 9987
l 9988 9987
l 9989 9988
l 9990 9989
l 9991 9992
l 9993 9991
l 9994 9993
l 9978 9994
l 9982 9995
l 9996 9995
l 9997 9996
l 9998 9997
l 9999 9998
l 10000 9999
l 10001 10000
l 10002 10001
l 10003 10002
l 9984 10003
l 9990 10004
l 10005 10004
l 10006 10005
l 10007 10006
l 10008 10007
l 10009 10008
l 10010 10009
l 10011 10010
l 10012 10011
l 9992 10012
l 10013 10014
l 10015 10013
l 10016 10015
l 10017 10016
l 10018 10017
l 10019 10018
l 10020 10019
l 10021 10020
l 10022 10021
l 10023 10024
l 10025 10023
l 10014 10025
l 10022 10026
l 10027 10026
l 10028 10027
l 10029 10030
l 10031 10029
l 10024 10031
l 10028 10032
l 10033 10032
l 10034 10033
l 10035 10036
l 10030 10035
l 10034 10037
l 10038 10037
l 10036 10039
l 10038 10040
l 10041 10042
l 10043 10041
l 10044 10043
l 10039 10045
l 10040 10046
l 10047 10048
l 10049 10047
l 10050 10049
l 10051 10052
l 10053 10051
l 10054 10053
l 10042 10054
l 10044 10055
l 10056 10055
l 10057 10056
l 10045 10058
l 10059 10058
l 10060 10061
l 10046 10060
l 10062 10063
l 10064 10062
l 10048 10064
l 10050 10065
l 10066 10065
l 10067 10066
l 10068 10067
l 10069 10070
l 10071 10069
l 10072 10071
l 10052 10072
l 10057 10073
l 10074 10073
l 10059 10075
l 10061 10076
l 10077 10078
l 10063 10077
l 10068 10079
l 10080 10079
l 10081 10080
l 10082 10081
l 10083 10084
l 10085 10083
l 10070 10085
l 10074 10086
l 10087 10086
l 10075 10088
l 10076 10089
l 10090 10091
l 10078 10090
l 10082 10092
l 10093 10092
l 10094 10093
l 10095 10096
l 10097 10095
l 10084 10097
l 10087 10098
l 10099 10098
l 10088 10100
l 10101 10100
l 10102 10103
l 10089 10102
l 10104 10105
l 10091 10104
l 10094 10106
l 10107 10106
l 10108 10107
l 10109 10110
l 10096 10109
l 10099 10111
l 10112 10111
l 10113 10112
l 10114 10113
l 10115 10114
l 10116 10115
l 10101 10117
l 10103 10118
l 10119 10120
l 10121 10119
l 10122 10121
l 10123 10122
l 10124 10123
l 10105 10124
l 10108 10125
l 10126 10125
l 10110 10127
l 10116 10128
l 10129 10128
l 10117 10130
l 10118 10131
l 10132 10133
l 10120 10132
l 10126 10134
l 10127 10135
l 10129 10136
l 10130 10137
l 10131 10138
l 10133 10139
l 10134 10140
l 10135 10141
l 10142 10141
l 10136 10143
l 10137 10144
l 10138 10145
l 10139 10146
l 10147 10148
l 10140 10147
l 10142 10149
l 10143 10150
l 10144 10151
l 10145 10152
l 10146 10153
l 10148 10154
l 10149 10155
l 10156 10155
l 10150 10157
l 10151 10158
l 10152 10159
l 10153 10160
l 10161 10162
l 10154 10161
l 10156 10163
l 10164 10163
l 10157 10165
l 10158 10166
l 10159 10167
l 10160 10168
l 10169 10170
l 10162 10169
l 10164 10171
l 10165 10172
l 10166 10173
l 10167 10174
l 10168 10175
l 10170 10176
l 10171 10177
l 10178 10177
l 10172 10179
l 10173 10180
l 10174 10181
l 10175 10182
l 10183 10184
l 10176 10183
l 10178 10185
l 10186 10185
l 10187 10188
l 10179 10187
l 10180 10189
l 10190 10189
l 10191 10190
l 10192 10191
l 10193 10192
l 10194 10195
l 10196 10194
l 10197 10196
l 10198 10197
l 10181 10198
l 10182 10199
l 10200 10199
l 10201 10202
l 10184 10201
l 10186 10203
l 10204 10205
l 10188 10204
l 10193 10206
l 10207 10206
l 10208 10207
l 10209 10208
l 10210 10209
l 10211 10210
l 10195 10211
l 10200 10212
l 10213 10212
l 10202 10214
l 10203 10215
l 10216 10215
l 10217 10216
l 10218 10217
l 10219 10220
l 10221 10219
l 10222 10221
l 10223 10222
l 10205 10223
l 10213 10224
l 10225 10224
l 10226 10225
l 10227 10226
l 10228 10227
l 10229 10230
l 10231 10229
l 10232 10231
l 10214 10232
l 10218 10233
l 10234 10233
l 10235 10234
l 10236 10235
l 10237 10236
l 10238 10239
l 10240 10238
l 10241 10240
l 10242 10241
l 10220 10242
l 10228 10243
l 10244 10243
l 10245 10244
l 10246 10245
l 10247 10246
l 10248 10249
l 10250 10248
l 10251 10250
l 10252 10251
l 10230 10252
l 10237 10253
l 10254 10253
l 10239 10254
l 10247 10255
l 10256 10255
l 10249 10256
l 10257 10258
l 10259 10257
l 10260 10259
l 10261 10260
l 10262 10261
l 10263 10262
l 10264 10263
l 10265 10264
l 10266 10265
l 10267 10268
l 10269 10267
l 10270 10269
l 10258 10270
l 10266 10271
l 10272 10271
l 10273 10272
l 10274 10273
l 10275 10276
l 10277 10275
l 10268 10277
l 10274 10278
l 10279 10278
l 10280 10279
l 10276 10281
l 10280 10282
l 10281 10283
l 10282 10284
l 10285 10286
l 10287 10285
l 10288 10287
l 10289 10288
l 10290 10289
l 10291 10290
l 10283 10292
l 10284 10293
l 10294 10295
l 10296 10294
l 10297 10296
l 10298 10297
l 10299 10298
l 10300 10299
l 10301 10302
l 10303 10301
l 10304 10303
l 10286 10304
l 10291 10305
l 10306 10305
l 10292 10307
l 10293 10308
l 10309 10310
l 10295 10309
l 10300 10311
l 10312 10311
l 10313 10312
l 10314 10313
l 10315 10316
l 10317 10315
l 10302 10317
l 10306 10318
l 10319 10318
l 10307 10320
l 10321 10320
l 10322 10323
l 10308 10322
l 10324 10325
l 10310 10324
l 10314 10326
l 10327 10326
l 10328 10327
l 10329 10330
l 10331 10329
l 10332 10331
l 10316 10332
l 10319 10333
l 10334 10333
l 10321 10335
l 10323 10336
l 10337 10338
l 10325 10337
l 10328 10339
l 10340 10339
l 10341 10340
l 10342 10341
l 10343 10344
l 10345 10343
l 10330 10345
l 10334 10346
l 10347 10346
l 10335 10348
l 10349 10348
l 10350 10351
l 10336 10350
l 10352 10353
l 10338 10352
l 10342 10354
l 10355 10354
l 10356 10355
l 10344 10357
l 10347 10358
l 10359 10358
l 10360 10359
l 10361 10360
l 10362 10361
l 10363 10362
l 10349 10364
l 10351 10365
l 10366 10367
l 10368 10366
l 10369 10368
l 10370 10369
l 10371 10370
l 10353 10371
l 10356 10372
l 10357 10373
l 10363 10374
l 10364 10375
l 10365 10376
l 10367 10377
l 10372 10378
l 10373 10379
l 10374 10380
l 10375 10381
l 10376 10382
l 10377 10383
l 10378 10384
l 10379 10385
l 10386 10385
l 10380 10387
l 10381 10388
l 10382 10389
l 10383 10390
l 10391 10392
l 10384 10391
l 10386 10393
l 10394 10393
l 10387 10395
l 10388 10396
l 10389 10397
l 10390 10398
l 10399 10400
l 10392 10399
l 10394 10401
l 10395 10402
l 10396 10403
l 10397 10404
l 10398 10405
l 10400 10406
l 10401 10407
l 10408 10407
l 10402 10409
l 10403 10410
l 10404 10411
l 10405 10412
l 10413 10414
l 10406 10413
l 10408 10415
l 10416 10415
l 10409 10417
l 10410 10418
l 10411 10419
l 10412 10420
l 10421 10422
l 10414 10421
l 10416 10423
l 10417 10424
l 10418 10425
l 10419 10426
l 10420 10427
l 10422 10428
l 10423 10429
l 10430 10429
l 10431 10432
l 10424 10431
l 10425 10433
l 10434 10433
l 10435 10434
l 10436 10435
l 10437 10436
l 10438 10439
l 10440 10438
l 10441 10440
l 10442 10441
l 10426 10442
l 10427 10443
l 10444 10443
l 10445 10446
l 10428 10445
l 10430 10447
l 10448 10447
l 10449 10450
l 10432 10449
l 10437 10451
l 10452 10451
l 10453 10452
l 10454 10453
l 10455 10454
l 10456 10455
l 10439 10456
l 10444 10457
l 10458 10457
l 10459 10460
l 10446 10459
l 10448 10461
l 10462 10461
l 10463 10464
l 10465 10463
l 10466 10465
l 10467 10466
l 10450 10467
l 10458 10468
l 10469 10468
l 10470 10469
l 10471 10470
l 10472 10471
l 10473 10474
l 10460 10473
l 10462 10475
l 10476 10475
l 10477 10476
l 10478 10477
l 10479 10478
l 10480 10479
l 10481 10480
l 10482 10483
l 10484 10482
l 10485 10484
l 10486 10485
l 10464 10486
l 10472 10487
l 10488 10487
l 10489 10488
l 10490 10489
l 10491 10490
l 10492 10493
l 10494 10492
l 10495 10494
l 10496 10495
l 10497 10496
l 10498 10497
l 10474 10498
l 10481 10499
l 10500 10499
l 10483 10500
l 10491 10501
l 10502 10501
l 10493 10502
l 10503 10504
l 10505 10503
l 10506 10505
l 10507 10506
l 10508 10507
l 10509 10508
l 10510 10509
l 10511 10510
l 10512 10511
l 10513 10514
l 10515 10513
l 10516 10515
l 10517 10516
l 10504 10517
l 10512 10518
l 10519 10518
l 10520 10519
l 10521 10520
l 10522 10521
l 10523 10524
l 10514 10523
l 10522 10525
l 10526 10525
l 10527 10528
l 10524 10527
l 10526 10529
l 10530 10529
l 10531 10532
l 10533 10531
l 10534 10533
l 10528 10535
l 10536 10535
l 10537 10538
l 10530 10537
l 10539 10540
l 10541 10539
l 10542 10541
l 10543 10544
l 10545 10543
l 10546 10545
l 10532 10546
l 10534 10547
l 10548 10547
l 10549 10548
l 10536 10550
l 10538 10551
l 10552 10553
l 10554 10552
l 10540 10554
l 10542 10555
l 10556 10555
l 10557 10556
l 10558 10557
l 10559 10560
l 10561 10559
l 10562 10561
l 10544 10562
l 10549 10563
l 10564 10563
l 10550 10565
l 10551 10566
l 10567 10568
l 10553 10567
l 10558 10569
l 10570 10569
l 10571 10570
l 10572 10571
l 10573 10574
l 10575 10573
l 10576 10575
l 10560 10576
l 10564 10577
l 10578 10577
l 10565 10579
l 10580 10579
l 10581 10582
l 10566 10581
l 10583 10584
l 10568 10583
l 10572 10585
l 10586 10585
l 10587 10586
l 10588 10587
l 10589 10590
l 10591 10589
l 10592 10591
l 10574 10592
l 10578 10593
l 10594 10593
l 10580 10595
l 10582 10596
l 10597 10598
l 10584 10597
l 10588 10599
l 10600 10599
l 10601 10600
l 10602 10601
l 10603 10604
l 10590 10603
l 10594 10605
l 10606 10605
l 10595 10607
l 10608 10607
l 10609 10610
l 10596 10609
l 10611 10612
l 10598 10611
l 10602 10613
l 10614 10613
l 10604 10615
l 10606 10616
l 10617 10616
l 10618 10617
l 10619 10618
l 10620 10619
l 10608 10621
l 10610 10622
l 10623 10624
l 10625 10623
l 10626 10625
l 10627 10626
l 10612 10627
l 10614 10628
l 10615 10629
l 10620 10630
l 10621 10631
l 10622 10632
l 10624 10633
l 10628 10634
l 10629 10635
l 10636 10635
l 10630 10637
l 10638 10637
l 10631 10639
l 10632 10640
l 10641 10642
l 10633 10641
l 10643 10644
l 10634 10643
l 10636 10645
l 10638 10646
l 10639 10647
l 10640 10648
l 10642 10649
l 10644 10650
l 10645 10651
l 10652 10651
l 10646 10653
l 10647 10654
l 10648 10655
l 10649 10656
l 10657 10658
l 10650 10657
l 10652 10659
l 10660 10659
l 10653 10661
l 10654 10662
l 10655 10663
l 10656 10664
l 10665 10666
l 10658 10665
l 10660 10667
l 10661 10668
l 10662 10669
l 10663 10670
l 10664 10671
l 10666 10672
l 10667 10673
l 10674 10673
l 10668 10675
l 10669 10676
l 10670 10677
l 10671 10678
l 10679 10680
l 10672 10679
l 10674 10681
l 10682 10681
l 10675 10683
l 10676 10684
l 10685 10684
l 10686 10687
l 10677 10686
l 10678 10688
l 10689 10690
l 10680 10689
l 10682 10691
l 10692 10691
l 10693 10694
l 10683 10693
l 10685 10695
l 10696 10695
l 10697 10696
l 10698 10697
l 10699 10700
l 10701 10699
l 10702 10701
l 10687 10702
l 10688 10703
l 10704 10703
l 10705 10706
l 10690 10705
l 10692 10707
l 10708 10709
l 10694 10708
l 10698 10710
l 10711 10710
l 10712 10711
l 10713 10712
l 10714 10713
l 10715 10714
l 10700 10715
l 10704 10716
l 10717 10716
l 10706 10718
l 10707 10719
l 10720 10719
l 10721 10720
l 10722 10723
l 10724 10722
l 10725 10724
l 10709 10725
l 10717 10726
l 10727 10726
l 10728 10727
l 10729 10728
l 10730 10731
l 10732 10730
l 10718 10732
l 10721 10733
l 10734 10733
l 10735 10734
l 10736 10735
l 10737 10736
l 10738 10737
l 10739 10738
l 10740 10741
l 10742 10740
l 10743 10742
l 10744 10743
l 10745 10744
l 10723 10745
l 10729 10746
l 10747 10746
l 10748 10747
l 10749 10748
l 10750 10749
l 10751 10750
l 10752 10753
l 10754 10752
l 10755 10754
l 10756 10755
l 10757 10756
l 10758 10757
l 10731 10758
l 10739 10759
l 10760 10759
l 10741 10760
l 10751 10761
l 10762 10761
l 10753 10762
l 10763 10764
l 10765 10763
l 10766 10765
l 10767 10766
l 10768 10767
l 10769 10768
l 10770 10769
l 10771 10770
l 10772 10771
l 10773 10772
l 10774 10773
l 10775 10776
l 10777 10775
l 10778 10777
l 10779 10778
l 10764 10779
l 10774 10780
l 10781 10780
l 10782 10781
l 10783 10782
l 10784 10783
l 10785 10786
l 10776 10785
l 10784 10787
l 10788 10787
l 10786 10789
l 10788 10790
l 10791 10792
l 10793 10791
l 10794 10793
l 10795 10794
l 10796 10795
l 10789 10797
l 10790 10798
l 10799 10800
l 10801 10799
l 10802 10801
l 10803 10802
l 10804 10803
l 10805 10806
l 10807 10805
l 10808 10807
l 10809 10808
l 10792 10809
l 10796 10810
l 10811 10810
l 10797 10812
l 10813 10812
l 10814 10815
l 10798 10814
l 10816 10817
l 10800 10816
l 10804 10818
l 10819 10818
l 10820 10819
l 10821 10820
l 10822 10821
l 10823 10824
l 10825 10823
l 10826 10825
l 10806 10826
l 10811 10827
l 10828 10827
l 10813 10829
l 10815 10830
l 10831 10832
l 10817 10831
l 10822 10833
l 10834 10833
l 10835 10834
l 10836 10835
l 10837 10838
l 10839 10837
l 10840 10839
l 10824 10840
l 10828 10841
l 10842 10841
l 10829 10843
l 10830 10844
l 10845 10846
l 10832 10845
l 10836 10847
l 10848 10847
l 10849 10848
l 10850 10849
l 10851 10852
l 10853 10851
l 10838 10853
l 10842 10854
l 10855 10854
l 10843 10856
l 10857 10856
l 10858 10859
l 10844 10858
l 10860 10861
l 10846 10860
l 10850 10862
l 10863 10862
l 10864 10863
l 10865 10866
l 10852 10865
l 10855 10867
l 10868 10867
l 10857 10869
l 10859 10870
l 10871 10872
l 10861 10871
l 10864 10873
l 10874 10873
l 10866 10875
l 10868 10876
l 10877 10876
l 10878 10877
l 10879 10878
l 10880 10879
l 10869 10881
l 10882 10881
l 10883 10884
l 10870 10883
l 10885 10886
l 10887 10885
l 10888 10887
l 10889 10888
l 10872 10889
l 10874 10890
l 10875 10891
l 10880 10892
l 10882 10893
l 10884 10894
l 10886 10895
l 10890 10896
l 10891 10897
l 10898 10897
l 10892 10899
l 10893 10900
l 10894 10901
l 10895 10902
l 10903 10904
l 10896 10903
l 10898 10905
l 10906 10905
l 10899 10907
l 10908 10907
l 10900 10909
l 10901 10910
l 10911 10912
l 10902 10911
l 10913 10914
l 10904 10913
l 10906 10915
l 10908 10916
l 10909 10917
l 10910 10918
l 10912 10919
l 10914 10920
l 10915 10921
l 10922 10921
l 10916 10923
l 10917 10924
l 10918 10925
l 10919 10926
l 10927 10928
l 10920 10927
l 10922 10929
l 10930 10929
l 10923 10931
l 10924 10932
l 10925 10933
l 10926 10934
l 10935 10936
l 10928 10935
l 10930 10937
l 10938 10937
l 10931 10939
l 10932 10940
l 10933 10941
l 10934 10942
l 10943 10944
l 10936 10943
l 10938 10945
l 10939 10946
l 10940 10947
l 10948 10947
l 10949 10950
l 10941 10949
l 10942 10951
l 10944 10952
l 10945 10953
l 10954 10953
l 10955 10956
l 10946 10955
l 10948 10957
l 10958 10957
l 10959 10958
l 10960 10959
l 10961 10960
l 10962 10963
l 10964 10962
l 10965 10964
l 10966 10965
l 10950 10966
l 10951 10967
l 10968 10967
l 10969 10970
l 10952 10969
l 10954 10971
l 10972 10971
l 10973 10974
l 10956 10973
l 10961 10975
l 10976 10975
l 10977 10976
l 10978 10977
l 10963 10978
l 10968 10979
l 10980 10979
l 10981 10982
l 10970 10981
l 10972 10983
l 10984 10983
l 10985 10986
l 10987 10985
l 10988 10987
l 10974 10988
l 10980 10989
l 10990 10989
l 10991 10990
l 10992 10991
l 10993 10994
l 10982 10993
l 10984 10995
l 10996 10995
l 10997 10996
l 10998 10997
l 10999 10998
l 11000 10999
l 11001 11000
l 11002 11003
l 11004 11002
l 11005 11004
l 11006 11005
l 11007 11006
l 10986 11007
l 10992 11008
l 11009 11008
l 11010 11009
l 11011 11010
l 11012 11011
l 11013 11012
l 11014 11015
l 11016 11014
l 11017 11016
l 11018 11017
l 11019 11018
l 11020 11019
l 10994 11020
l 11001 11021
l 11022 11021
l 11023 11022
l 11003 11023
l 11013 11024
l 11025 11024
l 11026 11025
l 11015 11026
l 11027 11028
l 11029 11027
l 11030 11029
l 11031 11030
l 11032 11031
l 11033 11032
l 11034 11033
l 11035 11034
l 11036 11035
l 11037 11036
l 11038 11037
l 11039 11040
l 11041 11039
l 11042 11041
l 11043 11042
l 11028 11043
l 11038 11044
l 11045 11044
l 11046 11045
l 11047 11046
l 11048 11047
l 11049 11050
l 11040 11049
l 11048 11051
l 11052 11051
l 11053 11054
l 11055 11053
l 11050 11056
l 11052 11057
l 11058 11059
l 11060 11058
l 11061 11062
l 11063 11061
l 11064 11063
l 11065 11064
l 11054 11065
l 11055 11066
l 11067 11066
l 11068 11067
l 11056 11069
l 11057 11070
l 11071 11072
l 11073 11071
l 11059 11073
l 11060 11074
l 11075 11074
l 11076 11075
l 11077 11076
l 11078 11077
l 11079 11080
l 11081 11079
l 11082 11081
l 11062 11082
l 11068 11083
l 11084 11083
l 11069 11085
l 11070 11086
l 11087 11088
l 11072 11087
l 11078 11089
l 11090 11089
l 11091 11090
l 11092 11091
l 11093 11094
l 11095 11093
l 11096 11095
l 11080 11096
l 11084 11097
l 11098 11097
l 11085 11099
l 11100 11099
l 11101 11102
l 11086 11101
l 11103 11104
l 11088 11103
l 11092 11105
l 11106 11105
l 11107 11106
l 11108 11107
l 11109 11110
l 11111 11109
l 11112 11111
l 11094 11112
l 11098 11113
l 11100 11114
l 11102 11115
l 11104 11116
l 11108 11117
l 11118 11117
l 11119 11118
l 11120 11119
l 11121 11122
l 11123 11121
l 11110 11123
l 11113 11124
l 11125 11124
l 11114 11126
l 11127 11126
l 11128 11129
l 11115 11128
l 11130 11131
l 11116 11130
l 11120 11132
l 11133 11132
l 11134 11133
l 11135 11136
l 11122 11135
l 11125 11137
l 11138 11137
l 11127 11139
l 11129 11140
l 11141 11142
l 11131 11141
l 11134 11143
l 11144 11143
l 11136 11145
l 11138 11146
l 11147 11146
l 11148 11147
l 11149 11148
l 11150 11149
l 11139 11151
l 11152 11151
l 11153 11154
l 11140 11153
l 11155 11156
l 11157 11155
l 11158 11157
l 11159 11158
l 11142 11159
l 11144 11160
l 11145 11161
l 11162 11161
l 11150 11163
l 11152 11164
l 11154 11165
l 11156 11166
l 11167 11168
l 11160 11167
l 11162 11169
l 11163 11170
l 11164 11171
l 11165 11172
l 11166 11173
l 11168 11174
l 11169 11175
l 11176 11175
l 11170 11177
l 11178 11177
l 11171 11179
l 11172 11180
l 11181 11182
l 11173 11181
l 11183 11184
l 11174 11183
l 11176 11185
l 11186 11185
l 11178 11187
l 11179 11188
l 11180 11189
l 11182 11190
l 11191 11192
l 11184 11191
l 11186 11193
l 11194 11193
l 11187 11195
l 11188 11196
l 11189 11197
l 11190 11198
l 11199 11200
l 11192 11199
l 11194 11201
l 11195 11202
l 11196 11203
l 11197 11204
l 11198 11205
l 11200 11206
l 11201 11207
l 11208 11207
l 11202 11209
l 11203 11210
l 11204 11211
l 11205 11212
l 11213 11214
l 11206 11213
l 11208 11215
l 11216 11215
l 11209 11217
l 11210 11218
l 11219 11218
l 11220 11221
l 11211 11220
l 11212 11222
l 11223 11224
l 11214 11223
l 11216 11225
l 11226 11225
l 11227 11228
l 11217 11227
l 11219 11229
l 11230 11229
l 11231 11230
l 11232 11231
l 11233 11232
l 11234 11235
l 11236 11234
l 11237 11236
l 11238 11237
l 11221 11238
l 11222 11239
l 11240 11239
l 11241 11242
l 11224 11241
l 11226 11243
l 11244 11243
l 11245 11246
l 11228 11245
l 11233 11247
l 11248 11247
l 11249 11248
l 11250 11249
l 11235 11250
l 11240 11251
l 11252 11251
l 11253 11254
l 11242 11253
l 11244 11255
l 11256 11255
l 11257 11258
l 11259 11257
l 11260 11259
l 11246 11260
l 11252 11261
l 11262 11261
l 11263 11262
l 11264 11263
l 11265 11266
l 11254 11265
l 11256 11267
l 11268 11267
l 11269 11268
l 11270 11269
l 11271 11270
l 11272 11271
l 11273 11274
l 11275 11273
l 11276 11275
l 11277 11276
l 11278 11277
l 11258 11278
l 11264 11279
l 11280 11279
l 11281 11280
l 11282 11281
l 11283 11282
l 11284 11283
l 11285 11286
l 11287 11285
l 11288 11287
l 11289 11288
l 11290 11289
l 11266 11290
l 11272 11291
l 11292 11291
l 11293 11292
l 11294 11293
l 11274 11294
l 11284 11295
l 11296 11295
l 11297 11296
l 11298 11297
l 11286 11298
l 11299 11300
l 11301 11299
l 11302 11301
l 11303 11302
l 11304 11303
l 11305 11304
l 11306 11305
l 11307 11306
l 11308 11307
l 11309 11308
l 11310 11309
l 11311 11310
l 11312 11311
l 11313 11314
l 11315 11313
l 11316 11315
l 11317 11316
l 11300 11317
l 11312 11318
l 11319 11318
l 11320 11319
l 11321 11320
l 11322 11321
l 11314 11323
l 11322 11324
l 11325 11326
l 11327 11325
l 11328 11327
l 11329 11328
l 11330 11329
l 11323 11331
l 11324 11332
l 11333 11334
l 11335 11333
l 11336 11335
l 11337 11336
l 11338 11337
l 11339 11340
l 11341 11339
l 11342 11341
l 11326 11342
l 11330 11343
l 11344 11343
l 11331 11345
l 11332 11346
l 11347 11348
l 11334 11347
l 11338 11349
l 11350 11349
l 11351 11350
l 11352 11351
l 11353 11354
l 11355 11353
l 11356 11355
l 11340 11356
l 11344 11357
l 11358 11357
l 11345 11359
l 11346 11360
l 11361 11362
l 11348 11361
l 11352 11363
l 11364 11363
l 11365 11364
l 11366 11365
l 11368 11367
l 11369 11368
l 11370 11369
l 11354 11370
l 11358 11371
l 11372 11371
l 11359 11373
l 11374 11373
l 11375 11376
l 11360 11375
l 11377 11378
l 11362 11377
l 11366 11379
l 11380 11379
l 11381 11380
l 11382 11381
l 11383 11384
l 11385 11383
l 11386 11385
l 11367 11386
l 11372 11387
l 11388 11387
l 11374 11389
l 11376 11390
l 11391 11392
l 11378 11391
l 11382 11393
l 11394 11393
l 11395 11394
l 11396 11395
l 11397 11398
l 11384 11397
l 11388 11399
l 11389 11400
l 11401 11400
l 11402 11403
l 11390 11402
l 11392 11404
l 11396 11405
l 11406 11405
l 11407 11408
l 11398 11407
l 11399 11409
l 11410 11409
l 11411 11410
l 11401 11412
l 11403 11413
l 11414 11415
l 11416 11414
l 11404 11416
l 11406 11417
l 11418 11417
l 11408 11419
l 11411 11420
l 11421 11420
l 11422 11421
l 11412 11423
l 11424 11423
l 11425 11426
l 11413 11425
l 11427 11428
l 11429 11427
l 11415 11429
l 11418 11430
l 11419 11431
l 11422 11432
l 11433 11432
l 11424 11434
l 11426 11435
l 11436 11437
l 11428 11436
l 11430 11438
l 11431 11439
l 11440 11439
l 11433 11441
l 11434 11442
l 11435 11443
l 11437 11444
l 11445 11446
l 11438 11445
l 11440 11447
l 11448 11447
l 11441 11449
l 11450 11449
l 11442 11451
l 11443 11452
l 11453 11454
l 11444 11453
l 11455 11456
l 11446 11455
l 11448 11457
l 11450 11458
l 11451 11459
l 11452 11460
l 11454 11461
l 11456 11462
l 11457 11463
l 11464 11463
l 11458 11465
l 11459 11466
l 11460 11467
l 11461 11468
l 11469 11470
l 11462 11469
l 11464 11471
l 11472 11471
l 11465 11473
l 11466 11474
l 11467 11475
l 11468 11476
l 11477 11478
l 11470 11477
l 11472 11479
l 11480 11479
l 11473 11481
l 11474 11482
l 11475 11483
l 11476 11484
l 11485 11486
l 11478 11485
l 11480 11487
l 11488 11487
l 11481 11489
l 11482 11490
l 11491 11490
l 11492 11493
l 11483 11492
l 11484 11494
l 11495 11496
l 11486 11495
l 11488 11497
l 11489 11498
l 11491 11499
l 11500 11499
l 11501 11500
l 11502 11501
l 11503 11502
l 11504 11505
l 11506 11504
l 11507 11506
l 11508 11507
l 11493 11508
l 11494 11509
l 11496 11510
l 11497 11511
l 11512 11511
l 11513 11514
l 11515 11513
l 11498 11515
l 11503 11516
l 11517 11516
l 11518 11517
l 11519 11518
l 11505 11519
l 11509 11520
l 11521 11520
l 11522 11521
l 11523 11524
l 11510 11523
l 11512 11525
l 11526 11525
l 11527 11528
l 11529 11527
l 11530 11529
l 11514 11530
l 11522 11531
l 11532 11531
l 11533 11532
l 11534 11533
l 11535 11536
l 11524 11535
l 11526 11537
l 11538 11537
l 11539 11538
l 11540 11541
l 11542 11540
l 11543 11542
l 11544 11543
l 11545 11544
l 11528 11545
l 11534 11546
l 11547 11546
l 11548 11547
l 11549 11548
l 11550 11549
l 11551 11550
l 11552 11553
l 11554 11552
l 11536 11554
l 11539 11555
l 11556 11555
l 11557 11556
l 11558 11557
l 11559 11558
l 11560 11559
l 11561 11560
l 11562 11561
l 11541 11562
l 11551 11563
l 11564 11563
l 11565 11564
l 11566 11565
l 11567 11566
l 11568 11567
l 11569 11568
l 11570 11569
l 11553 11570
l 11571 11572
l 11573 11571
l 11574 11573
l 11575 11574
l 11576 11575
l 11577 11576
l 11578 11577
l 11579 11578
l 11580 11579
l 11581 11580
l 11582 11581
l 11583 11582
l 11584 11583
l 11585 11584
l 11586 11585
l 11587 11588
l 11589 11587
l 11590 11589
l 11572 11590
l 11586 11591
l 11592 11591
l 11593 11592
l 11594 11593
l 11595 11596
l 11588 11595
l 11594 11597
l 11598 11597
l 11599 11600
l 11601 11599
l 11602 11601
l 11603 11602
l 11604 11603
l 11605 11604
l 11606 11605
l 11596 11607
l 11608 11607
l 11609 11610
l 11598 11609
l 11611 11612
l 11613 11611
l 11614 11613
l 11615 11614
l 11616 11615
l 11617 11616
l 11618 11617
l 11619 11620
l 11621 11619
l 11622 11621
l 11600 11622
l 11606 11623
l 11624 11623
l 11608 11625
l 11610 11626
l 11627 11628
l 11612 11627
l 11618 11629
l 11630 11629
l 11631 11630
l 11632 11631
l 11633 11634
l 11635 11633
l 11636 11635
l 11620 11636
l 11624 11637
l 11625 11638
l 11626 11639
l 11628 11640
l 11632 11641
l 11642 11641
l 11643 11642
l 11644 11643
l 11645 11646
l 11647 11645
l 11648 11647
l 11649 11648
l 11634 11649
l 11637 11650
l 11651 11650
l 11638 11652
l 11653 11652
l 11654 11655
l 11639 11654
l 11656 11657
l 11640 11656
l 11644 11658
l 11659 11658
l 11660 11659
l 11661 11660
l 11662 11661
l 11663 11664
l 11665 11663
l 11666 11665
l 11646 11666
l 11651 11667
l 11668 11667
l 11653 11669
l 11655 11670
l 11671 11672
l 11657 11671
l 11662 11673
l 11674 11673
l 11675 11674
l 11676 11675
l 11677 11678
l 11664 11677
l 11668 11679
l 11680 11679
l 11669 11681
l 11682 11681
l 11683 11684
l 11670 11683
l 11685 11686
l 11672 11685
l 11676 11687
l 11688 11687
l 11689 11690
l 11678 11689
l 11680 11691
l 11692 11691
l 11682 11693
l 11684 11694
l 11695 11696
l 11686 11695
l 11688 11697
l 11698 11697
l 11690 11699
l 11700 11699
l 11692 11701
l 11702 11701
l 11703 11702
l 11693 11704
l 11705 11704
l 11706 11707
l 11694 11706
l 11708 11709
l 11710 11708
l 11696 11710
l 11711 11712
l 11698 11711
l 11700 11713
l 11714 11713
l 11703 11715
l 11716 11715
l 11705 11717
l 11707 11718
l 11719 11720
l 11709 11719
l 11721 11722
l 11712 11721
l 11714 11723
l 11716 11724
l 11717 11725
l 11718 11726
l 11720 11727
l 11722 11728
l 11723 11729
l 11730 11729
l 11724 11731
l 11725 11732
l 11726 11733
l 11727 11734
l 11735 11736
l 11728 11735
l 11730 11737
l 11738 11737
l 11731 11739
l 11740 11739
l 11732 11741
l 11733 11742
l 11743 11744
l 11734 11743
l 11745 11746
l 11736 11745
l 11738 11747
l 11748 11747
l 11740 11749
l 11741 11750
l 11742 11751
l 11744 11752
l 11753 11754
l 11746 11753
l 11748 11755
l 11756 11755
l 11749 11757
l 11750 11758
l 11751 11759
l 11752 11760
l 11761 11762
l 11754 11761
l 11756 11763
l 11757 11764
l 11758 11765
l 11759 11766
l 11760 11767
l 11762 11768
l 11763 11769
l 11770 11769
l 11764 11771
l 11765 11772
l 11773 11772
l 11774 11773
l 11775 11776
l 11777 11775
l 11766 11777
l 11767 11778
l 11779 11780
l 11768 11779
l 11770 11781
l 11782 11781
l 11771 11783
l 11774 11784
l 11785 11784
l 11786 11785
l 11787 11786
l 11788 11789
l 11790 11788
l 11791 11790
l 11776 11791
l 11778 11792
l 11793 11794
l 11780 11793
l 11782 11795
l 11796 11795
l 11797 11798
l 11799 11797
l 11783 11799
l 11787 11800
l 11801 11800
l 11802 11801
l 11803 11802
l 11789 11803
l 11792 11804
l 11805 11804
l 11806 11805
l 11807 11808
l 11794 11807
l 11796 11809
l 11810 11809
l 11811 11812
l 11813 11811
l 11814 11813
l 11798 11814
l 11806 11815
l 11816 11815
l 11817 11816
l 11818 11817
l 11819 11820
l 11808 11819
l 11810 11821
l 11822 11821
l 11823 11822
l 11824 11825
l 11826 11824
l 11827 11826
l 11828 11827
l 11829 11828
l 11812 11829
l 11818 11830
l 11831 11830
l 11832 11831
l 11833 11832
l 11834 11833
l 11835 11834
l 11836 11837
l 11838 11836
l 11820 11838
l 11823 11839
l 11840 11839
l 11841 11840
l 11842 11841
l 11843 11842
l 11844 11843
l 11845 11844
l 11846 11845
l 11825 11846
l 11835 11847
l 11848 11847
l 11849 11848
l 11850 11849
l 11851 11850
l 11852 11851
l 11853 11852
l 11854 11853
l 11837 11854
l 11855 11856
l 11857 11855
l 11858 11857
l 11859 11858
l 11860 11859
l 11861 11860
l 11862 11861
l 11863 11862
l 11864 11863
l 11865 11864
l 11866 11865
l 11867 11866
l 11868 11867
l 11869 11868
l 11870 11869
l 11871 11870
l 11872 11871
l 11873 11874
l 11875 11873
l 11876 11875
l 11856 11876
l 11872 11877
l 11878 11877
l 11879 11878
l 11880 11879
l 11881 11882
l 11883 11881
l 11874 11884
l 11880 11885
l 11886 11887
l 11888 11886
l 11889 11890
l 11891 11889
l 11892 11891
l 11893 11892
l 11882 11893
l 11883 11894
l 11895 11894
l 11896 11895
l 11884 11897
l 11885 11898
l 11899 11900
l 11901 11899
l 11887 11901
l 11888 11902
l 11903 11902
l 11904 11903
l 11905 11904
l 11906 11905
l 11907 11908
l 11909 11907
l 11910 11909
l 11890 11910
l 11896 11911
l 11912 11911
l 11897 11913
l 11914 11913
l 11915 11916
l 11898 11915
l 11917 11918
l 11900 11917
l 11906 11919
l 11920 11919
l 11921 11920
l 11922 11921
l 11923 11924
l 11925 11923
l 11926 11925
l 11927 11926
l 11908 11927
l 11912 11928
l 11929 11928
l 11914 11930
l 11916 11931
l 11932 11933
l 11918 11932
l 11922 11934
l 11935 11934
l 11936 11935
l 11937 11936
l 11938 11937
l 11939 11940
l 11941 11939
l 11942 11941
l 11924 11942
l 11929 11943
l 11930 11944
l 11931 11945
l 11933 11946
l 11938 11947
l 11948 11947
l 11949 11948
l 11950 11949
l 11951 11952
l 11953 11951
l 11954 11953
l 11940 11954
l 11943 11955
l 11956 11955
l 11944 11957
l 11958 11957
l 11959 11960
l 11945 11959
l 11961 11962
l 11946 11961
l 11950 11963
l 11964 11963
l 11965 11964
l 11966 11965
l 11967 11968
l 11952 11967
l 11956 11969
l 11970 11969
l 11958 11971
l 11960 11972
l 11973 11974
l 11962 11973
l 11966 11975
l 11976 11975
l 11968 11977
l 11970 11978
l 11979 11978
l 11971 11980
l 11981 11980
l 11982 11983
l 11972 11982
l 11984 11985
l 11974 11984
l 11976 11986
l 11977 11987
l 11979 11988
l 11989 11988
l 11990 11989
l 11981 11991
l 11992 11991
l 11993 11994
l 11983 11993
l 11995 11996
l 11997 11995
l 11985 11997
l 11986 11998
l 11987 11999
l 12000 11999
l 11990 12001
l 12002 12001
l 11992 12003
l 11994 12004
l 12005 12006
l 11996 12005
l 12007 12008
l 11998 12007
l 12000 12009
l 12010 12009
l 12002 12011
l 12003 12012
l 12004 12013
l 12006 12014
l 12015 12016
l 12008 12015
l 12010 12017
l 12018 12017
l 12011 12019
l 12012 12020
l 12013 12021
l 12014 12022
l 12023 12024
l 12016 12023
l 12018 12025
l 12026 12025
l 12019 12027
l 12028 12027
l 12020 12029
l 12021 12030
l 12031 12032
l 12022 12031
l 12033 12034
l 12024 12033
l 12026 12035
l 12028 12036
l 12029 12037
l 12030 12038
l 12032 12039
l 12034 12040
l 12035 12041
l 12042 12041
l 12036 12043
l 12037 12044
l 12038 12045
l 12039 12046
l 12047 12048
l 12040 12047
l 12042 12049
l 12050 12049
l 12043 12051
l 12044 12052
l 12053 12052
l 12054 12055
l 12045 12054
l 12046 12056
l 12057 12058
l 12048 12057
l 12050 12059
l 12060 12059
l 12051 12061
l 12053 12062
l 12063 12062
l 12064 12065
l 12055 12064
l 12056 12066
l 12067 12068
l 12058 12067
l 12060 12069
l 12070 12069
l 12061 12071
l 12063 12072
l 12073 12072
l 12074 12073
l 12075 12074
l 12076 12077
l 12078 12076
l 12079 12078
l 12065 12079
l 12066 12080
l 12081 12082
l 12068 12081
l 12070 12083
l 12084 12083
l 12085 12086
l 12087 12085
l 12071 12087
l 12075 12088
l 12089 12088
l 12090 12089
l 12091 12090
l 12077 12091
l 12080 12092
l 12093 12092
l 12094 12093
l 12095 12096
l 12082 12095
l 12084 12097
l 12098 12097
l 12099 12100
l 12101 12099
l 12102 12101
l 12086 12102
l 12094 12103
l 12104 12103
l 12105 12104
l 12106 12105
l 12107 12108
l 12096 12107
l 12098 12109
l 12110 12109
l 12111 12112
l 12113 12111
l 12114 12113
l 12115 12114
l 12116 12115
l 12100 12116
l 12106 12117
l 12118 12117
l 12119 12118
l 12120 12119
l 12121 12120
l 12122 12121
l 12123 12124
l 12108 12123
l 12110 12125
l 12126 12125
l 12127 12126
l 12128 12127
l 12129 12128
l 12130 12129
l 12131 12130
l 12132 12131
l 12133 12132
l 12112 12133
l 12122 12134
l 12135 12134
l 12136 12135
l 12137 12136
l 12138 12137
l 12139 12138
l 12140 12139
l 12141 12140
l 12142 12141
l 12124 12142
l 12143 12144
l 12145 12143
l 12146 12145
l 12147 12146
l 12148 12147
l 12149 12148
l 12150 12149
l 12151 12150
l 12152 12151
l 12153 12152
l 12154 12153
l 12155 12154
l 12156 12155
l 12157 12156
l 12158 12157
l 12159 12158
l 12160 12159
l 12161 12160
l 12162 12161
l 12163 12164
l 12165 12163
l 12144 12165
l 12162 12166
l 12167 12166
l 12168 12167
l 12169 12170
l 12171 12169
l 12172 12171
l 12173 12172
l 12164 12174
l 12168 12175
l 12176 12177
l 12178 12176
l 12179 12178
l 12180 12179
l 12181 12182
l 12183 12181
l 12184 12183
l 12185 12184
l 12170 12185
l 12173 12186
l 12187 12186
l 12174 12188
l 12175 12189
l 12190 12191
l 12177 12190
l 12180 12192
l 12193 12192
l 12194 12193
l 12195 12194
l 12196 12195
l 12197 12198
l 12199 12197
l 12200 12199
l 12182 12200
l 12187 12201
l 12202 12201
l 12188 12203
l 12204 12203
l 12205 12206
l 12189 12205
l 12207 12208
l 12191 12207
l 12196 12209
l 12210 12209
l 12211 12210
l 12212 12211
l 12213 12214
l 12215 12213
l 12216 12215
l 12217 12216
l 12198 12217
l 12202 12218
l 12219 12218
l 12204 12220
l 12206 12221
l 12222 12223
l 12208 12222
l 12212 12224
l 12225 12224
l 12226 12225
l 12227 12226
l 12228 12227
l 12229 12230
l 12231 12229
l 12232 12231
l 12214 12232
l 12219 12233
l 12234 12233
l 12220 12235
l 12221 12236
l 12237 12238
l 12223 12237
l 12228 12239
l 12240 12239
l 12241 12240
l 12242 12241
l 12243 12244
l 12245 12243
l 12246 12245
l 12230 12246
l 12234 12247
l 12235 12248
l 12249 12248
l 12250 12251
l 12236 12250
l 12238 12252
l 12242 12253
l 12254 12253
l 12255 12254
l 12256 12255
l 12257 12258
l 12244 12257
l 12247 12259
l 12260 12259
l 12249 12261
l 12251 12262
l 12263 12264
l 12252 12263
l 12256 12265
l 12266 12265
l 12258 12267
l 12260 12268
l 12269 12268
l 12261 12270
l 12271 12270
l 12272 12273
l 12262 12272
l 12274 12275
l 12264 12274
l 12266 12276
l 12267 12277
l 12278 12277
l 12269 12279
l 12280 12279
l 12281 12280
l 12271 12282
l 12273 12283
l 12284 12285
l 12286 12284
l 12275 12286
l 12287 12288
l 12276 12287
l 12278 12289
l 12290 12289
l 12281 12291
l 12292 12291
l 12282 12293
l 12294 12293
l 12295 12296
l 12283 12295
l 12297 12298
l 12285 12297
l 12299 12300
l 12288 12299
l 12290 12301
l 12292 12302
l 12294 12303
l 12296 12304
l 12298 12305
l 12300 12306
l 12301 12307
l 12308 12307
l 12302 12309
l 12303 12310
l 12304 12311
l 12305 12312
l 12313 12314
l 12306 12313
l 12308 12315
l 12316 12315
l 12309 12317
l 12318 12317
l 12310 12319
l 12311 12320
l 12321 12322
l 12312 12321
l 12323 12324
l 12314 12323
l 12316 12325
l 12326 12325
l 12318 12327
l 12319 12328
l 12320 12329
l 12322 12330
l 12331 12332
l 12324 12331
l 12326 12333
l 12334 12333
l 12327 12335
l 12328 12336
l 12329 12337
l 12330 12338
l 12339 12340
l 12332 12339
l 12334 12341
l 12342 12341
l 12335 12343
l 12344 12343
l 12336 12345
l 12346 12345
l 12347 12348
l 12337 12347
l 12349 12350
l 12338 12349
l 12351 12352
l 12340 12351
l 12342 12353
l 12354 12353
l 12344 12355
l 12346 12356
l 12357 12356
l 12358 12359
l 12348 12358
l 12350 12360
l 12361 12362
l 12352 12361
l 12354 12363
l 12364 12363
l 12365 12366
l 12355 12365
l 12357 12367
l 12368 12367
l 12369 12368
l 12370 12369
l 12371 12372
l 12373 12371
l 12374 12373
l 12359 12374
l 12360 12375
l 12376 12375
l 12377 12378
l 12362 12377
l 12364 12379
l 12380 12381
l 12382 12380
l 12366 12382
l 12370 12383
l 12384 12383
l 12385 12384
l 12386 12385
l 12372 12386
l 12376 12387
l 12388 12387
l 12389 12388
l 12378 12390
l 12379 12391
l 12392 12391
l 12393 12394
l 12395 12393
l 12396 12395
l 12381 12396
l 12389 12397
l 12398 12397
l 12399 12398
l 12400 12399
l 12401 12402
l 12390 12401
l 12392 12403
l 12404 12403
l 12405 12404
l 12406 12407
l 12408 12406
l 12409 12408
l 12410 12409
l 12411 12410
l 12394 12411
l 12400 12412
l 12413 12412
l 12414 12413
l 12415 12414
l 12416 12415
l 12417 12416
l 12418 12419
l 12420 12418
l 12402 12420
l 12405 12421
l 12422 12421
l 12423 12422
l 12424 12423
l 12425 12424
l 12426 12425
l 12427 12426
l 12428 12427
l 12429 12428
l 12407 12429
l 12417 12430
l 12431 12430
l 12432 12431
l 12433 12432
l 12434 12433
l 12435 12434
l 12436 12435
l 12437 12436
l 12438 12437
l 12419 12438
l 12439 12440
l 12441 12439
l 12442 12441
l 12443 12442
l 12444 12443
l 12445 12444
l 12446 12445
l 12447 12446
l 12448 12447
l 12449 12448
l 12450 12449
l 12451 12450
l 12452 12451
l 12453 12452
l 12454 12453
l 12455 12454
l 12456 12455
l 12457 12456
l 12458 12457
l 12459 12458
l 12460 12459
l 12461 12462
l 12440 12461
l 12460 12463
l 12464 12463
l 12465 12466
l 12467 12465
l 12468 12467
l 12469 12468
l 12470 12469
l 12471 12470
l 12462 12472
l 12464 12473
l 12474 12475
l 12476 12474
l 12477 12476
l 12478 12477
l 12479 12478
l 12480 12479
l 12481 12482
l 12483 12481
l 12484 12483
l 12485 12484
l 12466 12485
l 12471 12486
l 12487 12486
l 12472 12488
l 12473 12489
l 12490 12491
l 12475 12490
l 12480 12492
l 12493 12492
l 12494 12493
l 12495 12494
l 12496 12495
l 12497 12498
l 12499 12497
l 12500 12499
l 12482 12500
l 12487 12501
l 12488 12502
l 12489 12503
l 12491 12504
l 12496 12505
l 12506 12505
l 12507 12506
l 12508 12507
l 12509 12510
l 12511 12509
l 12512 12511
l 12513 12512
l 12498 12513
l 12501 12514
l 12515 12514
l 12502 12516
l 12517 12516
l 12518 12519
l 12503 12518
l 12520 12521
l 12504 12520
l 12508 12522
l 12523 12522
l 12524 12523
l 12525 12524
l 12526 12525
l 12527 12528
l 12529 12527
l 12530 12529
l 12531 12530
l 12510 12531
l 12515 12532
l 12533 12532
l 12517 12534
l 12519 12535
l 12536 12537
l 12521 12536
l 12526 12538
l 12539 12538
l 12540 12539
l 12541 12540
l 12542 12541
l 12543 12544
l 12545 12543
l 12528 12545
l 12533 12546
l 12534 12547
l 12548 12547
l 12549 12550
l 12535 12549
l 12537 12551
l 12542 12552
l 12553 12552
l 12554 12553
l 12555 12556
l 12544 12555
l 12546 12557
l 12558 12557
l 12548 12559
l 12550 12560
l 12561 12562
l 12551 12561
l 12554 12563
l 12564 12563
l 12556 12565
l 12566 12565
l 12558 12567
l 12568 12567
l 12559 12569
l 12570 12569
l 12571 12572
l 12560 12571
l 12573 12574
l 12562 12573
l 12575 12576
l 12564 12575
l 12566 12577
l 12568 12578
l 12579 12578
l 12580 12579
l 12570 12581
l 12572 12582
l 12583 12584
l 12585 12583
l 12574 12585
l 12576 12586
l 12577 12587
l 12588 12587
l 12580 12589
l 12590 12589
l 12581 12591
l 12592 12591
l 12593 12594
l 12582 12593
l 12595 12596
l 12584 12595
l 12597 12598
l 12586 12597
l 12588 12599
l 12600 12599
l 12590 12601
l 12592 12602
l 12594 12603
l 12596 12604
l 12605 12606
l 12598 12605
l 12600 12607
l 12608 12607
l 12601 12609
l 12602 12610
l 12603 12611
l 12604 12612
l 12613 12614
l 12606 12613
l 12608 12615
l 12616 12615
l 12609 12617
l 12618 12617
l 12610 12619
l 12611 12620
l 12621 12622
l 12612 12621
l 12623 12624
l 12614 12623
l 12616 12625
l 12626 12625
l 12618 12627
l 12619 12628
l 12620 12629
l 12622 12630
l 12631 12632
l 12624 12631
l 12626 12633
l 12634 12633
l 12627 12635
l 12628 12636
l 12637 12636
l 12638 12639
l 12629 12638
l 12630 12640
l 12641 12642
l 12632 12641
l 12634 12643
l 12635 12644
l 12645 12644
l 12637 12646
l 12639 12647
l 12648 12649
l 12640 12648
l 12642 12650
l 12643 12651
l 12652 12651
l 12645 12653
l 12646 12654
l 12655 12654
l 12656 12657
l 12647 12656
l 12649 12658
l 12659 12660
l 12650 12659
l 12652 12661
l 12662 12661
l 12663 12664
l 12653 12663
l 12655 12665
l 12666 12665
l 12667 12666
l 12668 12667
l 12669 12670
l 12671 12669
l 12672 12671
l 12657 12672
l 12658 12673
l 12674 12673
l 12675 12676
l 12660 12675
l 12662 12677
l 12678 12677
l 12679 12680
l 12681 12679
l 12664 12681
l 12668 12682
l 12683 12682
l 12684 12683
l 12685 12684
l 12670 12685
l 12674 12686
l 12687 12686
l 12688 12687
l 12689 12690
l 12676 12689
l 12678 12691
l 12692 12691
l 12693 12694
l 12695 12693
l 12696 12695
l 12680 12696
l 12688 12697
l 12698 12697
l 12699 12698
l 12700 12699
l 12701 12702
l 12690 12701
l 12692 12703
l 12704 12703
l 12705 12706
l 12707 12705
l 12708 12707
l 12709 12708
l 12710 12709
l 12694 12710
l 12700 12711
l 12712 12711
l 12713 12712
l 12714 12713
l 12715 12714
l 12716 12715
l 12717 12718
l 12702 12717
l 12704 12719
l 12720 12719
l 12721 12720
l 12722 12721
l 12723 12722
l 12724 12723
l 12725 12724
l 12726 12725
l 12727 12726
l 12728 12727
l 12706 12728
l 12716 12729
l 12730 12729
l 12731 12730
l 12732 12731
l 12733 12732
l 12734 12733
l 12735 12734
l 12736 12735
l 12737 12736
l 12738 12737
l 12718 12738
l 12739 12740
l 12741 12739
l 12742 12741
l 12743 12742
l 12744 12743
l 12745 12744
l 12746 12745
l 12747 12746
l 12748 12747
l 12749 12748
l 12750 12749
l 12751 12750
l 12752 12751
l 12753 12752
l 12754 12753
l 12755 12754
l 12756 12755
l 12757 12756
l 12758 12757
l 12759 12758
l 12760 12759
l 12761 12762
l 12740 12761
l 12760 12763
l 12764 12763
l 12765 12766
l 12767 12765
l 12768 12767
l 12769 12768
l 12770 12769
l 12771 12770
l 12772 12771
l 12762 12773
l 12764 12774
l 12775 12776
l 12777 12775
l 12778 12777
l 12779 12778
l 12780 12779
l 12781 12780
l 12782 12781
l 12783 12784
l 12785 12783
l 12786 12785
l 12787 12786
l 12766 12787
l 12772 12788
l 12789 12788
l 12773 12790
l 12774 12791
l 12792 12793
l 12776 12792
l 12782 12794
l 12795 12794
l 12796 12795
l 12797 12796
l 12798 12797
l 12799 12800
l 12801 12799
l 12802 12801
l 12784 12802
l 12789 12803
l 12804 12803
l 12790 12805
l 12791 12806
l 12807 12808
l 12793 12807
l 12798 12809
l 12810 12809
l 12811 12810
l 12812 12811
l 12813 12814
l 12815 12813
l 12816 12815
l 12817 12816
l 12800 12817
l 12804 12818
l 12805 12819
l 12820 12819
l 12821 12822
l 12806 12821
l 12808 12823
l 12812 12824
l 12825 12824
l 12826 12825
l 12827 12826
l 12828 12827
l 12829 12830
l 12831 12829
l 12832 12831
l 12833 12832
l 12814 12833
l 12818 12834
l 12835 12834
l 12820 12836
l 12822 12837
l 12838 12839
l 12823 12838
l 12828 12840
l 12841 12840
l 12842 12841
l 12843 12842
l 12844 12843
l 12845 12846
l 12847 12845
l 12830 12847
l 12835 12848
l 12849 12848
l 12836 12850
l 12851 12850
l 12852 12853
l 12837 12852
l 12854 12855
l 12839 12854
l 12844 12856
l 12857 12856
l 12858 12857
l 12846 12859
l 12849 12860
l 12851 12861
l 12853 12862
l 12855 12863
l 12858 12864
l 12859 12865
l 12860 12866
l 12867 12866
l 12861 12868
l 12869 12868
l 12870 12871
l 12862 12870
l 12872 12873
l 12863 12872
l 12864 12874
l 12865 12875
l 12876 12875
l 12867 12877
l 12878 12877
l 12879 12878
l 12869 12880
l 12871 12881
l 12882 12883
l 12884 12882
l 12873 12884
l 12885 12886
l 12874 12885
l 12876 12887
l 12888 12887
l 12879 12889
l 12890 12889
l 12880 12891
l 12892 12891
l 12893 12894
l 12881 12893
l 12895 12896
l 12883 12895
l 12897 12898
l 12886 12897
l 12888 12899
l 12900 12899
l 12890 12901
l 12892 12902
l 12894 12903
l 12896 12904
l 12905 12906
l 12898 12905
l 12900 12907
l 12908 12907
l 12901 12909
l 12902 12910
l 12903 12911
l 12904 12912
l 12913 12914
l 12906 12913
l 12908 12915
l 12909 12916
l 12917 12916
l 12910 12918
l 12911 12919
l 12920 12921
l 12912 12920
l 12914 12922
l 12915 12923
l 12924 12923
l 12917 12925
l 12918 12926
l 12927 12926
l 12928 12929
l 12919 12928
l 12921 12930
l 12931 12932
l 12922 12931
l 12924 12933
l 12934 12933
l 12925 12935
l 12927 12936
l 12929 12937
l 12930 12938
l 12939 12940
l 12932 12939
l 12934 12941
l 12942 12941
l 12935 12943
l 12944 12943
l 12936 12945
l 12937 12946
l 12947 12948
l 12938 12947
l 12949 12950
l 12940 12949
l 12942 12951
l 12952 12951
l 12944 12953
l 12945 12954
l 12955 12954
l 12956 12955
l 12957 12958
l 12959 12957
l 12946 12959
l 12948 12960
l 12961 12962
l 12950 12961
l 12952 12963
l 12964 12963
l 12965 12966
l 12953 12965
l 12956 12967
l 12968 12967
l 12969 12968
l 12970 12971
l 12972 12970
l 12958 12972
l 12960 12973
l 12974 12973
l 12975 12976
l 12962 12975
l 12964 12977
l 12978 12977
l 12979 12980
l 12966 12979
l 12969 12981
l 12982 12981
l 12983 12982
l 12984 12983
l 12971 12984
l 12974 12985
l 12986 12985
l 12987 12988
l 12976 12987
l 12978 12989
l 12990 12989
l 12991 12992
l 12993 12991
l 12994 12993
l 12995 12994
l 12980 12995
l 12986 12996
l 12997 12996
l 12998 12997
l 12999 12998
l 13000 12999
l 13001 13002
l 12988 13001
l 12990 13003
l 13004 13003
l 13005 13006
l 13007 13005
l 13008 13007
l 13009 13008
l 13010 13009
l 12992 13010
l 13000 13011
l 13012 13011
l 13013 13012
l 13014 13013
l 13015 13014
l 13016 13015
l 13017 13018
l 13002 13017
l 13004 13019
l 13020 13019
l 13021 13020
l 13022 13021
l 13023 13022
l 13024 13023
l 13025 13024
l 13026 13025
l 13027 13026
l 13028 13027
l 13006 13028
l 13016 13029
l 13030 13029
l 13031 13030
l 13032 13031
l 13033 13032
l 13034 13033
l 13035 13034
l 13036 13035
l 13037 13036
l 13038 13037
l 13018 13038
l 13039 13040
l 13041 13039
l 13042 13041
l 13043 13042
l 13044 13043
l 13045 13044
l 13046 13045
l 13047 13046
l 13048 13047
l 13049 13048
l 13050 13049
l 13051 13050
l 13052 13051
l 13053 13052
l 13054 13053
l 13055 13054
l 13056 13055
l 13057 13056
l 13058 13057
l 13059 13058
l 13060 13059
l 13061 13060
l 13062 13061
l 13040 13063
l 13062 13064
l 13065 13066
l 13067 13065
l 13068 13067
l 13069 13068
l 13070 13069
l 13071 13070
l 13072 13071
l 13073 13072
l 13063 13074
l 13064 13075
l 13076 13077
l 13078 13076
l 13079 13078
l 13080 13079
l 13081 13080
l 13082 13081
l 13083 13082
l 13084 13083
l 13085 13086
l 13087 13085
l 13088 13087
l 13089 13088
l 13066 13089
l 13073 13090
l 13091 13090
l 13074 13092
l 13075 13093
l 13094 13095
l 13077 13094
l 13084 13096
l 13097 13096
l 13098 13097
l 13099 13098
l 13100 13099
l 13101 13102
l 13103 13101
l 13104 13103
l 13086 13104
l 13091 13105
l 13106 13105
l 13092 13107
l 13093 13108
l 13109 13110
l 13095 13109
l 13100 13111
l 13112 13111
l 13113 13112
l 13114 13113
l 13115 13116
l 13117 13115
l 13118 13117
l 13119 13118
l 13102 13119
l 13106 13120
l 13107 13121
l 13122 13121
l 13123 13124
l 13108 13123
l 13110 13125
l 13114 13126
l 13127 13126
l 13128 13127
l 13129 13128
l 13130 13129
l 13131 13132
l 13133 13131
l 13134 13133
l 13135 13134
l 13116 13135
l 13120 13136
l 13137 13136
l 13122 13138
l 13124 13139
l 13140 13141
l 13125 13140
l 13130 13142
l 13143 13142
l 13144 13143
l 13145 13144
l 13146 13145
l 13147 13148
l 13132 13147
l 13137 13149
l 13150 13149
l 13138 13151
l 13152 13151
l 13153 13154
l 13139 13153
l 13155 13156
l 13141 13155
l 13146 13157
l 13158 13157
l 13159 13160
l 13148 13159
l 13150 13161
l 13152 13162
l 13154 13163
l 13156 13164
l 13158 13165
l 13166 13165
l 13160 13167
l 13168 13167
l 13161 13169
l 13170 13169
l 13162 13171
l 13172 13171
l 13173 13174
l 13163 13173
l 13175 13176
l 13164 13175
l 13177 13178
l 13166 13177
l 13168 13179
l 13170 13180
l 13181 13180
l 13182 13181
l 13172 13183
l 13174 13184
l 13185 13186
l 13187 13185
l 13176 13187
l 13178 13188
l 13179 13189
l 13190 13189
l 13182 13191
l 13183 13192
l 13193 13192
l 13194 13195
l 13184 13194
l 13186 13196
l 13197 13198
l 13188 13197
l 13190 13199
l 13200 13199
l 13191 13201
l 13202 13201
l 13193 13203
l 13195 13204
l 13205 13206
l 13196 13205
l 13207 13208
l 13198 13207
l 13200 13209
l 13210 13209
l 13202 13211
l 13203 13212
l 13204 13213
l 13206 13214
l 13215 13216
l 13208 13215
l 13210 13217
l 13218 13217
l 13211 13219
l 13220 13219
l 13212 13221
l 13213 13222
l 13223 13224
l 13214 13223
l 13225 13226
l 13216 13225
l 13218 13227
l 13228 13227
l 13220 13229
l 13221 13230
l 13231 13230
l 13232 13233
l 13222 13232
l 13224 13234
l 13235 13236
l 13226 13235
l 13228 13237
l 13238 13237
l 13229 13239
l 13231 13240
l 13233 13241
l 13234 13242
l 13243 13244
l 13236 13243
l 13238 13245
l 13246 13245
l 13239 13247
l 13248 13247
l 13240 13249
l 13241 13250
l 13251 13252
l 13242 13251
l 13253 13254
l 13244 13253
l 13246 13255
l 13256 13255
l 13248 13257
l 13249 13258
l 13259 13258
l 13260 13259
l 13261 13262
l 13263 13261
l 13250 13263
l 13252 13264
l 13265 13266
l 13254 13265
l 13256 13267
l 13268 13267
l 13269 13270
l 13257 13269
l 13260 13271
l 13272 13271
l 13273 13272
l 13274 13275
l 13276 13274
l 13262 13276
l 13264 13277
l 13278 13277
l 13279 13280
l 13266 13279
l 13268 13281
l 13282 13281
l 13283 13284
l 13270 13283
l 13285 13273
l 13286 13285
l 13275 13286
l 13278 13287
l 13288 13287
l 13289 13290
l 13280 13289
l 13282 13291
l 13292 13291
l 13293 13294
l 13295 13293
l 13296 13295
l 13297 13296
l 13284 13297
l 13288 13298
l 13299 13298
l 13300 13299
l 13301 13300
l 13302 13301
l 13303 13304
l 13290 13303
l 13292 13305
l 13306 13305
l 13307 13308
l 13309 13307
l 13310 13309
l 13311 13310
l 13294 13311
l 13302 13312
l 13313 13312
l 13314 13313
l 13315 13314
l 13316 13315
l 13317 13318
l 13304 13317
l 13306 13319
l 13320 13319
l 13321 13320
l 13322 13321
l 13323 13322
l 13324 13323
l 13325 13324
l 13326 13325
l 13327 13326
l 13328 13327
l 13329 13328
l 13308 13329
l 13316 13330
l 13331 13330
l 13332 13331
l 13333 13332
l 13334 13333
l 13335 13334
l 13336 13335
l 13337 13336
l 13338 13337
l 13339 13338
l 13340 13339
l 13318 13340
l 13341 13342
l 13343 13341
l 13344 13343
l 13345 13344
l 13346 13345
l 13347 13346
l 13348 13347
l 13349 13348
l 13350 13349
l 13351 13350
l 13352 13351
l 13353 13352
l 13354 13353
l 13355 13354
l 13356 13355
l 13357 13356
l 13358 13357
l 13359 13358
l 13360 13359
l 13361 13360
l 13362 13361
l 13363 13362
l 13364 13363
l 13365 13366
l 13367 13365
l 13368 13367
l 13369 13368
l 13370 13371
l 13342 13370
l 13364 13372
l 13373 13372
l 13374 13375
l 13376 13374
l 13377 13376
l 13378 13377
l 13379 13380
l 13381 13379
l 13382 13381
l 13383 13382
l 13366 13383
l 13369 13384
l 13385 13384
l 13386 13385
l 13371 13387
l 13373 13388
l 13389 13390
l 13391 13389
l 13375 13391
l 13378 13392
l 13393 13392
l 13394 13393
l 13395 13394
l 13396 13395
l 13397 13398
l 13399 13397
l 13400 13399
l 13380 13400
l 13386 13401
l 13387 13402
l 13403 13402
l 13404 13405
l 13388 13404
l 13390 13406
l 13396 13407
l 13408 13407
l 13409 13408
l 13410 13409
l 13411 13412
l 13413 13411
l 13414 13413
l 13415 13414
l 13398 13415
l 13401 13416
l 13417 13416
l 13403 13418
l 13405 13419
l 13420 13421
l 13406 13420
l 13410 13422
l 13423 13422
l 13424 13423
l 13425 13424
l 13426 13425
l 13427 13428
l 13429 13427
l 13430 13429
l 13431 13430
l 13412 13431
l 13417 13432
l 13433 13432
l 13418 13434
l 13435 13434
l 13436 13437
l 13419 13436
l 13438 13439
l 13421 13438
l 13426 13440
l 13441 13440
l 13442 13441
l 13443 13442
l 13444 13443
l 13445 13446
l 13447 13445
l 13448 13447
l 13449 13448
l 13428 13449
l 13433 13450
l 13435 13451
l 13437 13452
l 13439 13453
l 13444 13454
l 13455 13454
l 13456 13455
l 13457 13456
l 13458 13457
l 13459 13460
l 13446 13459
l 13450 13461
l 13462 13461
l 13451 13463
l 13464 13463
l 13465 13466
l 13452 13465
l 13467 13468
l 13453 13467
l 13458 13469
l 13470 13469
l 13460 13471
l 13462 13472
l 13473 13472
l 13464 13474
l 13466 13475
l 13476 13477
l 13468 13476
l 13470 13478
l 13471 13479
l 13473 13480
l 13474 13481
l 13482 13481
l 13483 13484
l 13475 13483
l 13477 13485
l 13478 13486
l 13479 13487
l 13488 13487
l 13480 13489
l 13490 13489
l 13482 13491
l 13484 13492
l 13493 13494
l 13485 13493
l 13495 13496
l 13486 13495
l 13488 13497
l 13498 13497
l 13490 13499
l 13500 13499
l 13491 13501
l 13502 13501
l 13503 13504
l 13492 13503
l 13505 13506
l 13494 13505
l 13507 13508
l 13496 13507
l 13498 13509
l 13510 13509
l 13500 13511
l 13512 13511
l 13502 13513
l 13504 13514
l 13515 13516
l 13506 13515
l 13517 13518
l 13508 13517
l 13510 13519
l 13520 13519
l 13512 13521
l 13513 13522
l 13514 13523
l 13516 13524
l 13525 13526
l 13518 13525
l 13520 13527
l 13528 13527
l 13521 13529
l 13530 13529
l 13522 13531
l 13532 13531
l 13533 13534
l 13523 13533
l 13535 13536
l 13524 13535
l 13537 13538
l 13526 13537
l 13528 13539
l 13540 13539
l 13530 13541
l 13532 13542
l 13534 13543
l 13536 13544
l 13545 13546
l 13538 13545
l 13540 13547
l 13548 13547
l 13541 13549
l 13542 13550
l 13543 13551
l 13544 13552
l 13553 13554
l 13546 13553
l 13548 13555
l 13556 13555
l 13549 13557
l 13558 13557
l 13550 13559
l 13560 13559
l 13561 13562
l 13551 13561
l 13563 13564
l 13552 13563
l 13565 13566
l 13554 13565
l 13556 13567
l 13568 13567
l 13558 13569
l 13560 13570
l 13571 13570
l 13572 13573
l 13562 13572
l 13564 13574
l 13575 13576
l 13566 13575
l 13568 13577
l 13578 13577
l 13569 13579
l 13571 13580
l 13581 13580
l 13582 13581
l 13583 13582
l 13584 13585
l 13586 13584
l 13587 13586
l 13573 13587
l 13574 13588
l 13589 13590
l 13576 13589
l 13578 13591
l 13592 13591
l 13593 13594
l 13595 13593
l 13579 13595
l 13583 13596
l 13597 13596
l 13585 13597
l 13588 13598
l 13599 13598
l 13600 13599
l 13601 13602
l 13590 13601
l 13592 13603
l 13604 13603
l 13605 13606
l 13607 13605
l 13608 13607
l 13609 13608
l 13594 13609
l 13600 13610
l 13611 13610
l 13612 13611
l 13613 13612
l 13614 13613
l 13615 13616
l 13602 13615
l 13604 13617
l 13618 13617
l 13619 13620
l 13621 13619
l 13622 13621
l 13623 13622
l 13606 13623
l 13614 13624
l 13625 13624
l 13626 13625
l 13627 13626
l 13628 13627
l 13629 13630
l 13616 13629
l 13618 13631
l 13632 13631
l 13633 13632
l 13634 13635
l 13636 13634
l 13637 13636
l 13638 13637
l 13639 13638
l 13640 13639
l 13641 13640
l 13642 13641
l 13620 13642
l 13628 13643
l 13644 13643
l 13645 13644
l 13646 13645
l 13647 13646
l 13648 13647
l 13649 13648
l 13650 13649
l 13651 13650
l 13652 13653
l 13654 13652
l 13630 13654
l 13633 13655
l 13635 13655
l 13651 13656
l 13653 13656
l 13657 13658
l 13659 13657
l 13660 13659
l 13661 13660
l 13662 13661
l 13663 13662
l 13664 13663
l 13665 13664
l 13666 13665
l 13667 13666
l 13668 13667
l 13669 13668
l 13670 13669
l 13671 13670
l 13672 13671
l 13673 13672
l 13674 13673
l 13675 13674
l 13676 13675
l 13677 13676
l 13678 13677
l 13679 13678
l 13680 13679
l 13681 13682
l 13683 13681
l 13684 13683
l 13685 13684
l 13686 13685
l 13687 13688
l 13658 13687
l 13680 13689
l 13690 13689
l 13691 13692
l 13693 13691
l 13694 13693
l 13695 13694
l 13696 13695
l 13697 13698
l 13699 13697
l 13700 13699
l 13701 13700
l 13682 13701
l 13686 13702
l 13703 13702
l 13688 13704
l 13690 13705
l 13706 13707
l 13692 13706
l 13696 13708
l 13709 13708
l 13710 13709
l 13711 13710
l 13712 13711
l 13713 13714
l 13715 13713
l 13716 13715
l 13717 13716
l 13698 13717
l 13703 13718
l 13704 13719
l 13720 13719
l 13721 13722
l 13705 13721
l 13707 13723
l 13712 13724
l 13725 13724
l 13726 13725
l 13727 13726
l 13728 13727
l 13729 13730
l 13731 13729
l 13732 13731
l 13733 13732
l 13714 13733
l 13718 13734
l 13735 13734
l 13720 13736
l 13722 13737
l 13738 13739
l 13723 13738
l 13728 13740
l 13741 13740
l 13742 13741
l 13743 13742
l 13744 13743
l 13745 13746
l 13747 13745
l 13748 13747
l 13749 13748
l 13730 13749
l 13735 13750
l 13751 13750
l 13736 13752
l 13753 13752
l 13754 13755
l 13737 13754
l 13756 13757
l 13739 13756
l 13744 13758
l 13759 13758
l 13760 13759
l 13761 13760
l 13762 13761
l 13763 13764
l 13765 13763
l 13766 13765
l 13746 13766
l 13751 13767
l 13753 13768
l 13755 13769
l 13757 13770
l 13762 13771
l 13772 13771
l 13773 13772
l 13774 13773
l 13775 13776
l 13777 13775
l 13764 13777
l 13767 13778
l 13779 13778
l 13768 13780
l 13769 13781
l 13782 13783
l 13770 13782
l 13774 13784
l 13785 13784
l 13786 13785
l 13776 13787
l 13779 13788
l 13789 13788
l 13780 13790
l 13791 13790
l 13792 13793
l 13781 13792
l 13794 13795
l 13783 13794
l 13786 13796
l 13787 13797
l 13798 13797
l 13789 13799
l 13791 13800
l 13801 13800
l 13802 13803
l 13793 13802
l 13795 13804
l 13805 13806
l 13796 13805
l 13798 13807
l 13808 13807
l 13799 13809
l 13810 13809
l 13801 13811
l 13803 13812
l 13813 13814
l 13804 13813
l 13815 13816
l 13806 13815
l 13808 13817
l 13818 13817
l 13810 13819
l 13820 13819
l 13811 13821
l 13822 13821
l 13823 13824
l 13812 13823
l 13825 13826
l 13814 13825
l 13827 13828
l 13816 13827
l 13818 13829
l 13830 13829
l 13820 13831
l 13832 13831
l 13822 13833
l 13824 13834
l 13835 13836
l 13826 13835
l 13837 13838
l 13828 13837
l 13830 13839
l 13840 13839
l 13832 13841
l 13833 13842
l 13834 13843
l 13836 13844
l 13845 13846
l 13838 13845
l 13840 13847
l 13841 13848
l 13849 13848
l 13842 13850
l 13851 13850
l 13852 13853
l 13843 13852
l 13854 13855
l 13844 13854
l 13846 13856
l 13847 13857
l 13849 13858
l 13851 13859
l 13853 13860
l 13855 13861
l 13856 13862
l 13857 13863
l 13864 13863
l 13858 13865
l 13859 13866
l 13860 13867
l 13861 13868
l 13869 13870
l 13862 13869
l 13864 13871
l 13872 13871
l 13865 13873
l 13874 13873
l 13866 13875
l 13876 13875
l 13877 13878
l 13867 13877
l 13879 13880
l 13868 13879
l 13881 13882
l 13870 13881
l 13872 13883
l 13884 13883
l 13874 13885
l 13876 13886
l 13887 13886
l 13888 13889
l 13878 13888
l 13880 13890
l 13891 13892
l 13882 13891
l 13884 13893
l 13894 13893
l 13885 13895
l 13887 13896
l 13897 13896
l 13898 13897
l 13899 13898
l 13900 13901
l 13902 13900
l 13903 13902
l 13889 13903
l 13890 13904
l 13905 13906
l 13892 13905
l 13894 13907
l 13908 13907
l 13909 13910
l 13911 13909
l 13895 13911
l 13899 13912
l 13913 13912
l 13901 13913
l 13904 13914
l 13915 13914
l 13916 13915
l 13917 13918
l 13906 13917
l 13908 13919
l 13920 13919
l 13921 13922
l 13923 13921
l 13924 13923
l 13925 13924
l 13910 13925
l 13916 13926
l 13927 13926
l 13928 13927
l 13929 13928
l 13930 13929
l 13931 13932
l 13918 13931
l 13920 13933
l 13934 13933
l 13935 13936
l 13937 13935
l 13938 13937
l 13939 13938
l 13922 13939
l 13930 13940
l 13941 13940
l 13942 13941
l 13943 13942
l 13944 13943
l 13945 13946
l 13932 13945
l 13934 13947
l 13948 13947
l 13949 13948
l 13950 13951
l 13952 13950
l 13953 13952
l 13954 13953
l 13955 13954
l 13956 13955
l 13957 13956
l 13936 13957
l 13944 13958
l 13959 13958
l 13960 13959
l 13961 13960
l 13962 13961
l 13963 13962
l 13964 13963
l 13965 13964
l 13966 13967
l 13968 13966
l 13946 13968
l 13949 13969
l 13970 13969
l 13971 13970
l 13951 13971
l 13965 13972
l 13973 13972
l 13974 13973
l 13967 13974
l 13975 13976
l 13977 13975
l 13978 13977
l 13979 13978
l 13980 13979
l 13981 13980
l 13982 13981
l 13983 13982
l 13984 13983
l 13985 13984
l 13986 13985
l 13987 13986
l 13988 13987
l 13989 13988
l 13990 13989
l 13991 13990
l 13992 13991
l 13993 13992
l 13994 13993
l 13995 13994
l 13996 13995
l 13997 13996
l 13998 13997
l 13999 13998
l 14000 13999
l 14001 14002
l 14003 14001
l 14004 14003
l 14005 14004
l 14006 14005
l 14007 14006
l 13976 14008
l 14000 14009
l 14010 14011
l 14012 14010
l 14013 14012
l 14014 14013
l 14015 14014
l 14016 14015
l 14017 14018
l 14019 14017
l 14020 14019
l 14021 14020
l 14002 14021
l 14007 14022
l 14023 14022
l 14008 14024
l 14009 14025
l 14026 14027
l 14011 14026
l 14016 14028
l 14029 14028
l 14030 14029
l 14031 14030
l 14032 14031
l 14033 14034
l 14035 14033
l 14036 14035
l 14037 14036
l 14018 14037
l 14023 14038
l 14039 14038
l 14024 14040
l 14041 14040
l 14042 14043
l 14025 14042
l 14044 14045
l 14027 14044
l 14032 14046
l 14047 14046
l 14048 14047
l 14049 14048
l 14050 14049
l 14051 14052
l 14053 14051
l 14054 14053
l 14055 14054
l 14034 14055
l 14039 14056
l 14041 14057
l 14043 14058
l 14045 14059
l 14050 14060
l 14061 14060
l 14062 14061
l 14063 14062
l 14064 14063
l 14065 14066
l 14067 14065
l 14068 14067
l 14069 14068
l 14052 14069
l 14056 14070
l 14071 14070
l 14057 14072
l 14058 14073
l 14074 14075
l 14059 14074
l 14064 14076
l 14077 14076
l 14078 14077
l 14079 14078
l 14080 14079
l 14081 14082
l 14083 14081
l 14084 14083
l 14066 14084
l 14071 14085
l 14072 14086
l 14087 14086
l 14088 14089
l 14073 14088
l 14075 14090
l 14080 14091
l 14092 14091
l 14093 14092
l 14094 14093
l 14095 14096
l 14082 14095
l 14085 14097
l 14098 14097
l 14087 14099
l 14089 14100
l 14101 14102
l 14090 14101
l 14094 14103
l 14104 14103
l 14096 14105
l 14098 14106
l 14107 14106
l 14099 14108
l 14109 14108
l 14110 14111
l 14100 14110
l 14112 14113
l 14102 14112
l 14104 14114
l 14105 14115
l 14107 14116
l 14109 14117
l 14118 14117
l 14119 14120
l 14111 14119
l 14113 14121
l 14114 14122
l 14115 14123
l 14124 14123
l 14116 14125
l 14118 14126
l 14120 14127
l 14121 14128
l 14129 14130
l 14122 14129
l 14124 14131
l 14132 14131
l 14125 14133
l 14134 14133
l 14126 14135
l 14136 14135
l 14137 14138
l 14127 14137
l 14139 14140
l 14128 14139
l 14141 14142
l 14130 14141
l 14132 14143
l 14144 14143
l 14134 14145
l 14146 14145
l 14136 14147
l 14138 14148
l 14149 14150
l 14140 14149
l 14151 14152
l 14142 14151
l 14144 14153
l 14154 14153
l 14146 14155
l 14147 14156
l 14148 14157
l 14150 14158
l 14159 14160
l 14152 14159
l 14154 14161
l 14162 14161
l 14155 14163
l 14164 14163
l 14156 14165
l 14166 14165
l 14167 14168
l 14157 14167
l 14169 14170
l 14158 14169
l 14171 14172
l 14160 14171
l 14162 14173
l 14174 14173
l 14164 14175
l 14166 14176
l 14168 14177
l 14170 14178
l 14179 14180
l 14172 14179
l 14174 14181
l 14182 14181
l 14175 14183
l 14176 14184
l 14185 14184
l 14186 14187
l 14177 14186
l 14178 14188
l 14189 14190
l 14180 14189
l 14182 14191
l 14192 14191
l 14183 14193
l 14194 14193
l 14185 14195
l 14187 14196
l 14197 14198
l 14188 14197
l 14199 14200
l 14190 14199
l 14192 14201
l 14202 14201
l 14194 14203
l 14195 14204
l 14205 14204
l 14206 14207
l 14196 14206
l 14198 14208
l 14209 14210
l 14200 14209
l 14202 14211
l 14212 14211
l 14203 14213
l 14205 14214
l 14215 14214
l 14216 14215
l 14217 14216
l 14218 14219
l 14220 14218
l 14221 14220
l 14207 14221
l 14208 14222
l 14223 14224
l 14210 14223
l 14212 14225
l 14226 14225
l 14227 14228
l 14229 14227
l 14213 14229
l 14217 14230
l 14231 14230
l 14219 14231
l 14222 14232
l 14233 14232
l 14234 14233
l 14235 14236
l 14224 14235
l 14226 14237
l 14238 14237
l 14239 14240
l 14241 14239
l 14242 14241
l 14228 14242
l 14234 14243
l 14244 14243
l 14245 14244
l 14246 14245
l 14247 14248
l 14236 14247
l 14238 14249
l 14250 14249
l 14251 14252
l 14253 14251
l 14254 14253
l 14255 14254
l 14256 14255
l 14240 14256
l 14246 14257
l 14258 14257
l 14259 14258
l 14260 14259
l 14261 14260
l 14262 14261
l 14263 14264
l 14248 14263
l 14250 14265
l 14266 14265
l 14267 14266
l 14268 14269
l 14270 14268
l 14271 14270
l 14272 14271
l 14273 14272
l 14274 14273
l 14252 14274
l 14262 14275
l 14276 14275
l 14277 14276
l 14278 14277
l 14279 14278
l 14280 14279
l 14281 14280
l 14282 14283
l 14284 14282
l 14264 14284
l 14267 14285
l 14286 14285
l 14287 14286
l 14288 14287
l 14269 14288
l 14281 14289
l 14290 14289
l 14291 14290
l 14292 14291
l 14283 14292
l 14293 14294
l 14295 14293
l 14296 14295
l 14297 14296
l 14298 14297
l 14299 14298
l 14300 14299
l 14301 14300
l 14302 14301
l 14303 14302
l 14304 14303
l 14305 14304
l 14306 14305
l 14307 14306
l 14308 14307
l 14309 14308
l 14310 14309
l 14311 14310
l 14312 14311
l 14313 14312
l 14314 14313
l 14315 14314
l 14316 14315
l 14317 14316
l 14318 14317
l 14319 14320
l 14321 14319
l 14322 14321
l 14323 14322
l 14324 14323
l 14325 14324
l 14326 14325
l 14294 14327
l 14318 14328
l 14329 14330
l 14331 14329
l 14332 14331
l 14333 14332
l 14334 14333
l 14335 14334
l 14336 14335
l 14337 14338
l 14339 14337
l 14340 14339
l 14341 14340
l 14320 14341
l 14326 14342
l 14343 14342
l 14327 14344
l 14328 14345
l 14346 14347
l 14330 14346
l 14336 14348
l 14349 14348
l 14350 14349
l 14351 14350
l 14352 14351
l 14353 14354
l 14355 14353
l 14356 14355
l 14357 14356
l 14338 14357
l 14343 14358
l 14359 14358
l 14344 14360
l 14345 14361
l 14362 14363
l 14347 14362
l 14352 14364
l 14365 14364
l 14366 14365
l 14367 14366
l 14368 14367
l 14369 14370
l 14371 14369
l 14372 14371
l 14373 14372
l 14354 14373
l 14359 14374
l 14360 14375
l 14376 14375
l 14377 14378
l 14361 14377
l 14363 14379
l 14368 14380
l 14381 14380
l 14382 14381
l 14383 14382
l 14384 14383
l 14385 14386
l 14387 14385
l 14388 14387
l 14389 14388
l 14370 14389
l 14374 14390
l 14391 14390
l 14376 14392
l 14378 14393
l 14394 14395
l 14379 14394
l 14384 14396
l 14397 14396
l 14398 14397
l 14399 14398
l 14400 14399
l 14401 14402
l 14403 14401
l 14404 14403
l 14386 14404
l 14391 14405
l 14406 14405
l 14392 14407
l 14408 14407
l 14409 14410
l 14393 14409
l 14411 14412
l 14395 14411
l 14400 14413
l 14414 14413
l 14415 14414
l 14416 14415
l 14417 14418
l 14402 14417
l 14406 14419
l 14408 14420
l 14410 14421
l 14412 14422
l 14416 14423
l 14424 14423
l 14418 14425
l 14419 14426
l 14427 14426
l 14420 14428
l 14429 14428
l 14430 14431
l 14421 14430
l 14432 14433
l 14422 14432
l 14424 14434
l 14425 14435
l 14436 14435
l 14427 14437
l 14438 14437
l 14429 14439
l 14440 14439
l 14441 14442
l 14431 14441
l 14443 14444
l 14433 14443
l 14445 14446
l 14434 14445
l 14436 14447
l 14448 14447
l 14438 14449
l 14440 14450
l 14442 14451
l 14444 14452
l 14453 14454
l 14446 14453
l 14448 14455
l 14456 14455
l 14449 14457
l 14458 14457
l 14450 14459
l 14460 14459
l 14461 14462
l 14451 14461
l 14463 14464
l 14452 14463
l 14465 14466
l 14454 14465
l 14456 14467
l 14468 14467
l 14458 14469
l 14470 14469
l 14460 14471
l 14462 14472
l 14473 14474
l 14464 14473
l 14475 14476
l 14466 14475
l 14468 14477
l 14478 14477
l 14470 14479
l 14471 14480
l 14481 14480
l 14482 14483
l 14472 14482
l 14474 14484
l 14485 14486
l 14476 14485
l 14478 14487
l 14488 14487
l 14479 14489
l 14490 14489
l 14481 14491
l 14483 14492
l 14493 14494
l 14484 14493
l 14495 14496
l 14486 14495
l 14488 14497
l 14498 14497
l 14490 14499
l 14491 14500
l 14492 14501
l 14494 14502
l 14503 14504
l 14496 14503
l 14498 14505
l 14506 14505
l 14499 14507
l 14508 14507
l 14500 14509
l 14510 14509
l 14511 14512
l 14501 14511
l 14513 14514
l 14502 14513
l 14515 14516
l 14504 14515
l 14506 14517
l 14518 14517
l 14508 14519
l 14510 14520
l 14512 14521
l 14514 14522
l 14523 14524
l 14516 14523
l 14518 14525
l 14526 14525
l 14519 14527
l 14520 14528
l 14529 14528
l 14530 14531
l 14521 14530
l 14522 14532
l 14533 14534
l 14524 14533
l 14526 14535
l 14536 14535
l 14527 14537
l 14529 14538
l 14539 14538
l 14540 14539
l 14541 14540
l 14542 14543
l 14544 14542
l 14545 14544
l 14531 14545
l 14532 14546
l 14547 14548
l 14534 14547
l 14536 14549
l 14550 14549
l 14551 14552
l 14553 14551
l 14537 14553
l 14541 14554
l 14555 14554
l 14543 14555
l 14546 14556
l 14557 14556
l 14558 14557
l 14559 14560
l 14548 14559
l 14550 14561
l 14562 14561
l 14563 14564
l 14565 14563
l 14566 14565
l 14552 14566
l 14558 14567
l 14568 14567
l 14569 14568
l 14570 14569
l 14571 14572
l 14560 14571
l 14562 14573
l 14574 14573
l 14575 14576
l 14577 14575
l 14578 14577
l 14579 14578
l 14580 14579
l 14564 14580
l 14570 14581
l 14582 14581
l 14583 14582
l 14584 14583
l 14585 14584
l 14586 14585
l 14587 14588
l 14572 14587
l 14574 14589
l 14590 14589
l 14591 14590
l 14592 14593
l 14594 14592
l 14595 14594
l 14596 14595
l 14597 14596
l 14598 14597
l 14576 14598
l 14586 14599
l 14600 14599
l 14601 14600
l 14602 14601
l 14603 14602
l 14604 14603
l 14605 14604
l 14606 14607
l 14608 14606
l 14588 14608
l 14591 14609
l 14610 14609
l 14611 14610
l 14612 14611
l 14593 14612
l 14605 14613
l 14614 14613
l 14615 14614
l 14616 14615
l 14607 14616
l 14617 14618
l 14619 14617
l 14620 14619
l 14621 14620
l 14622 14621
l 14623 14622
l 14624 14623
l 14625 14624
l 14626 14625
l 14627 14626
l 14628 14627
l 14629 14628
l 14630 14629
l 14631 14630
l 14632 14631
l 14633 14634
l 14635 14633
l 14636 14635
l 14637 14636
l 14638 14637
l 14618 14638
l 14632 14639
l 14640 14639
l 14641 14640
l 14642 14641
l 14643 14642
l 14644 14643
l 14645 14646
l 14647 14645
l 14648 14647
l 14649 14648
l 14650 14649
l 14651 14650
l 14652 14651
l 14653 14652
l 14634 14654
l 14644 14655
l 14656 14657
l 14658 14656
l 14659 14658
l 14660 14659
l 14661 14660
l 14662 14661
l 14663 14662
l 14664 14663
l 14665 14666
l 14667 14665
l 14668 14667
l 14669 14668
l 14646 14669
l 14653 14670
l 14671 14670
l 14654 14672
l 14655 14673
l 14674 14675
l 14657 14674
l 14664 14676
l 14677 14676
l 14678 14677
l 14679 14678
l 14680 14679
l 14681 14682
l 14683 14681
l 14684 14683
l 14685 14684
l 14666 14685
l 14671 14686
l 14687 14686
l 14672 14688
l 14673 14689
l 14690 14691
l 14675 14690
l 14680 14692
l 14693 14692
l 14694 14693
l 14695 14694
l 14696 14695
l 14697 14698
l 14699 14697
l 14700 14699
l 14701 14700
l 14682 14701
l 14687 14702
l 14688 14703
l 14704 14703
l 14705 14706
l 14689 14705
l 14691 14707
l 14696 14708
l 14709 14708
l 14710 14709
l 14711 14710
l 14712 14711
l 14713 14714
l 14715 14713
l 14716 14715
l 14717 14716
l 14698 14717
l 14702 14718
l 14719 14718
l 14704 14720
l 14706 14721
l 14722 14723
l 14707 14722
l 14712 14724
l 14725 14724
l 14726 14725
l 14727 14726
l 14728 14727
l 14729 14730
l 14731 14729
l 14732 14731
l 14714 14732
l 14719 14733
l 14734 14733
l 14720 14735
l 14736 14735
l 14737 14738
l 14721 14737
l 14739 14740
l 14723 14739
l 14728 14741
l 14742 14741
l 14743 14742
l 14744 14743
l 14730 14745
l 14734 14746
l 14736 14747
l 14738 14748
l 14740 14749
l 14744 14750
l 14745 14751
l 14746 14752
l 14753 14752
l 14747 14754
l 14755 14754
l 14756 14757
l 14748 14756
l 14758 14759
l 14749 14758
l 14750 14760
l 14751 14761
l 14762 14761
l 14753 14763
l 14764 14763
l 14755 14765
l 14766 14765
l 14767 14768
l 14757 14767
l 14769 14770
l 14759 14769
l 14771 14772
l 14760 14771
l 14762 14773
l 14774 14773
l 14764 14775
l 14766 14776
l 14768 14777
l 14770 14778
l 14779 14780
l 14772 14779
l 14774 14781
l 14782 14781
l 14775 14783
l 14784 14783
l 14776 14785
l 14786 14785
l 14787 14788
l 14777 14787
l 14789 14790
l 14778 14789
l 14791 14792
l 14780 14791
l 14782 14793
l 14794 14793
l 14784 14795
l 14796 14795
l 14786 14797
l 14788 14798
l 14799 14800
l 14790 14799
l 14801 14802
l 14792 14801
l 14794 14803
l 14804 14803
l 14796 14805
l 14797 14806
l 14807 14806
l 14808 14809
l 14798 14808
l 14800 14810
l 14811 14812
l 14802 14811
l 14804 14813
l 14814 14813
l 14805 14815
l 14816 14815
l 14807 14817
l 14809 14818
l 14819 14820
l 14810 14819
l 14821 14822
l 14812 14821
l 14814 14823
l 14824 14823
l 14816 14825
l 14817 14826
l 14818 14827
l 14820 14828
l 14829 14830
l 14822 14829
l 14824 14831
l 14832 14831
l 14825 14833
l 14834 14833
l 14826 14835
l 14836 14835
l 14837 14838
l 14827 14837
l 14839 14840
l 14828 14839
l 14841 14842
l 14830 14841
l 14832 14843
l 14844 14843
l 14834 14845
l 14836 14846
l 14847 14846
l 14848 14849
l 14838 14848
l 14840 14850
l 14851 14852
l 14842 14851
l 14844 14853
l 14854 14853
l 14845 14855
l 14847 14856
l 14857 14856
l 14858 14859
l 14849 14858
l 14850 14860
l 14861 14862
l 14852 14861
l 14854 14863
l 14864 14863
l 14855 14865
l 14857 14866
l 14867 14866
l 14868 14867
l 14869 14870
l 14871 14869
l 14859 14871
l 14860 14872
l 14873 14874
l 14862 14873
l 14864 14875
l 14876 14875
l 14877 14878
l 14865 14877
l 14868 14879
l 14880 14879
l 14870 14880
l 14872 14881
l 14882 14881
l 14883 14884
l 14874 14883
l 14876 14885
l 14886 14885
l 14887 14888
l 14889 14887
l 14890 14889
l 14891 14890
l 14878 14891
l 14882 14892
l 14893 14892
l 14894 14893
l 14895 14894
l 14896 14895
l 14897 14898
l 14884 14897
l 14886 14899
l 14900 14899
l 14901 14902
l 14903 14901
l 14904 14903
l 14905 14904
l 14906 14905
l 14888 14906
l 14896 14907
l 14908 14907
l 14909 14908
l 14910 14909
l 14911 14910
l 14912 14911
l 14913 14914
l 14898 14913
l 14900 14915
l 14916 14915
l 14917 14918
l 14919 14917
l 14920 14919
l 14921 14920
l 14922 14921
l 14923 14922
l 14902 14923
l 14912 14924
l 14925 14924
l 14926 14925
l 14927 14926
l 14928 14927
l 14929 14928
l 14930 14929
l 14931 14932
l 14914 14931
l 14916 14933
l 14934 14933
l 14935 14934
l 14936 14935
l 14937 14936
l 14918 14937
l 14930 14938
l 14939 14938
l 14940 14939
l 14941 14940
l 14942 14941
l 14932 14942
l 14943 14944
l 14945 14943
l 14946 14945
l 14947 14946
l 14948 14947
l 14949 14948
l 14950 14949
l 14951 14950
l 14952 14951
l 14953 14952
l 14954 14953
l 14955 14954
l 14956 14955
l 14957 14956
l 14958 14957
l 14959 14958
l 14960 14959
l 14961 14960
l 14962 14961
l 14963 14962
l 14964 14963
l 14965 14966
l 14967 14965
l 14968 14967
l 14969 14970
l 14971 14969
l 14944 14971
l 14964 14972
l 14973 14972
l 14974 14973
l 14975 14976
l 14977 14975
l 14978 14977
l 14979 14980
l 14981 14979
l 14982 14981
l 14983 14982
l 14966 14983
l 14968 14984
l 14985 14984
l 14986 14985
l 14970 14987
l 14974 14988
l 14989 14990
l 14991 14989
l 14976 14991
l 14978 14992
l 14993 14992
l 14994 14993
l 14995 14994
l 14996 14995
l 14997 14998
l 14999 14997
l 15000 14999
l 15001 15000
l 15002 15001
l 14980 15002
l 14986 15003
l 14987 15004
l 14988 15005
l 14990 15006
l 14996 15007
l 15008 15007
l 15009 15008
l 15010 15009
l 15011 15010
l 15012 15011
l 15013 15014
l 15015 15013
l 15016 15015
l 15017 15016
l 14998 15017
l 15003 15018
l 15019 15018
l 15004 15020
l 15005 15021
l 15022 15023
l 15006 15022
l 15012 15024
l 15025 15024
l 15026 15025
l 15027 15026
l 15028 15027
l 15029 15030
l 15031 15029
l 15032 15031
l 15033 15032
l 15014 15033
l 15019 15034
l 15035 15034
l 15020 15036
l 15037 15036
l 15038 15039
l 15021 15038
l 15040 15041
l 15023 15040
l 15028 15042
l 15043 15042
l 15044 15043
l 15045 15044
l 15046 15045
l 15047 15048
l 15049 15047
l 15050 15049
l 15051 15050
l 15030 15051
l 15035 15052
l 15037 15053
l 15039 15054
l 15041 15055
l 15046 15056
l 15057 15056
l 15058 15057
l 15059 15058
l 15060 15059
l 15061 15062
l 15063 15061
l 15048 15063
l 15052 15064
l 15065 15064
l 15053 15066
l 15067 15066
l 15068 15069
l 15054 15068
l 15070 15071
l 15055 15070
l 15060 15072
l 15073 15072
l 15074 15073
l 15075 15076
l 15062 15075
l 15065 15077
l 15067 15078
l 15069 15079
l 15071 15080
l 15074 15081
l 15082 15081
l 15076 15083
l 15084 15083
l 15077 15085
l 15086 15085
l 15078 15087
l 15088 15087
l 15089 15090
l 15079 15089
l 15091 15092
l 15080 15091
l 15093 15094
l 15082 15093
l 15084 15095
l 15086 15096
l 15097 15096
l 15088 15098
l 15099 15098
l 15100 15101
l 15090 15100
l 15102 15103
l 15092 15102
l 15094 15104
l 15095 15105
l 15106 15105
l 15097 15107
l 15099 15108
l 15101 15109
l 15103 15110
l 15111 15112
l 15104 15111
l 15106 15113
l 15114 15113
l 15107 15115
l 15116 15115
l 15108 15117
l 15118 15117
l 15119 15120
l 15109 15119
l 15121 15122
l 15110 15121
l 15123 15124
l 15112 15123
l 15114 15125
l 15126 15125
l 15116 15127
l 15128 15127
l 15118 15129
l 15120 15130
l 15131 15132
l 15122 15131
l 15133 15134
l 15124 15133
l 15126 15135
l 15136 15135
l 15128 15137
l 15129 15138
l 15139 15138
l 15140 15141
l 15130 15140
l 15132 15142
l 15143 15144
l 15134 15143
l 15136 15145
l 15146 15145
l 15137 15147
l 15148 15147
l 15139 15149
l 15141 15150
l 15151 15152
l 15142 15151
l 15153 15154
l 15144 15153
l 15146 15155
l 15156 15155
l 15148 15157
l 15149 15158
l 15159 15158
l 15160 15161
l 15150 15160
l 15152 15162
l 15163 15164
l 15154 15163
l 15156 15165
l 15166 15165
l 15157 15167
l 15168 15167
l 15159 15169
l 15161 15170
l 15171 15172
l 15162 15171
l 15173 15174
l 15164 15173
l 15166 15175
l 15176 15175
l 15177 15176
l 15168 15178
l 15169 15179
l 15180 15179
l 15181 15182
l 15170 15181
l 15172 15183
l 15184 15185
l 15186 15184
l 15174 15186
l 15177 15187
l 15188 15187
l 15178 15189
l 15180 15190
l 15191 15190
l 15192 15193
l 15182 15192
l 15183 15194
l 15195 15196
l 15185 15195
l 15188 15197
l 15198 15197
l 15189 15199
l 15191 15200
l 15201 15200
l 15202 15201
l 15203 15204
l 15205 15203
l 15193 15205
l 15194 15206
l 15207 15208
l 15196 15207
l 15198 15209
l 15210 15209
l 15211 15212
l 15199 15211
l 15202 15213
l 15214 15213
l 15204 15214
l 15206 15215
l 15216 15215
l 15217 15218
l 15208 15217
l 15210 15219
l 15220 15219
l 15221 15222
l 15223 15221
l 15224 15223
l 15225 15224
l 15212 15225
l 15216 15226
l 15227 15226
l 15228 15227
l 15229 15228
l 15230 15229
l 15231 15232
l 15218 15231
l 15220 15233
l 15234 15233
l 15235 15236
l 15237 15235
l 15238 15237
l 15239 15238
l 15240 15239
l 15222 15240
l 15230 15241
l 15242 15241
l 15243 15242
l 15244 15243
l 15245 15244
l 15246 15245
l 15247 15248
l 15232 15247
l 15234 15249
l 15250 15249
l 15251 15252
l 15253 15251
l 15254 15253
l 15255 15254
l 15256 15255
l 15236 15256
l 15246 15257
l 15258 15257
l 15259 15258
l 15260 15259
l 15261 15260
l 15262 15261
l 15263 15264
l 15248 15263
l 15250 15265
l 15266 15265
l 15267 15266
l 15268 15267
l 15269 15268
l 15270 15269
l 15252 15270
l 15262 15271
l 15272 15271
l 15273 15272
l 15274 15273
l 15275 15274
l 15276 15275
l 15264 15276
l 15277 15278
l 15279 15277
l 15280 15279
l 15281 15280
l 15282 15281
l 15283 15282
l 15284 15283
l 15285 15284
l 15286 15285
l 15287 15286
l 15288 15287
l 15289 15288
l 15290 15289
l 15291 15290
l 15292 15291
l 15293 15292
l 15294 15293
l 15295 15294
l 15296 15295
l 15297 15296
l 15298 15297
l 15299 15298
l 15300 15299
l 15301 15302
l 15303 15301
l 15304 15303
l 15305 15304
l 15306 15307
l 15278 15306
l 15300 15308
l 15309 15308
l 15310 15311
l 15312 15310
l 15313 15312
l 15314 15313
l 15315 15316
l 15317 15315
l 15318 15317
l 15319 15318
l 15302 15319
l 15305 15320
l 15321 15320
l 15322 15321
l 15323 15324
l 15307 15323
l 15309 15325
l 15326 15325
l 15327 15328
l 15329 15327
l 15311 15329
l 15314 15330
l 15331 15330
l 15332 15331
l 15333 15332
l 15334 15333
l 15335 15336
l 15337 15335
l 15338 15337
l 15339 15338
l 15316 15339
l 15322 15340
l 15341 15340
l 15324 15342
l 15343 15342
l 15344 15345
l 15326 15344
l 15346 15347
l 15328 15346
l 15334 15348
l 15349 15348
l 15350 15349
l 15351 15350
l 15352 15351
l 15353 15354
l 15355 15353
l 15356 15355
l 15357 15356
l 15358 15357
l 15336 15358
l 15341 15359
l 15343 15360
l 15345 15361
l 15347 15362
l 15352 15363
l 15364 15363
l 15365 15364
l 15366 15365
l 15367 15366
l 15368 15367
l 15369 15370
l 15371 15369
l 15372 15371
l 15373 15372
l 15354 15373
l 15359 15374
l 15375 15374
l 15360 15376
l 15377 15376
l 15378 15379
l 15361 15378
l 15380 15381
l 15362 15380
l 15368 15382
l 15383 15382
l 15384 15383
l 15385 15384
l 15386 15385
l 15387 15388
l 15389 15387
l 15390 15389
l 15391 15390
l 15370 15391
l 15375 15392
l 15377 15393
l 15379 15394
l 15381 15395
l 15386 15396
l 15397 15396
l 15398 15397
l 15399 15398
l 15400 15399
l 15401 15402
l 15403 15401
l 15388 15403
l 15392 15404
l 15405 15404
l 15393 15406
l 15407 15406
l 15408 15409
l 15394 15408
l 15410 15411
l 15395 15410
l 15400 15412
l 15413 15412
l 15414 15413
l 15402 15415
l 15405 15416
l 15407 15417
l 15409 15418
l 15411 15419
l 15414 15420
l 15415 15421
l 15416 15422
l 15423 15422
l 15417 15424
l 15425 15424
l 15426 15427
l 15418 15426
l 15428 15429
l 15419 15428
l 15420 15430
l 15421 15431
l 15432 15431
l 15423 15433
l 15434 15433
l 15425 15435
l 15427 15436
l 15437 15438
l 15429 15437
l 15439 15440
l 15430 15439
l 15432 15441
l 15442 15441
l 15434 15443
l 15435 15444
l 15445 15444
l 15446 15447
l 15436 15446
l 15438 15448
l 15449 15450
l 15440 15449
l 15442 15451
l 15452 15451
l 15443 15453
l 15454 15453
l 15445 15455
l 15456 15455
l 15457 15458
l 15447 15457
l 15459 15460
l 15448 15459
l 15461 15462
l 15450 15461
l 15452 15463
l 15464 15463
l 15454 15465
l 15456 15466
l 15458 15467
l 15460 15468
l 15469 15470
l 15462 15469
l 15464 15471
l 15472 15471
l 15465 15473
l 15474 15473
l 15466 15475
l 15476 15475
l 15477 15478
l 15467 15477
l 15479 15480
l 15468 15479
l 15481 15482
l 15470 15481
l 15472 15483
l 15484 15483
l 15474 15485
l 15486 15485
l 15476 15487
l 15478 15488
l 15489 15490
l 15480 15489
l 15491 15492
l 15482 15491
l 15484 15493
l 15494 15493
l 15486 15495
l 15487 15496
l 15497 15496
l 15498 15499
l 15488 15498
l 15490 15500
l 15501 15502
l 15492 15501
l 15494 15503
l 15504 15503
l 15495 15505
l 15506 15505
l 15497 15507
l 15499 15508
l 15509 15510
l 15500 15509
l 15511 15512
l 15502 15511
l 15504 15513
l 15514 15513
l 15506 15515
l 15507 15516
l 15517 15516
l 15518 15519
l 15508 15518
l 15510 15520
l 15521 15522
l 15512 15521
l 15514 15523
l 15524 15523
l 15515 15525
l 15517 15526
l 15527 15526
l 15528 15529
l 15519 15528
l 15520 15530
l 15531 15532
l 15522 15531
l 15524 15533
l 15534 15533
l 15525 15535
l 15527 15536
l 15537 15536
l 15538 15537
l 15539 15540
l 15541 15539
l 15529 15541
l 15530 15542
l 15543 15544
l 15532 15543
l 15534 15545
l 15546 15545
l 15547 15546
l 15548 15549
l 15535 15548
l 15538 15550
l 15551 15550
l 15540 15551
l 15542 15552
l 15553 15552
l 15554 15555
l 15556 15554
l 15544 15556
l 15547 15557
l 15558 15557
l 15559 15560
l 15561 15559
l 15562 15561
l 15563 15562
l 15549 15563
l 15553 15564
l 15565 15564
l 15566 15565
l 15567 15566
l 15568 15567
l 15569 15570
l 15555 15569
l 15558 15571
l 15572 15571
l 15573 15574
l 15575 15573
l 15576 15575
l 15577 15576
l 15578 15577
l 15560 15578
l 15568 15579
l 15580 15579
l 15581 15580
l 15582 15581
l 15583 15582
l 15584 15583
l 15585 15586
l 15570 15585
l 15572 15587
l 15588 15587
l 15589 15590
l 15591 15589
l 15592 15591
l 15593 15592
l 15594 15593
l 15574 15594
l 15584 15595
l 15596 15595
l 15597 15596
l 15598 15597
l 15599 15598
l 15600 15599
l 15601 15602
l 15586 15601
l 15588 15603
l 15604 15603
l 15605 15604
l 15606 15605
l 15607 15606
l 15608 15607
l 15590 15608
l 15600 15609
l 15610 15609
l 15611 15610
l 15612 15611
l 15613 15612
l 15614 15613
l 15602 15614
l 15615 15616
l 15617 15615
l 15618 15617
l 15619 15618
l 15620 15619
l 15621 15620
l 15622 15621
l 15623 15622
l 15624 15623
l 15625 15624
l 15626 15625
l 15627 15626
l 15628 15627
l 15629 15628
l 15630 15629
l 15631 15630
l 15632 15631
l 15633 15632
l 15634 15633
l 15635 15634
l 15636 15635
l 15637 15636
l 15638 15637
l 15639 15640
l 15641 15639
l 15642 15641
l 15643 15642
l 15644 15643
l 15645 15646
l 15647 15645
l 15616 15647
l 15638 15648
l 15649 15648
l 15650 15649
l 15651 15652
l 15653 15651
l 15654 15653
l 15655 15654
l 15656 15655
l 15657 15658
l 15659 15657
l 15660 15659
l 15661 15660
l 15662 15661
l 15640 15662
l 15644 15663
l 15664 15663
l 15646 15665
l 15650 15666
l 15667 15668
l 15652 15667
l 15656 15669
l 15670 15669
l 15671 15670
l 15672 15671
l 15673 15672
l 15674 15673
l 15675 15676
l 15677 15675
l 15678 15677
l 15679 15678
l 15658 15679
l 15664 15680
l 15681 15680
l 15665 15682
l 15683 15682
l 15684 15685
l 15666 15684
l 15686 15687
l 15668 15686
l 15674 15688
l 15689 15688
l 15690 15689
l 15691 15690
l 15692 15691
l 15693 15694
l 15695 15693
l 15696 15695
l 15697 15696
l 15698 15697
l 15676 15698
l 15681 15699
l 15683 15700
l 15685 15701
l 15687 15702
l 15692 15703
l 15704 15703
l 15705 15704
l 15706 15705
l 15707 15706
l 15708 15707
l 15709 15710
l 15711 15709
l 15712 15711
l 15713 15712
l 15694 15713
l 15699 15714
l 15715 15714
l 15700 15716
l 15717 15716
l 15718 15719
l 15701 15718
l 15720 15721
l 15702 15720
l 15708 15722
l 15723 15722
l 15724 15723
l 15725 15724
l 15726 15725
l 15727 15728
l 15729 15727
l 15730 15729
l 15731 15730
l 15710 15731
l 15715 15732
l 15717 15733
l 15719 15734
l 15721 15735
l 15726 15736
l 15737 15736
l 15738 15737
l 15739 15738
l 15740 15739
l 15741 15742
l 15728 15741
l 15732 15743
l 15744 15743
l 15733 15745
l 15746 15745
l 15747 15748
l 15734 15747
l 15749 15750
l 15735 15749
l 15740 15751
l 15752 15751
l 15742 15753
l 15744 15754
l 15755 15754
l 15746 15756
l 15748 15757
l 15758 15759
l 15750 15758
l 15752 15760
l 15753 15761
l 15755 15762
l 15756 15763
l 15764 15763
l 15765 15766
l 15757 15765
l 15759 15767
l 15760 15768
l 15761 15769
l 15770 15769
l 15762 15771
l 15772 15771
l 15764 15773
l 15766 15774
l 15775 15776
l 15767 15775
l 15777 15778
l 15768 15777
l 15770 15779
l 15780 15779
l 15772 15781
l 15773 15782
l 15783 15782
l 15784 15785
l 15774 15784
l 15776 15786
l 15787 15788
l 15778 15787
l 15780 15789
l 15790 15789
l 15781 15791
l 15792 15791
l 15783 15793
l 15794 15793
l 15795 15796
l 15785 15795
l 15797 15798
l 15786 15797
l 15799 15800
l 15788 15799
l 15790 15801
l 15802 15801
l 15792 15803
l 15794 15804
l 15796 15805
l 15798 15806
l 15807 15808
l 15800 15807
l 15802 15809
l 15810 15809
l 15803 15811
l 15812 15811
l 15804 15813
l 15814 15813
l 15815 15816
l 15805 15815
l 15817 15818
l 15806 15817
l 15819 15820
l 15808 15819
l 15810 15821
l 15822 15821
l 15812 15823
l 15824 15823
l 15814 15825
l 15816 15826
l 15827 15828
l 15818 15827
l 15829 15830
l 15820 15829
l 15822 15831
l 15832 15831
l 15824 15833
l 15825 15834
l 15835 15834
l 15836 15837
l 15826 15836
l 15828 15838
l 15839 15840
l 15830 15839
l 15832 15841
l 15842 15841
l 15833 15843
l 15844 15843
l 15835 15845
l 15846 15845
l 15847 15848
l 15837 15847
l 15849 15850
l 15838 15849
l 15851 15852
l 15840 15851
l 15842 15853
l 15854 15853
l 15844 15855
l 15846 15856
l 15848 15857
l 15850 15858
l 15859 15860
l 15852 15859
l 15854 15861
l 15862 15861
l 15855 15863
l 15856 15864
l 15865 15864
l 15866 15867
l 15857 15866
l 15858 15868
l 15869 15870
l 15860 15869
l 15862 15871
l 15872 15871
l 15863 15873
l 15865 15874
l 15875 15874
l 15876 15875
l 15877 15878
l 15879 15877
l 15867 15879
l 15868 15880
l 15881 15882
l 15870 15881
l 15872 15883
l 15884 15883
l 15885 15886
l 15873 15885
l 15876 15887
l 15888 15887
l 15878 15888
l 15880 15889
l 15890 15889
l 15891 15892
l 15882 15891
l 15884 15893
l 15894 15893
l 15895 15896
l 15897 15895
l 15898 15897
l 15899 15898
l 15886 15899
l 15890 15900
l 15901 15900
l 15902 15901
l 15903 15902
l 15904 15903
l 15905 15906
l 15892 15905
l 15894 15907
l 15908 15907
l 15909 15908
l 15910 15911
l 15912 15910
l 15913 15912
l 15914 15913
l 15915 15914
l 15896 15915
l 15904 15916
l 15917 15916
l 15918 15917
l 15919 15918
l 15920 15919
l 15921 15920
l 15922 15923
l 15924 15922
l 15906 15924
l 15909 15925
l 15926 15925
l 15927 15928
l 15929 15927
l 15930 15929
l 15931 15930
l 15932 15931
l 15911 15932
l 15921 15933
l 15934 15933
l 15935 15934
l 15936 15935
l 15937 15936
l 15938 15937
l 15939 15940
l 15923 15939
l 15926 15941
l 15942 15941
l 15943 15942
l 15944 15943
l 15945 15944
l 15946 15945
l 15928 15946
l 15938 15947
l 15948 15947
l 15949 15948
l 15950 15949
l 15951 15950
l 15952 15951
l 15940 15952
