v -0.263536 -0.356053 0.0757236 1 1 1
v -0.268522 -0.353241 0.0751255 1 1 1
v -0.244015 -0.360897 0.0767537 1 1 1
v -0.224493 -0.361882 0.0769631 1 1 1
v -0.204972 -0.361891 0.0769651 1 1 1
v -0.185451 -0.361994 0.076987 1 1 1
v -0.16593 -0.362021 0.0769927 1 1 1
v -0.146409 -0.362029 0.0769945 1 1 1
v -0.126888 -0.362096 0.0770086 1 1 1
v -0.107366 -0.362184 0.0770275 1 1 1
v -0.0878452 -0.36208 0.0770054 1 1 1
v -0.0683241 -0.362046 0.076998 1 1 1
v -0.0488029 -0.362089 0.0770073 1 1 1
v -0.0292817 -0.362174 0.0770254 1 1 1
v -0.0097605 -0.362076 0.0770044 1 1 1
v 0.00976062 -0.362076 0.0770044 1 1 1
v 0.0292817 -0.362174 0.0770254 1 1 1
v 0.048803 -0.362089 0.0770073 1 1 1
v 0.0683241 -0.362046 0.076998 1 1 1
v 0.0878453 -0.36208 0.0770054 1 1 1
v 0.107366 -0.362184 0.0770275 1 1 1
v 0.126888 -0.362096 0.0770086 1 1 1
v 0.146409 -0.362029 0.0769945 1 1 1
v 0.16593 -0.362021 0.0769927 1 1 1
v 0.185451 -0.361994 0.076987 1 1 1
v 0.204972 -0.361891 0.0769651 1 1 1
v 0.224494 -0.361882 0.0769631 1 1 1
v 0.244015 -0.360897 0.0767537 1 1 1
v 0.263536 -0.356053 0.0757236 1 1 1
v 0.268522 -0.353241 0.0751255 1 1 1
v -0.283057 -0.344994 0.0733716 1 1 1
v -0.29409 -0.334147 0.0710647 1 1 1
v 0.283057 -0.344994 0.0733716 1 1 1
v 0.29409 -0.334147 0.0710647 1 1 1
v -0.302578 -0.325048 0.0691294 1 1 1
v -0.311888 -0.315053 0.0670039 1 1 1
v 0.302578 -0.325047 0.0691294 1 1 1
v 0.311888 -0.315053 0.0670039 1 1 1
v -0.322099 -0.303915 0.0646351 1 1 1
v -0.329781 -0.295959 0.062943 1 1 1
v 0.322099 -0.303915 0.0646351 1 1 1
v 0.329782 -0.295959 0.062943 1 1 1
v -0.34162 -0.283079 0.0602038 1 1 1
v -0.347513 -0.276865 0.0588822 1 1 1
v 0.34162 -0.283079 0.0602038 1 1 1
v 0.347513 -0.276865 0.0588822 1 1 1
v -0.361142 -0.261669 0.0556504 1 1 1
v -0.364797 -0.257771 0.0548213 1 1 1
v 0.361142 -0.261669 0.0556504 1 1 1
v 0.364797 -0.257771 0.0548213 1 1 1
v -0.380663 -0.24015 0.0510738 1 1 1
v -0.382036 -0.238677 0.0507605 1 1 1
v 0.380663 -0.24015 0.0510738 1 1 1
v 0.382036 -0.238677 0.0507605 1 1 1
v -0.399291 -0.219582 0.0466997 1 1 1
v 0.399291 -0.219582 0.0466997 1 1 1
v -0.400184 -0.218583 0.046487 1 1 1
v -0.417037 -0.200488 0.0426388 1 1 1
v 0.400184 -0.218582 0.046487 1 1 1
v 0.417037 -0.200488 0.0426388 1 1 1
v -0.419705 -0.197501 0.0420035 1 1 1
v -0.43456 -0.181394 0.038578 1 1 1
v 0.419705 -0.197501 0.0420035 1 1 1
v 0.43456 -0.181394 0.038578 1 1 1
v -0.439226 -0.176066 0.0374449 1 1 1
v -0.451879 -0.1623 0.0345171 1 1 1
v 0.439226 -0.176066 0.0374449 1 1 1
v 0.451879 -0.1623 0.0345171 1 1 1
v -0.458747 -0.154537 0.0328662 1 1 1
v -0.46918 -0.143206 0.0304563 1 1 1
v 0.458748 -0.154537 0.0328661 1 1 1
v 0.46918 -0.143206 0.0304563 1 1 1
v -0.478269 -0.133026 0.0282914 1 1 1
v -0.486601 -0.124112 0.0263955 1 1 1
v 0.478269 -0.133026 0.0282913 1 1 1
v 0.486601 -0.124112 0.0263955 1 1 1
v -0.49779 -0.111654 0.023746 1 1 1
v -0.504037 -0.105018 0.0223346 1 1 1
v 0.49779 -0.111654 0.023746 1 1 1
v 0.504037 -0.105018 0.0223346 1 1 1
v -0.517311 -0.0903665 0.0192187 1 1 1
v -0.521479 -0.0859235 0.0182738 1 1 1
v 0.517311 -0.0903664 0.0192187 1 1 1
v 0.521479 -0.0859235 0.0182738 1 1 1
v -0.536832 -0.0689112 0.0146557 1 1 1
v -0.538775 -0.0668294 0.0142129 1 1 1
v 0.536832 -0.0689111 0.0146557 1 1 1
v 0.538774 -0.0668294 0.0142129 1 1 1
v -0.556045 -0.0477352 0.0101521 1 1 1
v 0.556045 -0.0477352 0.0101521 1 1 1
v -0.556353 -0.0473916 0.010079 1 1 1
v -0.573875 -0.0286412 0.00609126 1 1 1
v 0.556353 -0.0473915 0.010079 1 1 1
v 0.573875 -0.0286412 0.00609126 1 1 1
v -0.575874 -0.0264655 0.00562855 1 1 1
v -0.591925 -0.00954698 0.0020304 1 1 1
v 0.575874 -0.0264655 0.00562854 1 1 1
v 0.591925 -0.00954698 0.0020304 1 1 1
v -0.595396 -0.00576737 0.00122657 1 1 1
v -0.610023 0.0095471 -0.00203043 1 1 1
v 0.595396 -0.00576732 0.00122656 1 1 1
v 0.610023 0.0095471 -0.00203043 1 1 1
v -0.614917 0.0147951 -0.00314655 1 1 1
v -0.628443 0.0286412 -0.00609126 1 1 1
v 0.614917 0.0147952 -0.00314656 1 1 1
v 0.628443 0.0286412 -0.00609126 1 1 1
v -0.634438 0.0350926 -0.00746332 1 1 1
v -0.646684 0.0477354 -0.0101521 1 1 1
v 0.634438 0.0350926 -0.00746332 1 1 1
v 0.646684 0.0477354 -0.0101521 1 1 1
v -0.653959 0.0555616 -0.0118166 1 1 1
v -0.664876 0.0668294 -0.0142129 1 1 1
v 0.653959 0.0555617 -0.0118166 1 1 1
v 0.664876 0.0668294 -0.0142129 1 1 1
v -0.67348 0.076002 -0.0161637 1 1 1
v -0.683221 0.0859236 -0.0182738 1 1 1
v 0.67348 0.0760021 -0.0161637 1 1 1
v 0.683221 0.0859236 -0.0182738 1 1 1
v -0.693001 0.0962476 -0.0204694 1 1 1
v -0.701676 0.105018 -0.0223346 1 1 1
v 0.693002 0.0962477 -0.0204695 1 1 1
v 0.701676 0.105018 -0.0223346 1 1 1
v -0.712523 0.116357 -0.0247463 1 1 1
v -0.720281 0.124112 -0.0263955 1 1 1
v 0.712523 0.116357 -0.0247463 1 1 1
v 0.720281 0.124112 -0.0263955 1 1 1
v -0.732044 0.136586 -0.0290484 1 1 1
v -0.738286 0.143206 -0.0304563 1 1 1
v 0.732044 0.136586 -0.0290484 1 1 1
v 0.738286 0.143206 -0.0304563 1 1 1
v -0.749385 0.1623 -0.0345171 1 1 1
v 0.749385 0.1623 -0.0345171 1 1 1
v -0.751565 0.177674 -0.0377869 1 1 1
v -0.752308 0.181394 -0.038578 1 1 1
v 0.751565 0.177675 -0.037787 1 1 1
v 0.752308 0.181394 -0.038578 1 1 1
v -0.751565 0.185696 -0.0394928 1 1 1
v -0.750044 0.200488 -0.0426388 1 1 1
v 0.751565 0.185695 -0.0394927 1 1 1
v 0.750044 0.200488 -0.0426388 1 1 1
v -0.745247 0.219582 -0.0466997 1 1 1
v 0.745247 0.219582 -0.0466997 1 1 1
v -0.739802 0.238677 -0.0507605 1 1 1
v 0.739802 0.238677 -0.0507605 1 1 1
v -0.733727 0.257771 -0.0548213 1 1 1
v -0.126888 0.256361 -0.0545216 1 1 1
v -0.136253 0.257771 -0.0548213 1 1 1
v -0.107366 0.253065 -0.0538205 1 1 1
v -0.0878452 0.249602 -0.053084 1 1 1
v -0.0683241 0.246831 -0.0524947 1 1 1
v -0.0488029 0.245377 -0.0521855 1 1 1
v -0.0292817 0.245061 -0.0521183 1 1 1
v -0.0097605 0.245182 -0.052144 1 1 1
v 0.00976062 0.245182 -0.052144 1 1 1
v 0.0292817 0.245061 -0.0521183 1 1 1
v 0.048803 0.245377 -0.0521855 1 1 1
v 0.0683241 0.246831 -0.0524947 1 1 1
v 0.0878453 0.249602 -0.053084 1 1 1
v 0.107366 0.253065 -0.0538205 1 1 1
v 0.126888 0.256361 -0.0545216 1 1 1
v 0.136254 0.257771 -0.0548213 1 1 1
v 0.733727 0.257771 -0.0548213 1 1 1
v -0.732044 0.262468 -0.0558203 1 1 1
v -0.728515 0.276865 -0.0588822 1 1 1
v -0.224493 0.274653 -0.0584118 1 1 1
v -0.238762 0.276865 -0.0588822 1 1 1
v -0.204972 0.271192 -0.0576757 1 1 1
v -0.185451 0.267607 -0.0569132 1 1 1
v -0.16593 0.264056 -0.0561582 1 1 1
v -0.146409 0.260164 -0.0553304 1 1 1
v 0.146409 0.260164 -0.0553304 1 1 1
v 0.16593 0.264056 -0.0561582 1 1 1
v 0.185451 0.267607 -0.0569132 1 1 1
v 0.204972 0.271192 -0.0576757 1 1 1
v 0.224494 0.274653 -0.0584118 1 1 1
v 0.238762 0.276865 -0.0588822 1 1 1
v 0.732044 0.262467 -0.0558202 1 1 1
v 0.728515 0.276865 -0.0588822 1 1 1
v -0.723485 0.295959 -0.062943 1 1 1
v -0.322099 0.292925 -0.0622978 1 1 1
v -0.341246 0.295959 -0.062943 1 1 1
v -0.302578 0.289474 -0.0615639 1 1 1
v -0.283057 0.285895 -0.0608026 1 1 1
v -0.263536 0.282222 -0.0600214 1 1 1
v -0.244015 0.27814 -0.0591533 1 1 1
v 0.244015 0.27814 -0.0591533 1 1 1
v 0.263536 0.282222 -0.0600214 1 1 1
v 0.283057 0.285895 -0.0608026 1 1 1
v 0.302578 0.289474 -0.0615639 1 1 1
v 0.322099 0.292925 -0.0622978 1 1 1
v 0.341246 0.295959 -0.062943 1 1 1
v 0.723485 0.295959 -0.062943 1 1 1
v -0.717631 0.315053 -0.0670039 1 1 1
v -0.439226 0.31435 -0.0668544 1 1 1
v -0.443912 0.315053 -0.0670039 1 1 1
v -0.419705 0.311149 -0.0661736 1 1 1
v -0.400184 0.30765 -0.0654295 1 1 1
v -0.380663 0.304166 -0.0646884 1 1 1
v -0.361142 0.300449 -0.063898 1 1 1
v -0.34162 0.296053 -0.0629631 1 1 1
v 0.34162 0.296053 -0.0629631 1 1 1
v 0.361142 0.300449 -0.063898 1 1 1
v 0.380663 0.304166 -0.0646884 1 1 1
v 0.400184 0.30765 -0.0654295 1 1 1
v 0.419705 0.311149 -0.0661736 1 1 1
v 0.439226 0.31435 -0.0668544 1 1 1
v 0.443912 0.315053 -0.0670039 1 1 1
v 0.717631 0.315053 -0.0670039 1 1 1
v -0.712523 0.328296 -0.0698203 1 1 1
v -0.710042 0.334147 -0.0710647 1 1 1
v -0.536832 0.332552 -0.0707254 1 1 1
v -0.547422 0.334147 -0.0710647 1 1 1
v -0.517311 0.329227 -0.0700182 1 1 1
v -0.49779 0.32564 -0.0692554 1 1 1
v -0.478269 0.322161 -0.0685154 1 1 1
v -0.458747 0.318474 -0.0677315 1 1 1
v 0.458748 0.318475 -0.0677315 1 1 1
v 0.478269 0.322161 -0.0685155 1 1 1
v 0.49779 0.32564 -0.0692554 1 1 1
v 0.517311 0.329227 -0.0700182 1 1 1
v 0.536832 0.332552 -0.0707254 1 1 1
v 0.547422 0.334147 -0.0710647 1 1 1
v 0.712523 0.328296 -0.0698203 1 1 1
v 0.710042 0.334147 -0.0710647 1 1 1
v -0.693001 0.351524 -0.0747603 1 1 1
v -0.684925 0.353241 -0.0751256 1 1 1
v -0.634438 0.350604 -0.0745648 1 1 1
v -0.651488 0.353241 -0.0751256 1 1 1
v -0.614917 0.346963 -0.0737903 1 1 1
v -0.595396 0.34359 -0.073073 1 1 1
v -0.575874 0.340178 -0.0723473 1 1 1
v -0.556353 0.336222 -0.071506 1 1 1
v 0.556353 0.336222 -0.071506 1 1 1
v 0.575874 0.340178 -0.0723473 1 1 1
v 0.595396 0.34359 -0.073073 1 1 1
v 0.614917 0.346963 -0.0737903 1 1 1
v 0.634438 0.350605 -0.0745648 1 1 1
v 0.651488 0.353241 -0.0751256 1 1 1
v 0.693002 0.351524 -0.0747603 1 1 1
v 0.684925 0.353241 -0.0751256 1 1 1
v -0.67348 0.355644 -0.0756365 1 1 1
v -0.653959 0.353846 -0.0752542 1 1 1
v 0.653959 0.353846 -0.0752542 1 1 1
v 0.67348 0.355644 -0.0756365 1 1 1
v -0.244015 -0.324336 0.234218 1 1 1
v -0.260417 -0.31962 0.233215 1 1 1
v -0.224493 -0.3257 0.234508 1 1 1
v -0.204972 -0.325884 0.234547 1 1 1
v -0.185451 -0.326136 0.234601 1 1 1
v -0.16593 -0.326284 0.234632 1 1 1
v -0.146409 -0.326375 0.234652 1 1 1
v -0.126888 -0.326492 0.234677 1 1 1
v -0.107366 -0.326606 0.234701 1 1 1
v -0.0878452 -0.326499 0.234678 1 1 1
v -0.0683241 -0.326468 0.234671 1 1 1
v -0.0488029 -0.326514 0.234681 1 1 1
v -0.0292817 -0.326601 0.2347 1 1 1
v -0.0097605 -0.326496 0.234677 1 1 1
v 0.00976062 -0.326496 0.234677 1 1 1
v 0.0292817 -0.326601 0.2347 1 1 1
v 0.048803 -0.326514 0.234681 1 1 1
v 0.0683241 -0.326468 0.234671 1 1 1
v 0.0878453 -0.326499 0.234678 1 1 1
v 0.107366 -0.326606 0.234701 1 1 1
v 0.126888 -0.326492 0.234677 1 1 1
v 0.146409 -0.326375 0.234652 1 1 1
v 0.16593 -0.326284 0.234632 1 1 1
v 0.185451 -0.326136 0.234601 1 1 1
v 0.204972 -0.325884 0.234547 1 1 1
v 0.224494 -0.3257 0.234508 1 1 1
v 0.244015 -0.324336 0.234218 1 1 1
v 0.260417 -0.31962 0.233215 1 1 1
v -0.283057 -0.307258 0.230586 1 1 1
v -0.289894 -0.300525 0.229154 1 1 1
v -0.263536 -0.31887 0.233056 1 1 1
v 0.263536 -0.31887 0.233056 1 1 1
v 0.283057 -0.307258 0.230586 1 1 1
v 0.289894 -0.300525 0.229154 1 1 1
v -0.302578 -0.286918 0.22626 1 1 1
v -0.307683 -0.281431 0.225093 1 1 1
v 0.302578 -0.286918 0.22626 1 1 1
v 0.307683 -0.281431 0.225093 1 1 1
v -0.322099 -0.265698 0.221747 1 1 1
v -0.32534 -0.262337 0.221032 1 1 1
v 0.322099 -0.265697 0.221747 1 1 1
v 0.32534 -0.262337 0.221032 1 1 1
v -0.34162 -0.244615 0.217263 1 1 1
v -0.34292 -0.243243 0.216972 1 1 1
v 0.34162 -0.244615 0.217263 1 1 1
v 0.34292 -0.243243 0.216972 1 1 1
v -0.360396 -0.224149 0.212911 1 1 1
v 0.360396 -0.224149 0.212911 1 1 1
v -0.361142 -0.22333 0.212737 1 1 1
v -0.378335 -0.205055 0.20885 1 1 1
v 0.361142 -0.22333 0.212737 1 1 1
v 0.378335 -0.205055 0.20885 1 1 1
v -0.380663 -0.202452 0.208296 1 1 1
v -0.395953 -0.185961 0.204789 1 1 1
v 0.380663 -0.202452 0.208296 1 1 1
v 0.395953 -0.185961 0.204789 1 1 1
v -0.400184 -0.181225 0.203782 1 1 1
v -0.413544 -0.166867 0.200728 1 1 1
v 0.400184 -0.181225 0.203782 1 1 1
v 0.413544 -0.166867 0.200728 1 1 1
v -0.419705 -0.159972 0.199262 1 1 1
v -0.430956 -0.147772 0.196667 1 1 1
v 0.419705 -0.159972 0.199262 1 1 1
v 0.430956 -0.147772 0.196667 1 1 1
v -0.439226 -0.138326 0.194658 1 1 1
v -0.448086 -0.128678 0.192607 1 1 1
v 0.439226 -0.138326 0.194658 1 1 1
v 0.448086 -0.128678 0.192607 1 1 1
v -0.458747 -0.116629 0.190044 1 1 1
v -0.465229 -0.109584 0.188546 1 1 1
v 0.458748 -0.116629 0.190044 1 1 1
v 0.465229 -0.109584 0.188546 1 1 1
v -0.478269 -0.0949815 0.18544 1 1 1
v -0.482464 -0.0904901 0.184485 1 1 1
v 0.478269 -0.0949814 0.18544 1 1 1
v 0.482464 -0.0904901 0.184485 1 1 1
v -0.49779 -0.0734205 0.180855 1 1 1
v -0.499694 -0.0713961 0.180424 1 1 1
v 0.49779 -0.0734204 0.180855 1 1 1
v 0.499694 -0.0713961 0.180424 1 1 1
v -0.517092 -0.0523019 0.176363 1 1 1
v 0.517092 -0.0523019 0.176363 1 1 1
v -0.517311 -0.0520609 0.176312 1 1 1
v -0.535049 -0.0332078 0.172302 1 1 1
v 0.517311 -0.0520608 0.176312 1 1 1
v 0.535048 -0.0332078 0.172302 1 1 1
v -0.536832 -0.0312522 0.171886 1 1 1
v -0.552904 -0.0141136 0.168242 1 1 1
v 0.536832 -0.0312521 0.171886 1 1 1
v 0.552904 -0.0141136 0.168242 1 1 1
v -0.556353 -0.0102649 0.167423 1 1 1
v -0.570587 0.00498048 0.164181 1 1 1
v 0.556353 -0.0102648 0.167423 1 1 1
v 0.570587 0.00498048 0.164181 1 1 1
v -0.575874 0.0107349 0.162957 1 1 1
v -0.588523 0.0240747 0.16012 1 1 1
v 0.575874 0.0107349 0.162957 1 1 1
v 0.588523 0.0240747 0.16012 1 1 1
v -0.595396 0.0315626 0.158527 1 1 1
v -0.606473 0.0431687 0.156059 1 1 1
v 0.595396 0.0315627 0.158527 1 1 1
v 0.606473 0.0431687 0.156059 1 1 1
v -0.614917 0.0522274 0.154132 1 1 1
v -0.624709 0.0622628 0.151998 1 1 1
v 0.614917 0.0522275 0.154132 1 1 1
v 0.624709 0.0622628 0.151998 1 1 1
v -0.634438 0.072737 0.149771 1 1 1
v -0.642782 0.081357 0.147937 1 1 1
v 0.634438 0.072737 0.149771 1 1 1
v 0.642782 0.081357 0.147937 1 1 1
v -0.653959 0.0933912 0.145378 1 1 1
v -0.660788 0.100451 0.143876 1 1 1
v 0.653959 0.0933913 0.145378 1 1 1
v 0.660788 0.100451 0.143876 1 1 1
v -0.67348 0.113985 0.140998 1 1 1
v -0.678934 0.119545 0.139816 1 1 1
v 0.67348 0.113985 0.140998 1 1 1
v 0.678934 0.119545 0.139816 1 1 1
v -0.693001 0.134434 0.136649 1 1 1
v -0.697144 0.138639 0.135755 1 1 1
v 0.693002 0.134434 0.136649 1 1 1
v 0.697144 0.138639 0.135755 1 1 1
v -0.712523 0.154799 0.132318 1 1 1
v -0.715437 0.157734 0.131694 1 1 1
v 0.712523 0.154799 0.132318 1 1 1
v 0.715437 0.157734 0.131694 1 1 1
v -0.732044 0.175514 0.127913 1 1 1
v -0.733269 0.176828 0.127633 1 1 1
v 0.732044 0.175514 0.127913 1 1 1
v 0.733269 0.176828 0.127633 1 1 1
v -0.745929 0.195922 0.123572 1 1 1
v 0.745929 0.195922 0.123572 1 1 1
v -0.749121 0.215016 0.119511 1 1 1
v 0.749121 0.215016 0.119511 1 1 1
v -0.747228 0.23411 0.115451 1 1 1
v 0.747228 0.23411 0.115451 1 1 1
v -0.742091 0.253204 0.11139 1 1 1
v 0.742091 0.253204 0.11139 1 1 1
v -0.736231 0.272298 0.107329 1 1 1
v 0.736231 0.272298 0.107329 1 1 1
v -0.732044 0.285088 0.104609 1 1 1
v -0.730592 0.291392 0.103268 1 1 1
v -0.126888 0.288869 0.103805 1 1 1
v -0.143874 0.291392 0.103268 1 1 1
v -0.107366 0.285507 0.10452 1 1 1
v -0.0878452 0.281978 0.10527 1 1 1
v -0.0683241 0.279153 0.105871 1 1 1
v -0.0488029 0.277675 0.106185 1 1 1
v -0.0292817 0.277355 0.106254 1 1 1
v -0.0097605 0.277475 0.106228 1 1 1
v 0.00976062 0.277475 0.106228 1 1 1
v 0.0292817 0.277355 0.106254 1 1 1
v 0.048803 0.277675 0.106185 1 1 1
v 0.0683241 0.279153 0.105871 1 1 1
v 0.0878453 0.281978 0.10527 1 1 1
v 0.107366 0.285507 0.10452 1 1 1
v 0.126888 0.288869 0.103805 1 1 1
v 0.143874 0.291392 0.103268 1 1 1
v 0.732044 0.285087 0.104609 1 1 1
v 0.730592 0.291392 0.103268 1 1 1
v -0.725713 0.310486 0.0992072 1 1 1
v -0.244015 0.310132 0.0992826 1 1 1
v -0.246461 0.310486 0.0992072 1 1 1
v -0.224493 0.30704 0.0999403 1 1 1
v -0.204972 0.303438 0.100706 1 1 1
v -0.185451 0.299715 0.101498 1 1 1
v -0.16593 0.296019 0.102284 1 1 1
v -0.146409 0.291978 0.103143 1 1 1
v 0.146409 0.291978 0.103143 1 1 1
v 0.16593 0.296019 0.102284 1 1 1
v 0.185451 0.299715 0.101498 1 1 1
v 0.204972 0.303438 0.100706 1 1 1
v 0.224494 0.30704 0.0999403 1 1 1
v 0.244015 0.310132 0.0992826 1 1 1
v 0.246461 0.310486 0.0992072 1 1 1
v 0.725713 0.310486 0.0992072 1 1 1
v -0.720269 0.329581 0.0951464 1 1 1
v -0.34162 0.328621 0.0953504 1 1 1
v -0.348016 0.329581 0.0951464 1 1 1
v -0.322099 0.325412 0.096033 1 1 1
v -0.302578 0.321823 0.0967962 1 1 1
v -0.283057 0.318074 0.0975936 1 1 1
v -0.263536 0.314206 0.0984161 1 1 1
v 0.263536 0.314206 0.0984161 1 1 1
v 0.283057 0.318074 0.0975936 1 1 1
v 0.302578 0.321823 0.0967962 1 1 1
v 0.322099 0.325412 0.096033 1 1 1
v 0.34162 0.328621 0.0953504 1 1 1
v 0.348016 0.329581 0.0951464 1 1 1
v 0.720269 0.329581 0.0951464 1 1 1
v -0.713851 0.348675 0.0910855 1 1 1
v -0.439226 0.346962 0.0914499 1 1 1
v -0.450787 0.348675 0.0910855 1 1 1
v -0.419705 0.343692 0.0921454 1 1 1
v -0.400184 0.340097 0.0929098 1 1 1
v -0.380663 0.336466 0.093682 1 1 1
v -0.361142 0.33256 0.0945127 1 1 1
v 0.361142 0.33256 0.0945127 1 1 1
v 0.380663 0.336466 0.093682 1 1 1
v 0.400184 0.340097 0.0929098 1 1 1
v 0.419705 0.343692 0.0921453 1 1 1
v 0.439226 0.346962 0.0914499 1 1 1
v 0.450787 0.348675 0.0910855 1 1 1
v 0.713851 0.348675 0.0910855 1 1 1
v -0.712523 0.352103 0.0903565 1 1 1
v -0.705853 0.367769 0.0870247 1 1 1
v -0.556353 0.367734 0.0870322 1 1 1
v -0.556607 0.367769 0.0870247 1 1 1
v -0.536832 0.364882 0.0876386 1 1 1
v -0.517311 0.361511 0.0883555 1 1 1
v -0.49779 0.357853 0.0891335 1 1 1
v -0.478269 0.354277 0.0898942 1 1 1
v -0.458747 0.350477 0.0907023 1 1 1
v 0.458748 0.350477 0.0907023 1 1 1
v 0.478269 0.354277 0.0898942 1 1 1
v 0.49779 0.357853 0.0891335 1 1 1
v 0.517311 0.361511 0.0883555 1 1 1
v 0.536832 0.364882 0.0876386 1 1 1
v 0.556353 0.367734 0.0870322 1 1 1
v 0.556607 0.367769 0.0870247 1 1 1
v 0.712523 0.352103 0.0903565 1 1 1
v 0.705853 0.367769 0.0870247 1 1 1
v -0.693001 0.380947 0.0842221 1 1 1
v -0.67348 0.385869 0.0831752 1 1 1
v -0.653959 0.385111 0.0833364 1 1 1
v -0.634438 0.382174 0.0839612 1 1 1
v -0.614917 0.378492 0.0847442 1 1 1
v -0.595396 0.375125 0.0854602 1 1 1
v -0.575874 0.371716 0.0861852 1 1 1
v 0.575874 0.371716 0.0861852 1 1 1
v 0.595396 0.375125 0.0854602 1 1 1
v 0.614917 0.378492 0.0847442 1 1 1
v 0.634438 0.382174 0.0839612 1 1 1
v 0.653959 0.385111 0.0833364 1 1 1
v 0.67348 0.385869 0.0831752 1 1 1
v 0.693002 0.380947 0.0842221 1 1 1
v -0.244015 -0.287595 0.391826 1 1 1
v -0.249535 -0.285961 0.391478 1 1 1
v -0.224493 -0.289357 0.392202 1 1 1
v -0.204972 -0.289729 0.392281 1 1 1
v -0.185451 -0.290139 0.392368 1 1 1
v -0.16593 -0.290419 0.392428 1 1 1
v -0.146409 -0.290598 0.392466 1 1 1
v -0.126888 -0.29077 0.392503 1 1 1
v -0.107366 -0.29091 0.392533 1 1 1
v -0.0878452 -0.290798 0.392509 1 1 1
v -0.0683241 -0.290772 0.392503 1 1 1
v -0.0488029 -0.290821 0.392514 1 1 1
v -0.0292817 -0.290911 0.392533 1 1 1
v -0.0097605 -0.290799 0.392509 1 1 1
v 0.00976062 -0.290799 0.392509 1 1 1
v 0.0292817 -0.290911 0.392533 1 1 1
v 0.048803 -0.290821 0.392514 1 1 1
v 0.0683241 -0.290772 0.392503 1 1 1
v 0.0878453 -0.290798 0.392509 1 1 1
v 0.107366 -0.29091 0.392533 1 1 1
v 0.126888 -0.29077 0.392503 1 1 1
v 0.146409 -0.290598 0.392466 1 1 1
v 0.16593 -0.290419 0.392428 1 1 1
v 0.185451 -0.290139 0.392368 1 1 1
v 0.204972 -0.289729 0.392281 1 1 1
v 0.224494 -0.289357 0.392202 1 1 1
v 0.244015 -0.287595 0.391826 1 1 1
v 0.249535 -0.285961 0.391478 1 1 1
v -0.283057 -0.269307 0.387927 1 1 1
v -0.285529 -0.266869 0.387407 1 1 1
v -0.263536 -0.282486 0.390737 1 1 1
v 0.263536 -0.282486 0.390737 1 1 1
v 0.283057 -0.269307 0.387927 1 1 1
v 0.285529 -0.266869 0.387407 1 1 1
v -0.302578 -0.248567 0.383506 1 1 1
v -0.303313 -0.247777 0.383337 1 1 1
v 0.302578 -0.248567 0.383506 1 1 1
v 0.303313 -0.247777 0.383337 1 1 1
v -0.3212 -0.228685 0.379267 1 1 1
v 0.3212 -0.228685 0.379267 1 1 1
v -0.322099 -0.227709 0.379059 1 1 1
v -0.339342 -0.209593 0.375197 1 1 1
v 0.322099 -0.227709 0.379059 1 1 1
v 0.339342 -0.209593 0.375197 1 1 1
v -0.34162 -0.207076 0.37466 1 1 1
v -0.357146 -0.1905 0.371127 1 1 1
v 0.34162 -0.207076 0.37466 1 1 1
v 0.357146 -0.1905 0.371127 1 1 1
v -0.361142 -0.186113 0.370191 1 1 1
v -0.374971 -0.171408 0.367056 1 1 1
v 0.361142 -0.186113 0.370191 1 1 1
v 0.374971 -0.171408 0.367056 1 1 1
v -0.380663 -0.165042 0.365699 1 1 1
v -0.392457 -0.152316 0.362986 1 1 1
v 0.380663 -0.165042 0.365699 1 1 1
v 0.392457 -0.152316 0.362986 1 1 1
v -0.400184 -0.143666 0.361142 1 1 1
v -0.409891 -0.133224 0.358916 1 1 1
v 0.400184 -0.143666 0.361142 1 1 1
v 0.409891 -0.133224 0.358916 1 1 1
v -0.419705 -0.122247 0.356576 1 1 1
v -0.42719 -0.114132 0.354846 1 1 1
v 0.419705 -0.122247 0.356576 1 1 1
v 0.42719 -0.114132 0.354846 1 1 1
v -0.439226 -0.100379 0.351914 1 1 1
v -0.444126 -0.0950398 0.350776 1 1 1
v 0.439226 -0.100379 0.351914 1 1 1
v 0.444126 -0.0950398 0.350776 1 1 1
v -0.458747 -0.0785162 0.347253 1 1 1
v -0.461109 -0.0759476 0.346705 1 1 1
v 0.458748 -0.0785161 0.347253 1 1 1
v 0.461109 -0.0759476 0.346705 1 1 1
v -0.478194 -0.0568555 0.342635 1 1 1
v 0.478194 -0.0568555 0.342635 1 1 1
v -0.478269 -0.0567736 0.342618 1 1 1
v -0.496068 -0.0377634 0.338565 1 1 1
v 0.478269 -0.0567735 0.342618 1 1 1
v 0.496068 -0.0377634 0.338565 1 1 1
v -0.49779 -0.0358839 0.338164 1 1 1
v -0.514023 -0.0186712 0.334495 1 1 1
v 0.49779 -0.0358839 0.338164 1 1 1
v 0.514023 -0.0186712 0.334495 1 1 1
v -0.517311 -0.0150441 0.333721 1 1 1
v -0.53185 0.000420839 0.330425 1 1 1
v 0.517311 -0.015044 0.333721 1 1 1
v 0.531849 0.000420839 0.330425 1 1 1
v -0.536832 0.00588383 0.32926 1 1 1
v -0.549609 0.019513 0.326354 1 1 1
v 0.536832 0.00588395 0.32926 1 1 1
v 0.549609 0.019513 0.326354 1 1 1
v -0.556353 0.0270407 0.32475 1 1 1
v -0.567141 0.0386051 0.322284 1 1 1
v 0.556353 0.0270408 0.324749 1 1 1
v 0.567141 0.0386051 0.322284 1 1 1
v -0.575874 0.0481106 0.320258 1 1 1
v -0.584959 0.0576973 0.318214 1 1 1
v 0.575874 0.0481107 0.320258 1 1 1
v 0.584959 0.0576973 0.318214 1 1 1
v -0.595396 0.0690707 0.315789 1 1 1
v -0.602758 0.0767894 0.314144 1 1 1
v 0.595396 0.0690707 0.315789 1 1 1
v 0.602758 0.0767894 0.314144 1 1 1
v -0.614917 0.0898372 0.311362 1 1 1
v -0.620808 0.0958815 0.310074 1 1 1
v 0.614917 0.0898373 0.311362 1 1 1
v 0.620808 0.0958815 0.310074 1 1 1
v -0.634438 0.11056 0.306944 1 1 1
v -0.638708 0.114974 0.306003 1 1 1
v 0.634438 0.11056 0.306944 1 1 1
v 0.638708 0.114974 0.306003 1 1 1
v -0.653959 0.131407 0.3025 1 1 1
v -0.656526 0.134066 0.301933 1 1 1
v 0.653959 0.131407 0.3025 1 1 1
v 0.656526 0.134066 0.301933 1 1 1
v -0.67348 0.152145 0.298079 1 1 1
v -0.674473 0.153158 0.297863 1 1 1
v 0.67348 0.152145 0.298079 1 1 1
v 0.674473 0.153158 0.297863 1 1 1
v -0.692631 0.17225 0.293793 1 1 1
v 0.692631 0.17225 0.293793 1 1 1
v -0.693001 0.172643 0.293709 1 1 1
v -0.711153 0.191342 0.289723 1 1 1
v 0.693002 0.172643 0.293709 1 1 1
v 0.711153 0.191342 0.289723 1 1 1
v -0.712523 0.192808 0.28941 1 1 1
v -0.729388 0.210434 0.285652 1 1 1
v 0.712523 0.192808 0.28941 1 1 1
v 0.729388 0.210434 0.285652 1 1 1
v -0.732044 0.21439 0.284809 1 1 1
v -0.742324 0.229526 0.281582 1 1 1
v 0.732044 0.21439 0.284809 1 1 1
v 0.742324 0.229526 0.281582 1 1 1
v -0.746096 0.248619 0.277512 1 1 1
v 0.746096 0.248619 0.277512 1 1 1
v -0.744279 0.267711 0.273442 1 1 1
v 0.744279 0.267711 0.273442 1 1 1
v -0.7388 0.286803 0.269372 1 1 1
v 0.7388 0.286803 0.269372 1 1 1
v -0.732527 0.305895 0.265301 1 1 1
v 0.732527 0.305895 0.265301 1 1 1
v -0.732044 0.307387 0.264983 1 1 1
v -0.728016 0.324987 0.261231 1 1 1
v -0.146409 0.324222 0.261394 1 1 1
v -0.151896 0.324987 0.261231 1 1 1
v -0.126888 0.321297 0.262018 1 1 1
v -0.107366 0.31787 0.262748 1 1 1
v -0.0878452 0.314277 0.263514 1 1 1
v -0.0683241 0.311398 0.264128 1 1 1
v -0.0488029 0.309899 0.264448 1 1 1
v -0.0292817 0.309573 0.264517 1 1 1
v -0.0097605 0.309694 0.264491 1 1 1
v 0.00976062 0.309694 0.264491 1 1 1
v 0.0292817 0.309573 0.264517 1 1 1
v 0.048803 0.309899 0.264448 1 1 1
v 0.0683241 0.311398 0.264128 1 1 1
v 0.0878453 0.314277 0.263514 1 1 1
v 0.107366 0.31787 0.262748 1 1 1
v 0.126888 0.321297 0.262018 1 1 1
v 0.146409 0.324222 0.261394 1 1 1
v 0.151896 0.324987 0.261231 1 1 1
v 0.732044 0.307387 0.264983 1 1 1
v 0.728016 0.324987 0.261231 1 1 1
v -0.722784 0.344079 0.257161 1 1 1
v -0.244015 0.34257 0.257483 1 1 1
v -0.25431 0.344079 0.257161 1 1 1
v -0.224493 0.33934 0.258171 1 1 1
v -0.204972 0.335596 0.25897 1 1 1
v -0.185451 0.331732 0.259793 1 1 1
v -0.16593 0.327892 0.260612 1 1 1
v 0.16593 0.327892 0.260612 1 1 1
v 0.185451 0.331732 0.259793 1 1 1
v 0.204972 0.335596 0.25897 1 1 1
v 0.224494 0.33934 0.258171 1 1 1
v 0.244015 0.34257 0.257483 1 1 1
v 0.25431 0.344079 0.257161 1 1 1
v 0.722784 0.344079 0.257161 1 1 1
v -0.716916 0.363171 0.253091 1 1 1
v -0.34162 0.36115 0.253522 1 1 1
v -0.354953 0.363171 0.253091 1 1 1
v -0.322099 0.357815 0.254233 1 1 1
v -0.302578 0.354086 0.255028 1 1 1
v -0.283057 0.350164 0.255864 1 1 1
v -0.263536 0.346101 0.25673 1 1 1
v 0.263536 0.346101 0.25673 1 1 1
v 0.283057 0.350165 0.255864 1 1 1
v 0.302578 0.354087 0.255028 1 1 1
v 0.322099 0.357815 0.254233 1 1 1
v 0.34162 0.36115 0.253522 1 1 1
v 0.354953 0.363171 0.253091 1 1 1
v 0.716916 0.363171 0.253091 1 1 1
v -0.712523 0.375838 0.250391 1 1 1
v -0.710704 0.382264 0.249021 1 1 1
v -0.439226 0.379493 0.249611 1 1 1
v -0.458177 0.382264 0.249021 1 1 1
v -0.419705 0.376153 0.250323 1 1 1
v -0.400184 0.372462 0.25111 1 1 1
v -0.380663 0.368681 0.251916 1 1 1
v -0.361142 0.364584 0.25279 1 1 1
v 0.361142 0.364584 0.25279 1 1 1
v 0.380663 0.368681 0.251916 1 1 1
v 0.400184 0.372462 0.25111 1 1 1
v 0.419705 0.376153 0.250323 1 1 1
v 0.439226 0.379493 0.249611 1 1 1
v 0.458177 0.382264 0.249021 1 1 1
v 0.712523 0.375837 0.250391 1 1 1
v 0.710705 0.382264 0.249021 1 1 1
v -0.701508 0.401356 0.24495 1 1 1
v -0.556353 0.399984 0.245243 1 1 1
v -0.566752 0.401356 0.24495 1 1 1
v -0.536832 0.397117 0.245854 1 1 1
v -0.517311 0.393703 0.246582 1 1 1
v -0.49779 0.389974 0.247377 1 1 1
v -0.478269 0.386302 0.24816 1 1 1
v -0.458747 0.38239 0.248994 1 1 1
v 0.458748 0.38239 0.248994 1 1 1
v 0.478269 0.386302 0.24816 1 1 1
v 0.49779 0.389974 0.247377 1 1 1
v 0.517311 0.393703 0.246582 1 1 1
v 0.536832 0.397117 0.245854 1 1 1
v 0.556353 0.399984 0.245243 1 1 1
v 0.566752 0.401356 0.24495 1 1 1
v 0.701508 0.401356 0.24495 1 1 1
v -0.693001 0.410127 0.24308 1 1 1
v -0.67348 0.416723 0.241674 1 1 1
v -0.653959 0.416466 0.241729 1 1 1
v -0.634438 0.413596 0.242341 1 1 1
v -0.614917 0.409879 0.243133 1 1 1
v -0.595396 0.40653 0.243847 1 1 1
v -0.575874 0.403134 0.244571 1 1 1
v 0.575874 0.403134 0.244571 1 1 1
v 0.595396 0.40653 0.243847 1 1 1
v 0.614917 0.409879 0.243133 1 1 1
v 0.634438 0.413596 0.242341 1 1 1
v 0.653959 0.416466 0.241729 1 1 1
v 0.67348 0.416723 0.241674 1 1 1
v 0.693002 0.410127 0.24308 1 1 1
v -0.224493 -0.251408 0.55611 1 1 1
v -0.229968 -0.250831 0.555976 1 1 1
v -0.204972 -0.251979 0.556243 1 1 1
v -0.185451 -0.252557 0.556377 1 1 1
v -0.16593 -0.252975 0.556474 1 1 1
v -0.146409 -0.25325 0.556538 1 1 1
v -0.126888 -0.253479 0.556591 1 1 1
v -0.107366 -0.253645 0.55663 1 1 1
v -0.0878452 -0.253529 0.556603 1 1 1
v -0.0683241 -0.253507 0.556598 1 1 1
v -0.0488029 -0.25356 0.55661 1 1 1
v -0.0292817 -0.253653 0.556632 1 1 1
v -0.0097605 -0.253534 0.556604 1 1 1
v 0.00976062 -0.253534 0.556604 1 1 1
v 0.0292817 -0.253653 0.556632 1 1 1
v 0.048803 -0.25356 0.55661 1 1 1
v 0.0683241 -0.253507 0.556598 1 1 1
v 0.0878453 -0.253529 0.556603 1 1 1
v 0.107366 -0.253645 0.55663 1 1 1
v 0.126888 -0.253479 0.556591 1 1 1
v 0.146409 -0.25325 0.556538 1 1 1
v 0.16593 -0.252975 0.556474 1 1 1
v 0.185451 -0.252557 0.556377 1 1 1
v 0.204972 -0.251979 0.556243 1 1 1
v 0.224494 -0.251408 0.55611 1 1 1
v 0.229968 -0.250831 0.555976 1 1 1
v -0.263536 -0.244506 0.554507 1 1 1
v -0.281188 -0.231816 0.551558 1 1 1
v -0.244015 -0.249773 0.55573 1 1 1
v 0.244015 -0.249773 0.55573 1 1 1
v 0.263536 -0.244506 0.554507 1 1 1
v 0.281188 -0.231816 0.551558 1 1 1
v -0.283057 -0.230389 0.551227 1 1 1
v -0.300038 -0.212801 0.547141 1 1 1
v 0.283057 -0.230389 0.551227 1 1 1
v 0.300038 -0.212801 0.547141 1 1 1
v -0.302578 -0.210022 0.546495 1 1 1
v -0.318031 -0.193787 0.542723 1 1 1
v 0.302578 -0.210022 0.546495 1 1 1
v 0.318031 -0.193787 0.542723 1 1 1
v -0.322099 -0.189389 0.541702 1 1 1
v -0.336057 -0.174772 0.538306 1 1 1
v 0.322099 -0.189389 0.541702 1 1 1
v 0.336057 -0.174772 0.538306 1 1 1
v -0.34162 -0.168647 0.536883 1 1 1
v -0.353735 -0.155757 0.533888 1 1 1
v 0.34162 -0.168647 0.536883 1 1 1
v 0.353735 -0.155757 0.533888 1 1 1
v -0.361142 -0.147655 0.532006 1 1 1
v -0.371442 -0.136742 0.529471 1 1 1
v 0.361142 -0.147655 0.532006 1 1 1
v 0.371442 -0.136742 0.529471 1 1 1
v -0.380663 -0.126466 0.527083 1 1 1
v -0.38879 -0.117727 0.525053 1 1 1
v 0.380663 -0.126466 0.527083 1 1 1
v 0.38879 -0.117727 0.525053 1 1 1
v -0.400184 -0.105022 0.522101 1 1 1
v -0.406067 -0.0987127 0.520636 1 1 1
v 0.400184 -0.105022 0.522101 1 1 1
v 0.406067 -0.0987127 0.520636 1 1 1
v -0.419705 -0.083526 0.517107 1 1 1
v -0.42325 -0.0796979 0.516218 1 1 1
v 0.419705 -0.0835259 0.517107 1 1 1
v 0.42325 -0.0796979 0.516218 1 1 1
v -0.439226 -0.0615085 0.511992 1 1 1
v -0.439986 -0.0606831 0.511801 1 1 1
v 0.439226 -0.0615085 0.511992 1 1 1
v 0.439986 -0.0606831 0.511801 1 1 1
v -0.457429 -0.0416683 0.507383 1 1 1
v 0.457429 -0.0416683 0.507383 1 1 1
v -0.458747 -0.0402141 0.507045 1 1 1
v -0.475177 -0.0226536 0.502966 1 1 1
v 0.458748 -0.040214 0.507045 1 1 1
v 0.475177 -0.0226536 0.502966 1 1 1
v -0.478269 -0.0192584 0.502177 1 1 1
v -0.492942 -0.00363887 0.498548 1 1 1
v 0.478269 -0.0192583 0.502177 1 1 1
v 0.492942 -0.00363887 0.498548 1 1 1
v -0.49779 0.00163315 0.497323 1 1 1
v -0.510794 0.015376 0.49413 1 1 1
v 0.49779 0.00163316 0.497323 1 1 1
v 0.510794 0.015376 0.49413 1 1 1
v -0.517311 0.0225378 0.492467 1 1 1
v -0.528489 0.0343907 0.489713 1 1 1
v 0.517311 0.0225378 0.492467 1 1 1
v 0.528489 0.0343907 0.489713 1 1 1
v -0.536832 0.0435019 0.487596 1 1 1
v -0.546151 0.0534055 0.485295 1 1 1
v 0.536832 0.043502 0.487596 1 1 1
v 0.546151 0.0534055 0.485295 1 1 1
v -0.556353 0.0647545 0.482659 1 1 1
v -0.563526 0.0724202 0.480878 1 1 1
v 0.556353 0.0647546 0.482659 1 1 1
v 0.563526 0.0724202 0.480878 1 1 1
v -0.575874 0.0858093 0.477767 1 1 1
v -0.581224 0.0914351 0.47646 1 1 1
v 0.575874 0.0858093 0.477767 1 1 1
v 0.581224 0.0914351 0.47646 1 1 1
v -0.595396 0.106823 0.472885 1 1 1
v -0.598866 0.11045 0.472043 1 1 1
v 0.595396 0.106823 0.472885 1 1 1
v 0.598866 0.11045 0.472043 1 1 1
v -0.614917 0.127611 0.468056 1 1 1
v -0.616729 0.129465 0.467625 1 1 1
v 0.614917 0.127611 0.468056 1 1 1
v 0.616729 0.129465 0.467625 1 1 1
v -0.634438 0.148467 0.46321 1 1 1
v 0.634438 0.148467 0.46321 1 1 1
v -0.652679 0.167494 0.45879 1 1 1
v 0.652679 0.167494 0.45879 1 1 1
v -0.653959 0.168858 0.458473 1 1 1
v -0.671024 0.186509 0.454373 1 1 1
v 0.653959 0.168858 0.458473 1 1 1
v 0.671024 0.186509 0.454373 1 1 1
v -0.67348 0.189121 0.453766 1 1 1
v -0.689375 0.205524 0.449955 1 1 1
v 0.67348 0.189121 0.453766 1 1 1
v 0.689375 0.205524 0.449955 1 1 1
v -0.693001 0.209371 0.449061 1 1 1
v -0.707726 0.224538 0.445538 1 1 1
v 0.693002 0.209371 0.449061 1 1 1
v 0.707726 0.224538 0.445538 1 1 1
v -0.712523 0.229682 0.444343 1 1 1
v -0.725753 0.243553 0.44112 1 1 1
v 0.712523 0.229682 0.444343 1 1 1
v 0.725753 0.243553 0.44112 1 1 1
v -0.732044 0.252942 0.438939 1 1 1
v -0.738562 0.262568 0.436702 1 1 1
v 0.732044 0.252942 0.438939 1 1 1
v 0.738562 0.262568 0.436702 1 1 1
v -0.742925 0.281583 0.432285 1 1 1
v 0.742925 0.281583 0.432285 1 1 1
v -0.741189 0.300597 0.427867 1 1 1
v 0.74119 0.300597 0.427867 1 1 1
v -0.735365 0.319612 0.42345 1 1 1
v 0.735365 0.319612 0.42345 1 1 1
v -0.732044 0.329733 0.421098 1 1 1
v -0.729921 0.338627 0.419032 1 1 1
v 0.732044 0.329733 0.421099 1 1 1
v 0.729921 0.338627 0.419032 1 1 1
v -0.725312 0.357642 0.414615 1 1 1
v -0.146409 0.355715 0.415062 1 1 1
v -0.160436 0.357642 0.414615 1 1 1
v -0.126888 0.352748 0.415752 1 1 1
v -0.107366 0.349271 0.416559 1 1 1
v -0.0878452 0.345628 0.417406 1 1 1
v -0.0683241 0.342708 0.418084 1 1 1
v -0.0488029 0.341195 0.418436 1 1 1
v -0.0292817 0.340866 0.418512 1 1 1
v -0.0097605 0.340985 0.418484 1 1 1
v 0.00976062 0.340985 0.418484 1 1 1
v 0.0292817 0.340866 0.418512 1 1 1
v 0.048803 0.341195 0.418436 1 1 1
v 0.0683241 0.342708 0.418084 1 1 1
v 0.0878453 0.345628 0.417406 1 1 1
v 0.107366 0.349271 0.416559 1 1 1
v 0.126888 0.352748 0.415752 1 1 1
v 0.146409 0.355715 0.415062 1 1 1
v 0.160437 0.357642 0.414615 1 1 1
v 0.725312 0.357642 0.414615 1 1 1
v -0.719718 0.376657 0.410197 1 1 1
v -0.244015 0.373946 0.410827 1 1 1
v -0.262355 0.376657 0.410197 1 1 1
v -0.224493 0.370587 0.411607 1 1 1
v -0.204972 0.366712 0.412508 1 1 1
v -0.185451 0.362721 0.413435 1 1 1
v -0.16593 0.358755 0.414356 1 1 1
v 0.16593 0.358755 0.414356 1 1 1
v 0.185451 0.362721 0.413435 1 1 1
v 0.204972 0.366712 0.412508 1 1 1
v 0.224494 0.370587 0.411607 1 1 1
v 0.244015 0.373946 0.410827 1 1 1
v 0.262354 0.376657 0.410197 1 1 1
v 0.719718 0.376657 0.410197 1 1 1
v -0.713416 0.395671 0.40578 1 1 1
v -0.361142 0.39554 0.40581 1 1 1
v -0.362021 0.395671 0.40578 1 1 1
v -0.34162 0.392547 0.406505 1 1 1
v -0.322099 0.389097 0.407307 1 1 1
v -0.302578 0.38524 0.408203 1 1 1
v -0.283057 0.38116 0.409151 1 1 1
v -0.263536 0.376916 0.410137 1 1 1
v 0.263536 0.376916 0.410137 1 1 1
v 0.283057 0.38116 0.409151 1 1 1
v 0.302578 0.38524 0.408203 1 1 1
v 0.322099 0.389097 0.407307 1 1 1
v 0.34162 0.392547 0.406505 1 1 1
v 0.361142 0.39554 0.40581 1 1 1
v 0.362022 0.395671 0.40578 1 1 1
v 0.713416 0.395671 0.40578 1 1 1
v -0.712523 0.398232 0.405185 1 1 1
v -0.707824 0.414686 0.401362 1 1 1
v -0.458747 0.413705 0.40159 1 1 1
v -0.466055 0.414686 0.401362 1 1 1
v -0.439226 0.410822 0.40226 1 1 1
v -0.419705 0.407425 0.403049 1 1 1
v -0.400184 0.40365 0.403926 1 1 1
v -0.380663 0.399732 0.404836 1 1 1
v 0.380663 0.399732 0.404836 1 1 1
v 0.400184 0.40365 0.403926 1 1 1
v 0.419705 0.407425 0.403049 1 1 1
v 0.439226 0.410822 0.40226 1 1 1
v 0.458748 0.413706 0.40159 1 1 1
v 0.466055 0.414686 0.401362 1 1 1
v 0.712523 0.398232 0.405185 1 1 1
v 0.707824 0.414686 0.401362 1 1 1
v -0.696997 0.433701 0.396945 1 1 1
v -0.575874 0.433398 0.397015 1 1 1
v -0.578453 0.433701 0.396945 1 1 1
v -0.556353 0.430935 0.397587 1 1 1
v -0.536832 0.428067 0.398253 1 1 1
v -0.517311 0.424625 0.399053 1 1 1
v -0.49779 0.420841 0.399932 1 1 1
v -0.478269 0.41709 0.400804 1 1 1
v 0.478269 0.41709 0.400804 1 1 1
v 0.49779 0.420841 0.399932 1 1 1
v 0.517311 0.424625 0.399053 1 1 1
v 0.536832 0.428067 0.398253 1 1 1
v 0.556353 0.430935 0.397587 1 1 1
v 0.575874 0.433398 0.397015 1 1 1
v 0.578453 0.433701 0.396945 1 1 1
v 0.696997 0.433701 0.396945 1 1 1
v -0.693001 0.437828 0.395986 1 1 1
v -0.67348 0.446129 0.394057 1 1 1
v -0.653959 0.4464 0.393994 1 1 1
v -0.634438 0.443617 0.394641 1 1 1
v -0.614917 0.439887 0.395507 1 1 1
v -0.595396 0.436579 0.396276 1 1 1
v 0.595396 0.436579 0.396276 1 1 1
v 0.614917 0.439887 0.395507 1 1 1
v 0.634438 0.443617 0.394641 1 1 1
v 0.653959 0.4464 0.393994 1 1 1
v 0.67348 0.446129 0.394057 1 1 1
v 0.693002 0.437828 0.395986 1 1 1
v -0.146409 -0.214208 0.714175 1 1 1
v -0.152798 -0.214084 0.714146 1 1 1
v -0.126888 -0.214499 0.714243 1 1 1
v -0.107366 -0.214692 0.714289 1 1 1
v -0.0878452 -0.214571 0.71426 1 1 1
v -0.0683241 -0.214554 0.714256 1 1 1
v -0.0488029 -0.214611 0.714269 1 1 1
v -0.0292817 -0.214709 0.714292 1 1 1
v -0.0097605 -0.214581 0.714263 1 1 1
v 0.00976062 -0.214581 0.714263 1 1 1
v 0.0292817 -0.214709 0.714292 1 1 1
v 0.048803 -0.214611 0.714269 1 1 1
v 0.0683241 -0.214554 0.714256 1 1 1
v 0.0878453 -0.214571 0.71426 1 1 1
v 0.107366 -0.214692 0.714289 1 1 1
v 0.126888 -0.214499 0.714243 1 1 1
v 0.146409 -0.214208 0.714175 1 1 1
v 0.152798 -0.214084 0.714146 1 1 1
v -0.263536 -0.204737 0.711954 1 1 1
v -0.276906 -0.195078 0.709688 1 1 1
v -0.244015 -0.210765 0.713367 1 1 1
v -0.224493 -0.212523 0.71378 1 1 1
v -0.204972 -0.213044 0.713902 1 1 1
v -0.185451 -0.213537 0.714018 1 1 1
v -0.16593 -0.213914 0.714106 1 1 1
v 0.16593 -0.213914 0.714106 1 1 1
v 0.185451 -0.213537 0.714018 1 1 1
v 0.204972 -0.213044 0.713902 1 1 1
v 0.224494 -0.212523 0.71378 1 1 1
v 0.244015 -0.210765 0.713367 1 1 1
v 0.263536 -0.204737 0.711954 1 1 1
v 0.276906 -0.195078 0.709688 1 1 1
v -0.283057 -0.190362 0.708582 1 1 1
v -0.296848 -0.176073 0.705231 1 1 1
v 0.283057 -0.190362 0.708582 1 1 1
v 0.296848 -0.176073 0.705231 1 1 1
v -0.302578 -0.169805 0.703761 1 1 1
v -0.314696 -0.157067 0.700773 1 1 1
v 0.302578 -0.169804 0.703761 1 1 1
v 0.314696 -0.157067 0.700773 1 1 1
v -0.322099 -0.149064 0.698896 1 1 1
v -0.3326 -0.138062 0.696316 1 1 1
v 0.322099 -0.149064 0.698896 1 1 1
v 0.332601 -0.138062 0.696316 1 1 1
v -0.34162 -0.128135 0.693988 1 1 1
v -0.350149 -0.119056 0.691859 1 1 1
v 0.34162 -0.128135 0.693988 1 1 1
v 0.350149 -0.119056 0.691859 1 1 1
v -0.361142 -0.107036 0.689039 1 1 1
v -0.367734 -0.100051 0.687401 1 1 1
v 0.361142 -0.107036 0.689039 1 1 1
v 0.367734 -0.100051 0.687401 1 1 1
v -0.380663 -0.0856452 0.684022 1 1 1
v -0.38494 -0.0810456 0.682944 1 1 1
v 0.380663 -0.0856451 0.684022 1 1 1
v 0.38494 -0.0810456 0.682944 1 1 1
v -0.400184 -0.0640526 0.678958 1 1 1
v -0.402059 -0.0620402 0.678486 1 1 1
v 0.400184 -0.0640525 0.678958 1 1 1
v 0.402059 -0.0620402 0.678486 1 1 1
v -0.419289 -0.0430347 0.674029 1 1 1
v 0.419289 -0.0430347 0.674029 1 1 1
v -0.419705 -0.0425761 0.673921 1 1 1
v -0.436751 -0.0240293 0.669571 1 1 1
v 0.419705 -0.0425761 0.673921 1 1 1
v 0.436751 -0.0240293 0.669571 1 1 1
v -0.439226 -0.0213019 0.668931 1 1 1
v -0.45435 -0.00502376 0.665114 1 1 1
v 0.439226 -0.0213018 0.668931 1 1 1
v 0.45435 -0.00502376 0.665114 1 1 1
v -0.458747 -0.000176026 0.663977 1 1 1
v -0.471995 0.0139816 0.660656 1 1 1
v 0.458748 -0.000175947 0.663977 1 1 1
v 0.471995 0.0139816 0.660656 1 1 1
v -0.478269 0.0208707 0.659041 1 1 1
v -0.489648 0.032987 0.656199 1 1 1
v 0.478269 0.0208707 0.659041 1 1 1
v 0.489648 0.032987 0.656199 1 1 1
v -0.49779 0.0418408 0.654122 1 1 1
v -0.507394 0.0519926 0.651741 1 1 1
v 0.49779 0.0418408 0.654122 1 1 1
v 0.507394 0.0519926 0.651741 1 1 1
v -0.517311 0.0628894 0.649186 1 1 1
v -0.524954 0.0709979 0.647284 1 1 1
v 0.517311 0.0628895 0.649186 1 1 1
v 0.524954 0.0709979 0.647284 1 1 1
v -0.536832 0.0839639 0.644243 1 1 1
v -0.542515 0.0900035 0.642826 1 1 1
v 0.536832 0.083964 0.644243 1 1 1
v 0.542515 0.0900035 0.642826 1 1 1
v -0.556353 0.105399 0.639216 1 1 1
v -0.559729 0.109009 0.638369 1 1 1
v 0.556353 0.105399 0.639216 1 1 1
v 0.55973 0.109009 0.638369 1 1 1
v -0.575874 0.126511 0.634264 1 1 1
v -0.577304 0.128014 0.633911 1 1 1
v 0.575874 0.126511 0.634264 1 1 1
v 0.577304 0.128014 0.633911 1 1 1
v -0.594953 0.14702 0.629454 1 1 1
v 0.594953 0.14702 0.629454 1 1 1
v -0.595396 0.147491 0.629343 1 1 1
v -0.613175 0.166025 0.624996 1 1 1
v 0.595396 0.147491 0.629343 1 1 1
v 0.613175 0.166025 0.624996 1 1 1
v -0.614917 0.167886 0.62456 1 1 1
v -0.631344 0.185031 0.620539 1 1 1
v 0.614917 0.167886 0.62456 1 1 1
v 0.631344 0.185031 0.620539 1 1 1
v -0.634438 0.18833 0.619765 1 1 1
v -0.649491 0.204036 0.616082 1 1 1
v 0.634438 0.18833 0.619765 1 1 1
v 0.649491 0.204036 0.616082 1 1 1
v -0.653959 0.208795 0.614965 1 1 1
v -0.667733 0.223042 0.611624 1 1 1
v 0.653959 0.208795 0.614965 1 1 1
v 0.667733 0.223042 0.611624 1 1 1
v -0.67348 0.229157 0.61019 1 1 1
v -0.685948 0.242047 0.607167 1 1 1
v 0.67348 0.229157 0.61019 1 1 1
v 0.685948 0.242047 0.607167 1 1 1
v -0.693001 0.249548 0.605407 1 1 1
v -0.704129 0.261052 0.602709 1 1 1
v 0.693002 0.249549 0.605407 1 1 1
v 0.704129 0.261052 0.602709 1 1 1
v -0.712523 0.270105 0.600586 1 1 1
v -0.721948 0.280058 0.598252 1 1 1
v 0.712523 0.270105 0.600586 1 1 1
v 0.721948 0.280058 0.598252 1 1 1
v -0.732044 0.295216 0.594697 1 1 1
v -0.734631 0.299063 0.593794 1 1 1
v 0.732044 0.295216 0.594697 1 1 1
v 0.734631 0.299063 0.593794 1 1 1
v -0.739595 0.318069 0.589337 1 1 1
v 0.739595 0.318069 0.589337 1 1 1
v -0.737948 0.337074 0.584879 1 1 1
v 0.737948 0.337074 0.584879 1 1 1
v -0.732044 0.355356 0.580592 1 1 1
v -0.731866 0.35608 0.580422 1 1 1
v 0.732044 0.355356 0.580592 1 1 1
v 0.731866 0.35608 0.580422 1 1 1
v -0.727364 0.375085 0.575964 1 1 1
v 0.727364 0.375085 0.575964 1 1 1
v -0.72247 0.394091 0.571507 1 1 1
v -0.16593 0.393623 0.571616 1 1 1
v -0.169153 0.394091 0.571507 1 1 1
v -0.146409 0.390941 0.572246 1 1 1
v -0.126888 0.387922 0.572954 1 1 1
v -0.107366 0.384382 0.573784 1 1 1
v -0.0878452 0.380678 0.574653 1 1 1
v -0.0683241 0.377708 0.575349 1 1 1
v -0.0488029 0.376177 0.575708 1 1 1
v -0.0292817 0.375844 0.575786 1 1 1
v -0.0097605 0.375962 0.575759 1 1 1
v 0.00976062 0.375962 0.575759 1 1 1
v 0.0292817 0.375844 0.575786 1 1 1
v 0.048803 0.376177 0.575708 1 1 1
v 0.0683241 0.377708 0.575349 1 1 1
v 0.0878453 0.380678 0.574653 1 1 1
v 0.107366 0.384382 0.573784 1 1 1
v 0.126888 0.387922 0.572954 1 1 1
v 0.146409 0.390941 0.572246 1 1 1
v 0.16593 0.393623 0.571616 1 1 1
v 0.169153 0.394091 0.571507 1 1 1
v 0.72247 0.394091 0.571507 1 1 1
v -0.716506 0.413096 0.567049 1 1 1
v -0.263536 0.412118 0.567279 1 1 1
v -0.269962 0.413096 0.567049 1 1 1
v -0.244015 0.409116 0.567983 1 1 1
v -0.224493 0.405614 0.568804 1 1 1
v -0.204972 0.401593 0.569747 1 1 1
v -0.185451 0.397459 0.570717 1 1 1
v 0.185451 0.397459 0.570717 1 1 1
v 0.204972 0.401593 0.569747 1 1 1
v 0.224494 0.405614 0.568804 1 1 1
v 0.244015 0.409116 0.567983 1 1 1
v 0.263536 0.412118 0.567279 1 1 1
v 0.269962 0.413096 0.567049 1 1 1
v 0.716506 0.413096 0.567049 1 1 1
v -0.712523 0.424909 0.564279 1 1 1
v -0.710708 0.432101 0.562592 1 1 1
v -0.361142 0.430923 0.562868 1 1 1
v -0.368935 0.432101 0.562592 1 1 1
v -0.34162 0.427813 0.563598 1 1 1
v -0.322099 0.424231 0.564438 1 1 1
v -0.302578 0.420229 0.565376 1 1 1
v -0.283057 0.415974 0.566374 1 1 1
v 0.283057 0.415974 0.566374 1 1 1
v 0.302578 0.420229 0.565376 1 1 1
v 0.322099 0.424231 0.564438 1 1 1
v 0.34162 0.427813 0.563598 1 1 1
v 0.361142 0.430923 0.562868 1 1 1
v 0.368935 0.432101 0.562592 1 1 1
v 0.712523 0.424909 0.564279 1 1 1
v 0.710708 0.432101 0.562592 1 1 1
v -0.704794 0.451107 0.558134 1 1 1
v -0.458747 0.449016 0.558625 1 1 1
v -0.474538 0.451107 0.558134 1 1 1
v -0.439226 0.446086 0.559312 1 1 1
v -0.419705 0.442618 0.560125 1 1 1
v -0.400184 0.438747 0.561033 1 1 1
v -0.380663 0.434674 0.561989 1 1 1
v 0.380663 0.434674 0.561989 1 1 1
v 0.400184 0.438747 0.561033 1 1 1
v 0.419705 0.442618 0.560125 1 1 1
v 0.439226 0.446086 0.559312 1 1 1
v 0.458748 0.449016 0.558625 1 1 1
v 0.474538 0.451107 0.558134 1 1 1
v 0.704794 0.451107 0.558134 1 1 1
v -0.693001 0.469419 0.55384 1 1 1
v -0.692057 0.470112 0.553677 1 1 1
v -0.575874 0.468311 0.554099 1 1 1
v -0.592269 0.470112 0.553677 1 1 1
v -0.556353 0.465874 0.554671 1 1 1
v -0.536832 0.462999 0.555345 1 1 1
v -0.517311 0.45952 0.556161 1 1 1
v -0.49779 0.455669 0.557064 1 1 1
v -0.478269 0.451827 0.557965 1 1 1
v 0.478269 0.451827 0.557965 1 1 1
v 0.49779 0.455669 0.557064 1 1 1
v 0.517311 0.45952 0.556161 1 1 1
v 0.536832 0.462999 0.555345 1 1 1
v 0.556353 0.465874 0.554671 1 1 1
v 0.575874 0.468311 0.554099 1 1 1
v 0.592269 0.470112 0.553677 1 1 1
v 0.693002 0.469419 0.55384 1 1 1
v 0.692057 0.470112 0.553677 1 1 1
v -0.67348 0.479489 0.551478 1 1 1
v -0.653959 0.480316 0.551284 1 1 1
v -0.634438 0.477621 0.551916 1 1 1
v -0.614917 0.473873 0.552795 1 1 1
v -0.595396 0.470606 0.553561 1 1 1
v 0.595396 0.470606 0.553561 1 1 1
v 0.614917 0.473873 0.552795 1 1 1
v 0.634438 0.477621 0.551916 1 1 1
v 0.653959 0.480316 0.551284 1 1 1
v 0.67348 0.479489 0.551478 1 1 1
v -0.263536 -0.164174 0.870477 1 1 1
v -0.272423 -0.157726 0.868926 1 1 1
v -0.244015 -0.17099 0.872116 1 1 1
v -0.224493 -0.173089 0.872621 1 1 1
v -0.204972 -0.173768 0.872785 1 1 1
v -0.185451 -0.174376 0.872931 1 1 1
v -0.16593 -0.17486 0.873047 1 1 1
v -0.146409 -0.175194 0.873127 1 1 1
v -0.126888 -0.175438 0.873186 1 1 1
v -0.107366 -0.17558 0.87322 1 1 1
v -0.0878452 -0.1755 0.873201 1 1 1
v -0.0683241 -0.175491 0.873199 1 1 1
v -0.0488029 -0.175535 0.873209 1 1 1
v -0.0292817 -0.175597 0.873224 1 1 1
v -0.0097605 -0.175506 0.873203 1 1 1
v 0.00976062 -0.175506 0.873203 1 1 1
v 0.0292817 -0.175597 0.873224 1 1 1
v 0.048803 -0.175535 0.873209 1 1 1
v 0.0683241 -0.175491 0.873199 1 1 1
v 0.0878453 -0.1755 0.873201 1 1 1
v 0.107366 -0.17558 0.87322 1 1 1
v 0.126888 -0.175438 0.873186 1 1 1
v 0.146409 -0.175194 0.873127 1 1 1
v 0.16593 -0.17486 0.873047 1 1 1
v 0.185451 -0.174376 0.872931 1 1 1
v 0.204972 -0.173768 0.872785 1 1 1
v 0.224494 -0.173089 0.872621 1 1 1
v 0.244015 -0.17099 0.872116 1 1 1
v 0.263536 -0.164174 0.870477 1 1 1
v 0.272423 -0.157726 0.868926 1 1 1
v -0.283057 -0.149542 0.866958 1 1 1
v -0.293481 -0.138746 0.864361 1 1 1
v 0.283057 -0.149542 0.866958 1 1 1
v 0.293481 -0.138746 0.864361 1 1 1
v -0.302578 -0.128805 0.86197 1 1 1
v -0.311182 -0.119766 0.859796 1 1 1
v 0.302578 -0.128805 0.86197 1 1 1
v 0.311182 -0.119766 0.859796 1 1 1
v -0.322099 -0.107971 0.856959 1 1 1
v -0.32896 -0.100786 0.855231 1 1 1
v 0.322099 -0.107971 0.856959 1 1 1
v 0.32896 -0.100786 0.855231 1 1 1
v -0.34162 -0.0868657 0.851883 1 1 1
v -0.346376 -0.081806 0.850666 1 1 1
v 0.34162 -0.0868656 0.851883 1 1 1
v 0.346376 -0.081806 0.850666 1 1 1
v -0.361142 -0.0656772 0.846787 1 1 1
v -0.363835 -0.0628261 0.846101 1 1 1
v 0.361142 -0.0656772 0.846787 1 1 1
v 0.363835 -0.0628261 0.846101 1 1 1
v -0.380663 -0.0440933 0.841595 1 1 1
v -0.380893 -0.0438462 0.841536 1 1 1
v 0.380663 -0.0440932 0.841595 1 1 1
v 0.380893 -0.0438462 0.841536 1 1 1
v -0.398503 -0.0248664 0.836971 1 1 1
v 0.398503 -0.0248664 0.836971 1 1 1
v -0.400184 -0.0230136 0.836525 1 1 1
v -0.416171 -0.00588641 0.832406 1 1 1
v 0.400184 -0.0230135 0.836525 1 1 1
v 0.416171 -0.00588641 0.832406 1 1 1
v -0.419705 -0.001995 0.83147 1 1 1
v -0.433578 0.0130934 0.827841 1 1 1
v 0.419705 -0.00199491 0.83147 1 1 1
v 0.433578 0.0130934 0.827841 1 1 1
v -0.439226 0.0193067 0.826346 1 1 1
v -0.451098 0.0320734 0.823276 1 1 1
v 0.439226 0.0193067 0.826346 1 1 1
v 0.451098 0.0320734 0.823276 1 1 1
v -0.458747 0.0404972 0.82125 1 1 1
v -0.468634 0.0510532 0.818711 1 1 1
v 0.458748 0.0404973 0.82125 1 1 1
v 0.468634 0.0510532 0.818711 1 1 1
v -0.478269 0.0616228 0.816168 1 1 1
v -0.486172 0.0700331 0.814146 1 1 1
v 0.478269 0.0616229 0.816168 1 1 1
v 0.486172 0.0700331 0.814146 1 1 1
v -0.49779 0.0826556 0.81111 1 1 1
v -0.503808 0.0890131 0.809581 1 1 1
v 0.49779 0.0826556 0.81111 1 1 1
v 0.503808 0.0890131 0.809581 1 1 1
v -0.517311 0.103835 0.806016 1 1 1
v -0.521231 0.107993 0.805016 1 1 1
v 0.517311 0.103835 0.806016 1 1 1
v 0.521231 0.107993 0.805016 1 1 1
v -0.536832 0.125001 0.800925 1 1 1
v -0.538689 0.126973 0.800451 1 1 1
v 0.536832 0.125001 0.800925 1 1 1
v 0.538689 0.126973 0.800451 1 1 1
v -0.555893 0.145953 0.795886 1 1 1
v 0.555894 0.145953 0.795886 1 1 1
v -0.556353 0.146449 0.795766 1 1 1
v -0.573881 0.164933 0.79132 1 1 1
v 0.556353 0.146449 0.795766 1 1 1
v 0.573881 0.164933 0.79132 1 1 1
v -0.575874 0.167074 0.790805 1 1 1
v -0.591837 0.183913 0.786755 1 1 1
v 0.575874 0.167074 0.790805 1 1 1
v 0.591837 0.183913 0.786755 1 1 1
v -0.595396 0.1877 0.785845 1 1 1
v -0.609981 0.202892 0.78219 1 1 1
v 0.595396 0.1877 0.785845 1 1 1
v 0.609981 0.202892 0.78219 1 1 1
v -0.614917 0.20816 0.780923 1 1 1
v -0.628064 0.221872 0.777625 1 1 1
v 0.614917 0.20816 0.780923 1 1 1
v 0.628064 0.221872 0.777625 1 1 1
v -0.634438 0.228663 0.775992 1 1 1
v -0.646124 0.240852 0.77306 1 1 1
v 0.634438 0.228663 0.775992 1 1 1
v 0.646124 0.240852 0.77306 1 1 1
v -0.653959 0.249189 0.771055 1 1 1
v -0.664258 0.259832 0.768495 1 1 1
v 0.653959 0.249189 0.771055 1 1 1
v 0.664258 0.259832 0.768495 1 1 1
v -0.67348 0.269646 0.766135 1 1 1
v -0.682336 0.278812 0.76393 1 1 1
v 0.67348 0.269646 0.766135 1 1 1
v 0.682336 0.278812 0.76393 1 1 1
v -0.693001 0.290173 0.761198 1 1 1
v -0.700348 0.297792 0.759365 1 1 1
v 0.693002 0.290173 0.761198 1 1 1
v 0.700348 0.297792 0.759365 1 1 1
v -0.712523 0.310991 0.756191 1 1 1
v -0.71796 0.316772 0.7548 1 1 1
v 0.712523 0.310991 0.75619 1 1 1
v 0.71796 0.316772 0.7548 1 1 1
v -0.730933 0.335752 0.750235 1 1 1
v 0.730933 0.335752 0.750235 1 1 1
v -0.732044 0.340356 0.749128 1 1 1
v -0.736095 0.354732 0.74567 1 1 1
v 0.732044 0.340356 0.749128 1 1 1
v 0.736095 0.354732 0.74567 1 1 1
v -0.734544 0.373711 0.741105 1 1 1
v 0.734544 0.373711 0.741105 1 1 1
v -0.732044 0.381593 0.739209 1 1 1
v -0.729354 0.392691 0.73654 1 1 1
v 0.732044 0.381593 0.73921 1 1 1
v 0.729354 0.392691 0.73654 1 1 1
v -0.724665 0.411671 0.731975 1 1 1
v -0.0488029 0.411388 0.732043 1 1 1
v -0.0542358 0.411671 0.731975 1 1 1
v -0.0292817 0.411173 0.732095 1 1 1
v -0.0097605 0.411248 0.732077 1 1 1
v 0.00976062 0.411248 0.732077 1 1 1
v 0.0292817 0.411173 0.732095 1 1 1
v 0.048803 0.411388 0.732043 1 1 1
v 0.0542357 0.411671 0.731975 1 1 1
v 0.724665 0.411671 0.731975 1 1 1
v -0.719478 0.430651 0.72741 1 1 1
v -0.16593 0.428954 0.727818 1 1 1
v -0.177712 0.430651 0.72741 1 1 1
v -0.146409 0.426218 0.728476 1 1 1
v -0.126888 0.42315 0.729214 1 1 1
v -0.107366 0.419552 0.73008 1 1 1
v -0.0878452 0.415791 0.730984 1 1 1
v -0.0683241 0.412776 0.731709 1 1 1
v 0.0683241 0.412776 0.731709 1 1 1
v 0.0878453 0.415791 0.730984 1 1 1
v 0.107366 0.419552 0.73008 1 1 1
v 0.126888 0.42315 0.729214 1 1 1
v 0.146409 0.426218 0.728476 1 1 1
v 0.16593 0.428954 0.727818 1 1 1
v 0.177712 0.430651 0.72741 1 1 1
v 0.719478 0.430651 0.72741 1 1 1
v -0.713136 0.449631 0.722845 1 1 1
v -0.263536 0.447452 0.723369 1 1 1
v -0.277698 0.449631 0.722845 1 1 1
v -0.244015 0.444321 0.724122 1 1 1
v -0.224493 0.440675 0.724999 1 1 1
v -0.204972 0.436507 0.726002 1 1 1
v -0.185451 0.432232 0.72703 1 1 1
v 0.185451 0.432232 0.72703 1 1 1
v 0.204972 0.436507 0.726002 1 1 1
v 0.224494 0.440675 0.724999 1 1 1
v 0.244015 0.444321 0.724122 1 1 1
v 0.263536 0.447452 0.723369 1 1 1
v 0.277698 0.449631 0.722845 1 1 1
v 0.713136 0.449631 0.722845 1 1 1
v -0.712523 0.451449 0.722408 1 1 1
v -0.70817 0.468611 0.71828 1 1 1
v -0.361142 0.466332 0.718828 1 1 1
v -0.376043 0.468611 0.71828 1 1 1
v -0.34162 0.463102 0.719605 1 1 1
v -0.322099 0.459388 0.720498 1 1 1
v -0.302578 0.455242 0.721495 1 1 1
v -0.283057 0.450814 0.72256 1 1 1
v 0.283057 0.450814 0.72256 1 1 1
v 0.302578 0.455242 0.721495 1 1 1
v 0.322099 0.459388 0.720498 1 1 1
v 0.34162 0.463102 0.719605 1 1 1
v 0.361142 0.466332 0.718828 1 1 1
v 0.376043 0.468611 0.71828 1 1 1
v 0.712523 0.451449 0.722408 1 1 1
v 0.70817 0.468611 0.71828 1 1 1
v -0.701605 0.487591 0.713715 1 1 1
v -0.478269 0.486927 0.713875 1 1 1
v -0.483034 0.487591 0.713715 1 1 1
v -0.458747 0.484334 0.714498 1 1 1
v -0.439226 0.48136 0.715214 1 1 1
v -0.419705 0.477825 0.716064 1 1 1
v -0.400184 0.473858 0.717018 1 1 1
v -0.380663 0.469631 0.718035 1 1 1
v 0.380663 0.469631 0.718035 1 1 1
v 0.400184 0.473858 0.717018 1 1 1
v 0.419705 0.477825 0.716064 1 1 1
v 0.439226 0.48136 0.715214 1 1 1
v 0.458748 0.484334 0.714498 1 1 1
v 0.478269 0.486927 0.713875 1 1 1
v 0.483034 0.487591 0.713715 1 1 1
v 0.701605 0.487591 0.713715 1 1 1
v -0.693001 0.500957 0.7105 1 1 1
v -0.68545 0.506571 0.70915 1 1 1
v -0.595396 0.505254 0.709466 1 1 1
v -0.607208 0.506571 0.70915 1 1 1
v -0.575874 0.503188 0.709963 1 1 1
v -0.556353 0.500786 0.710541 1 1 1
v -0.536832 0.497912 0.711232 1 1 1
v -0.517311 0.494401 0.712077 1 1 1
v -0.49779 0.490488 0.713018 1 1 1
v 0.49779 0.490488 0.713018 1 1 1
v 0.517311 0.494401 0.712077 1 1 1
v 0.536832 0.497912 0.711232 1 1 1
v 0.556353 0.500786 0.710541 1 1 1
v 0.575874 0.503188 0.709963 1 1 1
v 0.595396 0.505254 0.709466 1 1 1
v 0.607208 0.506571 0.70915 1 1 1
v 0.693002 0.500957 0.7105 1 1 1
v 0.68545 0.506571 0.70915 1 1 1
v -0.67348 0.512708 0.707674 1 1 1
v -0.653959 0.51412 0.707334 1 1 1
v -0.634438 0.511529 0.707957 1 1 1
v -0.614917 0.507774 0.70886 1 1 1
v 0.614917 0.507774 0.70886 1 1 1
v 0.634438 0.511529 0.707957 1 1 1
v 0.653959 0.514121 0.707334 1 1 1
v 0.67348 0.512708 0.707674 1 1 1
v -0.263536 -0.121711 1.03194 1 1 1
v -0.267726 -0.118664 1.03116 1 1 1
v -0.244015 -0.129331 1.0339 1 1 1
v -0.224493 -0.131785 1.03453 1 1 1
v -0.204972 -0.132634 1.03475 1 1 1
v -0.185451 -0.133362 1.03493 1 1 1
v -0.16593 -0.133962 1.03509 1 1 1
v -0.146409 -0.134383 1.0352 1 1 1
v -0.126888 -0.134683 1.03527 1 1 1
v -0.107366 -0.13484 1.03531 1 1 1
v -0.0878452 -0.134763 1.03529 1 1 1
v -0.0683241 -0.134755 1.03529 1 1 1
v -0.0488029 -0.134806 1.0353 1 1 1
v -0.0292817 -0.134863 1.03532 1 1 1
v -0.0097605 -0.134764 1.03529 1 1 1
v 0.00976062 -0.134764 1.03529 1 1 1
v 0.0292817 -0.134863 1.03532 1 1 1
v 0.048803 -0.134806 1.0353 1 1 1
v 0.0683241 -0.134755 1.03529 1 1 1
v 0.0878453 -0.134763 1.03529 1 1 1
v 0.107366 -0.13484 1.03531 1 1 1
v 0.126888 -0.134683 1.03527 1 1 1
v 0.146409 -0.134383 1.0352 1 1 1
v 0.16593 -0.133962 1.03509 1 1 1
v 0.185451 -0.133362 1.03493 1 1 1
v 0.204972 -0.132634 1.03475 1 1 1
v 0.224494 -0.131785 1.03453 1 1 1
v 0.244015 -0.129331 1.0339 1 1 1
v 0.263536 -0.121711 1.03194 1 1 1
v 0.267726 -0.118664 1.03116 1 1 1
v -0.283057 -0.106847 1.02812 1 1 1
v -0.289923 -0.0997565 1.0263 1 1 1
v 0.283057 -0.106847 1.02812 1 1 1
v 0.289923 -0.0997565 1.0263 1 1 1
v -0.302578 -0.085977 1.02276 1 1 1
v -0.307472 -0.0808491 1.02145 1 1 1
v 0.302578 -0.0859769 1.02276 1 1 1
v 0.307472 -0.0808491 1.02145 1 1 1
v -0.322099 -0.0650963 1.0174 1 1 1
v -0.32512 -0.0619415 1.01659 1 1 1
v 0.322099 -0.0650963 1.0174 1 1 1
v 0.32512 -0.0619415 1.01659 1 1 1
v -0.34162 -0.0438614 1.01195 1 1 1
v -0.3424 -0.043034 1.01173 1 1 1
v 0.34162 -0.0438614 1.01195 1 1 1
v 0.3424 -0.043034 1.01173 1 1 1
v -0.360073 -0.0241264 1.00688 1 1 1
v 0.360074 -0.0241264 1.00688 1 1 1
v -0.361142 -0.0229653 1.00658 1 1 1
v -0.377683 -0.00521889 1.00202 1 1 1
v 0.361142 -0.0229653 1.00658 1 1 1
v 0.377683 -0.00521889 1.00202 1 1 1
v -0.380663 -0.00197653 1.00119 1 1 1
v -0.395294 0.0136886 0.997166 1 1 1
v 0.380663 -0.00197645 1.00119 1 1 1
v 0.395293 0.0136886 0.997166 1 1 1
v -0.400184 0.0190593 0.995787 1 1 1
v -0.412866 0.0325962 0.99231 1 1 1
v 0.400184 0.0190593 0.995787 1 1 1
v 0.412866 0.0325962 0.99231 1 1 1
v -0.419705 0.040103 0.990382 1 1 1
v -0.430217 0.0515037 0.987454 1 1 1
v 0.419705 0.0401031 0.990382 1 1 1
v 0.430217 0.0515037 0.987454 1 1 1
v -0.439226 0.0613744 0.984919 1 1 1
v -0.447658 0.0704113 0.982598 1 1 1
v 0.439226 0.0613744 0.984919 1 1 1
v 0.447658 0.0704113 0.982598 1 1 1
v -0.458747 0.0825811 0.979472 1 1 1
v -0.46508 0.0893187 0.977742 1 1 1
v 0.458748 0.0825811 0.979472 1 1 1
v 0.46508 0.0893187 0.977742 1 1 1
v -0.478269 0.103739 0.974038 1 1 1
v -0.482497 0.108226 0.972886 1 1 1
v 0.478269 0.103739 0.974038 1 1 1
v 0.482497 0.108226 0.972886 1 1 1
v -0.49779 0.124785 0.968633 1 1 1
v -0.50002 0.127134 0.96803 1 1 1
v 0.49779 0.124785 0.968633 1 1 1
v 0.50002 0.127134 0.96803 1 1 1
v -0.517306 0.146041 0.963174 1 1 1
v 0.517306 0.146041 0.963174 1 1 1
v -0.535165 0.164949 0.958318 1 1 1
v 0.535165 0.164949 0.958318 1 1 1
v -0.536832 0.166767 0.957851 1 1 1
v -0.552745 0.183856 0.953462 1 1 1
v 0.536832 0.166767 0.957851 1 1 1
v 0.552745 0.183856 0.953462 1 1 1
v -0.556353 0.187739 0.952464 1 1 1
v -0.570648 0.202764 0.948605 1 1 1
v 0.556353 0.187739 0.952464 1 1 1
v 0.570648 0.202764 0.948605 1 1 1
v -0.575874 0.20836 0.947168 1 1 1
v -0.588533 0.221671 0.943749 1 1 1
v 0.575874 0.20836 0.947168 1 1 1
v 0.588533 0.221671 0.943749 1 1 1
v -0.595396 0.22895 0.94188 1 1 1
v -0.606595 0.240579 0.938893 1 1 1
v 0.595396 0.22895 0.94188 1 1 1
v 0.606595 0.240579 0.938893 1 1 1
v -0.614917 0.24943 0.93662 1 1 1
v -0.624589 0.259487 0.934037 1 1 1
v 0.614917 0.24943 0.93662 1 1 1
v 0.624589 0.259487 0.934037 1 1 1
v -0.634438 0.269944 0.931352 1 1 1
v -0.642562 0.278394 0.929181 1 1 1
v 0.634438 0.269944 0.931351 1 1 1
v 0.642562 0.278394 0.929181 1 1 1
v -0.653959 0.29048 0.926077 1 1 1
v -0.660582 0.297302 0.924325 1 1 1
v 0.653959 0.29048 0.926077 1 1 1
v 0.660582 0.297302 0.924325 1 1 1
v -0.67348 0.310995 0.920808 1 1 1
v -0.678524 0.316209 0.919469 1 1 1
v 0.67348 0.310995 0.920808 1 1 1
v 0.678524 0.316209 0.919469 1 1 1
v -0.693001 0.331621 0.915511 1 1 1
v -0.696369 0.335117 0.914613 1 1 1
v 0.693002 0.331621 0.915511 1 1 1
v 0.696369 0.335117 0.914613 1 1 1
v -0.712523 0.352684 0.910101 1 1 1
v -0.713777 0.354024 0.909757 1 1 1
v 0.712523 0.352684 0.910101 1 1 1
v 0.713777 0.354024 0.909757 1 1 1
v -0.727772 0.372932 0.904901 1 1 1
v 0.727772 0.372932 0.904901 1 1 1
v -0.732044 0.390538 0.900379 1 1 1
v -0.732412 0.391839 0.900045 1 1 1
v 0.732044 0.390538 0.900379 1 1 1
v 0.732412 0.391839 0.900045 1 1 1
v -0.732044 0.396621 0.898817 1 1 1
v -0.731269 0.410747 0.895189 1 1 1
v 0.732044 0.39662 0.898817 1 1 1
v 0.731269 0.410747 0.895189 1 1 1
v -0.726691 0.429654 0.890333 1 1 1
v 0.726691 0.429654 0.890333 1 1 1
v -0.721812 0.448562 0.885477 1 1 1
v -0.0683241 0.448251 0.885557 1 1 1
v -0.0711845 0.448562 0.885477 1 1 1
v -0.0488029 0.447247 0.885814 1 1 1
v -0.0292817 0.447035 0.885869 1 1 1
v -0.0097605 0.447109 0.88585 1 1 1
v 0.00976062 0.447109 0.88585 1 1 1
v 0.0292817 0.447035 0.885869 1 1 1
v 0.048803 0.447247 0.885814 1 1 1
v 0.0683241 0.448251 0.885557 1 1 1
v 0.0711845 0.448562 0.885477 1 1 1
v 0.721812 0.448562 0.885477 1 1 1
v -0.716326 0.467469 0.880621 1 1 1
v -0.185451 0.467282 0.880669 1 1 1
v -0.186604 0.467469 0.880621 1 1 1
v -0.16593 0.464484 0.881387 1 1 1
v -0.146409 0.4617 0.882102 1 1 1
v -0.126888 0.458591 0.882901 1 1 1
v -0.107366 0.454945 0.883837 1 1 1
v -0.0878452 0.451139 0.884815 1 1 1
v 0.0878453 0.451139 0.884815 1 1 1
v 0.107366 0.454945 0.883837 1 1 1
v 0.126888 0.458591 0.882901 1 1 1
v 0.146409 0.4617 0.882102 1 1 1
v 0.16593 0.464483 0.881387 1 1 1
v 0.185451 0.467282 0.880669 1 1 1
v 0.186604 0.467469 0.880621 1 1 1
v 0.716326 0.467469 0.880621 1 1 1
v -0.712523 0.478742 0.877726 1 1 1
v -0.710516 0.486377 0.875765 1 1 1
v -0.283057 0.485995 0.875863 1 1 1
v -0.285334 0.486377 0.875765 1 1 1
v -0.263536 0.482941 0.876647 1 1 1
v -0.244015 0.479683 0.877484 1 1 1
v -0.224493 0.475899 0.878456 1 1 1
v -0.204972 0.471594 0.879561 1 1 1
v 0.204972 0.471594 0.879561 1 1 1
v 0.224494 0.475899 0.878456 1 1 1
v 0.244015 0.479683 0.877484 1 1 1
v 0.263536 0.482941 0.876647 1 1 1
v 0.283057 0.485995 0.875863 1 1 1
v 0.285334 0.486377 0.875765 1 1 1
v 0.712523 0.478741 0.877726 1 1 1
v 0.710516 0.486377 0.875765 1 1 1
v -0.705482 0.505284 0.870909 1 1 1
v -0.380663 0.504896 0.871008 1 1 1
v -0.383109 0.505284 0.870909 1 1 1
v -0.361142 0.501855 0.871789 1 1 1
v -0.34162 0.49851 0.872648 1 1 1
v -0.322099 0.494669 0.873635 1 1 1
v -0.302578 0.490386 0.874735 1 1 1
v 0.302578 0.490386 0.874735 1 1 1
v 0.322099 0.494669 0.873635 1 1 1
v 0.34162 0.49851 0.872648 1 1 1
v 0.361142 0.501855 0.871789 1 1 1
v 0.380663 0.504896 0.871008 1 1 1
v 0.383109 0.505284 0.870909 1 1 1
v 0.705482 0.505284 0.870909 1 1 1
v -0.698242 0.524192 0.866052 1 1 1
v -0.478269 0.522346 0.866526 1 1 1
v -0.491755 0.524192 0.866052 1 1 1
v -0.458747 0.519721 0.867201 1 1 1
v -0.439226 0.516709 0.867974 1 1 1
v -0.419705 0.513116 0.868897 1 1 1
v -0.400184 0.509063 0.869938 1 1 1
v 0.400184 0.509063 0.869938 1 1 1
v 0.419705 0.513116 0.868897 1 1 1
v 0.439226 0.516709 0.867974 1 1 1
v 0.458748 0.519721 0.867201 1 1 1
v 0.478269 0.522346 0.866526 1 1 1
v 0.491756 0.524192 0.866052 1 1 1
v 0.698242 0.524192 0.866052 1 1 1
v -0.693001 0.532318 0.863965 1 1 1
v -0.678666 0.543099 0.861196 1 1 1
v -0.614917 0.542098 0.861454 1 1 1
v -0.622192 0.543099 0.861196 1 1 1
v -0.595396 0.540051 0.861979 1 1 1
v -0.575874 0.538056 0.862492 1 1 1
v -0.556353 0.535703 0.863096 1 1 1
v -0.536832 0.532843 0.863831 1 1 1
v -0.517311 0.529314 0.864737 1 1 1
v -0.49779 0.52535 0.865755 1 1 1
v 0.49779 0.52535 0.865755 1 1 1
v 0.517311 0.529314 0.864737 1 1 1
v 0.536832 0.532843 0.863831 1 1 1
v 0.556353 0.535703 0.863096 1 1 1
v 0.575874 0.538056 0.862492 1 1 1
v 0.595396 0.540051 0.861979 1 1 1
v 0.614917 0.542098 0.861454 1 1 1
v 0.622192 0.543099 0.861196 1 1 1
v 0.693002 0.532318 0.863965 1 1 1
v 0.678666 0.543099 0.861196 1 1 1
v -0.67348 0.545795 0.860504 1 1 1
v -0.653959 0.547823 0.859983 1 1 1
v -0.634438 0.545354 0.860617 1 1 1
v 0.634438 0.545354 0.860617 1 1 1
v 0.653959 0.547823 0.859983 1 1 1
v 0.67348 0.545795 0.860504 1 1 1
v -0.244015 -0.0863561 1.18994 1 1 1
v -0.262534 -0.078409 1.1879 1 1 1
v -0.224493 -0.0891968 1.19067 1 1 1
v -0.204972 -0.0902316 1.19094 1 1 1
v -0.185451 -0.091095 1.19116 1 1 1
v -0.16593 -0.0918217 1.19135 1 1 1
v -0.146409 -0.0923409 1.19148 1 1 1
v -0.126888 -0.0927017 1.19157 1 1 1
v -0.107366 -0.0928751 1.19162 1 1 1
v -0.0878452 -0.0928024 1.1916 1 1 1
v -0.0683241 -0.0927965 1.1916 1 1 1
v -0.0488029 -0.0928526 1.19161 1 1 1
v -0.0292817 -0.0929045 1.19163 1 1 1
v -0.0097605 -0.0927982 1.1916 1 1 1
v 0.00976062 -0.0927982 1.1916 1 1 1
v 0.0292817 -0.0929045 1.19163 1 1 1
v 0.048803 -0.0928526 1.19161 1 1 1
v 0.0683241 -0.0927965 1.1916 1 1 1
v 0.0878453 -0.0928024 1.1916 1 1 1
v 0.107366 -0.0928751 1.19162 1 1 1
v 0.126888 -0.0927017 1.19157 1 1 1
v 0.146409 -0.0923409 1.19148 1 1 1
v 0.16593 -0.0918217 1.19135 1 1 1
v 0.185451 -0.091095 1.19116 1 1 1
v 0.204972 -0.0902315 1.19094 1 1 1
v 0.224494 -0.0891968 1.19067 1 1 1
v 0.244015 -0.0863561 1.18994 1 1 1
v 0.262534 -0.078409 1.1879 1 1 1
v -0.283057 -0.0627078 1.18385 1 1 1
v -0.286156 -0.0595043 1.18303 1 1 1
v -0.263536 -0.0779971 1.18779 1 1 1
v 0.263536 -0.077997 1.18779 1 1 1
v 0.283057 -0.0627078 1.18385 1 1 1
v 0.286156 -0.0595043 1.18303 1 1 1
v -0.302578 -0.0416205 1.17842 1 1 1
v -0.303552 -0.0405996 1.17816 1 1 1
v 0.302578 -0.0416204 1.17842 1 1 1
v 0.303551 -0.0405996 1.17816 1 1 1
v -0.321295 -0.0216949 1.17329 1 1 1
v 0.321295 -0.0216949 1.17329 1 1 1
v -0.322099 -0.0208289 1.17307 1 1 1
v -0.339023 -0.00279021 1.16843 1 1 1
v 0.322099 -0.0208288 1.17307 1 1 1
v 0.339023 -0.00279021 1.16843 1 1 1
v -0.34162 4.16092e-05 1.1677 1 1 1
v -0.356784 0.0161145 1.16356 1 1 1
v 0.34162 4.16504e-05 1.1677 1 1 1
v 0.356784 0.0161145 1.16356 1 1 1
v -0.361142 0.0208547 1.16234 1 1 1
v -0.374336 0.0350192 1.15869 1 1 1
v 0.361142 0.0208547 1.16234 1 1 1
v 0.374336 0.0350192 1.15869 1 1 1
v -0.380663 0.0419019 1.15692 1 1 1
v -0.391887 0.0539239 1.15383 1 1 1
v 0.380663 0.041902 1.15692 1 1 1
v 0.391887 0.0539239 1.15383 1 1 1
v -0.400184 0.0630373 1.15148 1 1 1
v -0.409357 0.0728286 1.14896 1 1 1
v 0.400184 0.0630373 1.15148 1 1 1
v 0.409357 0.0728286 1.14896 1 1 1
v -0.419705 0.0841938 1.14603 1 1 1
v -0.426651 0.0917333 1.14409 1 1 1
v 0.419705 0.0841938 1.14603 1 1 1
v 0.426651 0.0917333 1.14409 1 1 1
v -0.439226 0.105507 1.14055 1 1 1
v -0.444012 0.110638 1.13922 1 1 1
v 0.439226 0.105507 1.14055 1 1 1
v 0.444012 0.110638 1.13922 1 1 1
v -0.458747 0.126812 1.13506 1 1 1
v -0.461313 0.129543 1.13436 1 1 1
v 0.458748 0.126812 1.13506 1 1 1
v 0.461313 0.129543 1.13436 1 1 1
v -0.478269 0.148087 1.12958 1 1 1
v -0.478608 0.148447 1.12949 1 1 1
v 0.478269 0.148087 1.12958 1 1 1
v 0.478608 0.148447 1.12949 1 1 1
v -0.496396 0.167352 1.12462 1 1 1
v 0.496396 0.167352 1.12462 1 1 1
v -0.49779 0.168868 1.12423 1 1 1
v -0.514095 0.186257 1.11976 1 1 1
v 0.49779 0.168868 1.12423 1 1 1
v 0.514095 0.186257 1.11976 1 1 1
v -0.517311 0.189728 1.11886 1 1 1
v -0.531885 0.205162 1.11489 1 1 1
v 0.517311 0.189728 1.11886 1 1 1
v 0.531885 0.205162 1.11489 1 1 1
v -0.536832 0.21056 1.1135 1 1 1
v -0.549397 0.224066 1.11002 1 1 1
v 0.536832 0.210561 1.1135 1 1 1
v 0.549397 0.224066 1.11002 1 1 1
v -0.556353 0.231551 1.1081 1 1 1
v -0.567214 0.242971 1.10516 1 1 1
v 0.556353 0.231551 1.1081 1 1 1
v 0.567214 0.242971 1.10516 1 1 1
v -0.575874 0.252248 1.10277 1 1 1
v -0.585025 0.261876 1.10029 1 1 1
v 0.575874 0.252248 1.10277 1 1 1
v 0.585025 0.261876 1.10029 1 1 1
v -0.595396 0.272879 1.09746 1 1 1
v -0.603002 0.28078 1.09542 1 1 1
v 0.595396 0.272879 1.09746 1 1 1
v 0.603002 0.28078 1.09542 1 1 1
v -0.614917 0.293459 1.09216 1 1 1
v -0.620902 0.299685 1.09055 1 1 1
v 0.614917 0.293459 1.09216 1 1 1
v 0.620902 0.299685 1.09055 1 1 1
v -0.634438 0.314062 1.08685 1 1 1
v -0.638787 0.31859 1.08569 1 1 1
v 0.634438 0.314062 1.08685 1 1 1
v 0.638787 0.31859 1.08569 1 1 1
v -0.653959 0.334684 1.08154 1 1 1
v -0.656686 0.337495 1.08082 1 1 1
v 0.653959 0.334684 1.08154 1 1 1
v 0.656686 0.337495 1.08082 1 1 1
v -0.67348 0.355348 1.07622 1 1 1
v -0.674495 0.356399 1.07595 1 1 1
v 0.67348 0.355348 1.07622 1 1 1
v 0.674495 0.356399 1.07595 1 1 1
v -0.692353 0.375304 1.07109 1 1 1
v 0.692353 0.375304 1.07109 1 1 1
v -0.693001 0.376002 1.07091 1 1 1
v -0.710071 0.394209 1.06622 1 1 1
v 0.693002 0.376002 1.07091 1 1 1
v 0.710071 0.394209 1.06622 1 1 1
v -0.712523 0.397302 1.06542 1 1 1
v -0.724424 0.413113 1.06135 1 1 1
v 0.712523 0.397303 1.06542 1 1 1
v 0.724424 0.413113 1.06135 1 1 1
v -0.729433 0.432018 1.05649 1 1 1
v 0.729433 0.432018 1.05649 1 1 1
v -0.728548 0.450923 1.05162 1 1 1
v 0.728548 0.450923 1.05162 1 1 1
v -0.723865 0.469827 1.04675 1 1 1
v 0.723865 0.469827 1.04675 1 1 1
v -0.718792 0.488732 1.04188 1 1 1
v -0.0683241 0.487332 1.04224 1 1 1
v -0.0813835 0.488732 1.04188 1 1 1
v -0.0488029 0.486325 1.0425 1 1 1
v -0.0292817 0.486114 1.04256 1 1 1
v -0.0097605 0.486189 1.04254 1 1 1
v 0.00976062 0.486189 1.04254 1 1 1
v 0.0292817 0.486114 1.04256 1 1 1
v 0.048803 0.486325 1.0425 1 1 1
v 0.0683241 0.487332 1.04224 1 1 1
v 0.0813836 0.488732 1.04188 1 1 1
v 0.718792 0.488732 1.04188 1 1 1
v -0.712998 0.507637 1.03702 1 1 1
v -0.185451 0.506148 1.0374 1 1 1
v -0.194577 0.507637 1.03702 1 1 1
v -0.16593 0.503281 1.03814 1 1 1
v -0.146409 0.500439 1.03887 1 1 1
v -0.126888 0.49728 1.03968 1 1 1
v -0.107366 0.493575 1.04064 1 1 1
v -0.0878452 0.489711 1.04163 1 1 1
v 0.0878453 0.489711 1.04163 1 1 1
v 0.107366 0.493575 1.04064 1 1 1
v 0.126888 0.49728 1.03968 1 1 1
v 0.146409 0.500439 1.03887 1 1 1
v 0.16593 0.503281 1.03814 1 1 1
v 0.185451 0.506148 1.0374 1 1 1
v 0.194577 0.507637 1.03702 1 1 1
v 0.712998 0.507637 1.03702 1 1 1
v -0.712523 0.509056 1.03665 1 1 1
v -0.707937 0.526542 1.03215 1 1 1
v -0.283057 0.524939 1.03256 1 1 1
v -0.292515 0.526542 1.03215 1 1 1
v -0.263536 0.521766 1.03338 1 1 1
v -0.244015 0.518366 1.03425 1 1 1
v -0.224493 0.514427 1.03527 1 1 1
v -0.204972 0.509966 1.03642 1 1 1
v 0.204972 0.509966 1.03642 1 1 1
v 0.224494 0.514427 1.03527 1 1 1
v 0.244015 0.518366 1.03425 1 1 1
v 0.263536 0.521766 1.03338 1 1 1
v 0.283057 0.524939 1.03256 1 1 1
v 0.292515 0.526542 1.03215 1 1 1
v 0.712523 0.509056 1.03665 1 1 1
v 0.707937 0.526542 1.03215 1 1 1
v -0.702629 0.545446 1.02728 1 1 1
v -0.380663 0.54395 1.02767 1 1 1
v -0.390006 0.545446 1.02728 1 1 1
v -0.361142 0.540792 1.02848 1 1 1
v -0.34162 0.537316 1.02938 1 1 1
v -0.322099 0.533329 1.0304 1 1 1
v -0.302578 0.528892 1.03154 1 1 1
v 0.302578 0.528892 1.03154 1 1 1
v 0.322099 0.533329 1.0304 1 1 1
v 0.34162 0.537316 1.02938 1 1 1
v 0.361142 0.540792 1.02848 1 1 1
v 0.380663 0.54395 1.02767 1 1 1
v 0.390006 0.545446 1.02728 1 1 1
v 0.702629 0.545446 1.02728 1 1 1
v -0.694692 0.564351 1.02242 1 1 1
v -0.49779 0.563912 1.02253 1 1 1
v -0.500728 0.564351 1.02242 1 1 1
v -0.478269 0.561253 1.02321 1 1 1
v -0.458747 0.558586 1.0239 1 1 1
v -0.439226 0.555526 1.02469 1 1 1
v -0.419705 0.551861 1.02563 1 1 1
v -0.400184 0.547705 1.0267 1 1 1
v 0.400184 0.547706 1.0267 1 1 1
v 0.419705 0.551861 1.02563 1 1 1
v 0.439226 0.555526 1.02469 1 1 1
v 0.458748 0.558586 1.0239 1 1 1
v 0.478269 0.561253 1.02321 1 1 1
v 0.49779 0.563912 1.02253 1 1 1
v 0.500728 0.564351 1.02242 1 1 1
v 0.694692 0.564351 1.02242 1 1 1
v -0.693001 0.566977 1.02174 1 1 1
v -0.67348 0.58243 1.01776 1 1 1
v -0.667159 0.583256 1.01755 1 1 1
v -0.634438 0.582827 1.01766 1 1 1
v -0.639228 0.583256 1.01755 1 1 1
v -0.614917 0.580325 1.0183 1 1 1
v -0.595396 0.578356 1.01881 1 1 1
v -0.575874 0.576435 1.0193 1 1 1
v -0.556353 0.574132 1.0199 1 1 1
v -0.536832 0.571282 1.02063 1 1 1
v -0.517311 0.567726 1.02155 1 1 1
v 0.517311 0.567726 1.02155 1 1 1
v 0.536832 0.571282 1.02063 1 1 1
v 0.556353 0.574132 1.0199 1 1 1
v 0.575874 0.576435 1.0193 1 1 1
v 0.595396 0.578356 1.01881 1 1 1
v 0.614917 0.580325 1.0183 1 1 1
v 0.634438 0.582827 1.01766 1 1 1
v 0.639228 0.583256 1.01755 1 1 1
v 0.67348 0.58243 1.01776 1 1 1
v 0.667159 0.583256 1.01755 1 1 1
v 0.693002 0.566977 1.02174 1 1 1
v -0.653959 0.584998 1.0171 1 1 1
v 0.653959 0.584998 1.0171 1 1 1
v -0.244015 -0.0416695 1.35128 1 1 1
v -0.255563 -0.0366515 1.3499 1 1 1
v -0.224493 -0.0449096 1.35217 1 1 1
v -0.204972 -0.0461406 1.35251 1 1 1
v -0.185451 -0.0471469 1.35279 1 1 1
v -0.16593 -0.0480084 1.35303 1 1 1
v -0.146409 -0.0486322 1.3532 1 1 1
v -0.126888 -0.0490571 1.35332 1 1 1
v -0.107366 -0.0492479 1.35337 1 1 1
v -0.0878452 -0.0491811 1.35335 1 1 1
v -0.0683241 -0.049178 1.35335 1 1 1
v -0.0488029 -0.0492388 1.35337 1 1 1
v -0.0292817 -0.0492835 1.35338 1 1 1
v -0.0097605 -0.0491703 1.35335 1 1 1
v 0.00976062 -0.0491703 1.35335 1 1 1
v 0.0292817 -0.0492835 1.35338 1 1 1
v 0.048803 -0.0492388 1.35337 1 1 1
v 0.0683241 -0.049178 1.35335 1 1 1
v 0.0878453 -0.0491811 1.35335 1 1 1
v 0.107366 -0.0492479 1.35337 1 1 1
v 0.126888 -0.0490571 1.35332 1 1 1
v 0.146409 -0.0486322 1.3532 1 1 1
v 0.16593 -0.0480084 1.35303 1 1 1
v 0.185451 -0.0471469 1.35279 1 1 1
v 0.204972 -0.0461406 1.35251 1 1 1
v 0.224494 -0.0449096 1.35217 1 1 1
v 0.244015 -0.0416695 1.35128 1 1 1
v 0.255563 -0.0366515 1.3499 1 1 1
v -0.263536 -0.0333273 1.34899 1 1 1
v -0.28225 -0.0178302 1.34472 1 1 1
v 0.263536 -0.0333272 1.34899 1 1 1
v 0.28225 -0.0178302 1.34472 1 1 1
v -0.283057 -0.0170628 1.34451 1 1 1
v -0.300099 0.000990957 1.33954 1 1 1
v 0.283057 -0.0170627 1.34451 1 1 1
v 0.300099 0.000990957 1.33954 1 1 1
v -0.302578 0.0036723 1.3388 1 1 1
v -0.317947 0.0198122 1.33436 1 1 1
v 0.302578 0.00367239 1.3388 1 1 1
v 0.317947 0.0198122 1.33436 1 1 1
v -0.322099 0.0242694 1.33313 1 1 1
v -0.335626 0.0386334 1.32918 1 1 1
v 0.322099 0.0242695 1.33313 1 1 1
v 0.335626 0.0386334 1.32918 1 1 1
v -0.34162 0.0451417 1.32739 1 1 1
v -0.353281 0.0574546 1.324 1 1 1
v 0.34162 0.0451417 1.32739 1 1 1
v 0.353281 0.0574546 1.324 1 1 1
v -0.361142 0.0659749 1.32165 1 1 1
v -0.370772 0.0762759 1.31882 1 1 1
v 0.361142 0.0659749 1.32165 1 1 1
v 0.370772 0.0762759 1.31882 1 1 1
v -0.380663 0.0869876 1.31587 1 1 1
v -0.388263 0.095097 1.31364 1 1 1
v 0.380663 0.0869876 1.31587 1 1 1
v 0.388263 0.095097 1.31364 1 1 1
v -0.400184 0.108136 1.31005 1 1 1
v -0.405624 0.113918 1.30846 1 1 1
v 0.400184 0.108136 1.31005 1 1 1
v 0.405624 0.113918 1.30846 1 1 1
v -0.419705 0.129327 1.30422 1 1 1
v -0.42286 0.132739 1.30328 1 1 1
v 0.419705 0.129327 1.30422 1 1 1
v 0.42286 0.132739 1.30328 1 1 1
v -0.439226 0.150583 1.29837 1 1 1
v -0.440142 0.151561 1.2981 1 1 1
v 0.439226 0.150583 1.29837 1 1 1
v 0.440142 0.151561 1.2981 1 1 1
v -0.457589 0.170382 1.29292 1 1 1
v 0.457589 0.170382 1.29292 1 1 1
v -0.458747 0.171633 1.29257 1 1 1
v -0.47525 0.189203 1.28774 1 1 1
v 0.458748 0.171633 1.29257 1 1 1
v 0.47525 0.189203 1.28774 1 1 1
v -0.478269 0.192432 1.28685 1 1 1
v -0.493049 0.208024 1.28256 1 1 1
v 0.478269 0.192432 1.28685 1 1 1
v 0.493049 0.208024 1.28256 1 1 1
v -0.49779 0.21316 1.28114 1 1 1
v -0.510671 0.226846 1.27737 1 1 1
v 0.49779 0.21316 1.28114 1 1 1
v 0.510671 0.226846 1.27737 1 1 1
v -0.517311 0.233983 1.27541 1 1 1
v -0.528389 0.245667 1.27219 1 1 1
v 0.517311 0.233983 1.27541 1 1 1
v 0.528389 0.245667 1.27219 1 1 1
v -0.536832 0.254848 1.26967 1 1 1
v -0.545831 0.264488 1.26701 1 1 1
v 0.536832 0.254848 1.26967 1 1 1
v 0.54583 0.264488 1.26701 1 1 1
v -0.556353 0.275762 1.26391 1 1 1
v -0.563558 0.283309 1.26183 1 1 1
v 0.556353 0.275762 1.26391 1 1 1
v 0.563558 0.283309 1.26183 1 1 1
v -0.575874 0.296451 1.25822 1 1 1
v -0.581292 0.30213 1.25665 1 1 1
v 0.575874 0.296451 1.25822 1 1 1
v 0.581292 0.30213 1.25665 1 1 1
v -0.595396 0.317035 1.25255 1 1 1
v -0.599179 0.320952 1.25147 1 1 1
v 0.595396 0.317035 1.25255 1 1 1
v 0.599179 0.320952 1.25147 1 1 1
v -0.614917 0.337632 1.24688 1 1 1
v -0.616982 0.339773 1.24629 1 1 1
v 0.614917 0.337632 1.24688 1 1 1
v 0.616982 0.339773 1.24629 1 1 1
v -0.634438 0.35824 1.24121 1 1 1
v -0.634779 0.358594 1.24111 1 1 1
v 0.634438 0.35824 1.24121 1 1 1
v 0.634779 0.358594 1.24111 1 1 1
v -0.652821 0.377415 1.23593 1 1 1
v 0.652821 0.377415 1.23593 1 1 1
v -0.653959 0.378618 1.2356 1 1 1
v -0.670875 0.396237 1.23075 1 1 1
v 0.653959 0.378618 1.2356 1 1 1
v 0.670875 0.396237 1.23075 1 1 1
v -0.67348 0.398985 1.22999 1 1 1
v -0.688852 0.415058 1.22557 1 1 1
v 0.67348 0.398985 1.22999 1 1 1
v 0.688852 0.415058 1.22557 1 1 1
v -0.693001 0.419524 1.22434 1 1 1
v -0.706433 0.433879 1.22039 1 1 1
v 0.693002 0.419524 1.22434 1 1 1
v 0.706433 0.433879 1.22039 1 1 1
v -0.712523 0.441582 1.21827 1 1 1
v -0.72087 0.4527 1.21521 1 1 1
v 0.712523 0.441582 1.21827 1 1 1
v 0.72087 0.4527 1.21521 1 1 1
v -0.726362 0.471521 1.21003 1 1 1
v 0.726362 0.471521 1.21003 1 1 1
v -0.725647 0.490343 1.20485 1 1 1
v 0.725647 0.490343 1.20485 1 1 1
v -0.72086 0.509164 1.19967 1 1 1
v 0.72086 0.509164 1.19967 1 1 1
v -0.715589 0.527985 1.19449 1 1 1
v -0.0878452 0.527513 1.19462 1 1 1
v -0.091083 0.527985 1.19449 1 1 1
v -0.0683241 0.525441 1.19519 1 1 1
v -0.0488029 0.524435 1.19546 1 1 1
v -0.0292817 0.524226 1.19552 1 1 1
v -0.0097605 0.524301 1.1955 1 1 1
v 0.00976062 0.524301 1.1955 1 1 1
v 0.0292817 0.524226 1.19552 1 1 1
v 0.048803 0.524435 1.19546 1 1 1
v 0.0683241 0.525441 1.19519 1 1 1
v 0.0878453 0.527513 1.19462 1 1 1
v 0.0910832 0.527985 1.19449 1 1 1
v 0.715589 0.527985 1.19449 1 1 1
v -0.712523 0.537959 1.19174 1 1 1
v -0.710274 0.546806 1.18931 1 1 1
v -0.185451 0.543948 1.19009 1 1 1
v -0.202989 0.546806 1.18931 1 1 1
v -0.16593 0.541025 1.1909 1 1 1
v -0.146409 0.538136 1.19169 1 1 1
v -0.126888 0.534941 1.19257 1 1 1
v -0.107366 0.531194 1.1936 1 1 1
v 0.107366 0.531194 1.1936 1 1 1
v 0.126888 0.534941 1.19257 1 1 1
v 0.146409 0.538136 1.19169 1 1 1
v 0.16593 0.541025 1.1909 1 1 1
v 0.185451 0.543948 1.19009 1 1 1
v 0.202989 0.546806 1.18931 1 1 1
v 0.712523 0.537959 1.19174 1 1 1
v 0.710274 0.546806 1.18931 1 1 1
v -0.705189 0.565628 1.18413 1 1 1
v -0.283057 0.562741 1.18492 1 1 1
v -0.29999 0.565628 1.18413 1 1 1
v -0.263536 0.559458 1.18582 1 1 1
v -0.244015 0.555927 1.1868 1 1 1
v -0.224493 0.551846 1.18792 1 1 1
v -0.204972 0.547248 1.18918 1 1 1
v 0.204972 0.547248 1.18918 1 1 1
v 0.224494 0.551846 1.18792 1 1 1
v 0.244015 0.555927 1.1868 1 1 1
v 0.263536 0.559458 1.18582 1 1 1
v 0.283057 0.562741 1.18492 1 1 1
v 0.29999 0.565628 1.18413 1 1 1
v 0.705189 0.565628 1.18413 1 1 1
v -0.699596 0.584449 1.17895 1 1 1
v -0.380663 0.581789 1.17968 1 1 1
v -0.397194 0.584449 1.17895 1 1 1
v -0.361142 0.578523 1.18058 1 1 1
v -0.34162 0.574927 1.18157 1 1 1
v -0.322099 0.570808 1.1827 1 1 1
v -0.302578 0.566232 1.18396 1 1 1
v 0.302578 0.566232 1.18396 1 1 1
v 0.322099 0.570808 1.1827 1 1 1
v 0.34162 0.574927 1.18157 1 1 1
v 0.361142 0.578523 1.18058 1 1 1
v 0.380663 0.581789 1.17968 1 1 1
v 0.397194 0.584449 1.17895 1 1 1
v 0.699596 0.584449 1.17895 1 1 1
v -0.693001 0.599469 1.17481 1 1 1
v -0.690703 0.60327 1.17376 1 1 1
v -0.49779 0.601551 1.17424 1 1 1
v -0.509567 0.60327 1.17376 1 1 1
v -0.478269 0.598865 1.17498 1 1 1
v -0.458747 0.596167 1.17572 1 1 1
v -0.439226 0.593072 1.17657 1 1 1
v -0.419705 0.589351 1.1776 1 1 1
v -0.400184 0.585112 1.17876 1 1 1
v 0.400184 0.585112 1.17876 1 1 1
v 0.419705 0.589351 1.1776 1 1 1
v 0.439226 0.593072 1.17657 1 1 1
v 0.458748 0.596167 1.17572 1 1 1
v 0.478269 0.598865 1.17498 1 1 1
v 0.49779 0.601551 1.17424 1 1 1
v 0.509567 0.60327 1.17376 1 1 1
v 0.693002 0.599469 1.17481 1 1 1
v 0.690703 0.60327 1.17376 1 1 1
v -0.67348 0.617875 1.16974 1 1 1
v -0.653959 0.620957 1.1689 1 1 1
v -0.634438 0.619482 1.1693 1 1 1
v -0.614917 0.617115 1.16995 1 1 1
v -0.595396 0.615244 1.17047 1 1 1
v -0.575874 0.613416 1.17097 1 1 1
v -0.556353 0.611185 1.17159 1 1 1
v -0.536832 0.608365 1.17236 1 1 1
v -0.517311 0.604803 1.17334 1 1 1
v 0.517311 0.604803 1.17334 1 1 1
v 0.536832 0.608365 1.17236 1 1 1
v 0.556353 0.611185 1.17159 1 1 1
v 0.575874 0.613416 1.17097 1 1 1
v 0.595396 0.615244 1.17047 1 1 1
v 0.614917 0.617115 1.16995 1 1 1
v 0.634438 0.619482 1.1693 1 1 1
v 0.653959 0.620957 1.1689 1 1 1
v 0.67348 0.617875 1.16974 1 1 1
v -0.244015 0.00504253 1.50883 1 1 1
v -0.248345 0.00695416 1.50829 1 1 1
v -0.224493 0.00136929 1.50987 1 1 1
v -0.204972 -7.72811e-05 1.51028 1 1 1
v -0.185451 -0.00124174 1.51061 1 1 1
v -0.16593 -0.00225195 1.5109 1 1 1
v -0.146409 -0.00299181 1.51111 1 1 1
v -0.126888 -0.00348707 1.51125 1 1 1
v -0.107366 -0.00369729 1.51131 1 1 1
v -0.0878452 -0.00363817 1.51129 1 1 1
v -0.0683241 -0.00363862 1.51129 1 1 1
v -0.0488029 -0.00370298 1.51131 1 1 1
v -0.0292817 -0.00373919 1.51132 1 1 1
v -0.0097605 -0.00361924 1.51128 1 1 1
v 0.00976062 -0.00361924 1.51128 1 1 1
v 0.0292817 -0.00373919 1.51132 1 1 1
v 0.048803 -0.00370299 1.51131 1 1 1
v 0.0683241 -0.00363862 1.51129 1 1 1
v 0.0878453 -0.00363817 1.51129 1 1 1
v 0.107366 -0.00369729 1.51131 1 1 1
v 0.126888 -0.00348707 1.51125 1 1 1
v 0.146409 -0.00299181 1.51111 1 1 1
v 0.16593 -0.00225194 1.5109 1 1 1
v 0.185451 -0.00124173 1.51061 1 1 1
v 0.204972 -7.72644e-05 1.51028 1 1 1
v 0.224494 0.0013693 1.50987 1 1 1
v 0.244015 0.00504253 1.50883 1 1 1
v 0.248345 0.00695416 1.50829 1 1 1
v -0.263536 0.0133938 1.50646 1 1 1
v -0.278418 0.0257345 1.50296 1 1 1
v 0.263536 0.0133938 1.50646 1 1 1
v 0.278418 0.0257345 1.50296 1 1 1
v -0.283057 0.0301481 1.50171 1 1 1
v -0.29664 0.0445149 1.49763 1 1 1
v 0.283057 0.0301482 1.50171 1 1 1
v 0.29664 0.0445149 1.49763 1 1 1
v -0.302578 0.050927 1.49581 1 1 1
v -0.314369 0.0632953 1.49231 1 1 1
v 0.302578 0.050927 1.49581 1 1 1
v 0.314369 0.0632953 1.49231 1 1 1
v -0.322099 0.0715797 1.48996 1 1 1
v -0.331997 0.0820757 1.48698 1 1 1
v 0.322099 0.0715797 1.48996 1 1 1
v 0.331997 0.0820757 1.48698 1 1 1
v -0.34162 0.0925019 1.48402 1 1 1
v -0.349544 0.100856 1.48165 1 1 1
v 0.34162 0.0925019 1.48402 1 1 1
v 0.349544 0.100856 1.48165 1 1 1
v -0.361142 0.113412 1.47809 1 1 1
v -0.366969 0.119636 1.47633 1 1 1
v 0.361142 0.113412 1.47809 1 1 1
v 0.366969 0.119636 1.47633 1 1 1
v -0.380663 0.134433 1.47213 1 1 1
v -0.384402 0.138417 1.471 1 1 1
v 0.380663 0.134434 1.47213 1 1 1
v 0.384402 0.138417 1.471 1 1 1
v -0.400184 0.155648 1.46611 1 1 1
v -0.401645 0.157197 1.46567 1 1 1
v 0.400184 0.155648 1.46611 1 1 1
v 0.401645 0.157197 1.46567 1 1 1
v -0.418965 0.175978 1.46035 1 1 1
v 0.418965 0.175978 1.46035 1 1 1
v -0.419705 0.176772 1.46012 1 1 1
v -0.43658 0.194758 1.45502 1 1 1
v 0.419705 0.176772 1.46012 1 1 1
v 0.43658 0.194758 1.45502 1 1 1
v -0.439226 0.197619 1.45421 1 1 1
v -0.454134 0.213538 1.44969 1 1 1
v 0.439226 0.197619 1.45421 1 1 1
v 0.454134 0.213538 1.44969 1 1 1
v -0.458747 0.218513 1.44828 1 1 1
v -0.471733 0.232319 1.44437 1 1 1
v 0.458748 0.218513 1.44828 1 1 1
v 0.471733 0.232319 1.44437 1 1 1
v -0.478269 0.239298 1.44239 1 1 1
v -0.489471 0.251099 1.43904 1 1 1
v 0.478269 0.239298 1.44239 1 1 1
v 0.489471 0.251099 1.43904 1 1 1
v -0.49779 0.260095 1.43649 1 1 1
v -0.507013 0.269879 1.43371 1 1 1
v 0.49779 0.260095 1.43649 1 1 1
v 0.507013 0.269879 1.43371 1 1 1
v -0.517311 0.280927 1.43058 1 1 1
v -0.524655 0.28866 1.42839 1 1 1
v 0.517311 0.280927 1.43058 1 1 1
v 0.524655 0.28866 1.42839 1 1 1
v -0.536832 0.301885 1.42463 1 1 1
v -0.542023 0.30744 1.42306 1 1 1
v 0.536832 0.301885 1.42463 1 1 1
v 0.542023 0.30744 1.42306 1 1 1
v -0.556353 0.322763 1.41871 1 1 1
v -0.559659 0.326221 1.41773 1 1 1
v 0.556353 0.322763 1.41871 1 1 1
v 0.559659 0.326221 1.41773 1 1 1
v -0.575874 0.343496 1.41283 1 1 1
v -0.577312 0.345001 1.41241 1 1 1
v 0.575874 0.343496 1.41283 1 1 1
v 0.577312 0.345001 1.41241 1 1 1
v -0.595149 0.363781 1.40708 1 1 1
v 0.595149 0.363781 1.40708 1 1 1
v -0.595396 0.36404 1.40701 1 1 1
v -0.613152 0.382562 1.40175 1 1 1
v 0.595396 0.36404 1.40701 1 1 1
v 0.613152 0.382562 1.40175 1 1 1
v -0.614917 0.384412 1.40123 1 1 1
v -0.631192 0.401342 1.39643 1 1 1
v 0.614917 0.384412 1.40123 1 1 1
v 0.631192 0.401342 1.39643 1 1 1
v -0.634438 0.404741 1.39546 1 1 1
v -0.649252 0.420123 1.3911 1 1 1
v 0.634438 0.404741 1.39546 1 1 1
v 0.649252 0.420123 1.3911 1 1 1
v -0.653959 0.425093 1.38969 1 1 1
v -0.667226 0.438903 1.38577 1 1 1
v 0.653959 0.425093 1.38969 1 1 1
v 0.667226 0.438903 1.38577 1 1 1
v -0.67348 0.4455 1.3839 1 1 1
v -0.68512 0.457683 1.38045 1 1 1
v 0.67348 0.4455 1.3839 1 1 1
v 0.68512 0.457683 1.38045 1 1 1
v -0.693001 0.466197 1.37803 1 1 1
v -0.702563 0.476464 1.37512 1 1 1
v 0.693002 0.466197 1.37803 1 1 1
v 0.702563 0.476464 1.37512 1 1 1
v -0.712523 0.489126 1.37153 1 1 1
v -0.717092 0.495244 1.36979 1 1 1
v 0.712523 0.489126 1.37153 1 1 1
v 0.717092 0.495244 1.36979 1 1 1
v -0.723084 0.514024 1.36447 1 1 1
v 0.723084 0.514024 1.36447 1 1 1
v -0.722549 0.532805 1.35914 1 1 1
v 0.722549 0.532805 1.35914 1 1 1
v -0.717657 0.551585 1.35381 1 1 1
v 0.717657 0.551585 1.35381 1 1 1
v -0.712523 0.5693 1.34879 1 1 1
v -0.712255 0.570366 1.34849 1 1 1
v -0.0878452 0.568692 1.34896 1 1 1
v -0.0995316 0.570366 1.34849 1 1 1
v -0.0683241 0.566607 1.34955 1 1 1
v -0.0488029 0.565601 1.34984 1 1 1
v -0.0292817 0.565393 1.3499 1 1 1
v -0.0097605 0.565469 1.34987 1 1 1
v 0.00976062 0.565469 1.34987 1 1 1
v 0.0292817 0.565393 1.3499 1 1 1
v 0.048803 0.565601 1.34984 1 1 1
v 0.0683241 0.566607 1.34955 1 1 1
v 0.0878453 0.568692 1.34896 1 1 1
v 0.0995317 0.570366 1.34849 1 1 1
v 0.712523 0.5693 1.34879 1 1 1
v 0.712255 0.570366 1.34849 1 1 1
v -0.707496 0.589146 1.34316 1 1 1
v -0.204972 0.588079 1.34346 1 1 1
v -0.210945 0.589146 1.34316 1 1 1
v -0.185451 0.584833 1.34438 1 1 1
v -0.16593 0.581846 1.34523 1 1 1
v -0.146409 0.578903 1.34606 1 1 1
v -0.126888 0.575668 1.34698 1 1 1
v -0.107366 0.571874 1.34806 1 1 1
v 0.107366 0.571874 1.34806 1 1 1
v 0.126888 0.575668 1.34698 1 1 1
v 0.146409 0.578903 1.34606 1 1 1
v 0.16593 0.581845 1.34523 1 1 1
v 0.185451 0.584833 1.34438 1 1 1
v 0.204972 0.588079 1.34346 1 1 1
v 0.210945 0.589146 1.34316 1 1 1
v 0.707496 0.589146 1.34316 1 1 1
v -0.702254 0.607926 1.33783 1 1 1
v -0.302578 0.607083 1.33807 1 1 1
v -0.307317 0.607926 1.33783 1 1 1
v -0.283057 0.603674 1.33904 1 1 1
v -0.263536 0.60027 1.34 1 1 1
v -0.244015 0.596597 1.34105 1 1 1
v -0.224493 0.592362 1.34225 1 1 1
v 0.224494 0.592362 1.34225 1 1 1
v 0.244015 0.596597 1.34105 1 1 1
v 0.263536 0.60027 1.34 1 1 1
v 0.283057 0.603674 1.33904 1 1 1
v 0.302578 0.607083 1.33807 1 1 1
v 0.307317 0.607926 1.33783 1 1 1
v 0.702254 0.607926 1.33783 1 1 1
v -0.696365 0.626707 1.33251 1 1 1
v -0.400184 0.626018 1.3327 1 1 1
v -0.404408 0.626707 1.33251 1 1 1
v -0.380663 0.62281 1.33361 1 1 1
v -0.361142 0.619426 1.33457 1 1 1
v -0.34162 0.615698 1.33563 1 1 1
v -0.322099 0.611433 1.33684 1 1 1
v 0.322099 0.611433 1.33684 1 1 1
v 0.34162 0.615698 1.33563 1 1 1
v 0.361142 0.619426 1.33457 1 1 1
v 0.380663 0.622811 1.33361 1 1 1
v 0.400184 0.626018 1.3327 1 1 1
v 0.404408 0.626707 1.33251 1 1 1
v 0.696365 0.626707 1.33251 1 1 1
v -0.693001 0.634353 1.33034 1 1 1
v -0.686281 0.645487 1.32718 1 1 1
v -0.517311 0.645213 1.32726 1 1 1
v -0.519302 0.645487 1.32718 1 1 1
v -0.49779 0.642412 1.32805 1 1 1
v -0.478269 0.639692 1.32882 1 1 1
v -0.458747 0.636959 1.3296 1 1 1
v -0.439226 0.633823 1.33049 1 1 1
v -0.419705 0.630039 1.33156 1 1 1
v 0.419705 0.630039 1.33156 1 1 1
v 0.439226 0.633823 1.33049 1 1 1
v 0.458748 0.636959 1.3296 1 1 1
v 0.478269 0.639692 1.32882 1 1 1
v 0.49779 0.642412 1.32805 1 1 1
v 0.517311 0.645213 1.32726 1 1 1
v 0.519301 0.645487 1.32718 1 1 1
v 0.693002 0.634352 1.33034 1 1 1
v 0.686281 0.645487 1.32718 1 1 1
v -0.67348 0.656418 1.32408 1 1 1
v -0.653959 0.660444 1.32294 1 1 1
v -0.634438 0.659317 1.32326 1 1 1
v -0.614917 0.657096 1.32389 1 1 1
v -0.595396 0.655331 1.32439 1 1 1
v -0.575874 0.653605 1.32488 1 1 1
v -0.556353 0.651454 1.32549 1 1 1
v -0.536832 0.648667 1.32628 1 1 1
v 0.536832 0.648667 1.32628 1 1 1
v 0.556353 0.651454 1.32549 1 1 1
v 0.575874 0.653605 1.32488 1 1 1
v 0.595396 0.655331 1.32439 1 1 1
v 0.614917 0.657096 1.32389 1 1 1
v 0.634438 0.659317 1.32326 1 1 1
v 0.653959 0.660444 1.32294 1 1 1
v 0.67348 0.656418 1.32408 1 1 1
v -0.224493 0.0494661 1.66848 1 1 1
v -0.237717 0.0521874 1.66768 1 1 1
v -0.204972 0.0477869 1.66898 1 1 1
v -0.185451 0.0464508 1.66938 1 1 1
v -0.16593 0.0452793 1.66973 1 1 1
v -0.146409 0.0444128 1.66998 1 1 1
v -0.126888 0.0438419 1.67015 1 1 1
v -0.107366 0.0436106 1.67022 1 1 1
v -0.0878452 0.0436598 1.67021 1 1 1
v -0.0683241 0.0436548 1.67021 1 1 1
v -0.0488029 0.0435885 1.67023 1 1 1
v -0.0292817 0.0435625 1.67024 1 1 1
v -0.0097605 0.0436885 1.6702 1 1 1
v 0.00976062 0.0436885 1.6702 1 1 1
v 0.0292817 0.0435625 1.67024 1 1 1
v 0.048803 0.0435885 1.67023 1 1 1
v 0.0683241 0.0436548 1.67021 1 1 1
v 0.0878453 0.0436598 1.67021 1 1 1
v 0.107366 0.0436106 1.67022 1 1 1
v 0.126888 0.0438419 1.67015 1 1 1
v 0.146409 0.0444128 1.66998 1 1 1
v 0.16593 0.0452793 1.66973 1 1 1
v 0.185451 0.0464508 1.66938 1 1 1
v 0.204972 0.0477869 1.66898 1 1 1
v 0.224494 0.0494661 1.66848 1 1 1
v 0.237717 0.0521874 1.66768 1 1 1
v -0.263536 0.0619557 1.66478 1 1 1
v -0.274321 0.0709032 1.66213 1 1 1
v -0.244015 0.0533004 1.66735 1 1 1
v 0.244015 0.0533004 1.66735 1 1 1
v 0.263536 0.0619558 1.66478 1 1 1
v 0.274321 0.0709032 1.66213 1 1 1
v -0.283057 0.0792028 1.65967 1 1 1
v -0.292932 0.0896188 1.65658 1 1 1
v 0.283057 0.0792029 1.65967 1 1 1
v 0.292932 0.0896188 1.65658 1 1 1
v -0.302578 0.100003 1.6535 1 1 1
v -0.31054 0.108335 1.65103 1 1 1
v 0.302578 0.100003 1.6535 1 1 1
v 0.31054 0.108335 1.65103 1 1 1
v -0.322099 0.12069 1.64737 1 1 1
v -0.328113 0.12705 1.64548 1 1 1
v 0.322099 0.12069 1.64737 1 1 1
v 0.328113 0.12705 1.64548 1 1 1
v -0.34162 0.141636 1.64115 1 1 1
v -0.345549 0.145766 1.63993 1 1 1
v 0.34162 0.141636 1.64115 1 1 1
v 0.345549 0.145766 1.63993 1 1 1
v -0.361142 0.162607 1.63494 1 1 1
v -0.362901 0.164482 1.63438 1 1 1
v 0.361142 0.162607 1.63494 1 1 1
v 0.362901 0.164482 1.63438 1 1 1
v -0.380332 0.183197 1.62883 1 1 1
v 0.380332 0.183197 1.62883 1 1 1
v -0.380663 0.183556 1.62873 1 1 1
v -0.397822 0.201913 1.62328 1 1 1
v 0.380663 0.183556 1.62872 1 1 1
v 0.397822 0.201913 1.62328 1 1 1
v -0.400184 0.204439 1.62253 1 1 1
v -0.415347 0.220629 1.61773 1 1 1
v 0.400184 0.204439 1.62253 1 1 1
v 0.415347 0.220629 1.61773 1 1 1
v -0.419705 0.225295 1.61635 1 1 1
v -0.432931 0.239345 1.61218 1 1 1
v 0.419705 0.225295 1.61635 1 1 1
v 0.432931 0.239345 1.61218 1 1 1
v -0.439226 0.246133 1.61017 1 1 1
v -0.450426 0.25806 1.60663 1 1 1
v 0.439226 0.246133 1.61017 1 1 1
v 0.450426 0.25806 1.60663 1 1 1
v -0.458747 0.267005 1.60398 1 1 1
v -0.467962 0.276776 1.60108 1 1 1
v 0.458748 0.267005 1.60398 1 1 1
v 0.467962 0.276776 1.60108 1 1 1
v -0.478269 0.28775 1.59783 1 1 1
v -0.485638 0.295492 1.59553 1 1 1
v 0.478269 0.28775 1.59783 1 1 1
v 0.485638 0.295492 1.59553 1 1 1
v -0.49779 0.308596 1.59165 1 1 1
v -0.503094 0.314208 1.58998 1 1 1
v 0.49779 0.308596 1.59165 1 1 1
v 0.503094 0.314208 1.58998 1 1 1
v -0.517311 0.329409 1.58548 1 1 1
v -0.520658 0.332923 1.58443 1 1 1
v 0.517311 0.329409 1.58548 1 1 1
v 0.520658 0.332923 1.58443 1 1 1
v -0.536832 0.350446 1.57924 1 1 1
v -0.537949 0.351639 1.57889 1 1 1
v 0.536832 0.350446 1.57924 1 1 1
v 0.537949 0.351639 1.57889 1 1 1
v -0.555602 0.370355 1.57334 1 1 1
v 0.555602 0.370355 1.57334 1 1 1
v -0.556353 0.371151 1.5731 1 1 1
v -0.57344 0.389071 1.56779 1 1 1
v 0.556353 0.371151 1.5731 1 1 1
v 0.57344 0.389071 1.56779 1 1 1
v -0.575874 0.391615 1.56703 1 1 1
v -0.59144 0.407786 1.56224 1 1 1
v 0.575874 0.391615 1.56703 1 1 1
v 0.59144 0.407786 1.56224 1 1 1
v -0.595396 0.411924 1.56101 1 1 1
v -0.609409 0.426502 1.55669 1 1 1
v 0.595396 0.411924 1.56101 1 1 1
v 0.609409 0.426502 1.55669 1 1 1
v -0.614917 0.43226 1.55498 1 1 1
v -0.627407 0.445218 1.55114 1 1 1
v 0.614917 0.43226 1.55498 1 1 1
v 0.627407 0.445218 1.55114 1 1 1
v -0.634438 0.452557 1.54896 1 1 1
v -0.645425 0.463934 1.54559 1 1 1
v 0.634438 0.452557 1.54896 1 1 1
v 0.645425 0.463934 1.54559 1 1 1
v -0.653959 0.472927 1.54292 1 1 1
v -0.663315 0.482649 1.54004 1 1 1
v 0.653959 0.472927 1.54292 1 1 1
v 0.663315 0.482649 1.54004 1 1 1
v -0.67348 0.493356 1.53686 1 1 1
v -0.681132 0.501365 1.53449 1 1 1
v 0.67348 0.493356 1.53686 1 1 1
v 0.681131 0.501365 1.53449 1 1 1
v -0.693001 0.51422 1.53068 1 1 1
v -0.698438 0.520081 1.52894 1 1 1
v 0.693002 0.51422 1.53068 1 1 1
v 0.698438 0.520081 1.52894 1 1 1
v -0.712523 0.538065 1.52361 1 1 1
v -0.713066 0.538796 1.52339 1 1 1
v 0.712523 0.538065 1.52361 1 1 1
v 0.713066 0.538796 1.52339 1 1 1
v -0.719578 0.557512 1.51784 1 1 1
v 0.719578 0.557512 1.51784 1 1 1
v -0.719233 0.576228 1.51229 1 1 1
v 0.719233 0.576228 1.51229 1 1 1
v -0.714238 0.594944 1.50674 1 1 1
v 0.714238 0.594944 1.50674 1 1 1
v -0.712523 0.600944 1.50496 1 1 1
v -0.709369 0.613659 1.50119 1 1 1
v -0.107366 0.613464 1.50125 1 1 1
v -0.108672 0.613659 1.50119 1 1 1
v -0.0878452 0.610713 1.50207 1 1 1
v -0.0683241 0.60862 1.50269 1 1 1
v -0.0488029 0.607615 1.50298 1 1 1
v -0.0292817 0.607409 1.50305 1 1 1
v -0.0097605 0.607485 1.50302 1 1 1
v 0.00976062 0.607485 1.50302 1 1 1
v 0.0292817 0.607409 1.50305 1 1 1
v 0.048803 0.607615 1.50298 1 1 1
v 0.0683241 0.60862 1.50269 1 1 1
v 0.0878453 0.610713 1.50207 1 1 1
v 0.107366 0.613464 1.50125 1 1 1
v 0.108672 0.613659 1.50119 1 1 1
v 0.712523 0.600944 1.50496 1 1 1
v 0.709369 0.613659 1.50119 1 1 1
v -0.704518 0.632375 1.49564 1 1 1
v -0.204972 0.629851 1.49639 1 1 1
v -0.219038 0.632375 1.49564 1 1 1
v -0.185451 0.626524 1.49738 1 1 1
v -0.16593 0.623477 1.49828 1 1 1
v -0.146409 0.620484 1.49917 1 1 1
v -0.126888 0.617216 1.50014 1 1 1
v 0.126888 0.617216 1.50014 1 1 1
v 0.146409 0.620484 1.49917 1 1 1
v 0.16593 0.623477 1.49828 1 1 1
v 0.185451 0.626524 1.49738 1 1 1
v 0.204972 0.629851 1.49639 1 1 1
v 0.219038 0.632375 1.49564 1 1 1
v 0.704518 0.632375 1.49564 1 1 1
v -0.699114 0.651091 1.49009 1 1 1
v -0.302578 0.648909 1.49074 1 1 1
v -0.314757 0.651091 1.49009 1 1 1
v -0.283057 0.645393 1.49178 1 1 1
v -0.263536 0.641869 1.49283 1 1 1
v -0.244015 0.638054 1.49396 1 1 1
v -0.224493 0.633669 1.49526 1 1 1
v 0.224494 0.633669 1.49526 1 1 1
v 0.244015 0.638054 1.49396 1 1 1
v 0.263536 0.641869 1.49283 1 1 1
v 0.283057 0.645393 1.49178 1 1 1
v 0.302578 0.648909 1.49074 1 1 1
v 0.314757 0.651091 1.49009 1 1 1
v 0.699114 0.651091 1.49009 1 1 1
v -0.693001 0.669572 1.48461 1 1 1
v -0.692919 0.669807 1.48454 1 1 1
v -0.400184 0.667907 1.48511 1 1 1
v -0.411902 0.669807 1.48454 1 1 1
v -0.380663 0.664605 1.48609 1 1 1
v -0.361142 0.661102 1.48712 1 1 1
v -0.34162 0.657244 1.48827 1 1 1
v -0.322099 0.652834 1.48958 1 1 1
v 0.322099 0.652834 1.48958 1 1 1
v 0.34162 0.657244 1.48827 1 1 1
v 0.361142 0.661102 1.48712 1 1 1
v 0.380663 0.664605 1.48609 1 1 1
v 0.400184 0.667907 1.48511 1 1 1
v 0.411902 0.669807 1.48454 1 1 1
v 0.693002 0.669571 1.48461 1 1 1
v 0.692919 0.669807 1.48454 1 1 1
v -0.681601 0.688522 1.47899 1 1 1
v -0.517311 0.68682 1.4795 1 1 1
v -0.530158 0.688522 1.47899 1 1 1
v -0.49779 0.684012 1.48033 1 1 1
v -0.478269 0.681265 1.48115 1 1 1
v -0.458747 0.6785 1.48197 1 1 1
v -0.439226 0.675328 1.48291 1 1 1
v -0.419705 0.671487 1.48405 1 1 1
v 0.419705 0.671487 1.48405 1 1 1
v 0.439226 0.675328 1.48291 1 1 1
v 0.458748 0.6785 1.48197 1 1 1
v 0.478269 0.681265 1.48115 1 1 1
v 0.49779 0.684012 1.48033 1 1 1
v 0.517311 0.68682 1.4795 1 1 1
v 0.530158 0.688522 1.47899 1 1 1
v 0.681601 0.688522 1.47899 1 1 1
v -0.67348 0.6955 1.47693 1 1 1
v -0.653959 0.700526 1.47543 1 1 1
v -0.634438 0.699776 1.47566 1 1 1
v -0.614917 0.697722 1.47627 1 1 1
v -0.595396 0.696081 1.47675 1 1 1
v -0.575874 0.694475 1.47723 1 1 1
v -0.556353 0.692422 1.47784 1 1 1
v -0.536832 0.689683 1.47865 1 1 1
v 0.536832 0.689683 1.47865 1 1 1
v 0.556353 0.692422 1.47784 1 1 1
v 0.575874 0.694475 1.47723 1 1 1
v 0.595396 0.696081 1.47675 1 1 1
v 0.614917 0.697722 1.47627 1 1 1
v 0.634438 0.699776 1.47566 1 1 1
v 0.653959 0.700526 1.47543 1 1 1
v 0.67348 0.6955 1.47693 1 1 1
v -0.204972 0.0979937 1.82788 1 1 1
v -0.221064 0.0995821 1.82739 1 1 1
v -0.185451 0.0964704 1.82836 1 1 1
v -0.16593 0.0951234 1.82878 1 1 1
v -0.146409 0.0941183 1.8291 1 1 1
v -0.126888 0.0934659 1.8293 1 1 1
v -0.107366 0.0932114 1.82938 1 1 1
v -0.0878452 0.0932484 1.82937 1 1 1
v -0.0683241 0.0932377 1.82937 1 1 1
v -0.0488029 0.0931712 1.82939 1 1 1
v -0.0292817 0.0931573 1.8294 1 1 1
v -0.0097605 0.0932887 1.82935 1 1 1
v 0.00976062 0.0932887 1.82935 1 1 1
v 0.0292817 0.0931573 1.8294 1 1 1
v 0.048803 0.0931712 1.82939 1 1 1
v 0.0683241 0.0932377 1.82937 1 1 1
v 0.0878453 0.0932484 1.82937 1 1 1
v 0.107366 0.0932114 1.82938 1 1 1
v 0.126888 0.0934659 1.8293 1 1 1
v 0.146409 0.0941183 1.8291 1 1 1
v 0.16593 0.0951234 1.82878 1 1 1
v 0.185451 0.0964705 1.82836 1 1 1
v 0.204972 0.0979937 1.82788 1 1 1
v 0.221064 0.0995821 1.82739 1 1 1
v -0.263536 0.112909 1.82322 1 1 1
v -0.269933 0.118215 1.82157 1 1 1
v -0.244015 0.103512 1.82616 1 1 1
v -0.224493 0.0998505 1.8273 1 1 1
v 0.224494 0.0998505 1.8273 1 1 1
v 0.244015 0.103512 1.82616 1 1 1
v 0.263536 0.11291 1.82322 1 1 1
v 0.269933 0.118215 1.82157 1 1 1
v -0.283057 0.130657 1.81768 1 1 1
v -0.288948 0.136848 1.81574 1 1 1
v 0.283057 0.130657 1.81768 1 1 1
v 0.288948 0.136848 1.81574 1 1 1
v -0.302578 0.151463 1.81118 1 1 1
v -0.30643 0.155481 1.80992 1 1 1
v 0.302578 0.151463 1.81118 1 1 1
v 0.30643 0.155481 1.80992 1 1 1
v -0.322099 0.172168 1.80471 1 1 1
v -0.323945 0.174114 1.8041 1 1 1
v 0.322099 0.172168 1.80471 1 1 1
v 0.323946 0.174114 1.8041 1 1 1
v -0.34131 0.192746 1.79828 1 1 1
v 0.341311 0.192746 1.79828 1 1 1
v -0.34162 0.193077 1.79818 1 1 1
v -0.35888 0.211379 1.79246 1 1 1
v 0.34162 0.193077 1.79818 1 1 1
v 0.35888 0.211379 1.79246 1 1 1
v -0.361142 0.213782 1.79171 1 1 1
v -0.376517 0.230012 1.78664 1 1 1
v 0.361142 0.213782 1.79171 1 1 1
v 0.376517 0.230012 1.78664 1 1 1
v -0.380663 0.234482 1.78524 1 1 1
v -0.393951 0.248645 1.78081 1 1 1
v 0.380663 0.234482 1.78524 1 1 1
v 0.393951 0.248645 1.78081 1 1 1
v -0.400184 0.255284 1.77874 1 1 1
v -0.411455 0.267278 1.77499 1 1 1
v 0.400184 0.255284 1.77874 1 1 1
v 0.411455 0.267278 1.77499 1 1 1
v -0.419705 0.276072 1.77225 1 1 1
v -0.429007 0.285911 1.76917 1 1 1
v 0.419705 0.276072 1.77225 1 1 1
v 0.429007 0.285911 1.76917 1 1 1
v -0.439226 0.296892 1.76574 1 1 1
v -0.446438 0.304544 1.76335 1 1 1
v 0.439226 0.296892 1.76574 1 1 1
v 0.446438 0.304544 1.76335 1 1 1
v -0.458747 0.317721 1.75923 1 1 1
v -0.46391 0.323176 1.75753 1 1 1
v 0.458748 0.317721 1.75923 1 1 1
v 0.46391 0.323176 1.75753 1 1 1
v -0.478269 0.338406 1.75277 1 1 1
v -0.48152 0.341809 1.75171 1 1 1
v 0.478269 0.338406 1.75277 1 1 1
v 0.48152 0.341809 1.75171 1 1 1
v -0.49779 0.359286 1.74625 1 1 1
v -0.498887 0.360442 1.74588 1 1 1
v 0.49779 0.359286 1.74625 1 1 1
v 0.498887 0.360442 1.74588 1 1 1
v -0.516471 0.379075 1.74006 1 1 1
v 0.516471 0.379075 1.74006 1 1 1
v -0.517311 0.379972 1.73978 1 1 1
v -0.533962 0.397708 1.73424 1 1 1
v 0.517311 0.379973 1.73978 1 1 1
v 0.533961 0.397708 1.73424 1 1 1
v -0.536832 0.400748 1.73329 1 1 1
v -0.551702 0.416341 1.72842 1 1 1
v 0.536832 0.400748 1.73329 1 1 1
v 0.551702 0.416341 1.72842 1 1 1
v -0.556353 0.421252 1.72688 1 1 1
v -0.569485 0.434974 1.7226 1 1 1
v 0.556353 0.421252 1.72688 1 1 1
v 0.569485 0.434974 1.7226 1 1 1
v -0.575874 0.441627 1.72052 1 1 1
v -0.587447 0.453606 1.71678 1 1 1
v 0.575874 0.441627 1.72052 1 1 1
v 0.587447 0.453606 1.71678 1 1 1
v -0.595396 0.461888 1.71419 1 1 1
v -0.605383 0.472239 1.71095 1 1 1
v 0.595396 0.461888 1.71419 1 1 1
v 0.605383 0.472239 1.71095 1 1 1
v -0.614917 0.482169 1.70785 1 1 1
v -0.623337 0.490872 1.70513 1 1 1
v 0.614917 0.482169 1.70785 1 1 1
v 0.623337 0.490872 1.70513 1 1 1
v -0.634438 0.502414 1.70153 1 1 1
v -0.641312 0.509505 1.69931 1 1 1
v 0.634438 0.502414 1.70153 1 1 1
v 0.641312 0.509505 1.69931 1 1 1
v -0.653959 0.522794 1.69516 1 1 1
v -0.659115 0.528138 1.69349 1 1 1
v 0.653959 0.522794 1.69516 1 1 1
v 0.659115 0.528138 1.69349 1 1 1
v -0.67348 0.543235 1.68877 1 1 1
v -0.67686 0.546771 1.68767 1 1 1
v 0.67348 0.543235 1.68877 1 1 1
v 0.67686 0.546771 1.68767 1 1 1
v -0.693001 0.564288 1.68219 1 1 1
v -0.694033 0.565404 1.68185 1 1 1
v 0.693002 0.564288 1.68219 1 1 1
v 0.694033 0.565404 1.68185 1 1 1
v -0.709137 0.584036 1.67602 1 1 1
v 0.709137 0.584036 1.67602 1 1 1
v -0.712523 0.593312 1.67313 1 1 1
v -0.715818 0.602669 1.6702 1 1 1
v 0.712523 0.593312 1.67313 1 1 1
v 0.715818 0.602669 1.6702 1 1 1
v -0.715674 0.621302 1.66438 1 1 1
v 0.715674 0.621302 1.66438 1 1 1
v -0.712523 0.633093 1.6607 1 1 1
v -0.710891 0.639935 1.65856 1 1 1
v 0.712523 0.633093 1.6607 1 1 1
v 0.710891 0.639935 1.65856 1 1 1
v -0.706265 0.658568 1.65274 1 1 1
v -0.107366 0.657035 1.65322 1 1 1
v -0.117836 0.658568 1.65274 1 1 1
v -0.0878452 0.654274 1.65408 1 1 1
v -0.0683241 0.652177 1.65473 1 1 1
v -0.0488029 0.651174 1.65505 1 1 1
v -0.0292817 0.650969 1.65511 1 1 1
v -0.0097605 0.651046 1.65509 1 1 1
v 0.00976062 0.651046 1.65509 1 1 1
v 0.0292817 0.650969 1.65511 1 1 1
v 0.048803 0.651174 1.65505 1 1 1
v 0.0683241 0.652177 1.65473 1 1 1
v 0.0878453 0.654274 1.65408 1 1 1
v 0.107366 0.657035 1.65322 1 1 1
v 0.117836 0.658568 1.65274 1 1 1
v 0.706265 0.658568 1.65274 1 1 1
v -0.701319 0.677201 1.64692 1 1 1
v -0.224493 0.676672 1.64708 1 1 1
v -0.227442 0.677201 1.64692 1 1 1
v -0.204972 0.673129 1.64819 1 1 1
v -0.185451 0.669724 1.64925 1 1 1
v -0.16593 0.666619 1.65022 1 1 1
v -0.146409 0.66358 1.65117 1 1 1
v -0.126888 0.660285 1.6522 1 1 1
v 0.126888 0.660285 1.6522 1 1 1
v 0.146409 0.66358 1.65117 1 1 1
v 0.16593 0.666619 1.65022 1 1 1
v 0.185451 0.669724 1.64925 1 1 1
v 0.204972 0.673129 1.64819 1 1 1
v 0.224494 0.676672 1.64708 1 1 1
v 0.227442 0.677201 1.64692 1 1 1
v 0.701319 0.677201 1.64692 1 1 1
v -0.695746 0.695834 1.64109 1 1 1
v -0.322099 0.695753 1.64112 1 1 1
v -0.322543 0.695834 1.64109 1 1 1
v -0.302578 0.692232 1.64222 1 1 1
v -0.283057 0.688608 1.64335 1 1 1
v -0.263536 0.684962 1.64449 1 1 1
v -0.244015 0.681007 1.64573 1 1 1
v 0.244015 0.681007 1.64573 1 1 1
v 0.263536 0.684962 1.64449 1 1 1
v 0.283057 0.688608 1.64335 1 1 1
v 0.302578 0.692232 1.64222 1 1 1
v 0.322099 0.695753 1.64112 1 1 1
v 0.322543 0.695834 1.64109 1 1 1
v 0.695746 0.695834 1.64109 1 1 1
v -0.693001 0.704088 1.63851 1 1 1
v -0.689332 0.714467 1.63527 1 1 1
v -0.419705 0.714429 1.63528 1 1 1
v -0.41995 0.714467 1.63527 1 1 1
v -0.400184 0.711282 1.63627 1 1 1
v -0.380663 0.707886 1.63733 1 1 1
v -0.361142 0.704264 1.63846 1 1 1
v -0.34162 0.700276 1.63971 1 1 1
v 0.34162 0.700276 1.63971 1 1 1
v 0.361142 0.704264 1.63846 1 1 1
v 0.380663 0.707886 1.63733 1 1 1
v 0.400184 0.711282 1.63627 1 1 1
v 0.419705 0.714429 1.63528 1 1 1
v 0.41995 0.714467 1.63527 1 1 1
v 0.693002 0.704088 1.63851 1 1 1
v 0.689332 0.714467 1.63527 1 1 1
v -0.676637 0.733099 1.62945 1 1 1
v -0.536832 0.732393 1.62967 1 1 1
v -0.543592 0.733099 1.62945 1 1 1
v -0.517311 0.72988 1.63046 1 1 1
v -0.49779 0.727073 1.63133 1 1 1
v -0.478269 0.724302 1.6322 1 1 1
v -0.458747 0.72151 1.63307 1 1 1
v -0.439226 0.718307 1.63407 1 1 1
v 0.439226 0.718307 1.63407 1 1 1
v 0.458748 0.72151 1.63307 1 1 1
v 0.478269 0.724302 1.6322 1 1 1
v 0.49779 0.727073 1.63133 1 1 1
v 0.517311 0.72988 1.63046 1 1 1
v 0.536832 0.732393 1.62967 1 1 1
v 0.543592 0.733099 1.62945 1 1 1
v 0.676637 0.733099 1.62945 1 1 1
v -0.67348 0.735828 1.6286 1 1 1
v -0.653959 0.741914 1.6267 1 1 1
v -0.634438 0.741575 1.6268 1 1 1
v -0.614917 0.73971 1.62738 1 1 1
v -0.595396 0.738212 1.62785 1 1 1
v -0.575874 0.736745 1.62831 1 1 1
v -0.556353 0.734811 1.62892 1 1 1
v 0.556353 0.734811 1.62892 1 1 1
v 0.575874 0.736745 1.62831 1 1 1
v 0.595396 0.738212 1.62785 1 1 1
v 0.614917 0.73971 1.62738 1 1 1
v 0.634438 0.741575 1.6268 1 1 1
v 0.653959 0.741914 1.6267 1 1 1
v 0.67348 0.735828 1.6286 1 1 1
v -0.185451 0.148321 1.98444 1 1 1
v -0.188961 0.148632 1.98434 1 1 1
v -0.16593 0.146778 1.98493 1 1 1
v -0.146409 0.145618 1.98531 1 1 1
v -0.126888 0.144875 1.98555 1 1 1
v -0.107366 0.144595 1.98564 1 1 1
v -0.0878452 0.144616 1.98563 1 1 1
v -0.0683241 0.144599 1.98564 1 1 1
v -0.0488029 0.144534 1.98566 1 1 1
v -0.0292817 0.144535 1.98566 1 1 1
v -0.0097605 0.144671 1.98561 1 1 1
v 0.00976062 0.144671 1.98561 1 1 1
v 0.0292817 0.144535 1.98566 1 1 1
v 0.048803 0.144534 1.98566 1 1 1
v 0.0683241 0.144599 1.98564 1 1 1
v 0.0878453 0.144616 1.98563 1 1 1
v 0.107366 0.144595 1.98564 1 1 1
v 0.126888 0.144875 1.98555 1 1 1
v 0.146409 0.145618 1.98531 1 1 1
v 0.16593 0.146778 1.98493 1 1 1
v 0.185451 0.148321 1.98444 1 1 1
v 0.188961 0.148632 1.98434 1 1 1
v -0.263536 0.165817 1.97881 1 1 1
v -0.265221 0.167217 1.97836 1 1 1
v -0.244015 0.155616 1.98209 1 1 1
v -0.224493 0.15149 1.98342 1 1 1
v -0.204972 0.149731 1.98399 1 1 1
v 0.204972 0.149731 1.98399 1 1 1
v 0.224494 0.15149 1.98342 1 1 1
v 0.244015 0.155616 1.98209 1 1 1
v 0.263536 0.165817 1.97881 1 1 1
v 0.265221 0.167217 1.97836 1 1 1
v -0.283057 0.184124 1.97293 1 1 1
v -0.284656 0.185801 1.97239 1 1 1
v 0.283057 0.184124 1.97293 1 1 1
v 0.284656 0.185801 1.97239 1 1 1
v -0.302069 0.204385 1.96641 1 1 1
v 0.302069 0.204385 1.96641 1 1 1
v -0.302578 0.204926 1.96624 1 1 1
v -0.319743 0.22297 1.96044 1 1 1
v 0.302578 0.204926 1.96624 1 1 1
v 0.319743 0.22297 1.96044 1 1 1
v -0.322099 0.225483 1.95963 1 1 1
v -0.337273 0.241554 1.95446 1 1 1
v 0.322099 0.225483 1.95963 1 1 1
v 0.337274 0.241554 1.95446 1 1 1
v -0.34162 0.246188 1.95297 1 1 1
v -0.354793 0.260138 1.94849 1 1 1
v 0.34162 0.246188 1.95297 1 1 1
v 0.354794 0.260138 1.94849 1 1 1
v -0.361142 0.266866 1.94633 1 1 1
v -0.372402 0.278723 1.94251 1 1 1
v 0.361142 0.266866 1.94633 1 1 1
v 0.372402 0.278723 1.94251 1 1 1
v -0.380663 0.287616 1.93966 1 1 1
v -0.389773 0.297307 1.93654 1 1 1
v 0.380663 0.287616 1.93966 1 1 1
v 0.389773 0.297307 1.93654 1 1 1
v -0.400184 0.308375 1.93298 1 1 1
v -0.407258 0.315891 1.93056 1 1 1
v 0.400184 0.308375 1.93298 1 1 1
v 0.407258 0.315891 1.93056 1 1 1
v -0.419705 0.329126 1.92631 1 1 1
v -0.424776 0.334476 1.92459 1 1 1
v 0.419705 0.329126 1.92631 1 1 1
v 0.424776 0.334476 1.92459 1 1 1
v -0.439226 0.349978 1.91961 1 1 1
v -0.442136 0.35306 1.91862 1 1 1
v 0.439226 0.349978 1.91961 1 1 1
v 0.442136 0.35306 1.91862 1 1 1
v -0.458747 0.370804 1.91291 1 1 1
v -0.459544 0.371644 1.91264 1 1 1
v 0.458748 0.370804 1.91291 1 1 1
v 0.459544 0.371644 1.91264 1 1 1
v -0.477184 0.390229 1.90667 1 1 1
v 0.477184 0.390229 1.90667 1 1 1
v -0.478269 0.391383 1.90629 1 1 1
v -0.494693 0.408813 1.90069 1 1 1
v 0.478269 0.391384 1.90629 1 1 1
v 0.494694 0.408813 1.90069 1 1 1
v -0.49779 0.412101 1.89963 1 1 1
v -0.512339 0.427397 1.89472 1 1 1
v 0.49779 0.412101 1.89963 1 1 1
v 0.512339 0.427397 1.89472 1 1 1
v -0.517311 0.432697 1.89301 1 1 1
v -0.5298 0.445982 1.88874 1 1 1
v 0.517311 0.432697 1.89301 1 1 1
v 0.5298 0.445982 1.88874 1 1 1
v -0.536832 0.453409 1.88635 1 1 1
v -0.547495 0.464566 1.88277 1 1 1
v 0.536832 0.453409 1.88635 1 1 1
v 0.547495 0.464566 1.88277 1 1 1
v -0.556353 0.473904 1.87976 1 1 1
v -0.565217 0.48315 1.87679 1 1 1
v 0.556353 0.473904 1.87976 1 1 1
v 0.565218 0.48315 1.87679 1 1 1
v -0.575874 0.494228 1.87323 1 1 1
v -0.583139 0.501734 1.87082 1 1 1
v 0.575874 0.494228 1.87323 1 1 1
v 0.583139 0.501734 1.87082 1 1 1
v -0.595396 0.51448 1.86672 1 1 1
v -0.601039 0.520319 1.86484 1 1 1
v 0.595396 0.51448 1.86672 1 1 1
v 0.601039 0.520319 1.86484 1 1 1
v -0.614917 0.534745 1.8602 1 1 1
v -0.618947 0.538903 1.85887 1 1 1
v 0.614917 0.534745 1.8602 1 1 1
v 0.618947 0.538903 1.85887 1 1 1
v -0.634438 0.554975 1.8537 1 1 1
v -0.636877 0.557487 1.85289 1 1 1
v 0.634438 0.554975 1.8537 1 1 1
v 0.636877 0.557487 1.85289 1 1 1
v -0.653959 0.575416 1.84713 1 1 1
v -0.654592 0.576072 1.84692 1 1 1
v 0.653959 0.575417 1.84713 1 1 1
v 0.654592 0.576072 1.84692 1 1 1
v -0.672378 0.594656 1.84094 1 1 1
v 0.672378 0.594656 1.84094 1 1 1
v -0.67348 0.595838 1.84056 1 1 1
v -0.689651 0.61324 1.83497 1 1 1
v 0.67348 0.595838 1.84056 1 1 1
v 0.689651 0.61324 1.83497 1 1 1
v -0.693001 0.617124 1.83372 1 1 1
v -0.704969 0.631825 1.82899 1 1 1
v 0.693002 0.617124 1.83372 1 1 1
v 0.704969 0.631825 1.82899 1 1 1
v -0.71183 0.650409 1.82302 1 1 1
v 0.71183 0.650409 1.82302 1 1 1
v -0.711911 0.668993 1.81704 1 1 1
v 0.711911 0.668993 1.81704 1 1 1
v -0.707582 0.687578 1.81107 1 1 1
v 0.707582 0.687578 1.81107 1 1 1
v -0.702918 0.706162 1.80509 1 1 1
v -0.126888 0.706002 1.80514 1 1 1
v -0.128089 0.706162 1.80509 1 1 1
v -0.107366 0.703201 1.80605 1 1 1
v -0.0878452 0.700426 1.80694 1 1 1
v -0.0683241 0.698322 1.80761 1 1 1
v -0.0488029 0.697321 1.80794 1 1 1
v -0.0292817 0.697117 1.808 1 1 1
v -0.0097605 0.697194 1.80798 1 1 1
v 0.00976062 0.697194 1.80798 1 1 1
v 0.0292817 0.697117 1.808 1 1 1
v 0.048803 0.697321 1.80794 1 1 1
v 0.0683241 0.698322 1.80761 1 1 1
v 0.0878453 0.700426 1.80694 1 1 1
v 0.107366 0.703201 1.80605 1 1 1
v 0.126888 0.706002 1.80514 1 1 1
v 0.128089 0.706162 1.80509 1 1 1
v 0.702918 0.706162 1.80509 1 1 1
v -0.697871 0.724746 1.79912 1 1 1
v -0.224493 0.722653 1.79979 1 1 1
v -0.236067 0.724746 1.79912 1 1 1
v -0.204972 0.719015 1.80096 1 1 1
v -0.185451 0.715524 1.80208 1 1 1
v -0.16593 0.712358 1.8031 1 1 1
v -0.146409 0.709267 1.80409 1 1 1
v 0.146409 0.709267 1.80409 1 1 1
v 0.16593 0.712358 1.8031 1 1 1
v 0.185451 0.715524 1.80208 1 1 1
v 0.204972 0.719015 1.80096 1 1 1
v 0.224494 0.722653 1.79979 1 1 1
v 0.236066 0.724746 1.79912 1 1 1
v 0.697871 0.724746 1.79912 1 1 1
v -0.693001 0.740626 1.79401 1 1 1
v -0.692202 0.743331 1.79314 1 1 1
v -0.322099 0.741836 1.79362 1 1 1
v -0.330301 0.743331 1.79314 1 1 1
v -0.302578 0.738206 1.79479 1 1 1
v -0.283057 0.734463 1.79599 1 1 1
v -0.263536 0.730684 1.79721 1 1 1
v -0.244015 0.726578 1.79853 1 1 1
v 0.244015 0.726578 1.79853 1 1 1
v 0.263536 0.730684 1.79721 1 1 1
v 0.283057 0.734463 1.79599 1 1 1
v 0.302578 0.738206 1.79479 1 1 1
v 0.322099 0.741836 1.79362 1 1 1
v 0.330301 0.743331 1.79314 1 1 1
v 0.693002 0.740626 1.79401 1 1 1
v 0.692202 0.743331 1.79314 1 1 1
v -0.685476 0.761915 1.78717 1 1 1
v -0.419705 0.760557 1.78761 1 1 1
v -0.428598 0.761915 1.78717 1 1 1
v -0.400184 0.757355 1.78863 1 1 1
v -0.380663 0.753856 1.78976 1 1 1
v -0.361142 0.750104 1.79097 1 1 1
v -0.34162 0.745975 1.79229 1 1 1
v 0.34162 0.745975 1.79229 1 1 1
v 0.361142 0.750104 1.79097 1 1 1
v 0.380663 0.753856 1.78976 1 1 1
v 0.400184 0.757355 1.78863 1 1 1
v 0.419705 0.760557 1.78761 1 1 1
v 0.428598 0.761915 1.78717 1 1 1
v 0.685476 0.761915 1.78717 1 1 1
v -0.67348 0.778407 1.78187 1 1 1
v -0.669271 0.780499 1.78119 1 1 1
v -0.556353 0.780043 1.78134 1 1 1
v -0.562714 0.780499 1.78119 1 1 1
v -0.536832 0.778133 1.78195 1 1 1
v -0.517311 0.775657 1.78275 1 1 1
v -0.49779 0.772849 1.78365 1 1 1
v -0.478269 0.77005 1.78455 1 1 1
v -0.458747 0.767229 1.78546 1 1 1
v -0.439226 0.76399 1.7865 1 1 1
v 0.439226 0.76399 1.7865 1 1 1
v 0.458748 0.767229 1.78546 1 1 1
v 0.478269 0.77005 1.78455 1 1 1
v 0.49779 0.772849 1.78365 1 1 1
v 0.517311 0.775657 1.78275 1 1 1
v 0.536832 0.778133 1.78195 1 1 1
v 0.556353 0.780043 1.78134 1 1 1
v 0.562714 0.780499 1.78119 1 1 1
v 0.67348 0.778407 1.78187 1 1 1
v 0.669271 0.780499 1.78119 1 1 1
v -0.653959 0.785885 1.77946 1 1 1
v -0.634438 0.785991 1.77943 1 1 1
v -0.614917 0.784337 1.77996 1 1 1
v -0.595396 0.783002 1.78039 1 1 1
v -0.575874 0.781692 1.78081 1 1 1
v 0.575874 0.781692 1.78081 1 1 1
v 0.595396 0.783002 1.78039 1 1 1
v 0.614917 0.784337 1.77996 1 1 1
v 0.634438 0.785991 1.77943 1 1 1
v 0.653959 0.785885 1.77946 1 1 1
v -0.146409 0.200093 2.14549 1 1 1
v -0.152253 0.200487 2.14536 1 1 1
v -0.126888 0.199255 2.14578 1 1 1
v -0.107366 0.198947 2.14589 1 1 1
v -0.0878452 0.19895 2.14589 1 1 1
v -0.0683241 0.198924 2.1459 1 1 1
v -0.0488029 0.198864 2.14592 1 1 1
v -0.0292817 0.198882 2.14591 1 1 1
v -0.0097605 0.199021 2.14586 1 1 1
v 0.00976062 0.199021 2.14586 1 1 1
v 0.0292817 0.198882 2.14591 1 1 1
v 0.048803 0.198864 2.14592 1 1 1
v 0.0683241 0.198924 2.1459 1 1 1
v 0.0878453 0.19895 2.14589 1 1 1
v 0.107366 0.198947 2.14589 1 1 1
v 0.126888 0.199255 2.14578 1 1 1
v 0.146409 0.200093 2.14549 1 1 1
v 0.152253 0.200487 2.14536 1 1 1
v -0.244015 0.210744 2.14181 1 1 1
v -0.259219 0.218935 2.13897 1 1 1
v -0.224493 0.206137 2.1434 1 1 1
v -0.204972 0.204091 2.14411 1 1 1
v -0.185451 0.20256 2.14464 1 1 1
v -0.16593 0.201208 2.14511 1 1 1
v 0.16593 0.201208 2.14511 1 1 1
v 0.185451 0.20256 2.14464 1 1 1
v 0.204972 0.204091 2.14411 1 1 1
v 0.224494 0.206137 2.1434 1 1 1
v 0.244015 0.210744 2.14181 1 1 1
v 0.259219 0.218935 2.13897 1 1 1
v -0.263536 0.221678 2.13802 1 1 1
v -0.280177 0.237382 2.13259 1 1 1
v 0.263536 0.221678 2.13802 1 1 1
v 0.280177 0.237382 2.13259 1 1 1
v -0.283057 0.240325 2.13157 1 1 1
v -0.297793 0.25583 2.1262 1 1 1
v 0.283057 0.240325 2.13157 1 1 1
v 0.297793 0.25583 2.1262 1 1 1
v -0.302578 0.260875 2.12446 1 1 1
v -0.315409 0.274278 2.11982 1 1 1
v 0.302578 0.260876 2.12446 1 1 1
v 0.315409 0.274278 2.11982 1 1 1
v -0.322099 0.281366 2.11737 1 1 1
v -0.332901 0.292726 2.11344 1 1 1
v 0.322099 0.281366 2.11737 1 1 1
v 0.332901 0.292726 2.11344 1 1 1
v -0.34162 0.301961 2.11024 1 1 1
v -0.350373 0.311174 2.10705 1 1 1
v 0.34162 0.301961 2.11024 1 1 1
v 0.350373 0.311174 2.10705 1 1 1
v -0.361142 0.322506 2.10313 1 1 1
v -0.36795 0.329622 2.10067 1 1 1
v 0.361142 0.322506 2.10313 1 1 1
v 0.36795 0.329622 2.10067 1 1 1
v -0.380663 0.343224 2.09596 1 1 1
v -0.385248 0.34807 2.09429 1 1 1
v 0.380663 0.343224 2.09596 1 1 1
v 0.385248 0.34807 2.09429 1 1 1
v -0.400184 0.363841 2.08883 1 1 1
v -0.402719 0.366518 2.0879 1 1 1
v 0.400184 0.363841 2.08883 1 1 1
v 0.402719 0.366518 2.0879 1 1 1
v -0.419705 0.384449 2.0817 1 1 1
v -0.420199 0.384966 2.08152 1 1 1
v 0.419705 0.384449 2.0817 1 1 1
v 0.420199 0.384966 2.08152 1 1 1
v -0.437598 0.403414 2.07514 1 1 1
v 0.437598 0.403414 2.07514 1 1 1
v -0.439226 0.405125 2.07454 1 1 1
v -0.455136 0.421862 2.06875 1 1 1
v 0.439226 0.405125 2.07454 1 1 1
v 0.455136 0.421862 2.06875 1 1 1
v -0.458747 0.425661 2.06744 1 1 1
v -0.47279 0.44031 2.06237 1 1 1
v 0.458748 0.425661 2.06744 1 1 1
v 0.47279 0.44031 2.06237 1 1 1
v -0.478269 0.446107 2.06036 1 1 1
v -0.490269 0.458758 2.05599 1 1 1
v 0.478269 0.446107 2.06036 1 1 1
v 0.490269 0.458758 2.05599 1 1 1
v -0.49779 0.466692 2.05324 1 1 1
v -0.507859 0.477206 2.0496 1 1 1
v 0.49779 0.466693 2.05324 1 1 1
v 0.507859 0.477206 2.0496 1 1 1
v -0.517311 0.487213 2.04614 1 1 1
v -0.525295 0.495654 2.04322 1 1 1
v 0.517311 0.487213 2.04614 1 1 1
v 0.525295 0.495654 2.04322 1 1 1
v -0.536832 0.507752 2.03903 1 1 1
v -0.542943 0.514102 2.03684 1 1 1
v 0.536832 0.507752 2.03903 1 1 1
v 0.542943 0.514102 2.03684 1 1 1
v -0.556353 0.528149 2.03197 1 1 1
v -0.560599 0.532549 2.03045 1 1 1
v 0.556353 0.528149 2.03197 1 1 1
v 0.560599 0.532549 2.03045 1 1 1
v -0.575874 0.548328 2.02499 1 1 1
v -0.578475 0.550997 2.02407 1 1 1
v 0.575874 0.548328 2.02499 1 1 1
v 0.578475 0.550997 2.02407 1 1 1
v -0.595396 0.568476 2.01802 1 1 1
v -0.596338 0.569445 2.01768 1 1 1
v 0.595396 0.568476 2.01802 1 1 1
v 0.596339 0.569445 2.01768 1 1 1
v -0.614241 0.587893 2.0113 1 1 1
v 0.614241 0.587893 2.0113 1 1 1
v -0.614917 0.58859 2.01106 1 1 1
v -0.632224 0.606341 2.00492 1 1 1
v 0.614917 0.588591 2.01106 1 1 1
v 0.632224 0.606341 2.00492 1 1 1
v -0.634438 0.608618 2.00413 1 1 1
v -0.65004 0.624789 1.99853 1 1 1
v 0.634438 0.608618 2.00413 1 1 1
v 0.65004 0.624789 1.99853 1 1 1
v -0.653959 0.628833 1.99713 1 1 1
v -0.667854 0.643237 1.99215 1 1 1
v 0.653959 0.628833 1.99713 1 1 1
v 0.667854 0.643237 1.99215 1 1 1
v -0.67348 0.649258 1.99007 1 1 1
v -0.685032 0.661685 1.98577 1 1 1
v 0.67348 0.649258 1.99007 1 1 1
v 0.685032 0.661685 1.98577 1 1 1
v -0.693001 0.67094 1.98256 1 1 1
v -0.700475 0.680133 1.97938 1 1 1
v 0.693002 0.67094 1.98256 1 1 1
v 0.700475 0.680133 1.97938 1 1 1
v -0.707776 0.698581 1.973 1 1 1
v 0.707776 0.698581 1.973 1 1 1
v -0.708174 0.717029 1.96662 1 1 1
v 0.708174 0.717029 1.96662 1 1 1
v -0.703999 0.735477 1.96023 1 1 1
v 0.703999 0.735477 1.96023 1 1 1
v -0.699297 0.753925 1.95385 1 1 1
v -0.126888 0.75225 1.95443 1 1 1
v -0.13983 0.753925 1.95385 1 1 1
v -0.107366 0.749456 1.9554 1 1 1
v -0.0878452 0.746682 1.95636 1 1 1
v -0.0683241 0.744582 1.95708 1 1 1
v -0.0488029 0.74359 1.95743 1 1 1
v -0.0292817 0.743387 1.9575 1 1 1
v -0.0097605 0.743464 1.95747 1 1 1
v 0.00976062 0.743464 1.95747 1 1 1
v 0.0292817 0.743387 1.9575 1 1 1
v 0.048803 0.74359 1.95743 1 1 1
v 0.0683241 0.744582 1.95708 1 1 1
v 0.0878453 0.746682 1.95636 1 1 1
v 0.107366 0.749456 1.9554 1 1 1
v 0.126888 0.75225 1.95443 1 1 1
v 0.13983 0.753925 1.95385 1 1 1
v 0.699297 0.753925 1.95385 1 1 1
v -0.694147 0.772373 1.94747 1 1 1
v -0.244015 0.772174 1.94753 1 1 1
v -0.245155 0.772373 1.94747 1 1 1
v -0.224493 0.768615 1.94877 1 1 1
v -0.204972 0.764898 1.95005 1 1 1
v -0.185451 0.761338 1.95128 1 1 1
v -0.16593 0.758126 1.9524 1 1 1
v -0.146409 0.755 1.95348 1 1 1
v 0.146409 0.755 1.95348 1 1 1
v 0.16593 0.758126 1.9524 1 1 1
v 0.185451 0.761338 1.95128 1 1 1
v 0.204972 0.764898 1.95005 1 1 1
v 0.224494 0.768615 1.94877 1 1 1
v 0.244015 0.772174 1.94753 1 1 1
v 0.245155 0.772373 1.94747 1 1 1
v 0.694147 0.772373 1.94747 1 1 1
v -0.693001 0.7761 1.94618 1 1 1
v -0.688636 0.790821 1.94108 1 1 1
v -0.322099 0.787823 1.94212 1 1 1
v -0.338469 0.790821 1.94108 1 1 1
v -0.302578 0.784095 1.94341 1 1 1
v -0.283057 0.780246 1.94474 1 1 1
v -0.263536 0.776349 1.94609 1 1 1
v 0.263536 0.776349 1.94609 1 1 1
v 0.283057 0.780246 1.94474 1 1 1
v 0.302578 0.784095 1.94341 1 1 1
v 0.322099 0.787823 1.94212 1 1 1
v 0.338469 0.790821 1.94108 1 1 1
v 0.693002 0.776099 1.94618 1 1 1
v 0.688636 0.790821 1.94108 1 1 1
v -0.681321 0.809268 1.9347 1 1 1
v -0.419705 0.806509 1.93565 1 1 1
v -0.438147 0.809268 1.9347 1 1 1
v -0.400184 0.803265 1.93678 1 1 1
v -0.380663 0.799676 1.93802 1 1 1
v -0.361142 0.795809 1.93936 1 1 1
v -0.34162 0.791556 1.94083 1 1 1
v 0.34162 0.791556 1.94083 1 1 1
v 0.361142 0.795809 1.93936 1 1 1
v 0.380663 0.799676 1.93802 1 1 1
v 0.400184 0.803265 1.93678 1 1 1
v 0.419705 0.806509 1.93565 1 1 1
v 0.438147 0.809268 1.9347 1 1 1
v 0.681321 0.809268 1.9347 1 1 1
v -0.67348 0.820034 1.93097 1 1 1
v -0.6585 0.827716 1.92832 1 1 1
v -0.595396 0.827475 1.9284 1 1 1
v -0.600438 0.827716 1.92832 1 1 1
v -0.575874 0.826613 1.9287 1 1 1
v -0.556353 0.825397 1.92912 1 1 1
v -0.536832 0.823585 1.92974 1 1 1
v -0.517311 0.821167 1.93058 1 1 1
v -0.49779 0.818375 1.93155 1 1 1
v -0.478269 0.815565 1.93252 1 1 1
v -0.458747 0.812731 1.9335 1 1 1
v -0.439226 0.809474 1.93463 1 1 1
v 0.439226 0.809474 1.93463 1 1 1
v 0.458748 0.812731 1.9335 1 1 1
v 0.478269 0.815565 1.93252 1 1 1
v 0.49779 0.818375 1.93155 1 1 1
v 0.517311 0.821167 1.93058 1 1 1
v 0.536832 0.823585 1.92974 1 1 1
v 0.556353 0.825397 1.92912 1 1 1
v 0.575874 0.826613 1.9287 1 1 1
v 0.595396 0.827475 1.9284 1 1 1
v 0.600438 0.827716 1.92832 1 1 1
v 0.67348 0.820034 1.93097 1 1 1
v 0.6585 0.827716 1.92832 1 1 1
v -0.653959 0.829366 1.92774 1 1 1
v -0.634438 0.829958 1.92754 1 1 1
v -0.614917 0.828553 1.92803 1 1 1
v 0.614917 0.828553 1.92803 1 1 1
v 0.634438 0.829959 1.92754 1 1 1
v 0.653959 0.829366 1.92774 1 1 1
v -0.244015 0.268249 2.29614 1 1 1
v -0.252317 0.272775 2.29452 1 1 1
v -0.224493 0.263103 2.29797 1 1 1
v -0.204972 0.260732 2.29882 1 1 1
v -0.185451 0.258978 2.29944 1 1 1
v -0.16593 0.257434 2.29999 1 1 1
v -0.146409 0.256261 2.30041 1 1 1
v -0.126888 0.255527 2.30067 1 1 1
v -0.107366 0.255261 2.30077 1 1 1
v -0.0878452 0.255246 2.30077 1 1 1
v -0.0683241 0.255221 2.30078 1 1 1
v -0.0488029 0.255178 2.3008 1 1 1
v -0.0292817 0.255202 2.30079 1 1 1
v -0.0097605 0.255305 2.30075 1 1 1
v 0.00976062 0.255305 2.30075 1 1 1
v 0.0292817 0.255202 2.30079 1 1 1
v 0.048803 0.255178 2.3008 1 1 1
v 0.0683241 0.255221 2.30078 1 1 1
v 0.0878453 0.255246 2.30077 1 1 1
v 0.107366 0.255261 2.30077 1 1 1
v 0.126888 0.255527 2.30067 1 1 1
v 0.146409 0.256261 2.30041 1 1 1
v 0.16593 0.257434 2.29999 1 1 1
v 0.185451 0.258978 2.29944 1 1 1
v 0.204972 0.260732 2.29882 1 1 1
v 0.224494 0.263103 2.29797 1 1 1
v 0.244015 0.268249 2.29614 1 1 1
v 0.252317 0.272775 2.29452 1 1 1
v -0.263536 0.279972 2.29196 1 1 1
v -0.275403 0.291163 2.28797 1 1 1
v 0.263536 0.279972 2.29196 1 1 1
v 0.275403 0.291163 2.28797 1 1 1
v -0.283057 0.298964 2.28519 1 1 1
v -0.293144 0.309551 2.28142 1 1 1
v 0.283057 0.298964 2.28519 1 1 1
v 0.293144 0.309551 2.28142 1 1 1
v -0.302578 0.319472 2.27788 1 1 1
v -0.310702 0.327939 2.27486 1 1 1
v 0.302578 0.319472 2.27788 1 1 1
v 0.310702 0.327939 2.27486 1 1 1
v -0.322099 0.339983 2.27057 1 1 1
v -0.328149 0.346327 2.26831 1 1 1
v 0.322099 0.339983 2.27057 1 1 1
v 0.328149 0.346327 2.26831 1 1 1
v -0.34162 0.36056 2.26324 1 1 1
v -0.345575 0.364715 2.26175 1 1 1
v 0.34162 0.36056 2.26324 1 1 1
v 0.345575 0.364715 2.26175 1 1 1
v -0.361142 0.381045 2.25593 1 1 1
v -0.363117 0.383103 2.2552 1 1 1
v 0.361142 0.381045 2.25593 1 1 1
v 0.363117 0.383103 2.2552 1 1 1
v -0.38035 0.401491 2.24865 1 1 1
v 0.38035 0.401491 2.24865 1 1 1
v -0.380663 0.401818 2.24853 1 1 1
v -0.397916 0.419879 2.24209 1 1 1
v 0.380663 0.401819 2.24853 1 1 1
v 0.397916 0.419879 2.24209 1 1 1
v -0.400184 0.422257 2.24124 1 1 1
v -0.415486 0.438267 2.23554 1 1 1
v 0.400184 0.422258 2.24124 1 1 1
v 0.415486 0.438267 2.23554 1 1 1
v -0.419705 0.442737 2.23394 1 1 1
v -0.43288 0.456655 2.22898 1 1 1
v 0.419705 0.442737 2.23394 1 1 1
v 0.43288 0.456655 2.22898 1 1 1
v -0.439226 0.463307 2.22661 1 1 1
v -0.450412 0.475043 2.22243 1 1 1
v 0.439226 0.463307 2.22661 1 1 1
v 0.450412 0.475043 2.22243 1 1 1
v -0.458747 0.483788 2.21931 1 1 1
v -0.468014 0.493432 2.21588 1 1 1
v 0.458748 0.483788 2.21931 1 1 1
v 0.468015 0.493432 2.21588 1 1 1
v -0.478269 0.504256 2.21202 1 1 1
v -0.485461 0.51182 2.20932 1 1 1
v 0.478269 0.504256 2.21202 1 1 1
v 0.485461 0.51182 2.20932 1 1 1
v -0.49779 0.524797 2.2047 1 1 1
v -0.502986 0.530208 2.20277 1 1 1
v 0.49779 0.524797 2.2047 1 1 1
v 0.502987 0.530208 2.20277 1 1 1
v -0.517311 0.545335 2.19738 1 1 1
v -0.520401 0.548596 2.19621 1 1 1
v 0.517311 0.545335 2.19738 1 1 1
v 0.520401 0.548596 2.19621 1 1 1
v -0.536832 0.565773 2.19009 1 1 1
v -0.538001 0.566984 2.18966 1 1 1
v 0.536832 0.565773 2.19009 1 1 1
v 0.538001 0.566984 2.18966 1 1 1
v -0.555613 0.585372 2.18311 1 1 1
v 0.555613 0.585372 2.18311 1 1 1
v -0.556353 0.586129 2.18284 1 1 1
v -0.573525 0.60376 2.17655 1 1 1
v 0.556353 0.58613 2.18284 1 1 1
v 0.573525 0.60376 2.17655 1 1 1
v -0.575874 0.606175 2.17569 1 1 1
v -0.591442 0.622148 2.17 1 1 1
v 0.575874 0.606175 2.17569 1 1 1
v 0.591442 0.622148 2.17 1 1 1
v -0.595396 0.6262 2.16855 1 1 1
v -0.609379 0.640536 2.16344 1 1 1
v 0.595396 0.6262 2.16855 1 1 1
v 0.609379 0.640536 2.16344 1 1 1
v -0.614917 0.646231 2.16141 1 1 1
v -0.627324 0.658924 2.15689 1 1 1
v 0.614917 0.646231 2.16141 1 1 1
v 0.627324 0.658924 2.15689 1 1 1
v -0.634438 0.666226 2.15429 1 1 1
v -0.645149 0.677312 2.15034 1 1 1
v 0.634438 0.666226 2.15429 1 1 1
v 0.645149 0.677312 2.15034 1 1 1
v -0.653959 0.686389 2.1471 1 1 1
v -0.662948 0.6957 2.14378 1 1 1
v 0.653959 0.686389 2.1471 1 1 1
v 0.662948 0.6957 2.14378 1 1 1
v -0.67348 0.707002 2.13975 1 1 1
v -0.680039 0.714088 2.13723 1 1 1
v 0.67348 0.707002 2.13975 1 1 1
v 0.680039 0.714088 2.13723 1 1 1
v -0.693001 0.729242 2.13183 1 1 1
v -0.695614 0.732476 2.13067 1 1 1
v 0.693002 0.729242 2.13183 1 1 1
v 0.695614 0.732476 2.13067 1 1 1
v -0.703379 0.750865 2.12412 1 1 1
v 0.703379 0.750865 2.12412 1 1 1
v -0.704115 0.769253 2.11757 1 1 1
v 0.704115 0.769253 2.11757 1 1 1
v -0.700109 0.787641 2.11101 1 1 1
v 0.700109 0.787641 2.11101 1 1 1
v -0.695368 0.806029 2.10446 1 1 1
v -0.146409 0.805215 2.10475 1 1 1
v -0.152719 0.806029 2.10446 1 1 1
v -0.126888 0.802727 2.10563 1 1 1
v -0.107366 0.799929 2.10663 1 1 1
v -0.0878452 0.797148 2.10762 1 1 1
v -0.0683241 0.795047 2.10837 1 1 1
v -0.0488029 0.79406 2.10872 1 1 1
v -0.0292817 0.793857 2.1088 1 1 1
v -0.0097605 0.793934 2.10877 1 1 1
v 0.00976062 0.793934 2.10877 1 1 1
v 0.0292817 0.793857 2.1088 1 1 1
v 0.048803 0.79406 2.10872 1 1 1
v 0.0683241 0.795047 2.10837 1 1 1
v 0.0878453 0.797148 2.10762 1 1 1
v 0.107366 0.799929 2.10663 1 1 1
v 0.126888 0.802727 2.10563 1 1 1
v 0.146409 0.805215 2.10475 1 1 1
v 0.152719 0.806029 2.10446 1 1 1
v 0.695368 0.806029 2.10446 1 1 1
v -0.693001 0.814495 2.10144 1 1 1
v -0.690383 0.824417 2.0979 1 1 1
v -0.244015 0.82253 2.09858 1 1 1
v -0.254749 0.824417 2.0979 1 1 1
v -0.224493 0.818858 2.09988 1 1 1
v -0.204972 0.815043 2.10124 1 1 1
v -0.185451 0.8114 2.10254 1 1 1
v -0.16593 0.808132 2.10371 1 1 1
v 0.16593 0.808132 2.10371 1 1 1
v 0.185451 0.8114 2.10254 1 1 1
v 0.204972 0.815043 2.10124 1 1 1
v 0.224494 0.818858 2.09988 1 1 1
v 0.244015 0.82253 2.09858 1 1 1
v 0.254748 0.824417 2.0979 1 1 1
v 0.693002 0.814495 2.10144 1 1 1
v 0.690383 0.824417 2.0979 1 1 1
v -0.684764 0.842805 2.09135 1 1 1
v -0.34162 0.841837 2.09169 1 1 1
v -0.347046 0.842805 2.09135 1 1 1
v -0.322099 0.838184 2.093 1 1 1
v -0.302578 0.834337 2.09437 1 1 1
v -0.283057 0.830362 2.09578 1 1 1
v -0.263536 0.826326 2.09722 1 1 1
v 0.263536 0.826326 2.09722 1 1 1
v 0.283057 0.830362 2.09578 1 1 1
v 0.302578 0.834337 2.09437 1 1 1
v 0.322099 0.838184 2.093 1 1 1
v 0.34162 0.841837 2.09169 1 1 1
v 0.347046 0.842805 2.09135 1 1 1
v 0.684764 0.842805 2.09135 1 1 1
v -0.676829 0.861193 2.0848 1 1 1
v -0.439226 0.859857 2.08527 1 1 1
v -0.449393 0.861193 2.0848 1 1 1
v -0.419705 0.856922 2.08632 1 1 1
v -0.400184 0.853621 2.08749 1 1 1
v -0.380663 0.849924 2.08881 1 1 1
v -0.361142 0.845922 2.09024 1 1 1
v 0.361142 0.845922 2.09024 1 1 1
v 0.380663 0.849924 2.08881 1 1 1
v 0.400184 0.853621 2.08749 1 1 1
v 0.419705 0.856922 2.08632 1 1 1
v 0.439226 0.859857 2.08527 1 1 1
v 0.449393 0.861193 2.0848 1 1 1
v 0.676829 0.861193 2.0848 1 1 1
v -0.67348 0.865806 2.08315 1 1 1
v -0.653959 0.877168 2.0791 1 1 1
v -0.634438 0.878449 2.07864 1 1 1
v -0.614917 0.877604 2.07895 1 1 1
v -0.595396 0.876942 2.07918 1 1 1
v -0.575874 0.876288 2.07942 1 1 1
v -0.556353 0.875242 2.07979 1 1 1
v -0.536832 0.873538 2.0804 1 1 1
v -0.517311 0.871178 2.08124 1 1 1
v -0.49779 0.868398 2.08223 1 1 1
v -0.478269 0.865568 2.08324 1 1 1
v -0.458747 0.862712 2.08425 1 1 1
v 0.458748 0.862712 2.08425 1 1 1
v 0.478269 0.865568 2.08324 1 1 1
v 0.49779 0.868398 2.08223 1 1 1
v 0.517311 0.871178 2.08124 1 1 1
v 0.536832 0.873538 2.0804 1 1 1
v 0.556353 0.875242 2.07979 1 1 1
v 0.575874 0.876288 2.07942 1 1 1
v 0.595396 0.876942 2.07918 1 1 1
v 0.614917 0.877604 2.07895 1 1 1
v 0.634438 0.878449 2.07864 1 1 1
v 0.653959 0.877168 2.0791 1 1 1
v 0.67348 0.865806 2.08315 1 1 1
v -0.244015 0.329172 2.45411 1 1 1
v -0.244944 0.329682 2.45392 1 1 1
v -0.224493 0.323471 2.4563 1 1 1
v -0.204972 0.320753 2.45734 1 1 1
v -0.185451 0.31876 2.4581 1 1 1
v -0.16593 0.317007 2.45877 1 1 1
v -0.146409 0.315677 2.45928 1 1 1
v -0.126888 0.314857 2.4596 1 1 1
v -0.107366 0.314562 2.45971 1 1 1
v -0.0878452 0.314531 2.45972 1 1 1
v -0.0683241 0.314505 2.45973 1 1 1
v -0.0488029 0.314464 2.45975 1 1 1
v -0.0292817 0.314492 2.45974 1 1 1
v -0.0097605 0.314577 2.45971 1 1 1
v 0.00976062 0.314577 2.45971 1 1 1
v 0.0292817 0.314492 2.45974 1 1 1
v 0.048803 0.314464 2.45975 1 1 1
v 0.0683241 0.314505 2.45973 1 1 1
v 0.0878453 0.314531 2.45972 1 1 1
v 0.107366 0.314562 2.45971 1 1 1
v 0.126888 0.314857 2.4596 1 1 1
v 0.146409 0.315677 2.45928 1 1 1
v 0.16593 0.317007 2.45877 1 1 1
v 0.185451 0.31876 2.4581 1 1 1
v 0.204972 0.320753 2.45734 1 1 1
v 0.224494 0.323471 2.4563 1 1 1
v 0.244015 0.329172 2.45411 1 1 1
v 0.244944 0.329682 2.45392 1 1 1
v -0.263536 0.341665 2.44932 1 1 1
v -0.270199 0.34791 2.44693 1 1 1
v 0.263536 0.341665 2.44932 1 1 1
v 0.270199 0.34791 2.44693 1 1 1
v -0.283057 0.360915 2.44194 1 1 1
v -0.288073 0.366138 2.43994 1 1 1
v 0.283057 0.360915 2.44194 1 1 1
v 0.288073 0.366138 2.43994 1 1 1
v -0.302578 0.38127 2.43414 1 1 1
v -0.30557 0.384365 2.43295 1 1 1
v 0.302578 0.381271 2.43414 1 1 1
v 0.30557 0.384365 2.43295 1 1 1
v -0.322099 0.401692 2.42631 1 1 1
v -0.322966 0.402593 2.42597 1 1 1
v 0.322099 0.401692 2.42631 1 1 1
v 0.322966 0.402593 2.42597 1 1 1
v -0.340389 0.420821 2.41898 1 1 1
v 0.340389 0.420821 2.41898 1 1 1
v -0.34162 0.422102 2.41849 1 1 1
v -0.357966 0.439049 2.41199 1 1 1
v 0.34162 0.422102 2.41849 1 1 1
v 0.357966 0.439049 2.41199 1 1 1
v -0.361142 0.442383 2.41071 1 1 1
v -0.375267 0.457276 2.405 1 1 1
v 0.361142 0.442383 2.41071 1 1 1
v 0.375267 0.457276 2.405 1 1 1
v -0.380663 0.462877 2.40286 1 1 1
v -0.392822 0.475504 2.39801 1 1 1
v 0.380663 0.462877 2.40286 1 1 1
v 0.392822 0.475504 2.39801 1 1 1
v -0.400184 0.483165 2.39508 1 1 1
v -0.41037 0.493732 2.39103 1 1 1
v 0.400184 0.483165 2.39508 1 1 1
v 0.41037 0.493732 2.39103 1 1 1
v -0.419705 0.503544 2.38727 1 1 1
v -0.427731 0.511959 2.38404 1 1 1
v 0.419705 0.503544 2.38727 1 1 1
v 0.427731 0.511959 2.38404 1 1 1
v -0.439226 0.523912 2.37946 1 1 1
v -0.445257 0.530187 2.37705 1 1 1
v 0.439226 0.523912 2.37946 1 1 1
v 0.445257 0.530187 2.37705 1 1 1
v -0.458747 0.544226 2.37167 1 1 1
v -0.462805 0.548415 2.37006 1 1 1
v 0.458748 0.544226 2.37167 1 1 1
v 0.462805 0.548415 2.37006 1 1 1
v -0.478269 0.564611 2.36386 1 1 1
v -0.480215 0.566642 2.36308 1 1 1
v 0.478269 0.564611 2.36386 1 1 1
v 0.480215 0.566642 2.36308 1 1 1
v -0.49767 0.58487 2.35609 1 1 1
v 0.49767 0.58487 2.35609 1 1 1
v -0.49779 0.584996 2.35604 1 1 1
v -0.515121 0.603098 2.3491 1 1 1
v 0.49779 0.584996 2.35604 1 1 1
v 0.515121 0.603098 2.3491 1 1 1
v -0.517311 0.605365 2.34823 1 1 1
v -0.53275 0.621326 2.34211 1 1 1
v 0.517311 0.605366 2.34823 1 1 1
v 0.53275 0.621326 2.34211 1 1 1
v -0.536832 0.625571 2.34049 1 1 1
v -0.550349 0.639553 2.33513 1 1 1
v 0.536832 0.625571 2.34049 1 1 1
v 0.550349 0.639553 2.33513 1 1 1
v -0.556353 0.64565 2.33279 1 1 1
v -0.568258 0.657781 2.32814 1 1 1
v 0.556353 0.64565 2.33279 1 1 1
v 0.568258 0.657781 2.32814 1 1 1
v -0.575874 0.66555 2.32516 1 1 1
v -0.586149 0.676009 2.32115 1 1 1
v 0.575874 0.66555 2.32516 1 1 1
v 0.586149 0.676009 2.32115 1 1 1
v -0.595396 0.68541 2.31755 1 1 1
v -0.604073 0.694236 2.31416 1 1 1
v 0.595396 0.68541 2.31755 1 1 1
v 0.604073 0.694236 2.31416 1 1 1
v -0.614917 0.705301 2.30992 1 1 1
v -0.621975 0.712464 2.30718 1 1 1
v 0.614917 0.705301 2.30992 1 1 1
v 0.621975 0.712464 2.30718 1 1 1
v -0.634438 0.725161 2.30231 1 1 1
v -0.639818 0.730692 2.30019 1 1 1
v 0.634438 0.725161 2.30231 1 1 1
v 0.639818 0.730692 2.30019 1 1 1
v -0.653959 0.745162 2.29464 1 1 1
v -0.657608 0.74892 2.2932 1 1 1
v 0.653959 0.745162 2.29464 1 1 1
v 0.657608 0.74892 2.2932 1 1 1
v -0.67348 0.765911 2.28669 1 1 1
v -0.674625 0.767147 2.28621 1 1 1
v 0.67348 0.765912 2.28669 1 1 1
v 0.674625 0.767147 2.28621 1 1 1
v -0.690321 0.785375 2.27923 1 1 1
v 0.690321 0.785375 2.27923 1 1 1
v -0.693001 0.79084 2.27713 1 1 1
v -0.698594 0.803603 2.27224 1 1 1
v 0.693002 0.79084 2.27713 1 1 1
v 0.698594 0.803603 2.27224 1 1 1
v -0.699689 0.82183 2.26525 1 1 1
v 0.699689 0.82183 2.26525 1 1 1
v -0.695869 0.840058 2.25826 1 1 1
v 0.695869 0.840058 2.25826 1 1 1
v -0.693001 0.851145 2.25401 1 1 1
v -0.691208 0.858286 2.25128 1 1 1
v -0.16593 0.858178 2.25132 1 1 1
v -0.166705 0.858286 2.25128 1 1 1
v -0.146409 0.85573 2.25225 1 1 1
v -0.126888 0.853258 2.2532 1 1 1
v -0.107366 0.850476 2.25427 1 1 1
v -0.0878452 0.847703 2.25533 1 1 1
v -0.0683241 0.845617 2.25613 1 1 1
v -0.0488029 0.844642 2.25651 1 1 1
v -0.0292817 0.844439 2.25658 1 1 1
v -0.0097605 0.844517 2.25655 1 1 1
v 0.00976062 0.844517 2.25655 1 1 1
v 0.0292817 0.844439 2.25658 1 1 1
v 0.048803 0.844642 2.25651 1 1 1
v 0.0683241 0.845617 2.25613 1 1 1
v 0.0878453 0.847703 2.25533 1 1 1
v 0.107366 0.850476 2.25427 1 1 1
v 0.126888 0.853258 2.2532 1 1 1
v 0.146409 0.85573 2.25225 1 1 1
v 0.16593 0.858178 2.25132 1 1 1
v 0.166705 0.858286 2.25128 1 1 1
v 0.693002 0.851145 2.25401 1 1 1
v 0.691208 0.858286 2.25128 1 1 1
v -0.686393 0.876513 2.24429 1 1 1
v -0.263536 0.876281 2.24438 1 1 1
v -0.264877 0.876513 2.24429 1 1 1
v -0.244015 0.872821 2.2457 1 1 1
v -0.224493 0.869049 2.24715 1 1 1
v -0.204972 0.865157 2.24864 1 1 1
v -0.185451 0.861452 2.25006 1 1 1
v 0.185451 0.861452 2.25006 1 1 1
v 0.204972 0.865157 2.24864 1 1 1
v 0.224494 0.869049 2.24715 1 1 1
v 0.244015 0.872821 2.2457 1 1 1
v 0.263536 0.876281 2.24438 1 1 1
v 0.264876 0.876513 2.24429 1 1 1
v 0.686393 0.876513 2.24429 1 1 1
v -0.680544 0.894741 2.2373 1 1 1
v -0.34162 0.892145 2.2383 1 1 1
v -0.356096 0.894741 2.2373 1 1 1
v -0.322099 0.888404 2.23973 1 1 1
v -0.302578 0.884453 2.24124 1 1 1
v -0.283057 0.880368 2.24281 1 1 1
v 0.283057 0.880368 2.24281 1 1 1
v 0.302578 0.884453 2.24124 1 1 1
v 0.322099 0.888404 2.23973 1 1 1
v 0.34162 0.892145 2.2383 1 1 1
v 0.356096 0.894741 2.2373 1 1 1
v 0.680544 0.894741 2.2373 1 1 1
v -0.67348 0.910111 2.23141 1 1 1
v -0.671206 0.912969 2.23031 1 1 1
v -0.458747 0.912544 2.23047 1 1 1
v -0.462318 0.912969 2.23031 1 1 1
v -0.439226 0.910042 2.23143 1 1 1
v -0.419705 0.907102 2.23256 1 1 1
v -0.400184 0.90376 2.23384 1 1 1
v -0.380663 0.899974 2.23529 1 1 1
v -0.361142 0.895856 2.23687 1 1 1
v 0.361142 0.895856 2.23687 1 1 1
v 0.380663 0.899974 2.23529 1 1 1
v 0.400184 0.90376 2.23384 1 1 1
v 0.419705 0.907102 2.23256 1 1 1
v 0.439226 0.910042 2.23143 1 1 1
v 0.458748 0.912544 2.23047 1 1 1
v 0.462318 0.912969 2.23031 1 1 1
v 0.67348 0.91011 2.23141 1 1 1
v 0.671206 0.912969 2.23031 1 1 1
v -0.653959 0.924342 2.22595 1 1 1
v -0.634438 0.926652 2.22507 1 1 1
v -0.614917 0.926319 2.22519 1 1 1
v -0.595396 0.925961 2.22533 1 1 1
v -0.575874 0.925546 2.22549 1 1 1
v -0.556353 0.9247 2.22581 1 1 1
v -0.536832 0.923131 2.22642 1 1 1
v -0.517311 0.920856 2.22729 1 1 1
v -0.49779 0.918108 2.22834 1 1 1
v -0.478269 0.91528 2.22943 1 1 1
v 0.478269 0.91528 2.22943 1 1 1
v 0.49779 0.918109 2.22834 1 1 1
v 0.517311 0.920856 2.22729 1 1 1
v 0.536832 0.923131 2.22642 1 1 1
v 0.556353 0.9247 2.22581 1 1 1
v 0.575874 0.925546 2.22549 1 1 1
v 0.595396 0.925961 2.22533 1 1 1
v 0.614917 0.926319 2.22519 1 1 1
v 0.634438 0.926652 2.22507 1 1 1
v 0.653959 0.924342 2.22595 1 1 1
v -0.224493 0.387226 2.61124 1 1 1
v -0.232482 0.389671 2.61025 1 1 1
v -0.204972 0.384118 2.6125 1 1 1
v -0.185451 0.38185 2.61341 1 1 1
v -0.16593 0.379858 2.61422 1 1 1
v -0.146409 0.378345 2.61483 1 1 1
v -0.126888 0.377427 2.6152 1 1 1
v -0.107366 0.377099 2.61534 1 1 1
v -0.0878452 0.377049 2.61536 1 1 1
v -0.0683241 0.377024 2.61537 1 1 1
v -0.0488029 0.376984 2.61538 1 1 1
v -0.0292817 0.377016 2.61537 1 1 1
v -0.0097605 0.377078 2.61534 1 1 1
v 0.00976062 0.377078 2.61534 1 1 1
v 0.0292817 0.377016 2.61537 1 1 1
v 0.048803 0.376984 2.61538 1 1 1
v 0.0683241 0.377024 2.61537 1 1 1
v 0.0878453 0.377049 2.61536 1 1 1
v 0.107366 0.377099 2.61534 1 1 1
v 0.126888 0.377427 2.6152 1 1 1
v 0.146409 0.378345 2.61483 1 1 1
v 0.16593 0.379858 2.61422 1 1 1
v 0.185451 0.38185 2.61341 1 1 1
v 0.204972 0.384118 2.6125 1 1 1
v 0.224494 0.387226 2.61124 1 1 1
v 0.232482 0.389671 2.61025 1 1 1
v -0.263536 0.406867 2.6033 1 1 1
v -0.264502 0.407769 2.60294 1 1 1
v -0.244015 0.393656 2.60864 1 1 1
v 0.244015 0.393656 2.60864 1 1 1
v 0.263536 0.406867 2.6033 1 1 1
v 0.264502 0.407769 2.60294 1 1 1
v -0.282525 0.425868 2.59562 1 1 1
v 0.282525 0.425868 2.59562 1 1 1
v -0.283057 0.42642 2.5954 1 1 1
v -0.300002 0.443966 2.5883 1 1 1
v 0.283057 0.42642 2.5954 1 1 1
v 0.300002 0.443966 2.5883 1 1 1
v -0.302578 0.446625 2.58723 1 1 1
v -0.317445 0.462064 2.58099 1 1 1
v 0.302578 0.446625 2.58723 1 1 1
v 0.317445 0.462064 2.58099 1 1 1
v -0.322099 0.466925 2.57902 1 1 1
v -0.334848 0.480163 2.57367 1 1 1
v 0.322099 0.466925 2.57902 1 1 1
v 0.334848 0.480163 2.57367 1 1 1
v -0.34162 0.487164 2.57084 1 1 1
v -0.352395 0.498261 2.56636 1 1 1
v 0.34162 0.487164 2.57084 1 1 1
v 0.352395 0.498261 2.56636 1 1 1
v -0.361142 0.50739 2.56267 1 1 1
v -0.369696 0.516359 2.55904 1 1 1
v 0.361142 0.50739 2.56267 1 1 1
v 0.369696 0.516359 2.55904 1 1 1
v -0.380663 0.527667 2.55447 1 1 1
v -0.387244 0.534457 2.55172 1 1 1
v 0.380663 0.527667 2.55447 1 1 1
v 0.387244 0.534457 2.55172 1 1 1
v -0.400184 0.547842 2.54631 1 1 1
v -0.404759 0.552556 2.54441 1 1 1
v 0.400184 0.547842 2.54631 1 1 1
v 0.404759 0.552556 2.54441 1 1 1
v -0.419705 0.568169 2.5381 1 1 1
v -0.422089 0.570654 2.53709 1 1 1
v 0.419705 0.568169 2.5381 1 1 1
v 0.422089 0.570654 2.53709 1 1 1
v -0.439226 0.588359 2.52993 1 1 1
v -0.439607 0.588752 2.52978 1 1 1
v 0.439226 0.588359 2.52993 1 1 1
v 0.439607 0.588752 2.52978 1 1 1
v -0.457113 0.606851 2.52246 1 1 1
v 0.457113 0.606851 2.52246 1 1 1
v -0.458747 0.608545 2.52177 1 1 1
v -0.474528 0.624949 2.51514 1 1 1
v 0.458748 0.608545 2.52177 1 1 1
v 0.474528 0.624949 2.51514 1 1 1
v -0.478269 0.628814 2.51358 1 1 1
v -0.492008 0.643047 2.50783 1 1 1
v 0.478269 0.628814 2.51358 1 1 1
v 0.492008 0.643047 2.50783 1 1 1
v -0.49779 0.649073 2.50539 1 1 1
v -0.509422 0.661146 2.50051 1 1 1
v 0.49779 0.649073 2.50539 1 1 1
v 0.509422 0.661146 2.50051 1 1 1
v -0.517311 0.669262 2.49723 1 1 1
v -0.527033 0.679244 2.49319 1 1 1
v 0.517311 0.669263 2.49723 1 1 1
v 0.527033 0.679244 2.49319 1 1 1
v -0.536832 0.689373 2.4891 1 1 1
v -0.54458 0.697342 2.48588 1 1 1
v 0.536832 0.689373 2.4891 1 1 1
v 0.54458 0.697342 2.48588 1 1 1
v -0.556353 0.709225 2.48107 1 1 1
v -0.562489 0.715441 2.47856 1 1 1
v 0.556353 0.709225 2.48107 1 1 1
v 0.562489 0.715441 2.47856 1 1 1
v -0.575874 0.729012 2.47308 1 1 1
v -0.580349 0.733539 2.47125 1 1 1
v 0.575874 0.729012 2.47308 1 1 1
v 0.580349 0.733539 2.47125 1 1 1
v -0.595396 0.748743 2.4651 1 1 1
v -0.598259 0.751637 2.46393 1 1 1
v 0.595396 0.748743 2.4651 1 1 1
v 0.598259 0.751637 2.46393 1 1 1
v -0.614917 0.76853 2.4571 1 1 1
v -0.616112 0.769736 2.45661 1 1 1
v 0.614917 0.76853 2.4571 1 1 1
v 0.616112 0.769736 2.45661 1 1 1
v -0.633986 0.787834 2.4493 1 1 1
v 0.633986 0.787834 2.4493 1 1 1
v -0.634438 0.788292 2.44911 1 1 1
v -0.651777 0.805932 2.44198 1 1 1
v 0.634438 0.788292 2.44911 1 1 1
v 0.651777 0.805932 2.44198 1 1 1
v -0.653959 0.808213 2.44106 1 1 1
v -0.668782 0.824031 2.43466 1 1 1
v 0.653959 0.808213 2.44106 1 1 1
v 0.668782 0.824031 2.43466 1 1 1
v -0.67348 0.829283 2.43254 1 1 1
v -0.684535 0.842129 2.42735 1 1 1
v 0.67348 0.829283 2.43254 1 1 1
v 0.684535 0.842129 2.42735 1 1 1
v -0.693001 0.859391 2.42037 1 1 1
v -0.693368 0.860227 2.42003 1 1 1
v 0.693002 0.859392 2.42037 1 1 1
v 0.693368 0.860227 2.42003 1 1 1
v -0.694845 0.878326 2.41272 1 1 1
v 0.694845 0.878326 2.41272 1 1 1
v -0.693001 0.887509 2.409 1 1 1
v -0.691276 0.896424 2.4054 1 1 1
v 0.693002 0.887508 2.409 1 1 1
v 0.691276 0.896424 2.4054 1 1 1
v -0.68681 0.914522 2.39808 1 1 1
v -0.16593 0.912532 2.39889 1 1 1
v -0.180461 0.914522 2.39808 1 1 1
v -0.146409 0.910092 2.39987 1 1 1
v -0.126888 0.907635 2.40087 1 1 1
v -0.107366 0.904866 2.40199 1 1 1
v -0.0878452 0.902102 2.4031 1 1 1
v -0.0683241 0.900031 2.40394 1 1 1
v -0.0488029 0.899068 2.40433 1 1 1
v -0.0292817 0.898865 2.40441 1 1 1
v -0.0097605 0.898943 2.40438 1 1 1
v 0.00976062 0.898943 2.40438 1 1 1
v 0.0292817 0.898865 2.40441 1 1 1
v 0.048803 0.899068 2.40433 1 1 1
v 0.0683241 0.900031 2.40394 1 1 1
v 0.0878453 0.902102 2.4031 1 1 1
v 0.107366 0.904866 2.40199 1 1 1
v 0.126888 0.907635 2.40087 1 1 1
v 0.146409 0.910092 2.39987 1 1 1
v 0.16593 0.912532 2.39889 1 1 1
v 0.180461 0.914522 2.39808 1 1 1
v 0.68681 0.914522 2.39808 1 1 1
v -0.682019 0.932621 2.39077 1 1 1
v -0.263536 0.930555 2.3916 1 1 1
v -0.27537 0.932621 2.39077 1 1 1
v -0.244015 0.926975 2.39305 1 1 1
v -0.224493 0.923093 2.39462 1 1 1
v -0.204972 0.919116 2.39623 1 1 1
v -0.185451 0.915345 2.39775 1 1 1
v 0.185451 0.915345 2.39775 1 1 1
v 0.204972 0.919116 2.39623 1 1 1
v 0.224494 0.923093 2.39462 1 1 1
v 0.244015 0.926975 2.39305 1 1 1
v 0.263536 0.930555 2.3916 1 1 1
v 0.27537 0.932621 2.39077 1 1 1
v 0.682019 0.932621 2.39077 1 1 1
v -0.675927 0.950719 2.38345 1 1 1
v -0.361142 0.949928 2.38377 1 1 1
v -0.365585 0.950719 2.38345 1 1 1
v -0.34162 0.946366 2.38521 1 1 1
v -0.322099 0.942528 2.38676 1 1 1
v -0.302578 0.938459 2.38841 1 1 1
v -0.283057 0.934255 2.39011 1 1 1
v 0.283057 0.934255 2.39011 1 1 1
v 0.302578 0.938459 2.38841 1 1 1
v 0.322099 0.942528 2.38676 1 1 1
v 0.34162 0.946366 2.38521 1 1 1
v 0.361142 0.949928 2.38377 1 1 1
v 0.365585 0.950719 2.38345 1 1 1
v 0.675927 0.950719 2.38345 1 1 1
v -0.67348 0.956022 2.38131 1 1 1
v -0.663418 0.968817 2.37614 1 1 1
v -0.458747 0.966673 2.377 1 1 1
v -0.477367 0.968817 2.37614 1 1 1
v -0.439226 0.964177 2.37801 1 1 1
v -0.419705 0.961227 2.3792 1 1 1
v -0.400184 0.957839 2.38057 1 1 1
v -0.380663 0.953956 2.38214 1 1 1
v 0.380663 0.953956 2.38214 1 1 1
v 0.400184 0.957839 2.38057 1 1 1
v 0.419705 0.961227 2.3792 1 1 1
v 0.439226 0.964177 2.37801 1 1 1
v 0.458748 0.966673 2.377 1 1 1
v 0.477367 0.968817 2.37614 1 1 1
v 0.67348 0.956022 2.38131 1 1 1
v 0.663418 0.968817 2.37614 1 1 1
v -0.653959 0.97517 2.37357 1 1 1
v -0.634438 0.978607 2.37218 1 1 1
v -0.614917 0.978848 2.37208 1 1 1
v -0.595396 0.978834 2.37209 1 1 1
v -0.575874 0.978691 2.37214 1 1 1
v -0.556353 0.978073 2.37239 1 1 1
v -0.536832 0.976658 2.37297 1 1 1
v -0.517311 0.974479 2.37385 1 1 1
v -0.49779 0.97177 2.37494 1 1 1
v -0.478269 0.968943 2.37608 1 1 1
v 0.478269 0.968943 2.37608 1 1 1
v 0.49779 0.97177 2.37494 1 1 1
v 0.517311 0.974479 2.37385 1 1 1
v 0.536832 0.976658 2.37297 1 1 1
v 0.556353 0.978073 2.37239 1 1 1
v 0.575874 0.978691 2.37214 1 1 1
v 0.595396 0.978834 2.37209 1 1 1
v 0.614917 0.978848 2.37208 1 1 1
v 0.634438 0.978607 2.37218 1 1 1
v 0.653959 0.97517 2.37357 1 1 1
v -0.204972 0.450548 2.76607 1 1 1
v -0.21531 0.452395 2.76528 1 1 1
v -0.185451 0.447968 2.76716 1 1 1
v -0.16593 0.445701 2.76813 1 1 1
v -0.146409 0.443979 2.76886 1 1 1
v -0.126888 0.442949 2.7693 1 1 1
v -0.107366 0.442584 2.76945 1 1 1
v -0.0878452 0.442513 2.76948 1 1 1
v -0.0683241 0.442488 2.76949 1 1 1
v -0.0488029 0.442449 2.76951 1 1 1
v -0.0292817 0.442485 2.76949 1 1 1
v -0.0097605 0.442519 2.76948 1 1 1
v 0.00976062 0.442519 2.76948 1 1 1
v 0.0292817 0.442485 2.76949 1 1 1
v 0.048803 0.442449 2.76951 1 1 1
v 0.0683241 0.442488 2.76949 1 1 1
v 0.0878453 0.442513 2.76948 1 1 1
v 0.107366 0.442584 2.76945 1 1 1
v 0.126888 0.442949 2.7693 1 1 1
v 0.146409 0.443979 2.76886 1 1 1
v 0.16593 0.445701 2.76813 1 1 1
v 0.185451 0.447968 2.76716 1 1 1
v 0.204972 0.450548 2.76607 1 1 1
v 0.21531 0.452395 2.76528 1 1 1
v -0.244015 0.46133 2.76149 1 1 1
v -0.257188 0.470362 2.75765 1 1 1
v -0.224493 0.454119 2.76455 1 1 1
v 0.224494 0.454119 2.76455 1 1 1
v 0.244015 0.46133 2.76149 1 1 1
v 0.257188 0.470362 2.75765 1 1 1
v -0.263536 0.475425 2.7555 1 1 1
v -0.276493 0.48833 2.75002 1 1 1
v 0.263536 0.475425 2.7555 1 1 1
v 0.276493 0.48833 2.75002 1 1 1
v -0.283057 0.495104 2.74714 1 1 1
v -0.293935 0.506298 2.74239 1 1 1
v 0.283057 0.495104 2.74714 1 1 1
v 0.293935 0.506298 2.74239 1 1 1
v -0.302578 0.515164 2.73863 1 1 1
v -0.311398 0.524266 2.73476 1 1 1
v 0.302578 0.515164 2.73863 1 1 1
v 0.311398 0.524266 2.73476 1 1 1
v -0.322099 0.535369 2.73004 1 1 1
v -0.328751 0.542234 2.72713 1 1 1
v 0.322099 0.535369 2.73004 1 1 1
v 0.328751 0.542234 2.72713 1 1 1
v -0.34162 0.555454 2.72151 1 1 1
v -0.346262 0.560201 2.7195 1 1 1
v 0.34162 0.555454 2.72151 1 1 1
v 0.346262 0.560201 2.7195 1 1 1
v -0.361142 0.575639 2.71294 1 1 1
v -0.363568 0.578169 2.71187 1 1 1
v 0.361142 0.575639 2.71294 1 1 1
v 0.363568 0.578169 2.71187 1 1 1
v -0.380663 0.595676 2.70443 1 1 1
v -0.381113 0.596137 2.70424 1 1 1
v 0.380663 0.595676 2.70443 1 1 1
v 0.381113 0.596137 2.70424 1 1 1
v -0.398583 0.614105 2.6966 1 1 1
v 0.398583 0.614105 2.6966 1 1 1
v -0.400184 0.615753 2.6959 1 1 1
v -0.415917 0.632073 2.68897 1 1 1
v 0.400184 0.615753 2.6959 1 1 1
v 0.415917 0.632073 2.68897 1 1 1
v -0.419705 0.635972 2.68732 1 1 1
v -0.433419 0.65004 2.68134 1 1 1
v 0.419705 0.635972 2.68732 1 1 1
v 0.433419 0.65004 2.68134 1 1 1
v -0.439226 0.656028 2.6788 1 1 1
v -0.450889 0.668008 2.67371 1 1 1
v 0.439226 0.656028 2.6788 1 1 1
v 0.450889 0.668008 2.67371 1 1 1
v -0.458747 0.676102 2.67027 1 1 1
v -0.468304 0.685976 2.66608 1 1 1
v 0.458748 0.676102 2.67027 1 1 1
v 0.468304 0.685976 2.66608 1 1 1
v -0.478269 0.696207 2.66173 1 1 1
v -0.485783 0.703944 2.65845 1 1 1
v 0.478269 0.696207 2.66173 1 1 1
v 0.485783 0.703944 2.65845 1 1 1
v -0.49779 0.716381 2.65317 1 1 1
v -0.503153 0.721912 2.65082 1 1 1
v 0.49779 0.716381 2.65317 1 1 1
v 0.503153 0.721912 2.65082 1 1 1
v -0.517311 0.73638 2.64467 1 1 1
v -0.520743 0.73988 2.64319 1 1 1
v 0.517311 0.73638 2.64467 1 1 1
v 0.520743 0.73988 2.64319 1 1 1
v -0.536832 0.756412 2.63616 1 1 1
v -0.538236 0.757847 2.63556 1 1 1
v 0.536832 0.756412 2.63616 1 1 1
v 0.538236 0.757847 2.63556 1 1 1
v -0.556148 0.775815 2.62792 1 1 1
v 0.556148 0.775815 2.62792 1 1 1
v -0.556353 0.776021 2.62784 1 1 1
v -0.573979 0.793783 2.62029 1 1 1
v 0.556353 0.776021 2.62784 1 1 1
v 0.573979 0.793783 2.62029 1 1 1
v -0.575874 0.79569 2.61948 1 1 1
v -0.591872 0.811751 2.61266 1 1 1
v 0.575874 0.79569 2.61948 1 1 1
v 0.591872 0.811751 2.61266 1 1 1
v -0.595396 0.815309 2.61115 1 1 1
v -0.609692 0.829719 2.60503 1 1 1
v 0.595396 0.81531 2.61115 1 1 1
v 0.609692 0.829719 2.60503 1 1 1
v -0.614917 0.834934 2.60282 1 1 1
v -0.627594 0.847686 2.5974 1 1 1
v 0.614917 0.834934 2.60282 1 1 1
v 0.627594 0.847686 2.5974 1 1 1
v -0.634438 0.854578 2.59447 1 1 1
v -0.645379 0.865654 2.58977 1 1 1
v 0.634438 0.854578 2.59447 1 1 1
v 0.645379 0.865654 2.58977 1 1 1
v -0.653959 0.874605 2.58597 1 1 1
v -0.662408 0.883622 2.58214 1 1 1
v 0.653959 0.874605 2.58597 1 1 1
v 0.662408 0.883622 2.58214 1 1 1
v -0.67348 0.896062 2.57685 1 1 1
v -0.678212 0.90159 2.57451 1 1 1
v 0.67348 0.896062 2.57685 1 1 1
v 0.678212 0.90159 2.57451 1 1 1
v -0.687486 0.919558 2.56687 1 1 1
v 0.687486 0.919558 2.56687 1 1 1
v -0.689467 0.937525 2.55924 1 1 1
v 0.689467 0.937525 2.55924 1 1 1
v -0.686302 0.955493 2.55161 1 1 1
v 0.686302 0.955493 2.55161 1 1 1
v -0.681967 0.973461 2.54398 1 1 1
v -0.185451 0.972087 2.54457 1 1 1
v -0.193843 0.973461 2.54398 1 1 1
v -0.16593 0.969433 2.54569 1 1 1
v -0.146409 0.967005 2.54672 1 1 1
v -0.126888 0.964569 2.54776 1 1 1
v -0.107366 0.961818 2.54893 1 1 1
v -0.0878452 0.959068 2.55009 1 1 1
v -0.0683241 0.957017 2.55097 1 1 1
v -0.0488029 0.956068 2.55137 1 1 1
v -0.0292817 0.955865 2.55145 1 1 1
v -0.0097605 0.955943 2.55142 1 1 1
v 0.00976062 0.955943 2.55142 1 1 1
v 0.0292817 0.955865 2.55145 1 1 1
v 0.048803 0.956068 2.55137 1 1 1
v 0.0683241 0.957017 2.55097 1 1 1
v 0.0878453 0.959068 2.55009 1 1 1
v 0.107366 0.961818 2.54893 1 1 1
v 0.126888 0.964569 2.54776 1 1 1
v 0.146409 0.967005 2.54672 1 1 1
v 0.16593 0.969433 2.54569 1 1 1
v 0.185451 0.972087 2.54457 1 1 1
v 0.193843 0.973461 2.54398 1 1 1
v 0.681967 0.973461 2.54398 1 1 1
v -0.677204 0.991429 2.53635 1 1 1
v -0.283057 0.990832 2.5366 1 1 1
v -0.286287 0.991429 2.53635 1 1 1
v -0.263536 0.987377 2.53807 1 1 1
v -0.244015 0.983668 2.53965 1 1 1
v -0.224493 0.979669 2.54135 1 1 1
v -0.204972 0.975608 2.54307 1 1 1
v 0.204972 0.975608 2.54307 1 1 1
v 0.224494 0.979669 2.54135 1 1 1
v 0.244015 0.983668 2.53965 1 1 1
v 0.263536 0.987377 2.53807 1 1 1
v 0.283057 0.990832 2.5366 1 1 1
v 0.286287 0.991429 2.53635 1 1 1
v 0.677203 0.991429 2.53635 1 1 1
v -0.67348 1.00223 2.53176 1 1 1
v -0.670238 1.0094 2.52872 1 1 1
v -0.361142 1.0068 2.52982 1 1 1
v -0.375538 1.0094 2.52872 1 1 1
v -0.34162 1.00314 2.53138 1 1 1
v -0.322099 0.999204 2.53305 1 1 1
v -0.302578 0.995011 2.53483 1 1 1
v 0.302578 0.995011 2.53483 1 1 1
v 0.322099 0.999204 2.53305 1 1 1
v 0.34162 1.00314 2.53138 1 1 1
v 0.361142 1.0068 2.52982 1 1 1
v 0.375538 1.0094 2.52872 1 1 1
v 0.67348 1.00223 2.53176 1 1 1
v 0.670238 1.0094 2.52872 1 1 1
v -0.655135 1.02736 2.52109 1 1 1
v -0.478269 1.02559 2.52184 1 1 1
v -0.493367 1.02736 2.52109 1 1 1
v -0.458747 1.02336 2.52279 1 1 1
v -0.439226 1.02087 2.52384 1 1 1
v -0.419705 1.01792 2.5251 1 1 1
v -0.400184 1.01448 2.52656 1 1 1
v -0.380663 1.0105 2.52825 1 1 1
v 0.380663 1.0105 2.52825 1 1 1
v 0.400184 1.01448 2.52656 1 1 1
v 0.419705 1.01792 2.5251 1 1 1
v 0.439226 1.02087 2.52384 1 1 1
v 0.458748 1.02336 2.52279 1 1 1
v 0.478269 1.02559 2.52184 1 1 1
v 0.493367 1.02736 2.52109 1 1 1
v 0.655135 1.02736 2.52109 1 1 1
v -0.653959 1.02817 2.52075 1 1 1
v -0.634438 1.03285 2.51876 1 1 1
v -0.614917 1.03374 2.51838 1 1 1
v -0.595396 1.03412 2.51822 1 1 1
v -0.575874 1.03429 2.51815 1 1 1
v -0.556353 1.03394 2.5183 1 1 1
v -0.536832 1.0327 2.51882 1 1 1
v -0.517311 1.03064 2.5197 1 1 1
v -0.49779 1.02798 2.52083 1 1 1
v 0.49779 1.02798 2.52083 1 1 1
v 0.517311 1.03064 2.5197 1 1 1
v 0.536832 1.0327 2.51882 1 1 1
v 0.556353 1.03394 2.5183 1 1 1
v 0.575874 1.03429 2.51815 1 1 1
v 0.595396 1.03412 2.51822 1 1 1
v 0.614917 1.03374 2.51838 1 1 1
v 0.634438 1.03285 2.51876 1 1 1
v 0.653959 1.02817 2.52075 1 1 1
v -0.185451 0.519218 2.9241 1 1 1
v -0.190079 0.519902 2.92378 1 1 1
v -0.16593 0.516652 2.92529 1 1 1
v -0.146409 0.514703 2.9262 1 1 1
v -0.126888 0.513553 2.92673 1 1 1
v -0.107366 0.513147 2.92692 1 1 1
v -0.0878452 0.513054 2.92696 1 1 1
v -0.0683241 0.51303 2.92697 1 1 1
v -0.0488029 0.512994 2.92699 1 1 1
v -0.0292817 0.513032 2.92697 1 1 1
v -0.0097605 0.513031 2.92697 1 1 1
v 0.00976062 0.513031 2.92697 1 1 1
v 0.0292817 0.513032 2.92697 1 1 1
v 0.048803 0.512994 2.92699 1 1 1
v 0.0683241 0.51303 2.92697 1 1 1
v 0.0878453 0.513054 2.92696 1 1 1
v 0.107366 0.513147 2.92692 1 1 1
v 0.126888 0.513553 2.92673 1 1 1
v 0.146409 0.514703 2.9262 1 1 1
v 0.16593 0.516652 2.92529 1 1 1
v 0.185451 0.519218 2.9241 1 1 1
v 0.190079 0.519902 2.92378 1 1 1
v -0.244015 0.5342 2.91714 1 1 1
v -0.248991 0.537607 2.91556 1 1 1
v -0.224493 0.52624 2.92084 1 1 1
v -0.204972 0.522135 2.92274 1 1 1
v 0.204972 0.522135 2.92274 1 1 1
v 0.224494 0.52624 2.92084 1 1 1
v 0.244015 0.5342 2.91714 1 1 1
v 0.248991 0.537607 2.91556 1 1 1
v -0.263536 0.549141 2.91021 1 1 1
v -0.269815 0.555313 2.90734 1 1 1
v 0.263536 0.549141 2.91021 1 1 1
v 0.269815 0.555313 2.90734 1 1 1
v -0.283057 0.56879 2.90108 1 1 1
v -0.287223 0.573019 2.89912 1 1 1
v 0.283057 0.56879 2.90108 1 1 1
v 0.287223 0.573019 2.89912 1 1 1
v -0.302578 0.588557 2.8919 1 1 1
v -0.304707 0.590724 2.8909 1 1 1
v 0.302578 0.588557 2.8919 1 1 1
v 0.304707 0.590724 2.8909 1 1 1
v -0.322012 0.60843 2.88268 1 1 1
v 0.322012 0.60843 2.88268 1 1 1
v -0.322099 0.60852 2.88263 1 1 1
v -0.339469 0.626135 2.87445 1 1 1
v 0.322099 0.60852 2.88263 1 1 1
v 0.339469 0.626135 2.87445 1 1 1
v -0.34162 0.628311 2.87344 1 1 1
v -0.356807 0.643841 2.86623 1 1 1
v 0.34162 0.628311 2.87344 1 1 1
v 0.356807 0.643841 2.86623 1 1 1
v -0.361142 0.648229 2.8642 1 1 1
v -0.374333 0.661547 2.85801 1 1 1
v 0.361142 0.648229 2.8642 1 1 1
v 0.374333 0.661547 2.85801 1 1 1
v -0.380663 0.667997 2.85502 1 1 1
v -0.391752 0.679252 2.84979 1 1 1
v 0.380663 0.667997 2.85502 1 1 1
v 0.391752 0.679252 2.84979 1 1 1
v -0.400184 0.687815 2.84582 1 1 1
v -0.409119 0.696958 2.84157 1 1 1
v 0.400184 0.687815 2.84582 1 1 1
v 0.409119 0.696958 2.84157 1 1 1
v -0.419705 0.707708 2.83658 1 1 1
v -0.426579 0.714663 2.83335 1 1 1
v 0.419705 0.707708 2.83658 1 1 1
v 0.426579 0.714663 2.83335 1 1 1
v -0.439226 0.727524 2.82738 1 1 1
v -0.444009 0.732369 2.82513 1 1 1
v 0.439226 0.727525 2.82738 1 1 1
v 0.444009 0.732369 2.82513 1 1 1
v -0.458747 0.747348 2.81817 1 1 1
v -0.461423 0.750075 2.81691 1 1 1
v 0.458748 0.747348 2.81817 1 1 1
v 0.461423 0.750075 2.81691 1 1 1
v -0.478269 0.767134 2.80899 1 1 1
v -0.478905 0.76778 2.80869 1 1 1
v 0.478269 0.767134 2.80899 1 1 1
v 0.478905 0.76778 2.80869 1 1 1
v -0.49623 0.785486 2.80046 1 1 1
v 0.49623 0.785486 2.80046 1 1 1
v -0.49779 0.787061 2.79973 1 1 1
v -0.513801 0.803192 2.79224 1 1 1
v 0.49779 0.787061 2.79973 1 1 1
v 0.513801 0.803192 2.79224 1 1 1
v -0.517311 0.806771 2.79058 1 1 1
v -0.531239 0.820897 2.78402 1 1 1
v 0.517311 0.806771 2.79058 1 1 1
v 0.531239 0.820897 2.78402 1 1 1
v -0.536832 0.826426 2.78146 1 1 1
v -0.549139 0.838603 2.7758 1 1 1
v 0.536832 0.826426 2.78146 1 1 1
v 0.549139 0.838603 2.7758 1 1 1
v -0.556353 0.845755 2.77248 1 1 1
v -0.566965 0.856308 2.76758 1 1 1
v 0.556353 0.845755 2.77248 1 1 1
v 0.566965 0.856308 2.76758 1 1 1
v -0.575874 0.865156 2.76347 1 1 1
v -0.584817 0.874014 2.75936 1 1 1
v 0.575874 0.865156 2.76347 1 1 1
v 0.584817 0.874014 2.75936 1 1 1
v -0.595396 0.884557 2.75446 1 1 1
v -0.602597 0.89172 2.75114 1 1 1
v 0.595396 0.884558 2.75446 1 1 1
v 0.602597 0.89172 2.75114 1 1 1
v -0.614917 0.903848 2.74551 1 1 1
v -0.620534 0.909425 2.74292 1 1 1
v 0.614917 0.903848 2.74551 1 1 1
v 0.620534 0.909425 2.74292 1 1 1
v -0.634438 0.923247 2.7365 1 1 1
v -0.638321 0.927131 2.73469 1 1 1
v 0.634438 0.923247 2.7365 1 1 1
v 0.638321 0.927131 2.73469 1 1 1
v -0.653959 0.943301 2.72719 1 1 1
v -0.655407 0.944836 2.72647 1 1 1
v 0.653959 0.943301 2.72719 1 1 1
v 0.655407 0.944836 2.72647 1 1 1
v -0.671221 0.962542 2.71825 1 1 1
v 0.671221 0.962542 2.71825 1 1 1
v -0.67348 0.966312 2.7165 1 1 1
v -0.681008 0.980248 2.71003 1 1 1
v 0.67348 0.966312 2.7165 1 1 1
v 0.681008 0.980248 2.71003 1 1 1
v -0.683501 0.997953 2.70181 1 1 1
v 0.683501 0.997953 2.70181 1 1 1
v -0.680799 1.01566 2.69359 1 1 1
v -0.0683241 1.01509 2.69385 1 1 1
v -0.0750093 1.01566 2.69359 1 1 1
v -0.0488029 1.01436 2.69419 1 1 1
v -0.0292817 1.0142 2.69427 1 1 1
v -0.0097605 1.01426 2.69424 1 1 1
v 0.00976062 1.01426 2.69424 1 1 1
v 0.0292817 1.0142 2.69427 1 1 1
v 0.048803 1.01436 2.69419 1 1 1
v 0.0683241 1.01509 2.69385 1 1 1
v 0.0750093 1.01566 2.69359 1 1 1
v 0.680799 1.01566 2.69359 1 1 1
v -0.676607 1.03336 2.68537 1 1 1
v -0.204972 1.03295 2.68556 1 1 1
v -0.207227 1.03336 2.68537 1 1 1
v -0.185451 1.02979 2.68703 1 1 1
v -0.16593 1.02716 2.68825 1 1 1
v -0.146409 1.02478 2.68936 1 1 1
v -0.126888 1.02238 2.69047 1 1 1
v -0.107366 1.01968 2.69172 1 1 1
v -0.0878452 1.01697 2.69298 1 1 1
v 0.0878453 1.01697 2.69298 1 1 1
v 0.107366 1.01968 2.69172 1 1 1
v 0.126888 1.02238 2.69047 1 1 1
v 0.146409 1.02478 2.68936 1 1 1
v 0.16593 1.02716 2.68825 1 1 1
v 0.185451 1.02979 2.68703 1 1 1
v 0.204972 1.03295 2.68556 1 1 1
v 0.207227 1.03336 2.68537 1 1 1
v 0.676607 1.03336 2.68537 1 1 1
v -0.67348 1.0451 2.67992 1 1 1
v -0.671709 1.05107 2.67715 1 1 1
v -0.283057 1.04842 2.67838 1 1 1
v -0.297365 1.05107 2.67715 1 1 1
v -0.263536 1.0449 2.68001 1 1 1
v -0.244015 1.04108 2.68179 1 1 1
v -0.224493 1.03699 2.68369 1 1 1
v 0.224494 1.03699 2.68369 1 1 1
v 0.244015 1.04108 2.68179 1 1 1
v 0.263536 1.0449 2.68001 1 1 1
v 0.283057 1.04842 2.67838 1 1 1
v 0.297365 1.05107 2.67715 1 1 1
v 0.67348 1.0451 2.67992 1 1 1
v 0.671709 1.05107 2.67715 1 1 1
v -0.663393 1.06878 2.66893 1 1 1
v -0.380663 1.06782 2.66937 1 1 1
v -0.38614 1.06878 2.66893 1 1 1
v -0.361142 1.06425 2.67103 1 1 1
v -0.34162 1.06052 2.67276 1 1 1
v -0.322099 1.0565 2.67462 1 1 1
v -0.302578 1.05221 2.67662 1 1 1
v 0.302578 1.05221 2.67662 1 1 1
v 0.322099 1.0565 2.67462 1 1 1
v 0.34162 1.06052 2.67276 1 1 1
v 0.361142 1.06425 2.67103 1 1 1
v 0.380663 1.06782 2.66937 1 1 1
v 0.38614 1.06878 2.66893 1 1 1
v 0.663393 1.06878 2.66893 1 1 1
v -0.653959 1.07981 2.6638 1 1 1
v -0.636991 1.08648 2.6607 1 1 1
v -0.49779 1.08492 2.66143 1 1 1
v -0.51188 1.08648 2.6607 1 1 1
v -0.478269 1.0827 2.66246 1 1 1
v -0.458747 1.0805 2.66348 1 1 1
v -0.439226 1.07805 2.66462 1 1 1
v -0.419705 1.07511 2.66599 1 1 1
v -0.400184 1.07165 2.66759 1 1 1
v 0.400184 1.07165 2.66759 1 1 1
v 0.419705 1.07511 2.66599 1 1 1
v 0.439226 1.07805 2.66462 1 1 1
v 0.458748 1.0805 2.66348 1 1 1
v 0.478269 1.0827 2.66246 1 1 1
v 0.49779 1.08492 2.66143 1 1 1
v 0.51188 1.08648 2.6607 1 1 1
v 0.653959 1.07981 2.6638 1 1 1
v 0.636991 1.08648 2.6607 1 1 1
v -0.634438 1.08716 2.66039 1 1 1
v -0.614917 1.08878 2.65964 1 1 1
v -0.595396 1.08962 2.65925 1 1 1
v -0.575874 1.09015 2.659 1 1 1
v -0.556353 1.0901 2.65902 1 1 1
v -0.536832 1.08909 2.65949 1 1 1
v -0.517311 1.08718 2.66038 1 1 1
v 0.517311 1.08718 2.66038 1 1 1
v 0.536832 1.08909 2.65949 1 1 1
v 0.556353 1.0901 2.65902 1 1 1
v 0.575874 1.09015 2.659 1 1 1
v 0.595396 1.08962 2.65925 1 1 1
v 0.614917 1.08878 2.65964 1 1 1
v 0.634438 1.08716 2.66039 1 1 1
v -0.146409 0.58918 3.0774 1 1 1
v -0.161699 0.590914 3.07655 1 1 1
v -0.126888 0.587888 3.07803 1 1 1
v -0.107366 0.587433 3.07825 1 1 1
v -0.0878452 0.587315 3.07831 1 1 1
v -0.0683241 0.587291 3.07832 1 1 1
v -0.0488029 0.587258 3.07834 1 1 1
v -0.0292817 0.587298 3.07832 1 1 1
v -0.0097605 0.587253 3.07834 1 1 1
v 0.00976062 0.587253 3.07834 1 1 1
v 0.0292817 0.587298 3.07832 1 1 1
v 0.048803 0.587258 3.07834 1 1 1
v 0.0683241 0.587291 3.07832 1 1 1
v 0.0878453 0.587315 3.07831 1 1 1
v 0.107366 0.587433 3.07825 1 1 1
v 0.126888 0.587888 3.07803 1 1 1
v 0.146409 0.58918 3.0774 1 1 1
v 0.161699 0.590914 3.07655 1 1 1
v -0.224493 0.602376 3.07093 1 1 1
v -0.238346 0.608441 3.06795 1 1 1
v -0.204972 0.597658 3.07324 1 1 1
v -0.185451 0.594336 3.07487 1 1 1
v -0.16593 0.591406 3.07631 1 1 1
v 0.16593 0.591406 3.07631 1 1 1
v 0.185451 0.594336 3.07487 1 1 1
v 0.204972 0.597658 3.07324 1 1 1
v 0.224494 0.602376 3.07093 1 1 1
v 0.238346 0.608441 3.06795 1 1 1
v -0.244015 0.611316 3.06654 1 1 1
v -0.262279 0.625968 3.05936 1 1 1
v 0.244015 0.611316 3.06654 1 1 1
v 0.262279 0.625968 3.05936 1 1 1
v -0.263536 0.627113 3.05879 1 1 1
v -0.279788 0.643495 3.05076 1 1 1
v 0.263536 0.627113 3.05879 1 1 1
v 0.279788 0.643495 3.05076 1 1 1
v -0.283057 0.646787 3.04915 1 1 1
v -0.297254 0.661022 3.04217 1 1 1
v 0.283057 0.646787 3.04915 1 1 1
v 0.297254 0.661022 3.04217 1 1 1
v -0.302578 0.666375 3.03954 1 1 1
v -0.314593 0.67855 3.03357 1 1 1
v 0.302578 0.666375 3.03954 1 1 1
v 0.314593 0.67855 3.03357 1 1 1
v -0.322099 0.686203 3.02982 1 1 1
v -0.331925 0.696077 3.02497 1 1 1
v 0.322099 0.686203 3.02982 1 1 1
v 0.331925 0.696077 3.02497 1 1 1
v -0.34162 0.705792 3.02021 1 1 1
v -0.349327 0.713604 3.01638 1 1 1
v 0.34162 0.705792 3.02021 1 1 1
v 0.349327 0.713604 3.01638 1 1 1
v -0.361142 0.725444 3.01057 1 1 1
v -0.36683 0.731131 3.00778 1 1 1
v 0.361142 0.725444 3.01057 1 1 1
v 0.36683 0.731131 3.00778 1 1 1
v -0.380663 0.745108 3.00093 1 1 1
v -0.384191 0.748658 2.99919 1 1 1
v 0.380663 0.745109 3.00093 1 1 1
v 0.384191 0.748658 2.99919 1 1 1
v -0.400184 0.764747 2.9913 1 1 1
v -0.401602 0.766185 2.99059 1 1 1
v 0.400184 0.764747 2.9913 1 1 1
v 0.401602 0.766185 2.99059 1 1 1
v -0.419013 0.783712 2.982 1 1 1
v 0.419013 0.783712 2.982 1 1 1
v -0.419705 0.784411 2.98165 1 1 1
v -0.436401 0.801239 2.9734 1 1 1
v 0.419705 0.784411 2.98165 1 1 1
v 0.436401 0.801239 2.9734 1 1 1
v -0.439226 0.804073 2.97201 1 1 1
v -0.453819 0.818766 2.96481 1 1 1
v 0.439226 0.804073 2.97201 1 1 1
v 0.453819 0.818766 2.96481 1 1 1
v -0.458747 0.823725 2.96238 1 1 1
v -0.471271 0.836293 2.95621 1 1 1
v 0.458748 0.823725 2.96238 1 1 1
v 0.471271 0.836293 2.95621 1 1 1
v -0.478269 0.843345 2.95275 1 1 1
v -0.488612 0.85382 2.94762 1 1 1
v 0.478269 0.843345 2.95275 1 1 1
v 0.488612 0.85382 2.94762 1 1 1
v -0.49779 0.863006 2.94311 1 1 1
v -0.506149 0.871347 2.93902 1 1 1
v 0.49779 0.863006 2.94311 1 1 1
v 0.506149 0.871347 2.93902 1 1 1
v -0.517311 0.882638 2.93348 1 1 1
v -0.523512 0.888874 2.93043 1 1 1
v 0.517311 0.882638 2.93348 1 1 1
v 0.523512 0.888874 2.93043 1 1 1
v -0.536832 0.901916 2.92403 1 1 1
v -0.541404 0.906401 2.92183 1 1 1
v 0.536832 0.901916 2.92403 1 1 1
v 0.541404 0.906401 2.92183 1 1 1
v -0.556353 0.921099 2.91462 1 1 1
v -0.559221 0.923928 2.91324 1 1 1
v 0.556353 0.921099 2.91462 1 1 1
v 0.559222 0.923928 2.91324 1 1 1
v -0.575874 0.940334 2.90519 1 1 1
v -0.577016 0.941455 2.90464 1 1 1
v 0.575874 0.940334 2.90519 1 1 1
v 0.577016 0.941455 2.90464 1 1 1
v -0.594746 0.958982 2.89604 1 1 1
v 0.594746 0.958982 2.89604 1 1 1
v -0.595396 0.959619 2.89573 1 1 1
v -0.612707 0.976509 2.88745 1 1 1
v 0.595396 0.959619 2.89573 1 1 1
v 0.612707 0.976509 2.88745 1 1 1
v -0.614917 0.97869 2.88638 1 1 1
v -0.630462 0.994036 2.87885 1 1 1
v 0.614917 0.97869 2.88638 1 1 1
v 0.630462 0.994036 2.87885 1 1 1
v -0.634438 0.998055 2.87688 1 1 1
v -0.647554 1.01156 2.87026 1 1 1
v 0.634438 0.998055 2.87688 1 1 1
v 0.647554 1.01156 2.87026 1 1 1
v -0.653959 1.01846 2.86687 1 1 1
v -0.66342 1.02909 2.86166 1 1 1
v 0.653959 1.01846 2.86687 1 1 1
v 0.66342 1.02909 2.86166 1 1 1
v -0.67348 1.0459 2.85342 1 1 1
v -0.673866 1.04662 2.85307 1 1 1
v 0.67348 1.0459 2.85342 1 1 1
v 0.673866 1.04662 2.85307 1 1 1
v -0.676898 1.06414 2.84447 1 1 1
v 0.676898 1.06414 2.84447 1 1 1
v -0.674689 1.08167 2.83588 1 1 1
v -0.0878452 1.08076 2.83633 1 1 1
v -0.0956977 1.08167 2.83588 1 1 1
v -0.0683241 1.07917 2.8371 1 1 1
v -0.0488029 1.07846 2.83745 1 1 1
v -0.0292817 1.0783 2.83753 1 1 1
v -0.0097605 1.07836 2.8375 1 1 1
v 0.00976062 1.07836 2.8375 1 1 1
v 0.0292817 1.0783 2.83753 1 1 1
v 0.048803 1.07846 2.83745 1 1 1
v 0.0683241 1.07917 2.8371 1 1 1
v 0.0878453 1.08076 2.83633 1 1 1
v 0.0956978 1.08167 2.83588 1 1 1
v 0.674689 1.08167 2.83588 1 1 1
v -0.67348 1.08692 2.83331 1 1 1
v -0.670599 1.0992 2.82728 1 1 1
v -0.204972 1.09638 2.82866 1 1 1
v -0.220356 1.0992 2.82728 1 1 1
v -0.185451 1.09323 2.83021 1 1 1
v -0.16593 1.09062 2.83149 1 1 1
v -0.146409 1.08827 2.83264 1 1 1
v -0.126888 1.08591 2.8338 1 1 1
v -0.107366 1.08324 2.83511 1 1 1
v 0.107366 1.08324 2.83511 1 1 1
v 0.126888 1.08591 2.8338 1 1 1
v 0.146409 1.08827 2.83264 1 1 1
v 0.16593 1.09062 2.83149 1 1 1
v 0.185451 1.09323 2.83021 1 1 1
v 0.204972 1.09638 2.82866 1 1 1
v 0.220356 1.0992 2.82728 1 1 1
v 0.67348 1.08691 2.83331 1 1 1
v 0.670598 1.0992 2.82728 1 1 1
v -0.665205 1.11673 2.81869 1 1 1
v -0.302578 1.11549 2.81929 1 1 1
v -0.308857 1.11673 2.81869 1 1 1
v -0.283057 1.11185 2.82108 1 1 1
v -0.263536 1.10823 2.82285 1 1 1
v -0.244015 1.10427 2.82479 1 1 1
v -0.224493 1.10006 2.82686 1 1 1
v 0.224494 1.10006 2.82686 1 1 1
v 0.244015 1.10427 2.82479 1 1 1
v 0.263536 1.10823 2.82285 1 1 1
v 0.283057 1.11185 2.82108 1 1 1
v 0.302578 1.11549 2.81929 1 1 1
v 0.308857 1.11673 2.81869 1 1 1
v 0.665205 1.11673 2.81869 1 1 1
v -0.65592 1.13425 2.81009 1 1 1
v -0.380663 1.13128 2.81155 1 1 1
v -0.39758 1.13425 2.81009 1 1 1
v -0.361142 1.12762 2.81335 1 1 1
v -0.34162 1.12378 2.81523 1 1 1
v -0.322099 1.11968 2.81724 1 1 1
v 0.322099 1.11968 2.81724 1 1 1
v 0.34162 1.12378 2.81523 1 1 1
v 0.361142 1.12762 2.81335 1 1 1
v 0.380663 1.13128 2.81155 1 1 1
v 0.39758 1.13425 2.81009 1 1 1
v 0.65592 1.13425 2.81009 1 1 1
v -0.653959 1.13657 2.80896 1 1 1
v -0.634438 1.14661 2.80403 1 1 1
v -0.614917 1.1495 2.80262 1 1 1
v -0.595396 1.15095 2.8019 1 1 1
v -0.578546 1.15178 2.8015 1 1 1
v -0.536832 1.1515 2.80163 1 1 1
v -0.544957 1.15178 2.8015 1 1 1
v -0.517311 1.15002 2.80236 1 1 1
v -0.49779 1.14798 2.80336 1 1 1
v -0.478269 1.14581 2.80443 1 1 1
v -0.458747 1.14364 2.80549 1 1 1
v -0.439226 1.1412 2.80668 1 1 1
v -0.419705 1.13828 2.80812 1 1 1
v -0.400184 1.13478 2.80983 1 1 1
v 0.400184 1.13478 2.80983 1 1 1
v 0.419705 1.13828 2.80812 1 1 1
v 0.439226 1.1412 2.80668 1 1 1
v 0.458748 1.14364 2.80549 1 1 1
v 0.478269 1.14581 2.80443 1 1 1
v 0.49779 1.14798 2.80336 1 1 1
v 0.517311 1.15002 2.80236 1 1 1
v 0.536832 1.1515 2.80163 1 1 1
v 0.544956 1.15178 2.8015 1 1 1
v 0.595396 1.15095 2.8019 1 1 1
v 0.578546 1.15178 2.8015 1 1 1
v 0.614917 1.1495 2.80262 1 1 1
v 0.634438 1.14661 2.80403 1 1 1
v 0.653959 1.13657 2.80896 1 1 1
v -0.575874 1.15191 2.80143 1 1 1
v -0.556353 1.15222 2.80128 1 1 1
v 0.556353 1.15222 2.80128 1 1 1
v 0.575874 1.15191 2.80143 1 1 1
v -0.0878452 0.666259 3.22999 1 1 1
v -0.0938743 0.666304 3.22997 1 1 1
v -0.0683241 0.666235 3.23 1 1 1
v -0.0488029 0.666205 3.23002 1 1 1
v -0.0292817 0.666248 3.23 1 1 1
v -0.0097605 0.666148 3.23005 1 1 1
v 0.00976062 0.666148 3.23005 1 1 1
v 0.0292817 0.666248 3.23 1 1 1
v 0.048803 0.666205 3.23002 1 1 1
v 0.0683241 0.666235 3.23 1 1 1
v 0.0878453 0.666259 3.22999 1 1 1
v 0.0938742 0.666304 3.22997 1 1 1
v -0.224493 0.683416 3.22095 1 1 1
v -0.224843 0.683574 3.22087 1 1 1
v -0.204972 0.678036 3.22379 1 1 1
v -0.185451 0.674261 3.22578 1 1 1
v -0.16593 0.670929 3.22753 1 1 1
v -0.146409 0.66837 3.22888 1 1 1
v -0.126888 0.666909 3.22965 1 1 1
v -0.107366 0.666402 3.22992 1 1 1
v 0.107366 0.666402 3.22992 1 1 1
v 0.126888 0.666909 3.22965 1 1 1
v 0.146409 0.66837 3.22888 1 1 1
v 0.16593 0.670929 3.22753 1 1 1
v 0.185451 0.674261 3.22578 1 1 1
v 0.204972 0.678036 3.22379 1 1 1
v 0.224494 0.683416 3.22095 1 1 1
v 0.224844 0.683574 3.22087 1 1 1
v -0.244015 0.693535 3.21562 1 1 1
v -0.253174 0.700845 3.21177 1 1 1
v 0.244015 0.693535 3.21562 1 1 1
v 0.253174 0.700845 3.21177 1 1 1
v -0.263536 0.710195 3.20684 1 1 1
v -0.271504 0.718115 3.20267 1 1 1
v 0.263536 0.710195 3.20684 1 1 1
v 0.271504 0.718115 3.20267 1 1 1
v -0.283057 0.729583 3.19663 1 1 1
v -0.288925 0.735386 3.19357 1 1 1
v 0.283057 0.729583 3.19663 1 1 1
v 0.288925 0.735386 3.19357 1 1 1
v -0.302578 0.748914 3.18644 1 1 1
v -0.306325 0.752657 3.18447 1 1 1
v 0.302578 0.748914 3.18644 1 1 1
v 0.306325 0.752657 3.18447 1 1 1
v -0.322099 0.76853 3.17611 1 1 1
v -0.323509 0.769927 3.17537 1 1 1
v 0.322099 0.76853 3.17611 1 1 1
v 0.32351 0.769927 3.17537 1 1 1
v -0.340993 0.787198 3.16627 1 1 1
v 0.340993 0.787198 3.16627 1 1 1
v -0.34162 0.787825 3.16594 1 1 1
v -0.358455 0.804469 3.15717 1 1 1
v 0.34162 0.787825 3.16594 1 1 1
v 0.358455 0.804469 3.15717 1 1 1
v -0.361142 0.807141 3.15576 1 1 1
v -0.375769 0.821739 3.14807 1 1 1
v 0.361142 0.807141 3.15576 1 1 1
v 0.375769 0.821739 3.14807 1 1 1
v -0.380663 0.826562 3.14553 1 1 1
v -0.393221 0.83901 3.13897 1 1 1
v 0.380663 0.826562 3.14553 1 1 1
v 0.393221 0.83901 3.13897 1 1 1
v -0.400184 0.845939 3.13532 1 1 1
v -0.410595 0.85628 3.12987 1 1 1
v 0.400184 0.845939 3.13532 1 1 1
v 0.410595 0.85628 3.12987 1 1 1
v -0.419705 0.865367 3.12509 1 1 1
v -0.42794 0.873551 3.12077 1 1 1
v 0.419705 0.865367 3.12509 1 1 1
v 0.42794 0.873551 3.12077 1 1 1
v -0.439226 0.884715 3.11489 1 1 1
v -0.445375 0.890822 3.11167 1 1 1
v 0.439226 0.884715 3.11489 1 1 1
v 0.445375 0.890822 3.11167 1 1 1
v -0.458747 0.904096 3.10468 1 1 1
v -0.462786 0.908092 3.10257 1 1 1
v 0.458748 0.904096 3.10468 1 1 1
v 0.462786 0.908092 3.10257 1 1 1
v -0.478269 0.923478 3.09447 1 1 1
v -0.480156 0.925363 3.09348 1 1 1
v 0.478269 0.923478 3.09447 1 1 1
v 0.480156 0.925363 3.09348 1 1 1
v -0.49765 0.942634 3.08438 1 1 1
v 0.49765 0.942634 3.08438 1 1 1
v -0.49779 0.942772 3.0843 1 1 1
v -0.51495 0.959904 3.07528 1 1 1
v 0.49779 0.942772 3.0843 1 1 1
v 0.51495 0.959904 3.07528 1 1 1
v -0.517311 0.962204 3.07406 1 1 1
v -0.532821 0.977175 3.06618 1 1 1
v 0.517311 0.962204 3.07406 1 1 1
v 0.532821 0.977175 3.06618 1 1 1
v -0.536832 0.981099 3.06411 1 1 1
v -0.550567 0.994445 3.05708 1 1 1
v 0.536832 0.981099 3.06411 1 1 1
v 0.550567 0.994445 3.05708 1 1 1
v -0.556353 1.00007 3.05412 1 1 1
v -0.568312 1.01172 3.04798 1 1 1
v 0.556353 1.00007 3.05412 1 1 1
v 0.568313 1.01172 3.04798 1 1 1
v -0.575874 1.01905 3.04412 1 1 1
v -0.586056 1.02899 3.03888 1 1 1
v 0.575874 1.01905 3.04412 1 1 1
v 0.586056 1.02899 3.03888 1 1 1
v -0.595396 1.03802 3.03412 1 1 1
v -0.603944 1.04626 3.02978 1 1 1
v 0.595396 1.03803 3.03412 1 1 1
v 0.603945 1.04626 3.02978 1 1 1
v -0.614917 1.05695 3.02414 1 1 1
v -0.621655 1.06353 3.02068 1 1 1
v 0.614917 1.05695 3.02414 1 1 1
v 0.621655 1.06353 3.02068 1 1 1
v -0.634438 1.07633 3.01394 1 1 1
v -0.638811 1.0808 3.01158 1 1 1
v 0.634438 1.07633 3.01394 1 1 1
v 0.638811 1.0808 3.01158 1 1 1
v -0.653959 1.0971 3.00299 1 1 1
v -0.654822 1.09807 3.00248 1 1 1
v 0.653959 1.0971 3.00299 1 1 1
v 0.654822 1.09807 3.00248 1 1 1
v -0.665728 1.11534 2.99338 1 1 1
v 0.665728 1.11534 2.99338 1 1 1
v -0.669504 1.13261 2.98428 1 1 1
v 0.669504 1.13261 2.98428 1 1 1
v -0.667835 1.14988 2.97518 1 1 1
v -0.107366 1.14896 2.97566 1 1 1
v -0.115088 1.14988 2.97518 1 1 1
v -0.0878452 1.14681 2.9768 1 1 1
v -0.0683241 1.14529 2.9776 1 1 1
v -0.0488029 1.1446 2.97796 1 1 1
v -0.0292817 1.14445 2.97804 1 1 1
v -0.0097605 1.14451 2.97801 1 1 1
v 0.00976062 1.14451 2.97801 1 1 1
v 0.0292817 1.14445 2.97804 1 1 1
v 0.048803 1.1446 2.97796 1 1 1
v 0.0683241 1.14529 2.9776 1 1 1
v 0.0878453 1.14681 2.9768 1 1 1
v 0.107366 1.14896 2.97566 1 1 1
v 0.115088 1.14988 2.97518 1 1 1
v 0.667835 1.14988 2.97518 1 1 1
v -0.663829 1.16715 2.96608 1 1 1
v -0.224493 1.16529 2.96706 1 1 1
v -0.233927 1.16715 2.96608 1 1 1
v -0.204972 1.16173 2.96894 1 1 1
v -0.185451 1.15859 2.97059 1 1 1
v -0.16593 1.15602 2.97195 1 1 1
v -0.146409 1.15373 2.97316 1 1 1
v -0.126888 1.15143 2.97436 1 1 1
v 0.126888 1.15143 2.97436 1 1 1
v 0.146409 1.15373 2.97316 1 1 1
v 0.16593 1.15602 2.97195 1 1 1
v 0.185451 1.15859 2.97059 1 1 1
v 0.204972 1.16173 2.96894 1 1 1
v 0.224494 1.16529 2.96706 1 1 1
v 0.233926 1.16715 2.96608 1 1 1
v 0.663829 1.16715 2.96608 1 1 1
v -0.657993 1.18442 2.95698 1 1 1
v -0.302578 1.18081 2.95889 1 1 1
v -0.320926 1.18442 2.95698 1 1 1
v -0.283057 1.17713 2.96083 1 1 1
v -0.263536 1.17343 2.96277 1 1 1
v -0.244015 1.16934 2.96493 1 1 1
v 0.244015 1.16934 2.96493 1 1 1
v 0.263536 1.17343 2.96277 1 1 1
v 0.283057 1.17713 2.96083 1 1 1
v 0.302578 1.18081 2.95889 1 1 1
v 0.320926 1.18442 2.95698 1 1 1
v 0.657993 1.18442 2.95698 1 1 1
v -0.653959 1.19185 2.95307 1 1 1
v -0.644042 1.20169 2.94788 1 1 1
v -0.400184 1.20001 2.94877 1 1 1
v -0.411037 1.20169 2.94788 1 1 1
v -0.380663 1.19653 2.9506 1 1 1
v -0.361142 1.19278 2.95258 1 1 1
v -0.34162 1.18887 2.95464 1 1 1
v -0.322099 1.18468 2.95685 1 1 1
v 0.322099 1.18468 2.95685 1 1 1
v 0.34162 1.18887 2.95464 1 1 1
v 0.361142 1.19278 2.95258 1 1 1
v 0.380663 1.19653 2.9506 1 1 1
v 0.400184 1.20001 2.94877 1 1 1
v 0.411037 1.20169 2.94788 1 1 1
v 0.653959 1.19185 2.95307 1 1 1
v 0.644042 1.20169 2.94788 1 1 1
v -0.634438 1.20714 2.94501 1 1 1
v -0.614917 1.21144 2.94275 1 1 1
v -0.595396 1.21365 2.94158 1 1 1
v -0.575874 1.21526 2.94073 1 1 1
v -0.556353 1.21612 2.94028 1 1 1
v -0.536832 1.21586 2.94042 1 1 1
v -0.517311 1.21463 2.94107 1 1 1
v -0.49779 1.21273 2.94207 1 1 1
v -0.478269 1.21062 2.94318 1 1 1
v -0.458747 1.20851 2.94429 1 1 1
v -0.439226 1.20612 2.94555 1 1 1
v -0.419705 1.20322 2.94708 1 1 1
v 0.419705 1.20322 2.94708 1 1 1
v 0.439226 1.20612 2.94555 1 1 1
v 0.458748 1.20851 2.94429 1 1 1
v 0.478269 1.21062 2.94318 1 1 1
v 0.49779 1.21273 2.94207 1 1 1
v 0.517311 1.21463 2.94107 1 1 1
v 0.536832 1.21586 2.94042 1 1 1
v 0.556353 1.21612 2.94028 1 1 1
v 0.575874 1.21526 2.94073 1 1 1
v 0.595396 1.21365 2.94158 1 1 1
v 0.614917 1.21144 2.94275 1 1 1
v 0.634438 1.20714 2.94501 1 1 1
v -0.185451 0.760763 3.37678 1 1 1
v -0.203797 0.76477 3.37446 1 1 1
v -0.16593 0.756987 3.37896 1 1 1
v -0.146409 0.754059 3.38066 1 1 1
v -0.126888 0.752376 3.38163 1 1 1
v -0.107366 0.75176 3.38199 1 1 1
v -0.0878452 0.751587 3.38209 1 1 1
v -0.0683241 0.75156 3.38211 1 1 1
v -0.0488029 0.751557 3.38211 1 1 1
v -0.0292817 0.751613 3.38208 1 1 1
v -0.0097605 0.751499 3.38214 1 1 1
v 0.00976062 0.751499 3.38214 1 1 1
v 0.0292817 0.751613 3.38208 1 1 1
v 0.048803 0.751557 3.38211 1 1 1
v 0.0683241 0.75156 3.38211 1 1 1
v 0.0878453 0.751587 3.38209 1 1 1
v 0.107366 0.75176 3.38199 1 1 1
v 0.126888 0.752376 3.38163 1 1 1
v 0.146409 0.754059 3.38066 1 1 1
v 0.16593 0.756987 3.37896 1 1 1
v 0.185451 0.760763 3.37678 1 1 1
v 0.203797 0.76477 3.37446 1 1 1
v -0.224493 0.771379 3.37063 1 1 1
v -0.242862 0.781663 3.36467 1 1 1
v -0.204972 0.76504 3.3743 1 1 1
v 0.204972 0.76504 3.3743 1 1 1
v 0.224494 0.771379 3.37063 1 1 1
v 0.242862 0.781663 3.36467 1 1 1
v -0.244015 0.782414 3.36424 1 1 1
v -0.26222 0.798556 3.35489 1 1 1
v 0.244015 0.782414 3.36424 1 1 1
v 0.26222 0.798556 3.35489 1 1 1
v -0.263536 0.799786 3.35418 1 1 1
v -0.279685 0.815448 3.34511 1 1 1
v 0.263536 0.799786 3.35418 1 1 1
v 0.279685 0.815448 3.34511 1 1 1
v -0.283057 0.81875 3.34319 1 1 1
v -0.297085 0.832341 3.33532 1 1 1
v 0.283057 0.81875 3.34319 1 1 1
v 0.297085 0.832341 3.33532 1 1 1
v -0.302578 0.837694 3.33222 1 1 1
v -0.314292 0.849234 3.32554 1 1 1
v 0.302578 0.837694 3.33222 1 1 1
v 0.314292 0.849234 3.32554 1 1 1
v -0.322099 0.856771 3.32117 1 1 1
v -0.331793 0.866126 3.31576 1 1 1
v 0.322099 0.856771 3.32117 1 1 1
v 0.331793 0.866126 3.31576 1 1 1
v -0.34162 0.875745 3.31019 1 1 1
v -0.349149 0.883019 3.30597 1 1 1
v 0.34162 0.875745 3.31019 1 1 1
v 0.349149 0.883019 3.30597 1 1 1
v -0.361142 0.894691 3.29921 1 1 1
v -0.366483 0.899912 3.29619 1 1 1
v 0.361142 0.894691 3.29921 1 1 1
v 0.366483 0.899912 3.29619 1 1 1
v -0.380663 0.913567 3.28828 1 1 1
v -0.384003 0.916804 3.28641 1 1 1
v 0.380663 0.913567 3.28828 1 1 1
v 0.384003 0.916804 3.28641 1 1 1
v -0.400184 0.932568 3.27728 1 1 1
v -0.401345 0.933697 3.27662 1 1 1
v 0.400184 0.932568 3.27728 1 1 1
v 0.401345 0.933697 3.27662 1 1 1
v -0.418663 0.95059 3.26684 1 1 1
v 0.418663 0.95059 3.26684 1 1 1
v -0.419705 0.951605 3.26625 1 1 1
v -0.436118 0.967483 3.25706 1 1 1
v 0.419705 0.951605 3.26625 1 1 1
v 0.436118 0.967483 3.25706 1 1 1
v -0.439226 0.970496 3.25531 1 1 1
v -0.453511 0.984375 3.24727 1 1 1
v 0.439226 0.970496 3.25531 1 1 1
v 0.453511 0.984375 3.24727 1 1 1
v -0.458747 0.989457 3.24433 1 1 1
v -0.470903 1.00127 3.23749 1 1 1
v 0.458748 0.989457 3.24433 1 1 1
v 0.470903 1.00127 3.23749 1 1 1
v -0.478269 1.0084 3.23336 1 1 1
v -0.488372 1.01816 3.22771 1 1 1
v 0.478269 1.0084 3.23336 1 1 1
v 0.488372 1.01816 3.22771 1 1 1
v -0.49779 1.02731 3.22241 1 1 1
v -0.5057 1.03505 3.21792 1 1 1
v 0.49779 1.02731 3.22241 1 1 1
v 0.5057 1.03505 3.21792 1 1 1
v -0.517311 1.04614 3.2115 1 1 1
v -0.52345 1.05195 3.20814 1 1 1
v 0.517311 1.04614 3.2115 1 1 1
v 0.52345 1.05195 3.20814 1 1 1
v -0.536832 1.0648 3.20069 1 1 1
v -0.541059 1.06884 3.19836 1 1 1
v 0.536832 1.06481 3.20069 1 1 1
v 0.541059 1.06884 3.19836 1 1 1
v -0.556353 1.08343 3.18991 1 1 1
v -0.55876 1.08573 3.18857 1 1 1
v 0.556353 1.08343 3.18991 1 1 1
v 0.55876 1.08573 3.18857 1 1 1
v -0.575874 1.10203 3.17914 1 1 1
v -0.576498 1.10262 3.17879 1 1 1
v 0.575874 1.10203 3.17914 1 1 1
v 0.576498 1.10262 3.17879 1 1 1
v -0.594277 1.11952 3.16901 1 1 1
v 0.594277 1.11952 3.16901 1 1 1
v -0.595396 1.12059 3.16839 1 1 1
v -0.611911 1.13641 3.15922 1 1 1
v 0.595396 1.12059 3.16839 1 1 1
v 0.611911 1.13641 3.15922 1 1 1
v -0.614917 1.13931 3.15755 1 1 1
v -0.629135 1.1533 3.14944 1 1 1
v 0.614917 1.13931 3.15755 1 1 1
v 0.629135 1.1533 3.14944 1 1 1
v -0.634438 1.15872 3.1463 1 1 1
v -0.645236 1.17019 3.13966 1 1 1
v 0.634438 1.15872 3.1463 1 1 1
v 0.645236 1.17019 3.13966 1 1 1
v -0.653959 1.18274 3.13239 1 1 1
v -0.656738 1.18709 3.12987 1 1 1
v 0.653959 1.18274 3.13239 1 1 1
v 0.656738 1.18709 3.12987 1 1 1
v -0.661251 1.20398 3.12009 1 1 1
v 0.661251 1.20398 3.12009 1 1 1
v -0.660181 1.22087 3.11031 1 1 1
v -0.126888 1.21968 3.111 1 1 1
v -0.138388 1.22087 3.11031 1 1 1
v -0.107366 1.21751 3.11225 1 1 1
v -0.0878452 1.21549 3.11342 1 1 1
v -0.0683241 1.21405 3.11426 1 1 1
v -0.0488029 1.21341 3.11463 1 1 1
v -0.0292817 1.21327 3.11471 1 1 1
v -0.0097605 1.21331 3.11468 1 1 1
v 0.00976062 1.21331 3.11468 1 1 1
v 0.0292817 1.21327 3.11471 1 1 1
v 0.048803 1.21341 3.11463 1 1 1
v 0.0683241 1.21405 3.11426 1 1 1
v 0.0878453 1.21549 3.11342 1 1 1
v 0.107366 1.21751 3.11225 1 1 1
v 0.126888 1.21968 3.111 1 1 1
v 0.138388 1.22087 3.11031 1 1 1
v 0.660181 1.22087 3.11031 1 1 1
v -0.656292 1.23777 3.10052 1 1 1
v -0.244015 1.23693 3.10101 1 1 1
v -0.248123 1.23777 3.10052 1 1 1
v -0.224493 1.2331 3.10323 1 1 1
v -0.204972 1.22956 3.10528 1 1 1
v -0.185451 1.22647 3.10707 1 1 1
v -0.16593 1.22396 3.10852 1 1 1
v -0.146409 1.22176 3.10979 1 1 1
v 0.146409 1.22176 3.10979 1 1 1
v 0.16593 1.22396 3.10852 1 1 1
v 0.185451 1.22647 3.10707 1 1 1
v 0.204972 1.22956 3.10528 1 1 1
v 0.224494 1.2331 3.10323 1 1 1
v 0.244015 1.23693 3.10101 1 1 1
v 0.248122 1.23777 3.10052 1 1 1
v 0.656292 1.23777 3.10052 1 1 1
v -0.653959 1.24434 3.09671 1 1 1
v -0.648756 1.25466 3.09074 1 1 1
v -0.322099 1.25233 3.09209 1 1 1
v -0.33399 1.25466 3.09074 1 1 1
v -0.302578 1.24849 3.09431 1 1 1
v -0.283057 1.2448 3.09645 1 1 1
v -0.263536 1.24105 3.09862 1 1 1
v 0.263536 1.24105 3.09862 1 1 1
v 0.283057 1.2448 3.09645 1 1 1
v 0.302578 1.24849 3.09431 1 1 1
v 0.322099 1.25233 3.09209 1 1 1
v 0.33399 1.25466 3.09074 1 1 1
v 0.653959 1.24434 3.09671 1 1 1
v 0.648756 1.25466 3.09074 1 1 1
v -0.634438 1.26874 3.08259 1 1 1
v -0.627321 1.27155 3.08096 1 1 1
v -0.419705 1.27055 3.08154 1 1 1
v -0.427398 1.27155 3.08096 1 1 1
v -0.400184 1.26758 3.08326 1 1 1
v -0.380663 1.26405 3.0853 1 1 1
v -0.361142 1.26024 3.08751 1 1 1
v -0.34162 1.25628 3.0898 1 1 1
v 0.34162 1.25628 3.0898 1 1 1
v 0.361142 1.26024 3.08751 1 1 1
v 0.380663 1.26405 3.0853 1 1 1
v 0.400184 1.26758 3.08326 1 1 1
v 0.419705 1.27055 3.08154 1 1 1
v 0.427398 1.27155 3.08096 1 1 1
v 0.634438 1.26874 3.08259 1 1 1
v 0.627321 1.27155 3.08096 1 1 1
v -0.614917 1.27509 3.07891 1 1 1
v -0.595396 1.27818 3.07712 1 1 1
v -0.575874 1.28055 3.07574 1 1 1
v -0.556353 1.28209 3.07485 1 1 1
v -0.536832 1.28231 3.07473 1 1 1
v -0.517311 1.28137 3.07527 1 1 1
v -0.49779 1.27962 3.07628 1 1 1
v -0.478269 1.27761 3.07745 1 1 1
v -0.458747 1.27557 3.07863 1 1 1
v -0.439226 1.27325 3.07997 1 1 1
v 0.439226 1.27325 3.07997 1 1 1
v 0.458748 1.27557 3.07863 1 1 1
v 0.478269 1.27761 3.07745 1 1 1
v 0.49779 1.27962 3.07628 1 1 1
v 0.517311 1.28137 3.07527 1 1 1
v 0.536832 1.28231 3.07473 1 1 1
v 0.556353 1.28209 3.07485 1 1 1
v 0.575874 1.28055 3.07574 1 1 1
v 0.595396 1.27818 3.07712 1 1 1
v 0.614917 1.27509 3.07891 1 1 1
v -0.16593 0.849646 3.5264 1 1 1
v -0.177383 0.852137 3.52481 1 1 1
v -0.146409 0.846292 3.52852 1 1 1
v -0.126888 0.844346 3.52976 1 1 1
v -0.107366 0.843599 3.53023 1 1 1
v -0.0878452 0.84339 3.53037 1 1 1
v -0.0683241 0.843361 3.53038 1 1 1
v -0.0488029 0.84339 3.53037 1 1 1
v -0.0292817 0.843464 3.53032 1 1 1
v -0.0097605 0.843336 3.5304 1 1 1
v 0.00976062 0.843336 3.5304 1 1 1
v 0.0292817 0.843464 3.53032 1 1 1
v 0.048803 0.84339 3.53037 1 1 1
v 0.0683241 0.843361 3.53038 1 1 1
v 0.0878453 0.84339 3.53037 1 1 1
v 0.107366 0.843599 3.53023 1 1 1
v 0.126888 0.844346 3.52976 1 1 1
v 0.146409 0.846292 3.52852 1 1 1
v 0.16593 0.849646 3.5264 1 1 1
v 0.177383 0.852137 3.52481 1 1 1
v -0.224493 0.866174 3.51591 1 1 1
v -0.228811 0.868619 3.51435 1 1 1
v -0.204972 0.858991 3.52046 1 1 1
v -0.185451 0.853989 3.52364 1 1 1
v 0.185451 0.853989 3.52364 1 1 1
v 0.204972 0.858991 3.52046 1 1 1
v 0.224494 0.866174 3.51591 1 1 1
v 0.228811 0.868619 3.51435 1 1 1
v -0.244015 0.878565 3.50804 1 1 1
v -0.251527 0.885101 3.50389 1 1 1
v 0.244015 0.878565 3.50804 1 1 1
v 0.251527 0.885101 3.50389 1 1 1
v -0.263536 0.896056 3.49694 1 1 1
v -0.269387 0.901583 3.49343 1 1 1
v 0.263536 0.896056 3.49694 1 1 1
v 0.269387 0.901583 3.49343 1 1 1
v -0.283057 0.91463 3.48515 1 1 1
v -0.286697 0.918064 3.48297 1 1 1
v 0.283057 0.91463 3.48515 1 1 1
v 0.286697 0.918064 3.48297 1 1 1
v -0.302578 0.933147 3.4734 1 1 1
v -0.304034 0.934546 3.47251 1 1 1
v 0.302578 0.933147 3.4734 1 1 1
v 0.304034 0.934546 3.47251 1 1 1
v -0.321569 0.951028 3.46205 1 1 1
v 0.321569 0.951028 3.46205 1 1 1
v -0.322099 0.951539 3.46173 1 1 1
v -0.338807 0.96751 3.45159 1 1 1
v 0.322099 0.951539 3.46173 1 1 1
v 0.338807 0.96751 3.45159 1 1 1
v -0.34162 0.970154 3.44991 1 1 1
v -0.356227 0.983992 3.44113 1 1 1
v 0.34162 0.970154 3.44991 1 1 1
v 0.356227 0.983992 3.44113 1 1 1
v -0.361142 0.988665 3.43816 1 1 1
v -0.373726 1.00047 3.43067 1 1 1
v 0.361142 0.988665 3.43816 1 1 1
v 0.373726 1.00047 3.43067 1 1 1
v -0.380663 1.00701 3.42652 1 1 1
v -0.391124 1.01696 3.42021 1 1 1
v 0.380663 1.00701 3.42652 1 1 1
v 0.391124 1.01696 3.42021 1 1 1
v -0.400184 1.02555 3.41475 1 1 1
v -0.40848 1.03344 3.40975 1 1 1
v 0.400184 1.02555 3.41475 1 1 1
v 0.40848 1.03344 3.40975 1 1 1
v -0.419705 1.0441 3.40298 1 1 1
v -0.425871 1.04992 3.39929 1 1 1
v 0.419705 1.0441 3.40298 1 1 1
v 0.425871 1.04992 3.39929 1 1 1
v -0.439226 1.06253 3.39128 1 1 1
v -0.44331 1.0664 3.38883 1 1 1
v 0.439226 1.06253 3.39128 1 1 1
v 0.44331 1.0664 3.38883 1 1 1
v -0.458747 1.08101 3.37955 1 1 1
v -0.46072 1.08288 3.37837 1 1 1
v 0.458748 1.08101 3.37955 1 1 1
v 0.46072 1.08288 3.37837 1 1 1
v -0.478173 1.09937 3.36791 1 1 1
v 0.478173 1.09937 3.36791 1 1 1
v -0.478269 1.09946 3.36785 1 1 1
v -0.49555 1.11585 3.35744 1 1 1
v 0.478269 1.09946 3.36785 1 1 1
v 0.49555 1.11585 3.35744 1 1 1
v -0.49779 1.11795 3.35611 1 1 1
v -0.513161 1.13233 3.34698 1 1 1
v 0.49779 1.11795 3.35611 1 1 1
v 0.513161 1.13233 3.34698 1 1 1
v -0.517311 1.13623 3.34451 1 1 1
v -0.530657 1.14881 3.33652 1 1 1
v 0.517311 1.13623 3.34451 1 1 1
v 0.530657 1.14881 3.33652 1 1 1
v -0.536832 1.15462 3.33283 1 1 1
v -0.548234 1.16529 3.32606 1 1 1
v 0.536832 1.15462 3.33283 1 1 1
v 0.548234 1.16529 3.32606 1 1 1
v -0.556353 1.17282 3.32128 1 1 1
v -0.565937 1.18177 3.3156 1 1 1
v 0.556353 1.17282 3.32128 1 1 1
v 0.565937 1.18177 3.3156 1 1 1
v -0.575874 1.19112 3.30967 1 1 1
v -0.583526 1.19826 3.30514 1 1 1
v 0.575874 1.19112 3.30967 1 1 1
v 0.583526 1.19826 3.30514 1 1 1
v -0.595396 1.20944 3.29805 1 1 1
v -0.601032 1.21474 3.29468 1 1 1
v 0.595396 1.20944 3.29805 1 1 1
v 0.601032 1.21474 3.29468 1 1 1
v -0.614917 1.22788 3.28634 1 1 1
v -0.618362 1.23122 3.28422 1 1 1
v 0.614917 1.22788 3.28634 1 1 1
v 0.618362 1.23122 3.28422 1 1 1
v -0.634438 1.24748 3.2739 1 1 1
v -0.634643 1.2477 3.27376 1 1 1
v 0.634438 1.24748 3.2739 1 1 1
v 0.634643 1.2477 3.27376 1 1 1
v -0.646716 1.26418 3.2633 1 1 1
v 0.646716 1.26418 3.2633 1 1 1
v -0.652009 1.28067 3.25284 1 1 1
v 0.652009 1.28067 3.25284 1 1 1
v -0.65147 1.29715 3.24238 1 1 1
v -0.16593 1.29698 3.24248 1 1 1
v -0.167289 1.29715 3.24238 1 1 1
v -0.146409 1.29502 3.24373 1 1 1
v -0.126888 1.29316 3.24491 1 1 1
v -0.107366 1.29117 3.24617 1 1 1
v -0.0878452 1.28929 3.24736 1 1 1
v -0.0683241 1.28794 3.24822 1 1 1
v -0.0488029 1.28734 3.2486 1 1 1
v -0.0292817 1.28721 3.24869 1 1 1
v -0.0097605 1.28726 3.24866 1 1 1
v 0.00976062 1.28726 3.24866 1 1 1
v 0.0292817 1.28721 3.24869 1 1 1
v 0.048803 1.28734 3.2486 1 1 1
v 0.0683241 1.28794 3.24822 1 1 1
v 0.0878453 1.28929 3.24736 1 1 1
v 0.107366 1.29117 3.24617 1 1 1
v 0.126888 1.29316 3.24491 1 1 1
v 0.146409 1.29502 3.24373 1 1 1
v 0.16593 1.29698 3.24248 1 1 1
v 0.167289 1.29715 3.24238 1 1 1
v 0.65147 1.29715 3.24238 1 1 1
v -0.646972 1.31363 3.23192 1 1 1
v -0.244015 1.30975 3.23438 1 1 1
v -0.263126 1.31363 3.23192 1 1 1
v -0.224493 1.30595 3.23679 1 1 1
v -0.204972 1.30244 3.23902 1 1 1
v -0.185451 1.29941 3.24094 1 1 1
v 0.185451 1.29941 3.24094 1 1 1
v 0.204972 1.30244 3.23902 1 1 1
v 0.224494 1.30595 3.23679 1 1 1
v 0.244015 1.30975 3.23438 1 1 1
v 0.263126 1.31363 3.23192 1 1 1
v 0.646972 1.31363 3.23192 1 1 1
v -0.637385 1.33011 3.22146 1 1 1
v -0.34162 1.32884 3.22227 1 1 1
v -0.348277 1.33011 3.22146 1 1 1
v -0.322099 1.32503 3.22468 1 1 1
v -0.302578 1.32121 3.22711 1 1 1
v -0.283057 1.31752 3.22945 1 1 1
v -0.263536 1.31372 3.23186 1 1 1
v 0.263536 1.31372 3.23186 1 1 1
v 0.283057 1.31752 3.22945 1 1 1
v 0.302578 1.32121 3.22711 1 1 1
v 0.322099 1.32503 3.22468 1 1 1
v 0.34162 1.32884 3.22227 1 1 1
v 0.348277 1.33011 3.22146 1 1 1
v 0.637384 1.33011 3.22146 1 1 1
v -0.634438 1.33309 3.21957 1 1 1
v -0.614917 1.34278 3.21342 1 1 1
v -0.598843 1.34659 3.211 1 1 1
v -0.439226 1.34552 3.21168 1 1 1
v -0.449485 1.34659 3.211 1 1 1
v -0.419705 1.34311 3.2132 1 1 1
v -0.400184 1.34016 3.21508 1 1 1
v -0.380663 1.33659 3.21735 1 1 1
v -0.361142 1.33273 3.2198 1 1 1
v 0.361142 1.33273 3.2198 1 1 1
v 0.380663 1.33659 3.21735 1 1 1
v 0.400184 1.34016 3.21508 1 1 1
v 0.419705 1.34311 3.2132 1 1 1
v 0.439226 1.34552 3.21168 1 1 1
v 0.449485 1.34659 3.211 1 1 1
v 0.614917 1.34278 3.21342 1 1 1
v 0.598843 1.34659 3.211 1 1 1
v 0.634438 1.33309 3.21957 1 1 1
v -0.595396 1.3473 3.21055 1 1 1
v -0.575874 1.35058 3.20846 1 1 1
v -0.556353 1.3529 3.20699 1 1 1
v -0.536832 1.35368 3.2065 1 1 1
v -0.517311 1.35305 3.2069 1 1 1
v -0.49779 1.35148 3.20789 1 1 1
v -0.478269 1.34958 3.2091 1 1 1
v -0.458747 1.34764 3.21033 1 1 1
v 0.458748 1.34764 3.21033 1 1 1
v 0.478269 1.34958 3.2091 1 1 1
v 0.49779 1.35148 3.20789 1 1 1
v 0.517311 1.35305 3.2069 1 1 1
v 0.536832 1.35368 3.2065 1 1 1
v 0.556353 1.3529 3.20699 1 1 1
v 0.575874 1.35058 3.20846 1 1 1
v 0.595396 1.3473 3.21055 1 1 1
v -0.146409 0.944857 3.67192 1 1 1
v -0.149799 0.945506 3.67147 1 1 1
v -0.126888 0.942606 3.67347 1 1 1
v -0.107366 0.941702 3.6741 1 1 1
v -0.0878452 0.941453 3.67427 1 1 1
v -0.0683241 0.94142 3.6743 1 1 1
v -0.0488029 0.941487 3.67425 1 1 1
v -0.0292817 0.941583 3.67418 1 1 1
v -0.0097605 0.941443 3.67428 1 1 1
v 0.00976062 0.941443 3.67428 1 1 1
v 0.0292817 0.941583 3.67418 1 1 1
v 0.048803 0.941487 3.67425 1 1 1
v 0.0683241 0.94142 3.6743 1 1 1
v 0.0878453 0.941453 3.67427 1 1 1
v 0.107366 0.941702 3.6741 1 1 1
v 0.126888 0.942606 3.67347 1 1 1
v 0.146409 0.944857 3.67192 1 1 1
v 0.1498 0.945506 3.67147 1 1 1
v -0.204972 0.959535 3.66174 1 1 1
v -0.210071 0.961551 3.66035 1 1 1
v -0.185451 0.953839 3.66569 1 1 1
v -0.16593 0.948806 3.66918 1 1 1
v 0.16593 0.948806 3.66918 1 1 1
v 0.185451 0.953839 3.66569 1 1 1
v 0.204972 0.959535 3.66174 1 1 1
v 0.210071 0.961551 3.66035 1 1 1
v -0.224493 0.967836 3.65599 1 1 1
v -0.239067 0.977596 3.64923 1 1 1
v 0.224494 0.967836 3.65599 1 1 1
v 0.239067 0.977596 3.64923 1 1 1
v -0.244015 0.981258 3.64669 1 1 1
v -0.258032 0.99364 3.63811 1 1 1
v 0.244015 0.981258 3.64669 1 1 1
v 0.258032 0.99364 3.63811 1 1 1
v -0.263536 0.998765 3.63456 1 1 1
v -0.27533 1.00969 3.62699 1 1 1
v 0.263536 0.998765 3.63456 1 1 1
v 0.27533 1.00969 3.62699 1 1 1
v -0.283057 1.01672 3.62211 1 1 1
v -0.292868 1.02573 3.61587 1 1 1
v 0.283057 1.01672 3.62211 1 1 1
v 0.292868 1.02573 3.61587 1 1 1
v -0.302578 1.03458 3.60974 1 1 1
v -0.31049 1.04177 3.60475 1 1 1
v 0.302578 1.03458 3.60974 1 1 1
v 0.31049 1.04177 3.60475 1 1 1
v -0.322099 1.05262 3.59723 1 1 1
v -0.327704 1.05782 3.59363 1 1 1
v 0.322099 1.05262 3.59723 1 1 1
v 0.327704 1.05782 3.59363 1 1 1
v -0.34162 1.07048 3.58486 1 1 1
v -0.345305 1.07386 3.58251 1 1 1
v 0.34162 1.07048 3.58486 1 1 1
v 0.345305 1.07386 3.58251 1 1 1
v -0.361142 1.08847 3.57238 1 1 1
v -0.362719 1.08991 3.57139 1 1 1
v 0.361142 1.08847 3.57238 1 1 1
v 0.362719 1.08991 3.57139 1 1 1
v -0.380281 1.10595 3.56027 1 1 1
v 0.380281 1.10595 3.56027 1 1 1
v -0.380663 1.10631 3.56003 1 1 1
v -0.397704 1.122 3.54915 1 1 1
v 0.380663 1.10631 3.56003 1 1 1
v 0.397704 1.122 3.54915 1 1 1
v -0.400184 1.12426 3.54758 1 1 1
v -0.41513 1.13804 3.53803 1 1 1
v 0.400184 1.12426 3.54758 1 1 1
v 0.41513 1.13804 3.53803 1 1 1
v -0.419705 1.14228 3.5351 1 1 1
v -0.432603 1.15409 3.52691 1 1 1
v 0.419705 1.14228 3.5351 1 1 1
v 0.432603 1.15409 3.52691 1 1 1
v -0.439226 1.16014 3.52272 1 1 1
v -0.450107 1.17013 3.51579 1 1 1
v 0.439226 1.16014 3.52272 1 1 1
v 0.450107 1.17013 3.51579 1 1 1
v -0.458747 1.17807 3.51029 1 1 1
v -0.467589 1.18618 3.50467 1 1 1
v 0.458748 1.17807 3.51029 1 1 1
v 0.467589 1.18618 3.50467 1 1 1
v -0.478269 1.19601 3.49786 1 1 1
v -0.484992 1.20222 3.49355 1 1 1
v 0.478269 1.19601 3.49786 1 1 1
v 0.484992 1.20222 3.49355 1 1 1
v -0.49779 1.21399 3.4854 1 1 1
v -0.502462 1.21827 3.48243 1 1 1
v 0.49779 1.21399 3.4854 1 1 1
v 0.502462 1.21827 3.48243 1 1 1
v -0.517311 1.23198 3.47293 1 1 1
v -0.519822 1.23431 3.47132 1 1 1
v 0.517311 1.23198 3.47293 1 1 1
v 0.519822 1.23431 3.47132 1 1 1
v -0.536832 1.25006 3.4604 1 1 1
v -0.537151 1.25036 3.4602 1 1 1
v 0.536832 1.25006 3.4604 1 1 1
v 0.537151 1.25036 3.4602 1 1 1
v -0.55474 1.2664 3.44908 1 1 1
v 0.55474 1.2664 3.44908 1 1 1
v -0.556353 1.26791 3.44803 1 1 1
v -0.572013 1.28245 3.43796 1 1 1
v 0.556353 1.26791 3.44803 1 1 1
v 0.572013 1.28245 3.43796 1 1 1
v -0.575874 1.28601 3.43549 1 1 1
v -0.589328 1.29849 3.42684 1 1 1
v 0.575874 1.28601 3.43549 1 1 1
v 0.589328 1.29849 3.42684 1 1 1
v -0.595396 1.30405 3.42299 1 1 1
v -0.606668 1.31454 3.41572 1 1 1
v 0.595396 1.30405 3.42299 1 1 1
v 0.606668 1.31454 3.41572 1 1 1
v -0.614917 1.3225 3.4102 1 1 1
v -0.622993 1.33058 3.4046 1 1 1
v 0.614917 1.3225 3.4102 1 1 1
v 0.622993 1.33058 3.4046 1 1 1
v -0.634438 1.34481 3.39474 1 1 1
v -0.635768 1.34662 3.39348 1 1 1
v 0.634438 1.34481 3.39474 1 1 1
v 0.635768 1.34662 3.39348 1 1 1
v -0.641725 1.36267 3.38236 1 1 1
v 0.641725 1.36267 3.38236 1 1 1
v -0.641526 1.37871 3.37124 1 1 1
v -0.185451 1.37747 3.3721 1 1 1
v -0.193768 1.37871 3.37124 1 1 1
v -0.16593 1.37524 3.37365 1 1 1
v -0.146409 1.37345 3.37489 1 1 1
v -0.126888 1.37177 3.37605 1 1 1
v -0.107366 1.36996 3.37731 1 1 1
v -0.0878452 1.36825 3.37849 1 1 1
v -0.0683241 1.36699 3.37936 1 1 1
v -0.0488029 1.36643 3.37975 1 1 1
v -0.0292817 1.36632 3.37983 1 1 1
v -0.0097605 1.36636 3.3798 1 1 1
v 0.00976062 1.36636 3.3798 1 1 1
v 0.0292817 1.36632 3.37983 1 1 1
v 0.048803 1.36643 3.37975 1 1 1
v 0.0683241 1.36699 3.37936 1 1 1
v 0.0878453 1.36825 3.37849 1 1 1
v 0.107366 1.36996 3.37731 1 1 1
v 0.126888 1.37177 3.37605 1 1 1
v 0.146409 1.37345 3.37489 1 1 1
v 0.16593 1.37524 3.37365 1 1 1
v 0.185451 1.37747 3.3721 1 1 1
v 0.193768 1.37871 3.37124 1 1 1
v 0.641526 1.37871 3.37124 1 1 1
v -0.636465 1.39476 3.36012 1 1 1
v -0.263536 1.39156 3.36234 1 1 1
v -0.280195 1.39476 3.36012 1 1 1
v -0.244015 1.38765 3.36505 1 1 1
v -0.224493 1.38389 3.36766 1 1 1
v -0.204972 1.38041 3.37006 1 1 1
v 0.204972 1.38041 3.37006 1 1 1
v 0.224494 1.38389 3.36766 1 1 1
v 0.244015 1.38765 3.36505 1 1 1
v 0.263536 1.39156 3.36234 1 1 1
v 0.280195 1.39476 3.36012 1 1 1
v 0.636465 1.39476 3.36012 1 1 1
v -0.634438 1.39815 3.35777 1 1 1
v -0.621068 1.4108 3.349 1 1 1
v -0.361142 1.41031 3.34934 1 1 1
v -0.363726 1.4108 3.349 1 1 1
v -0.34162 1.4066 3.35191 1 1 1
v -0.322099 1.4028 3.35455 1 1 1
v -0.302578 1.39899 3.35719 1 1 1
v -0.283057 1.39531 3.35974 1 1 1
v 0.283057 1.39531 3.35974 1 1 1
v 0.302578 1.39899 3.35719 1 1 1
v 0.322099 1.4028 3.35455 1 1 1
v 0.34162 1.4066 3.35191 1 1 1
v 0.361142 1.41031 3.34934 1 1 1
v 0.363726 1.4108 3.349 1 1 1
v 0.634438 1.39815 3.35777 1 1 1
v 0.621068 1.4108 3.349 1 1 1
v -0.614917 1.41431 3.34657 1 1 1
v -0.595396 1.42063 3.34219 1 1 1
v -0.575874 1.42531 3.33895 1 1 1
v -0.567481 1.42685 3.33788 1 1 1
v -0.478269 1.4266 3.33805 1 1 1
v -0.481044 1.42685 3.33788 1 1 1
v -0.458747 1.4249 3.33923 1 1 1
v -0.439226 1.42303 3.34053 1 1 1
v -0.419705 1.42074 3.34212 1 1 1
v -0.400184 1.41781 3.34415 1 1 1
v -0.380663 1.41418 3.34666 1 1 1
v 0.380663 1.41418 3.34666 1 1 1
v 0.400184 1.41781 3.34415 1 1 1
v 0.419705 1.42074 3.34212 1 1 1
v 0.439226 1.42303 3.34053 1 1 1
v 0.458748 1.4249 3.33923 1 1 1
v 0.478269 1.4266 3.33805 1 1 1
v 0.481044 1.42685 3.33788 1 1 1
v 0.575874 1.42531 3.33895 1 1 1
v 0.567481 1.42685 3.33788 1 1 1
v 0.595396 1.42063 3.34219 1 1 1
v 0.614917 1.41431 3.34657 1 1 1
v -0.556353 1.42863 3.33664 1 1 1
v -0.536832 1.43003 3.33568 1 1 1
v -0.517311 1.42974 3.33588 1 1 1
v -0.49779 1.42837 3.33682 1 1 1
v 0.49779 1.42837 3.33682 1 1 1
v 0.517311 1.42974 3.33588 1 1 1
v 0.536832 1.43003 3.33568 1 1 1
v 0.556353 1.42863 3.33664 1 1 1
v -0.185451 1.06227 3.80536 1 1 1
v -0.185977 1.06244 3.80523 1 1 1
v -0.16593 1.05657 3.80977 1 1 1
v -0.146409 1.05198 3.81332 1 1 1
v -0.126888 1.04931 3.8154 1 1 1
v -0.107366 1.04821 3.81624 1 1 1
v -0.0878452 1.04793 3.81646 1 1 1
v -0.0683241 1.04789 3.81649 1 1 1
v -0.0488029 1.04798 3.81642 1 1 1
v -0.0292817 1.04809 3.81634 1 1 1
v -0.0097605 1.04796 3.81644 1 1 1
v 0.00976062 1.04796 3.81644 1 1 1
v 0.0292817 1.04809 3.81634 1 1 1
v 0.048803 1.04798 3.81642 1 1 1
v 0.0683241 1.04789 3.81649 1 1 1
v 0.0878453 1.04793 3.81646 1 1 1
v 0.107366 1.04821 3.81624 1 1 1
v 0.126888 1.04931 3.8154 1 1 1
v 0.146409 1.05198 3.81332 1 1 1
v 0.16593 1.05657 3.80977 1 1 1
v 0.185451 1.06227 3.80536 1 1 1
v 0.185977 1.06244 3.80523 1 1 1
v -0.204972 1.06873 3.80036 1 1 1
v -0.224126 1.07787 3.79328 1 1 1
v 0.204972 1.06873 3.80036 1 1 1
v 0.224126 1.07787 3.79328 1 1 1
v -0.244015 1.09212 3.78225 1 1 1
v -0.245428 1.09331 3.78133 1 1 1
v -0.224493 1.07807 3.79313 1 1 1
v 0.224494 1.07807 3.79313 1 1 1
v 0.244015 1.09212 3.78225 1 1 1
v 0.245428 1.09331 3.78133 1 1 1
v -0.262803 1.10874 3.76937 1 1 1
v 0.262803 1.10874 3.76937 1 1 1
v -0.263536 1.10938 3.76888 1 1 1
v -0.280619 1.12418 3.75742 1 1 1
v 0.263536 1.10938 3.76888 1 1 1
v 0.280619 1.12418 3.75742 1 1 1
v -0.283057 1.12631 3.75577 1 1 1
v -0.298375 1.13961 3.74547 1 1 1
v 0.283057 1.12631 3.75577 1 1 1
v 0.298375 1.13961 3.74547 1 1 1
v -0.302578 1.14331 3.74261 1 1 1
v -0.315743 1.15505 3.73352 1 1 1
v 0.302578 1.14331 3.74261 1 1 1
v 0.315743 1.15505 3.73352 1 1 1
v -0.322099 1.16054 3.72927 1 1 1
v -0.33358 1.17048 3.72157 1 1 1
v 0.322099 1.16054 3.72927 1 1 1
v 0.33358 1.17048 3.72157 1 1 1
v -0.34162 1.17766 3.71601 1 1 1
v -0.350976 1.18592 3.70962 1 1 1
v 0.34162 1.17766 3.71601 1 1 1
v 0.350976 1.18592 3.70962 1 1 1
v -0.361142 1.19477 3.70276 1 1 1
v -0.368687 1.20135 3.69766 1 1 1
v 0.361142 1.19477 3.70276 1 1 1
v 0.368687 1.20135 3.69766 1 1 1
v -0.380663 1.21192 3.68948 1 1 1
v -0.386197 1.21679 3.68571 1 1 1
v 0.380663 1.21192 3.68948 1 1 1
v 0.386197 1.21679 3.68571 1 1 1
v -0.400184 1.22897 3.67628 1 1 1
v -0.403874 1.23222 3.67376 1 1 1
v 0.400184 1.22897 3.67628 1 1 1
v 0.403874 1.23222 3.67376 1 1 1
v -0.419705 1.24623 3.66291 1 1 1
v -0.421337 1.24766 3.66181 1 1 1
v 0.419705 1.24623 3.66291 1 1 1
v 0.421337 1.24766 3.66181 1 1 1
v -0.439032 1.26309 3.64986 1 1 1
v 0.439032 1.26309 3.64986 1 1 1
v -0.439226 1.26327 3.64973 1 1 1
v -0.45656 1.27853 3.63791 1 1 1
v 0.439226 1.26327 3.64973 1 1 1
v 0.45656 1.27853 3.63791 1 1 1
v -0.458747 1.28046 3.63641 1 1 1
v -0.473985 1.29396 3.62596 1 1 1
v 0.458748 1.28046 3.63641 1 1 1
v 0.473985 1.29396 3.62596 1 1 1
v -0.478269 1.2978 3.62299 1 1 1
v -0.491281 1.3094 3.614 1 1 1
v 0.478269 1.2978 3.62299 1 1 1
v 0.491281 1.3094 3.614 1 1 1
v -0.49779 1.31525 3.60947 1 1 1
v -0.508416 1.32483 3.60205 1 1 1
v 0.49779 1.31525 3.60947 1 1 1
v 0.508416 1.32483 3.60205 1 1 1
v -0.517311 1.3328 3.59588 1 1 1
v -0.525557 1.34027 3.5901 1 1 1
v 0.517311 1.3328 3.59588 1 1 1
v 0.525557 1.34027 3.5901 1 1 1
v -0.536832 1.35038 3.58227 1 1 1
v -0.542804 1.3557 3.57815 1 1 1
v 0.536832 1.35038 3.58227 1 1 1
v 0.542803 1.3557 3.57815 1 1 1
v -0.556353 1.3681 3.56855 1 1 1
v -0.559688 1.37114 3.5662 1 1 1
v 0.556353 1.3681 3.56855 1 1 1
v 0.559688 1.37114 3.5662 1 1 1
v -0.575874 1.38577 3.55487 1 1 1
v -0.576755 1.38657 3.55425 1 1 1
v 0.575874 1.38577 3.55487 1 1 1
v 0.576755 1.38657 3.55425 1 1 1
v -0.593983 1.40201 3.54229 1 1 1
v 0.593983 1.40201 3.54229 1 1 1
v -0.595396 1.40332 3.54128 1 1 1
v -0.610254 1.41744 3.53034 1 1 1
v 0.595396 1.40332 3.54128 1 1 1
v 0.610254 1.41744 3.53034 1 1 1
v -0.614917 1.4226 3.52635 1 1 1
v -0.623459 1.43288 3.51839 1 1 1
v 0.614917 1.4226 3.52635 1 1 1
v 0.623459 1.43288 3.51839 1 1 1
v -0.630026 1.44831 3.50644 1 1 1
v 0.630026 1.44831 3.50644 1 1 1
v -0.629864 1.46375 3.49449 1 1 1
v -0.204972 1.46166 3.4961 1 1 1
v -0.216946 1.46375 3.49449 1 1 1
v -0.185451 1.45888 3.49826 1 1 1
v -0.16593 1.45684 3.49984 1 1 1
v -0.146409 1.45524 3.50107 1 1 1
v -0.126888 1.45376 3.50223 1 1 1
v -0.107366 1.45216 3.50346 1 1 1
v -0.0878452 1.45064 3.50464 1 1 1
v -0.0683241 1.4495 3.50552 1 1 1
v -0.0488029 1.44899 3.50592 1 1 1
v -0.0292817 1.4489 3.50599 1 1 1
v -0.0097605 1.44894 3.50595 1 1 1
v 0.00976062 1.44894 3.50595 1 1 1
v 0.0292817 1.4489 3.50599 1 1 1
v 0.048803 1.44899 3.50592 1 1 1
v 0.0683241 1.4495 3.50552 1 1 1
v 0.0878453 1.45064 3.50464 1 1 1
v 0.107366 1.45216 3.50346 1 1 1
v 0.126888 1.45376 3.50223 1 1 1
v 0.146409 1.45524 3.50107 1 1 1
v 0.16593 1.45684 3.49984 1 1 1
v 0.185451 1.45888 3.49826 1 1 1
v 0.204972 1.46166 3.4961 1 1 1
v 0.216946 1.46375 3.49449 1 1 1
v 0.629864 1.46375 3.49449 1 1 1
v -0.622078 1.47918 3.48254 1 1 1
v -0.283057 1.47623 3.48482 1 1 1
v -0.298919 1.47918 3.48254 1 1 1
v -0.263536 1.47256 3.48767 1 1 1
v -0.244015 1.46874 3.49062 1 1 1
v -0.224493 1.46506 3.49347 1 1 1
v 0.224494 1.46506 3.49347 1 1 1
v 0.244015 1.46874 3.49062 1 1 1
v 0.263536 1.47256 3.48767 1 1 1
v 0.283057 1.47623 3.48482 1 1 1
v 0.298919 1.47918 3.48254 1 1 1
v 0.622078 1.47918 3.48254 1 1 1
v -0.614917 1.48614 3.47715 1 1 1
v -0.599267 1.49462 3.47059 1 1 1
v -0.361142 1.49102 3.47337 1 1 1
v -0.380214 1.49462 3.47059 1 1 1
v -0.34162 1.48737 3.4762 1 1 1
v -0.322099 1.48361 3.47911 1 1 1
v -0.302578 1.47986 3.48201 1 1 1
v 0.302578 1.47986 3.48201 1 1 1
v 0.322099 1.48361 3.47911 1 1 1
v 0.34162 1.48737 3.4762 1 1 1
v 0.361142 1.49102 3.47337 1 1 1
v 0.380214 1.49462 3.47059 1 1 1
v 0.614917 1.48614 3.47715 1 1 1
v 0.599267 1.49462 3.47059 1 1 1
v -0.595396 1.49614 3.46941 1 1 1
v -0.575874 1.50218 3.46473 1 1 1
v -0.556353 1.50674 3.4612 1 1 1
v -0.536832 1.50905 3.45941 1 1 1
v -0.517311 1.50917 3.45931 1 1 1
v -0.49779 1.50809 3.46016 1 1 1
v -0.478269 1.50656 3.46134 1 1 1
v -0.458747 1.50506 3.4625 1 1 1
v -0.439226 1.50339 3.46379 1 1 1
v -0.419705 1.50124 3.46546 1 1 1
v -0.400184 1.49834 3.4677 1 1 1
v -0.380663 1.49471 3.47052 1 1 1
v 0.380663 1.49471 3.47052 1 1 1
v 0.400184 1.49834 3.4677 1 1 1
v 0.419705 1.50124 3.46546 1 1 1
v 0.439226 1.50339 3.46379 1 1 1
v 0.458748 1.50506 3.4625 1 1 1
v 0.478269 1.50656 3.46134 1 1 1
v 0.49779 1.50809 3.46016 1 1 1
v 0.517311 1.50917 3.45931 1 1 1
v 0.536832 1.50905 3.45941 1 1 1
v 0.556353 1.50674 3.4612 1 1 1
v 0.575874 1.50218 3.46473 1 1 1
v 0.595396 1.49614 3.46941 1 1 1
v -0.146409 1.16897 3.95064 1 1 1
v -0.161705 1.17301 3.94707 1 1 1
v -0.126888 1.16587 3.95338 1 1 1
v -0.107366 1.16459 3.9545 1 1 1
v -0.0878452 1.16434 3.95472 1 1 1
v -0.0683241 1.1643 3.95476 1 1 1
v -0.0488029 1.16429 3.95477 1 1 1
v -0.0292817 1.16437 3.9547 1 1 1
v -0.0097605 1.16431 3.95475 1 1 1
v 0.00976062 1.16431 3.95475 1 1 1
v 0.0292817 1.16437 3.9547 1 1 1
v 0.048803 1.16429 3.95477 1 1 1
v 0.0683241 1.1643 3.95476 1 1 1
v 0.0878453 1.16434 3.95472 1 1 1
v 0.107366 1.16459 3.9545 1 1 1
v 0.126888 1.16587 3.95338 1 1 1
v 0.146409 1.16897 3.95064 1 1 1
v 0.161705 1.17301 3.94707 1 1 1
v -0.204972 1.18763 3.93416 1 1 1
v -0.204997 1.18765 3.93415 1 1 1
v -0.185451 1.1805 3.94046 1 1 1
v -0.16593 1.17421 3.94601 1 1 1
v 0.16593 1.17421 3.94601 1 1 1
v 0.185451 1.1805 3.94046 1 1 1
v 0.204972 1.18763 3.93416 1 1 1
v 0.204997 1.18765 3.93415 1 1 1
v -0.224493 1.19784 3.92515 1 1 1
v -0.23096 1.20228 3.92123 1 1 1
v 0.224494 1.19784 3.92515 1 1 1
v 0.23096 1.20228 3.92123 1 1 1
v -0.244015 1.21222 3.91245 1 1 1
v -0.249693 1.21691 3.90831 1 1 1
v 0.244015 1.21222 3.91245 1 1 1
v 0.249693 1.21691 3.90831 1 1 1
v -0.263536 1.22807 3.89845 1 1 1
v -0.267848 1.23154 3.89539 1 1 1
v 0.263536 1.22807 3.89845 1 1 1
v 0.267848 1.23154 3.89539 1 1 1
v -0.283057 1.24393 3.88445 1 1 1
v -0.285849 1.24618 3.88246 1 1 1
v 0.283057 1.24393 3.88445 1 1 1
v 0.285849 1.24618 3.88246 1 1 1
v -0.302578 1.25984 3.8704 1 1 1
v -0.30374 1.26081 3.86954 1 1 1
v 0.302578 1.25984 3.8704 1 1 1
v 0.30374 1.26081 3.86954 1 1 1
v -0.321947 1.27544 3.85662 1 1 1
v 0.321947 1.27544 3.85662 1 1 1
v -0.322099 1.27557 3.85651 1 1 1
v -0.339485 1.29008 3.8437 1 1 1
v 0.322099 1.27557 3.85651 1 1 1
v 0.339485 1.29008 3.8437 1 1 1
v -0.34162 1.29179 3.84219 1 1 1
v -0.35754 1.30471 3.83078 1 1 1
v 0.34162 1.29179 3.84219 1 1 1
v 0.35754 1.30471 3.83078 1 1 1
v -0.361142 1.30773 3.82812 1 1 1
v -0.375228 1.31934 3.81786 1 1 1
v 0.361142 1.30773 3.82812 1 1 1
v 0.375228 1.31934 3.81786 1 1 1
v -0.380663 1.32371 3.814 1 1 1
v -0.393293 1.33398 3.80494 1 1 1
v 0.380663 1.32371 3.814 1 1 1
v 0.393293 1.33398 3.80494 1 1 1
v -0.400184 1.33968 3.79991 1 1 1
v -0.41099 1.34861 3.79202 1 1 1
v 0.400184 1.33968 3.79991 1 1 1
v 0.41099 1.34861 3.79202 1 1 1
v -0.419705 1.35573 3.78573 1 1 1
v -0.42893 1.36324 3.7791 1 1 1
v 0.419705 1.35573 3.78573 1 1 1
v 0.42893 1.36324 3.7791 1 1 1
v -0.439226 1.37186 3.77149 1 1 1
v -0.446493 1.37788 3.76618 1 1 1
v 0.439226 1.37186 3.77149 1 1 1
v 0.446493 1.37788 3.76618 1 1 1
v -0.458747 1.38815 3.75711 1 1 1
v -0.463933 1.39251 3.75326 1 1 1
v 0.458748 1.38815 3.75711 1 1 1
v 0.463933 1.39251 3.75326 1 1 1
v -0.478269 1.40482 3.74239 1 1 1
v -0.480982 1.40714 3.74034 1 1 1
v 0.478269 1.40482 3.74239 1 1 1
v 0.480982 1.40714 3.74034 1 1 1
v -0.49776 1.42178 3.72742 1 1 1
v 0.497761 1.42178 3.72742 1 1 1
v -0.514581 1.43641 3.7145 1 1 1
v 0.514581 1.43641 3.7145 1 1 1
v -0.517311 1.4388 3.71238 1 1 1
v -0.531285 1.45104 3.70157 1 1 1
v 0.517311 1.4388 3.71238 1 1 1
v 0.531285 1.45104 3.70157 1 1 1
v -0.536832 1.45585 3.69733 1 1 1
v -0.547834 1.46568 3.68865 1 1 1
v 0.536832 1.45585 3.69733 1 1 1
v 0.547834 1.46568 3.68865 1 1 1
v -0.556353 1.47318 3.68203 1 1 1
v -0.564433 1.48031 3.67573 1 1 1
v 0.556353 1.47318 3.68203 1 1 1
v 0.564433 1.48031 3.67573 1 1 1
v -0.575874 1.49041 3.66682 1 1 1
v -0.581048 1.49494 3.66281 1 1 1
v 0.575874 1.49041 3.66681 1 1 1
v 0.581048 1.49494 3.66281 1 1 1
v -0.595396 1.50807 3.65122 1 1 1
v -0.596997 1.50958 3.64989 1 1 1
v 0.595396 1.50807 3.65122 1 1 1
v 0.596997 1.50958 3.64989 1 1 1
v -0.610303 1.52421 3.63697 1 1 1
v 0.610303 1.52421 3.63697 1 1 1
v -0.614917 1.53378 3.62852 1 1 1
v -0.617128 1.53884 3.62405 1 1 1
v -0.0878452 1.53795 3.62484 1 1 1
v -0.101999 1.53884 3.62405 1 1 1
v -0.0683241 1.53702 3.62566 1 1 1
v -0.0488029 1.5366 3.62603 1 1 1
v -0.0292817 1.53654 3.62608 1 1 1
v -0.0097605 1.53658 3.62605 1 1 1
v 0.00976062 1.53658 3.62605 1 1 1
v 0.0292817 1.53654 3.62608 1 1 1
v 0.048803 1.5366 3.62603 1 1 1
v 0.0683241 1.53702 3.62566 1 1 1
v 0.0878453 1.53795 3.62484 1 1 1
v 0.101998 1.53884 3.62405 1 1 1
v 0.614917 1.53378 3.62852 1 1 1
v 0.617128 1.53884 3.62405 1 1 1
v -0.616476 1.55347 3.61113 1 1 1
v -0.224493 1.5509 3.61341 1 1 1
v -0.238508 1.55347 3.61113 1 1 1
v -0.204972 1.54766 3.61626 1 1 1
v -0.185451 1.54508 3.61854 1 1 1
v -0.16593 1.54325 3.62016 1 1 1
v -0.146409 1.54185 3.62139 1 1 1
v -0.126888 1.54057 3.62252 1 1 1
v -0.107366 1.5392 3.62373 1 1 1
v 0.107366 1.5392 3.62373 1 1 1
v 0.126888 1.54057 3.62252 1 1 1
v 0.146409 1.54185 3.62139 1 1 1
v 0.16593 1.54325 3.62016 1 1 1
v 0.185451 1.54508 3.61854 1 1 1
v 0.204972 1.54766 3.61626 1 1 1
v 0.224494 1.5509 3.61341 1 1 1
v 0.238507 1.55347 3.61113 1 1 1
v 0.616476 1.55347 3.61113 1 1 1
v -0.614917 1.5563 3.60864 1 1 1
v -0.604598 1.56811 3.59821 1 1 1
v -0.302578 1.56528 3.6007 1 1 1
v -0.318061 1.56811 3.59821 1 1 1
v -0.283057 1.5617 3.60387 1 1 1
v -0.263536 1.55814 3.60701 1 1 1
v -0.244015 1.55448 3.61024 1 1 1
v 0.244015 1.55448 3.61024 1 1 1
v 0.263536 1.55814 3.60701 1 1 1
v 0.283057 1.5617 3.60387 1 1 1
v 0.302578 1.56528 3.6007 1 1 1
v 0.318061 1.56811 3.59821 1 1 1
v 0.614917 1.5563 3.60864 1 1 1
v 0.604598 1.56811 3.59821 1 1 1
v -0.595396 1.57407 3.59294 1 1 1
v -0.576694 1.58274 3.58529 1 1 1
v -0.380663 1.57982 3.58786 1 1 1
v -0.397997 1.58274 3.58529 1 1 1
v -0.361142 1.5761 3.59115 1 1 1
v -0.34162 1.57254 3.59429 1 1 1
v -0.322099 1.56886 3.59754 1 1 1
v 0.322099 1.56886 3.59754 1 1 1
v 0.34162 1.57254 3.59429 1 1 1
v 0.361142 1.5761 3.59115 1 1 1
v 0.380663 1.57982 3.58786 1 1 1
v 0.397997 1.58274 3.58529 1 1 1
v 0.595396 1.57407 3.59294 1 1 1
v 0.576694 1.58274 3.58529 1 1 1
v -0.575874 1.58304 3.58503 1 1 1
v -0.556353 1.58878 3.57996 1 1 1
v -0.536832 1.59203 3.57708 1 1 1
v -0.517311 1.59275 3.57645 1 1 1
v -0.49779 1.59202 3.5771 1 1 1
v -0.478269 1.59071 3.57825 1 1 1
v -0.458747 1.58943 3.57938 1 1 1
v -0.439226 1.58797 3.58067 1 1 1
v -0.419705 1.58597 3.58243 1 1 1
v -0.400184 1.58314 3.58494 1 1 1
v 0.400184 1.58314 3.58494 1 1 1
v 0.419705 1.58597 3.58243 1 1 1
v 0.439226 1.58797 3.58067 1 1 1
v 0.458748 1.58943 3.57938 1 1 1
v 0.478269 1.59071 3.57825 1 1 1
v 0.49779 1.59202 3.5771 1 1 1
v 0.517311 1.59275 3.57645 1 1 1
v 0.536832 1.59203 3.57708 1 1 1
v 0.556353 1.58878 3.57996 1 1 1
v 0.575874 1.58304 3.58503 1 1 1
v -0.126888 1.29038 4.08197 1 1 1
v -0.134223 1.29168 4.08068 1 1 1
v -0.107366 1.28891 4.08344 1 1 1
v -0.0878452 1.2887 4.08365 1 1 1
v -0.0683241 1.28866 4.08369 1 1 1
v -0.0488029 1.28853 4.08382 1 1 1
v -0.0292817 1.28857 4.08378 1 1 1
v -0.0097605 1.28861 4.08374 1 1 1
v 0.00976062 1.28861 4.08374 1 1 1
v 0.0292817 1.28857 4.08378 1 1 1
v 0.048803 1.28853 4.08382 1 1 1
v 0.0683241 1.28866 4.08369 1 1 1
v 0.0878453 1.2887 4.08365 1 1 1
v 0.107366 1.28891 4.08344 1 1 1
v 0.126888 1.29038 4.08197 1 1 1
v 0.134223 1.29168 4.08068 1 1 1
v -0.16593 1.29995 4.07243 1 1 1
v -0.182026 1.3055 4.0669 1 1 1
v -0.146409 1.29404 4.07832 1 1 1
v 0.146409 1.29404 4.07832 1 1 1
v 0.16593 1.29995 4.07243 1 1 1
v 0.182026 1.3055 4.0669 1 1 1
v -0.204972 1.31461 4.05782 1 1 1
v -0.214019 1.31933 4.05311 1 1 1
v -0.185451 1.30673 4.06568 1 1 1
v 0.185451 1.30673 4.06568 1 1 1
v 0.204972 1.31461 4.05782 1 1 1
v 0.214019 1.31933 4.05311 1 1 1
v -0.224493 1.32533 4.04713 1 1 1
v -0.235601 1.33315 4.03933 1 1 1
v 0.224494 1.32533 4.04713 1 1 1
v 0.235601 1.33315 4.03933 1 1 1
v -0.244015 1.33914 4.03337 1 1 1
v -0.254653 1.34698 4.02555 1 1 1
v 0.244015 1.33914 4.03337 1 1 1
v 0.254653 1.34698 4.02555 1 1 1
v -0.263536 1.35377 4.01877 1 1 1
v -0.272948 1.3608 4.01177 1 1 1
v 0.263536 1.35377 4.01877 1 1 1
v 0.272948 1.3608 4.01177 1 1 1
v -0.283057 1.36819 4.0044 1 1 1
v -0.291666 1.37463 3.99798 1 1 1
v 0.283057 1.36819 4.0044 1 1 1
v 0.291666 1.37463 3.99798 1 1 1
v -0.302578 1.38269 3.98994 1 1 1
v -0.310389 1.38845 3.9842 1 1 1
v 0.302578 1.38269 3.98994 1 1 1
v 0.310389 1.38845 3.9842 1 1 1
v -0.322099 1.39738 3.9753 1 1 1
v -0.328465 1.40227 3.97042 1 1 1
v 0.322099 1.39738 3.9753 1 1 1
v 0.328465 1.40227 3.97042 1 1 1
v -0.34162 1.41196 3.96076 1 1 1
v -0.347156 1.4161 3.95664 1 1 1
v 0.34162 1.41196 3.96076 1 1 1
v 0.347156 1.4161 3.95664 1 1 1
v -0.361142 1.42692 3.94585 1 1 1
v -0.365092 1.42992 3.94285 1 1 1
v 0.361142 1.42692 3.94585 1 1 1
v 0.365092 1.42992 3.94285 1 1 1
v -0.380663 1.44146 3.93135 1 1 1
v -0.383706 1.44375 3.92907 1 1 1
v 0.380663 1.44146 3.93135 1 1 1
v 0.383706 1.44375 3.92907 1 1 1
v -0.400184 1.45632 3.91653 1 1 1
v -0.401819 1.45757 3.91529 1 1 1
v 0.400184 1.45632 3.91653 1 1 1
v 0.401819 1.45757 3.91529 1 1 1
v -0.419705 1.47107 3.90183 1 1 1
v -0.420145 1.4714 3.9015 1 1 1
v 0.419705 1.47107 3.90183 1 1 1
v 0.420145 1.4714 3.9015 1 1 1
v -0.437775 1.48522 3.88772 1 1 1
v 0.437775 1.48522 3.88772 1 1 1
v -0.439226 1.48638 3.88656 1 1 1
v -0.455147 1.49905 3.87394 1 1 1
v 0.439226 1.48638 3.88656 1 1 1
v 0.455147 1.49905 3.87394 1 1 1
v -0.458747 1.50202 3.87098 1 1 1
v -0.471868 1.51287 3.86016 1 1 1
v 0.458748 1.50202 3.87098 1 1 1
v 0.471868 1.51287 3.86016 1 1 1
v -0.478269 1.51829 3.85475 1 1 1
v -0.488121 1.52669 3.84637 1 1 1
v 0.478269 1.51829 3.85475 1 1 1
v 0.488122 1.52669 3.84637 1 1 1
v -0.49779 1.53492 3.83817 1 1 1
v -0.504342 1.54052 3.83259 1 1 1
v 0.49779 1.53492 3.83817 1 1 1
v 0.504342 1.54052 3.83259 1 1 1
v -0.517311 1.55167 3.82147 1 1 1
v -0.5204 1.55434 3.81881 1 1 1
v 0.517311 1.55167 3.82147 1 1 1
v 0.5204 1.55434 3.81881 1 1 1
v -0.536637 1.56817 3.80503 1 1 1
v 0.536637 1.56817 3.80503 1 1 1
v -0.536832 1.56833 3.80486 1 1 1
v -0.552435 1.58199 3.79124 1 1 1
v 0.536832 1.56833 3.80486 1 1 1
v 0.552435 1.58199 3.79124 1 1 1
v -0.556353 1.58543 3.78782 1 1 1
v -0.568158 1.59582 3.77746 1 1 1
v 0.556353 1.58543 3.78782 1 1 1
v 0.568158 1.59582 3.77746 1 1 1
v -0.575874 1.60285 3.77045 1 1 1
v -0.583287 1.60964 3.76368 1 1 1
v 0.575874 1.60285 3.77045 1 1 1
v 0.583287 1.60964 3.76368 1 1 1
v -0.595396 1.62242 3.75094 1 1 1
v -0.596339 1.62346 3.7499 1 1 1
v 0.595396 1.62242 3.75094 1 1 1
v 0.596339 1.62346 3.7499 1 1 1
v -0.602308 1.63729 3.73611 1 1 1
v -0.146409 1.63652 3.73688 1 1 1
v -0.159698 1.63729 3.73611 1 1 1
v -0.126888 1.6355 3.7379 1 1 1
v -0.107366 1.63441 3.73898 1 1 1
v -0.0878452 1.63339 3.74 1 1 1
v -0.0683241 1.63263 3.74076 1 1 1
v -0.0488029 1.63227 3.74111 1 1 1
v -0.0292817 1.63223 3.74116 1 1 1
v -0.0097605 1.63226 3.74112 1 1 1
v 0.00976062 1.63226 3.74112 1 1 1
v 0.0292817 1.63223 3.74116 1 1 1
v 0.048803 1.63227 3.74111 1 1 1
v 0.0683241 1.63263 3.74076 1 1 1
v 0.0878453 1.63339 3.74 1 1 1
v 0.107366 1.63441 3.73898 1 1 1
v 0.126888 1.6355 3.7379 1 1 1
v 0.146409 1.63652 3.73688 1 1 1
v 0.159698 1.63729 3.73611 1 1 1
v 0.602308 1.63729 3.73611 1 1 1
v -0.600172 1.65111 3.72233 1 1 1
v -0.244015 1.64828 3.72515 1 1 1
v -0.260177 1.65111 3.72233 1 1 1
v -0.224493 1.64474 3.72868 1 1 1
v -0.204972 1.6417 3.73172 1 1 1
v -0.185451 1.63931 3.7341 1 1 1
v -0.16593 1.63767 3.73573 1 1 1
v 0.16593 1.63767 3.73573 1 1 1
v 0.185451 1.63931 3.7341 1 1 1
v 0.204972 1.6417 3.73172 1 1 1
v 0.224494 1.64474 3.72868 1 1 1
v 0.244015 1.64828 3.72515 1 1 1
v 0.260177 1.65111 3.72233 1 1 1
v 0.600172 1.65111 3.72233 1 1 1
v -0.595396 1.65666 3.7168 1 1 1
v -0.585494 1.66494 3.70855 1 1 1
v -0.322099 1.6624 3.71108 1 1 1
v -0.337525 1.66494 3.70855 1 1 1
v -0.302578 1.65873 3.71474 1 1 1
v -0.283057 1.65516 3.7183 1 1 1
v -0.263536 1.65172 3.72172 1 1 1
v 0.263536 1.65172 3.72172 1 1 1
v 0.283057 1.65516 3.7183 1 1 1
v 0.302578 1.65873 3.71474 1 1 1
v 0.322099 1.6624 3.71108 1 1 1
v 0.337525 1.66494 3.70855 1 1 1
v 0.595396 1.65666 3.7168 1 1 1
v 0.585494 1.66494 3.70855 1 1 1
v -0.575874 1.67033 3.70318 1 1 1
v -0.556353 1.67875 3.69477 1 1 1
v -0.556324 1.67876 3.69476 1 1 1
v -0.419705 1.6787 3.69483 1 1 1
v -0.420625 1.67876 3.69476 1 1 1
v -0.400184 1.67645 3.69707 1 1 1
v -0.380663 1.67295 3.70056 1 1 1
v -0.361142 1.66915 3.70435 1 1 1
v -0.34162 1.66569 3.7078 1 1 1
v 0.34162 1.66569 3.7078 1 1 1
v 0.361142 1.66915 3.70435 1 1 1
v 0.380663 1.67295 3.70056 1 1 1
v 0.400184 1.67645 3.69707 1 1 1
v 0.419705 1.6787 3.69483 1 1 1
v 0.420625 1.67876 3.69476 1 1 1
v 0.556353 1.67875 3.69477 1 1 1
v 0.556324 1.67876 3.69476 1 1 1
v 0.575874 1.67033 3.70318 1 1 1
v -0.536832 1.68302 3.69052 1 1 1
v -0.517311 1.68435 3.68919 1 1 1
v -0.49779 1.68397 3.68958 1 1 1
v -0.478269 1.68287 3.69067 1 1 1
v -0.458747 1.68179 3.69175 1 1 1
v -0.439226 1.68053 3.693 1 1 1
v 0.439226 1.68053 3.693 1 1 1
v 0.458748 1.68179 3.69175 1 1 1
v 0.478269 1.68287 3.69067 1 1 1
v 0.49779 1.68397 3.68958 1 1 1
v 0.517311 1.68435 3.68919 1 1 1
v 0.536832 1.68302 3.69052 1 1 1
v -0.146409 1.43304 4.2031 1 1 1
v -0.160897 1.43752 4.19773 1 1 1
v -0.126888 1.42898 4.20798 1 1 1
v -0.107366 1.42729 4.21 1 1 1
v -0.0878452 1.42707 4.21027 1 1 1
v -0.0683241 1.42704 4.21031 1 1 1
v -0.0488029 1.42685 4.21053 1 1 1
v -0.0292817 1.42686 4.21052 1 1 1
v -0.0097605 1.42698 4.21037 1 1 1
v 0.00976062 1.42698 4.21037 1 1 1
v 0.0292817 1.42686 4.21052 1 1 1
v 0.048803 1.42685 4.21053 1 1 1
v 0.0683241 1.42704 4.21031 1 1 1
v 0.0878453 1.42707 4.21027 1 1 1
v 0.107366 1.42729 4.21 1 1 1
v 0.126888 1.42898 4.20798 1 1 1
v 0.146409 1.43304 4.2031 1 1 1
v 0.160897 1.43752 4.19773 1 1 1
v -0.185451 1.44605 4.18749 1 1 1
v -0.195486 1.45002 4.18273 1 1 1
v -0.16593 1.43918 4.19574 1 1 1
v 0.16593 1.43918 4.19574 1 1 1
v 0.185451 1.44605 4.18749 1 1 1
v 0.195486 1.45002 4.18273 1 1 1
v -0.204972 1.45384 4.17814 1 1 1
v -0.221535 1.46251 4.16774 1 1 1
v 0.204972 1.45384 4.17814 1 1 1
v 0.221535 1.46251 4.16774 1 1 1
v -0.224493 1.46416 4.16576 1 1 1
v -0.242181 1.47501 4.15274 1 1 1
v 0.224494 1.46416 4.16576 1 1 1
v 0.242181 1.47501 4.15274 1 1 1
v -0.244015 1.47621 4.15131 1 1 1
v -0.261182 1.48751 4.13774 1 1 1
v 0.244015 1.47621 4.15131 1 1 1
v 0.261182 1.48751 4.13774 1 1 1
v -0.263536 1.48898 4.13598 1 1 1
v -0.281105 1.50001 4.12275 1 1 1
v 0.263536 1.48898 4.13598 1 1 1
v 0.281105 1.50001 4.12275 1 1 1
v -0.283057 1.50129 4.12121 1 1 1
v -0.300706 1.5125 4.10775 1 1 1
v 0.283057 1.50129 4.12121 1 1 1
v 0.300706 1.5125 4.10775 1 1 1
v -0.302578 1.51368 4.10634 1 1 1
v -0.319786 1.525 4.09275 1 1 1
v 0.302578 1.51368 4.10634 1 1 1
v 0.319786 1.525 4.09275 1 1 1
v -0.322099 1.52649 4.09096 1 1 1
v -0.339392 1.5375 4.07776 1 1 1
v 0.322099 1.52649 4.09096 1 1 1
v 0.339392 1.5375 4.07776 1 1 1
v -0.34162 1.53897 4.07599 1 1 1
v -0.357986 1.54999 4.06276 1 1 1
v 0.34162 1.53897 4.07599 1 1 1
v 0.357986 1.54999 4.06276 1 1 1
v -0.361142 1.55204 4.0603 1 1 1
v -0.377341 1.56249 4.04776 1 1 1
v 0.361142 1.55204 4.0603 1 1 1
v 0.377341 1.56249 4.04776 1 1 1
v -0.380663 1.56469 4.04512 1 1 1
v -0.396155 1.57499 4.03277 1 1 1
v 0.380663 1.56469 4.04512 1 1 1
v 0.396155 1.57499 4.03277 1 1 1
v -0.400184 1.57766 4.02956 1 1 1
v -0.415129 1.58749 4.01777 1 1 1
v 0.400184 1.57766 4.02956 1 1 1
v 0.415129 1.58749 4.01777 1 1 1
v -0.419705 1.59072 4.01389 1 1 1
v -0.433003 1.59998 4.00277 1 1 1
v 0.419705 1.59072 4.01389 1 1 1
v 0.433003 1.59998 4.00277 1 1 1
v -0.439226 1.60454 3.9973 1 1 1
v -0.450219 1.61248 3.98778 1 1 1
v 0.439226 1.60454 3.9973 1 1 1
v 0.450219 1.61248 3.98778 1 1 1
v -0.458747 1.61907 3.97987 1 1 1
v -0.466408 1.62498 3.97278 1 1 1
v 0.458748 1.61907 3.97987 1 1 1
v 0.466408 1.62498 3.97278 1 1 1
v -0.478269 1.63458 3.96126 1 1 1
v -0.481805 1.63747 3.95778 1 1 1
v 0.478269 1.63458 3.96126 1 1 1
v 0.481805 1.63747 3.95778 1 1 1
v -0.497136 1.64997 3.94279 1 1 1
v 0.497136 1.64997 3.94279 1 1 1
v -0.49779 1.65051 3.94214 1 1 1
v -0.51219 1.66247 3.92779 1 1 1
v 0.49779 1.65051 3.94214 1 1 1
v 0.51219 1.66247 3.92779 1 1 1
v -0.517311 1.6666 3.92283 1 1 1
v -0.527452 1.67497 3.91279 1 1 1
v 0.517311 1.6666 3.92283 1 1 1
v 0.527452 1.67497 3.91279 1 1 1
v -0.536832 1.68271 3.9035 1 1 1
v -0.54239 1.68746 3.8978 1 1 1
v 0.536832 1.68271 3.9035 1 1 1
v 0.542389 1.68746 3.8978 1 1 1
v -0.556353 1.69937 3.8835 1 1 1
v -0.557033 1.69996 3.8828 1 1 1
v 0.556353 1.69937 3.8835 1 1 1
v 0.557033 1.69996 3.8828 1 1 1
v -0.5708 1.71246 3.8678 1 1 1
v 0.5708 1.71246 3.8678 1 1 1
v -0.575874 1.71795 3.86121 1 1 1
v -0.582308 1.72495 3.85281 1 1 1
v 0.575874 1.71795 3.86121 1 1 1
v 0.582308 1.72495 3.85281 1 1 1
v -0.587537 1.73745 3.83781 1 1 1
v -0.185451 1.73586 3.83971 1 1 1
v -0.201748 1.73745 3.83781 1 1 1
v -0.16593 1.7345 3.84136 1 1 1
v -0.146409 1.73361 3.84242 1 1 1
v -0.126888 1.73277 3.84343 1 1 1
v -0.107366 1.73189 3.84448 1 1 1
v -0.0878452 1.7311 3.84543 1 1 1
v -0.0683241 1.73051 3.84614 1 1 1
v -0.0488029 1.73022 3.84649 1 1 1
v -0.0292817 1.73019 3.84653 1 1 1
v -0.0097605 1.73022 3.84649 1 1 1
v 0.00976062 1.73022 3.84649 1 1 1
v 0.0292817 1.73019 3.84653 1 1 1
v 0.048803 1.73022 3.84649 1 1 1
v 0.0683241 1.73051 3.84614 1 1 1
v 0.0878453 1.7311 3.84543 1 1 1
v 0.107366 1.73189 3.84448 1 1 1
v 0.126888 1.73277 3.84343 1 1 1
v 0.146409 1.73361 3.84242 1 1 1
v 0.16593 1.7345 3.84136 1 1 1
v 0.185451 1.73586 3.83971 1 1 1
v 0.201748 1.73745 3.83781 1 1 1
v 0.587537 1.73745 3.83781 1 1 1
v -0.58385 1.74995 3.82281 1 1 1
v -0.263536 1.74743 3.82583 1 1 1
v -0.281974 1.74995 3.82281 1 1 1
v -0.244015 1.74392 3.83004 1 1 1
v -0.224493 1.74055 3.8341 1 1 1
v -0.204972 1.7378 3.83739 1 1 1
v 0.204972 1.7378 3.83739 1 1 1
v 0.224494 1.74055 3.8341 1 1 1
v 0.244015 1.74392 3.83004 1 1 1
v 0.263536 1.74743 3.82583 1 1 1
v 0.281974 1.74995 3.82281 1 1 1
v 0.58385 1.74995 3.82281 1 1 1
v -0.575874 1.75723 3.81408 1 1 1
v -0.568891 1.76245 3.80782 1 1 1
v -0.34162 1.76056 3.81008 1 1 1
v -0.357021 1.76245 3.80782 1 1 1
v -0.322099 1.75724 3.81406 1 1 1
v -0.302578 1.75355 3.8185 1 1 1
v -0.283057 1.75012 3.8226 1 1 1
v 0.283057 1.75012 3.8226 1 1 1
v 0.302578 1.75355 3.8185 1 1 1
v 0.322099 1.75724 3.81406 1 1 1
v 0.34162 1.76056 3.81008 1 1 1
v 0.357021 1.76245 3.80782 1 1 1
v 0.575874 1.75723 3.81408 1 1 1
v 0.568891 1.76245 3.80782 1 1 1
v -0.556353 1.76846 3.8006 1 1 1
v -0.536832 1.77458 3.79326 1 1 1
v -0.5336 1.77494 3.79282 1 1 1
v -0.458747 1.77474 3.79306 1 1 1
v -0.46613 1.77494 3.79282 1 1 1
v -0.439226 1.77408 3.79385 1 1 1
v -0.419705 1.77287 3.7953 1 1 1
v -0.400184 1.77049 3.79816 1 1 1
v -0.380663 1.76686 3.80252 1 1 1
v -0.361142 1.76312 3.807 1 1 1
v 0.361142 1.76312 3.807 1 1 1
v 0.380663 1.76686 3.80252 1 1 1
v 0.400184 1.77049 3.79816 1 1 1
v 0.419705 1.77287 3.7953 1 1 1
v 0.439226 1.77408 3.79385 1 1 1
v 0.458748 1.77474 3.79306 1 1 1
v 0.46613 1.77494 3.79282 1 1 1
v 0.536832 1.77458 3.79326 1 1 1
v 0.5336 1.77494 3.79282 1 1 1
v 0.556353 1.76846 3.8006 1 1 1
v -0.517311 1.77643 3.79104 1 1 1
v -0.49779 1.77637 3.79111 1 1 1
v -0.478269 1.77549 3.79216 1 1 1
v 0.478269 1.77549 3.79216 1 1 1
v 0.49779 1.77637 3.79111 1 1 1
v 0.517311 1.77643 3.79104 1 1 1
v -0.126888 1.57705 4.31973 1 1 1
v -0.141376 1.58016 4.31525 1 1 1
v -0.107366 1.57518 4.32243 1 1 1
v -0.0878452 1.57486 4.32289 1 1 1
v -0.0683241 1.57485 4.32291 1 1 1
v -0.0488029 1.57468 4.32315 1 1 1
v -0.0292817 1.57469 4.32314 1 1 1
v -0.0097605 1.57486 4.3229 1 1 1
v 0.00976062 1.57486 4.3229 1 1 1
v 0.0292817 1.57469 4.32314 1 1 1
v 0.048803 1.57468 4.32315 1 1 1
v 0.0683241 1.57485 4.32291 1 1 1
v 0.0878453 1.57486 4.32289 1 1 1
v 0.107366 1.57518 4.32243 1 1 1
v 0.126888 1.57705 4.31973 1 1 1
v 0.141376 1.58016 4.31525 1 1 1
v -0.16593 1.58748 4.30469 1 1 1
v -0.177309 1.59128 4.29921 1 1 1
v -0.146409 1.5813 4.31361 1 1 1
v 0.146409 1.5813 4.31361 1 1 1
v 0.16593 1.58748 4.30469 1 1 1
v 0.177309 1.59128 4.29921 1 1 1
v -0.204972 1.60113 4.28501 1 1 1
v -0.20778 1.60241 4.28317 1 1 1
v -0.185451 1.5939 4.29544 1 1 1
v 0.185451 1.5939 4.29544 1 1 1
v 0.204972 1.60113 4.28501 1 1 1
v 0.20778 1.60241 4.28317 1 1 1
v -0.224493 1.61035 4.27171 1 1 1
v -0.230718 1.61353 4.26713 1 1 1
v 0.224494 1.61035 4.27171 1 1 1
v 0.230718 1.61353 4.26713 1 1 1
v -0.244015 1.62071 4.25678 1 1 1
v -0.251235 1.62466 4.25109 1 1 1
v 0.244015 1.62071 4.25678 1 1 1
v 0.251235 1.62466 4.25109 1 1 1
v -0.263536 1.63104 4.24189 1 1 1
v -0.272655 1.63578 4.23505 1 1 1
v 0.263536 1.63104 4.24189 1 1 1
v 0.272655 1.63578 4.23505 1 1 1
v -0.283057 1.64145 4.22688 1 1 1
v -0.293437 1.64691 4.21901 1 1 1
v 0.283057 1.64145 4.22688 1 1 1
v 0.293437 1.64691 4.21901 1 1 1
v -0.302578 1.65167 4.21214 1 1 1
v -0.314182 1.65803 4.20297 1 1 1
v 0.302578 1.65167 4.21214 1 1 1
v 0.314182 1.65803 4.20297 1 1 1
v -0.322099 1.66228 4.19684 1 1 1
v -0.334997 1.66915 4.18692 1 1 1
v 0.322099 1.66228 4.19684 1 1 1
v 0.334997 1.66915 4.18692 1 1 1
v -0.34162 1.67282 4.18164 1 1 1
v -0.354742 1.68028 4.17088 1 1 1
v 0.34162 1.67282 4.18164 1 1 1
v 0.354742 1.68028 4.17088 1 1 1
v -0.361142 1.68378 4.16583 1 1 1
v -0.375129 1.6914 4.15484 1 1 1
v 0.361142 1.68378 4.16583 1 1 1
v 0.375129 1.6914 4.15484 1 1 1
v -0.380663 1.6945 4.15037 1 1 1
v -0.394984 1.70253 4.1388 1 1 1
v 0.380663 1.6945 4.15037 1 1 1
v 0.394984 1.70253 4.1388 1 1 1
v -0.400184 1.70545 4.13458 1 1 1
v -0.414964 1.71365 4.12276 1 1 1
v 0.400184 1.70545 4.13458 1 1 1
v 0.414964 1.71365 4.12276 1 1 1
v -0.419705 1.71658 4.11854 1 1 1
v -0.433282 1.72478 4.10672 1 1 1
v 0.419705 1.71658 4.11854 1 1 1
v 0.433282 1.72478 4.10672 1 1 1
v -0.439226 1.72872 4.10104 1 1 1
v -0.450349 1.7359 4.09068 1 1 1
v 0.439226 1.72872 4.10104 1 1 1
v 0.450349 1.7359 4.09068 1 1 1
v -0.458747 1.742 4.08188 1 1 1
v -0.465735 1.74703 4.07464 1 1 1
v 0.458748 1.742 4.08188 1 1 1
v 0.465735 1.74703 4.07464 1 1 1
v -0.478269 1.7569 4.0604 1 1 1
v -0.479831 1.75815 4.05859 1 1 1
v 0.478269 1.7569 4.0604 1 1 1
v 0.479831 1.75815 4.05859 1 1 1
v -0.493778 1.76928 4.04255 1 1 1
v 0.493779 1.76928 4.04255 1 1 1
v -0.49779 1.7725 4.03791 1 1 1
v -0.507443 1.7804 4.02651 1 1 1
v 0.49779 1.7725 4.03791 1 1 1
v 0.507443 1.7804 4.02651 1 1 1
v -0.517311 1.78817 4.0153 1 1 1
v -0.521417 1.79152 4.01047 1 1 1
v 0.517311 1.78817 4.0153 1 1 1
v 0.521417 1.79152 4.01047 1 1 1
v -0.535053 1.80265 3.99443 1 1 1
v 0.535053 1.80265 3.99443 1 1 1
v -0.536832 1.80412 3.99231 1 1 1
v -0.548009 1.81377 3.97839 1 1 1
v 0.536832 1.80412 3.99231 1 1 1
v 0.548009 1.81377 3.97839 1 1 1
v -0.556353 1.82128 3.96756 1 1 1
v -0.560301 1.8249 3.96235 1 1 1
v 0.556353 1.82128 3.96756 1 1 1
v 0.560301 1.8249 3.96235 1 1 1
v -0.570029 1.83602 3.94631 1 1 1
v 0.570029 1.83602 3.94631 1 1 1
v -0.574453 1.84715 3.93026 1 1 1
v -0.224493 1.84687 3.93067 1 1 1
v -0.227252 1.84715 3.93026 1 1 1
v -0.204972 1.84492 3.93348 1 1 1
v -0.185451 1.84294 3.93633 1 1 1
v -0.16593 1.84167 3.93816 1 1 1
v -0.146409 1.84099 3.93915 1 1 1
v -0.126888 1.84029 3.94016 1 1 1
v -0.107366 1.83958 3.94118 1 1 1
v -0.0878452 1.83897 3.94205 1 1 1
v -0.0683241 1.83852 3.9427 1 1 1
v -0.0488029 1.83829 3.94304 1 1 1
v -0.0292817 1.83827 3.94307 1 1 1
v -0.0097605 1.8383 3.94302 1 1 1
v 0.00976062 1.8383 3.94302 1 1 1
v 0.0292817 1.83827 3.94307 1 1 1
v 0.048803 1.83829 3.94304 1 1 1
v 0.0683241 1.83852 3.9427 1 1 1
v 0.0878453 1.83897 3.94205 1 1 1
v 0.107366 1.83958 3.94118 1 1 1
v 0.126888 1.84029 3.94016 1 1 1
v 0.146409 1.84099 3.93915 1 1 1
v 0.16593 1.84167 3.93816 1 1 1
v 0.185451 1.84294 3.93633 1 1 1
v 0.204972 1.84492 3.93348 1 1 1
v 0.224494 1.84687 3.93067 1 1 1
v 0.227252 1.84715 3.93026 1 1 1
v 0.574453 1.84715 3.93026 1 1 1
v -0.569865 1.85827 3.91422 1 1 1
v -0.283057 1.85636 3.91698 1 1 1
v -0.300856 1.85827 3.91422 1 1 1
v -0.263536 1.85346 3.92116 1 1 1
v -0.244015 1.84987 3.92634 1 1 1
v 0.244015 1.84987 3.92634 1 1 1
v 0.263536 1.85346 3.92116 1 1 1
v 0.283057 1.85636 3.91698 1 1 1
v 0.300856 1.85827 3.91422 1 1 1
v 0.569865 1.85827 3.91422 1 1 1
v -0.556353 1.86882 3.89901 1 1 1
v -0.55549 1.8694 3.89818 1 1 1
v -0.361142 1.86814 3.89999 1 1 1
v -0.372768 1.8694 3.89818 1 1 1
v -0.34162 1.86566 3.90357 1 1 1
v -0.322099 1.86221 3.90854 1 1 1
v -0.302578 1.85855 3.91382 1 1 1
v 0.302578 1.85855 3.91382 1 1 1
v 0.322099 1.86221 3.90854 1 1 1
v 0.34162 1.86566 3.90357 1 1 1
v 0.361142 1.86814 3.89999 1 1 1
v 0.372768 1.8694 3.89818 1 1 1
v 0.556353 1.86882 3.89901 1 1 1
v 0.55549 1.8694 3.89818 1 1 1
v -0.536832 1.87601 3.88864 1 1 1
v -0.517311 1.8789 3.88448 1 1 1
v -0.49779 1.87938 3.88378 1 1 1
v -0.478269 1.87912 3.88415 1 1 1
v -0.458747 1.87875 3.88469 1 1 1
v -0.439226 1.87816 3.88554 1 1 1
v -0.419705 1.87696 3.88727 1 1 1
v -0.400184 1.87449 3.89083 1 1 1
v -0.380663 1.8708 3.89616 1 1 1
v 0.380663 1.8708 3.89616 1 1 1
v 0.400184 1.87449 3.89083 1 1 1
v 0.419705 1.87696 3.88727 1 1 1
v 0.439226 1.87816 3.88554 1 1 1
v 0.458748 1.87875 3.88469 1 1 1
v 0.478269 1.87912 3.88415 1 1 1
v 0.49779 1.87938 3.88378 1 1 1
v 0.517311 1.8789 3.88448 1 1 1
v 0.536832 1.87601 3.88864 1 1 1
v -0.107366 1.73509 4.4238 1 1 1
v -0.119521 1.73622 4.42175 1 1 1
v -0.0878452 1.73473 4.42446 1 1 1
v -0.0683241 1.73473 4.42446 1 1 1
v -0.0488029 1.73459 4.42471 1 1 1
v -0.0292817 1.7346 4.4247 1 1 1
v -0.0097605 1.73478 4.42437 1 1 1
v 0.00976062 1.73478 4.42437 1 1 1
v 0.0292817 1.7346 4.4247 1 1 1
v 0.048803 1.73459 4.42471 1 1 1
v 0.0683241 1.73473 4.42446 1 1 1
v 0.0878453 1.73473 4.42446 1 1 1
v 0.107366 1.73509 4.4238 1 1 1
v 0.119521 1.73622 4.42175 1 1 1
v -0.146409 1.7408 4.4134 1 1 1
v -0.163111 1.74562 4.40464 1 1 1
v -0.126888 1.73681 4.42067 1 1 1
v 0.126888 1.73681 4.42067 1 1 1
v 0.146409 1.7408 4.4134 1 1 1
v 0.163111 1.74562 4.40464 1 1 1
v -0.185451 1.75183 4.39333 1 1 1
v -0.195735 1.75502 4.38753 1 1 1
v -0.16593 1.74646 4.4031 1 1 1
v 0.16593 1.74646 4.4031 1 1 1
v 0.185451 1.75183 4.39333 1 1 1
v 0.195735 1.75502 4.38753 1 1 1
v -0.204972 1.75809 4.38194 1 1 1
v -0.221852 1.76441 4.37042 1 1 1
v 0.204972 1.75809 4.38194 1 1 1
v 0.221852 1.76441 4.37042 1 1 1
v -0.244015 1.77354 4.3538 1 1 1
v -0.244661 1.77381 4.35331 1 1 1
v -0.224493 1.76544 4.36856 1 1 1
v 0.224494 1.76544 4.36856 1 1 1
v 0.244015 1.77354 4.3538 1 1 1
v 0.244661 1.77381 4.35331 1 1 1
v -0.263536 1.78134 4.33961 1 1 1
v -0.268219 1.78321 4.3362 1 1 1
v 0.263536 1.78134 4.33961 1 1 1
v 0.268219 1.78321 4.3362 1 1 1
v -0.283057 1.78942 4.3249 1 1 1
v -0.290981 1.79261 4.31909 1 1 1
v 0.283057 1.78942 4.3249 1 1 1
v 0.290981 1.79261 4.31909 1 1 1
v -0.302578 1.79724 4.31066 1 1 1
v -0.313823 1.80201 4.30198 1 1 1
v 0.302578 1.79724 4.31066 1 1 1
v 0.313823 1.80201 4.30198 1 1 1
v -0.322099 1.80545 4.29572 1 1 1
v -0.336443 1.81141 4.28487 1 1 1
v 0.322099 1.80545 4.29572 1 1 1
v 0.336443 1.81141 4.28487 1 1 1
v -0.34162 1.81364 4.2808 1 1 1
v -0.357653 1.82081 4.26776 1 1 1
v 0.34162 1.81364 4.2808 1 1 1
v 0.357653 1.82081 4.26776 1 1 1
v -0.361142 1.82231 4.26502 1 1 1
v -0.379529 1.83021 4.25065 1 1 1
v 0.361142 1.82231 4.26502 1 1 1
v 0.379529 1.83021 4.25065 1 1 1
v -0.400184 1.83931 4.23407 1 1 1
v -0.400844 1.8396 4.23354 1 1 1
v -0.380663 1.83071 4.24974 1 1 1
v 0.380663 1.83071 4.24974 1 1 1
v 0.400184 1.83931 4.23407 1 1 1
v 0.400844 1.8396 4.23354 1 1 1
v -0.419705 1.84786 4.21851 1 1 1
v -0.422331 1.849 4.21643 1 1 1
v 0.419705 1.84786 4.21851 1 1 1
v 0.422331 1.849 4.21643 1 1 1
v -0.439226 1.85729 4.20134 1 1 1
v -0.441594 1.8584 4.19932 1 1 1
v 0.439226 1.85729 4.20134 1 1 1
v 0.441594 1.8584 4.19932 1 1 1
v -0.458747 1.86777 4.18227 1 1 1
v -0.458807 1.8678 4.18221 1 1 1
v 0.458748 1.86777 4.18227 1 1 1
v 0.458807 1.8678 4.18221 1 1 1
v -0.473225 1.8772 4.1651 1 1 1
v 0.473225 1.8772 4.1651 1 1 1
v -0.478269 1.88109 4.15802 1 1 1
v -0.485236 1.8866 4.14799 1 1 1
v 0.478269 1.88109 4.15802 1 1 1
v 0.485236 1.8866 4.14799 1 1 1
v -0.497305 1.896 4.13088 1 1 1
v 0.497305 1.896 4.13088 1 1 1
v -0.49779 1.89638 4.13019 1 1 1
v -0.508803 1.9054 4.11377 1 1 1
v 0.49779 1.89638 4.13019 1 1 1
v 0.508803 1.9054 4.11377 1 1 1
v -0.517311 1.91197 4.10181 1 1 1
v -0.520769 1.91479 4.09666 1 1 1
v 0.517311 1.91197 4.10181 1 1 1
v 0.520769 1.91479 4.09666 1 1 1
v -0.53227 1.92419 4.07955 1 1 1
v 0.53227 1.92419 4.07955 1 1 1
v -0.536832 1.92791 4.07279 1 1 1
v -0.543313 1.93359 4.06245 1 1 1
v 0.536832 1.92791 4.07279 1 1 1
v 0.543313 1.93359 4.06245 1 1 1
v -0.553544 1.94299 4.04534 1 1 1
v 0.553544 1.94299 4.04534 1 1 1
v -0.556353 1.9462 4.03949 1 1 1
v -0.561417 1.95239 4.02823 1 1 1
v -0.0488029 1.95239 4.02823 1 1 1
v -0.0495002 1.95239 4.02823 1 1 1
v -0.0292817 1.95238 4.02824 1 1 1
v -0.0209049 1.95239 4.02823 1 1 1
v 0.0292817 1.95238 4.02824 1 1 1
v 0.0209014 1.95239 4.02823 1 1 1
v 0.048803 1.95239 4.02823 1 1 1
v 0.0495011 1.95239 4.02823 1 1 1
v 0.556353 1.9462 4.03949 1 1 1
v 0.561417 1.95239 4.02823 1 1 1
v -0.564304 1.96179 4.01112 1 1 1
v -0.244015 1.96178 4.01112 1 1 1
v -0.244051 1.96179 4.01112 1 1 1
v -0.224493 1.96013 4.01414 1 1 1
v -0.204972 1.9581 4.01783 1 1 1
v -0.185451 1.95616 4.02136 1 1 1
v -0.16593 1.95503 4.02342 1 1 1
v -0.146409 1.9545 4.02438 1 1 1
v -0.126888 1.95392 4.02545 1 1 1
v -0.107366 1.95335 4.02648 1 1 1
v -0.0878452 1.9529 4.0273 1 1 1
v -0.0683241 1.95257 4.02789 1 1 1
v -0.0097605 1.95241 4.02819 1 1 1
v 0.00976062 1.95241 4.02819 1 1 1
v 0.0683241 1.95257 4.02789 1 1 1
v 0.0878453 1.9529 4.0273 1 1 1
v 0.107366 1.95335 4.02648 1 1 1
v 0.126888 1.95392 4.02545 1 1 1
v 0.146409 1.9545 4.02438 1 1 1
v 0.16593 1.95503 4.02342 1 1 1
v 0.185451 1.95616 4.02136 1 1 1
v 0.204972 1.9581 4.01783 1 1 1
v 0.224494 1.96013 4.01414 1 1 1
v 0.244015 1.96178 4.01112 1 1 1
v 0.244051 1.96179 4.01112 1 1 1
v 0.564304 1.96179 4.01112 1 1 1
v -0.559845 1.97119 3.99401 1 1 1
v -0.302578 1.97015 3.99589 1 1 1
v -0.313702 1.97119 3.99401 1 1 1
v -0.283057 1.9681 3.99963 1 1 1
v -0.263536 1.96521 4.0049 1 1 1
v 0.263536 1.96521 4.0049 1 1 1
v 0.283057 1.9681 3.99963 1 1 1
v 0.302578 1.97015 3.99589 1 1 1
v 0.313702 1.97119 3.99401 1 1 1
v 0.559845 1.97119 3.99401 1 1 1
v -0.556353 1.97373 3.98937 1 1 1
v -0.544902 1.98059 3.9769 1 1 1
v -0.380663 1.98021 3.97758 1 1 1
v -0.38453 1.98059 3.9769 1 1 1
v -0.361142 1.97834 3.98099 1 1 1
v -0.34162 1.97588 3.98546 1 1 1
v -0.322099 1.97256 3.99151 1 1 1
v 0.322099 1.97256 3.99151 1 1 1
v 0.34162 1.97588 3.98546 1 1 1
v 0.361142 1.97834 3.98099 1 1 1
v 0.380663 1.98021 3.97758 1 1 1
v 0.38453 1.98059 3.9769 1 1 1
v 0.556353 1.97373 3.98937 1 1 1
v 0.544902 1.98059 3.9769 1 1 1
v -0.536832 1.98314 3.97225 1 1 1
v -0.517311 1.98655 3.96604 1 1 1
v -0.49779 1.98753 3.96425 1 1 1
v -0.478269 1.98757 3.96419 1 1 1
v -0.458747 1.98732 3.96464 1 1 1
v -0.439226 1.9868 3.96558 1 1 1
v -0.419705 1.98568 3.96763 1 1 1
v -0.400184 1.9833 3.97196 1 1 1
v 0.400184 1.9833 3.97196 1 1 1
v 0.419705 1.98568 3.96763 1 1 1
v 0.439226 1.9868 3.96558 1 1 1
v 0.458748 1.98732 3.96464 1 1 1
v 0.478269 1.98757 3.96419 1 1 1
v 0.49779 1.98753 3.96425 1 1 1
v 0.517311 1.98655 3.96604 1 1 1
v 0.536832 1.98314 3.97225 1 1 1
v -0.146409 1.91225 4.49921 1 1 1
v -0.153951 1.91392 4.49505 1 1 1
v -0.126888 1.90873 4.50799 1 1 1
v -0.107366 1.90733 4.51149 1 1 1
v -0.0878452 1.90706 4.51216 1 1 1
v -0.0683241 1.90705 4.51217 1 1 1
v -0.0488029 1.907 4.51231 1 1 1
v -0.0292817 1.907 4.51231 1 1 1
v -0.0097605 1.90709 4.51209 1 1 1
v 0.00976062 1.90709 4.51209 1 1 1
v 0.0292817 1.907 4.51231 1 1 1
v 0.048803 1.907 4.51231 1 1 1
v 0.0683241 1.90705 4.51217 1 1 1
v 0.0878453 1.90706 4.51216 1 1 1
v 0.107366 1.90733 4.51149 1 1 1
v 0.126888 1.90873 4.50799 1 1 1
v 0.146409 1.91225 4.49921 1 1 1
v 0.153951 1.91392 4.49505 1 1 1
v -0.185451 1.92069 4.47816 1 1 1
v -0.187605 1.92118 4.47693 1 1 1
v -0.16593 1.91663 4.48827 1 1 1
v 0.16593 1.91663 4.48827 1 1 1
v 0.185451 1.92069 4.47816 1 1 1
v 0.187605 1.92118 4.47693 1 1 1
v -0.204972 1.92538 4.46644 1 1 1
v -0.216593 1.92844 4.45881 1 1 1
v 0.204972 1.92538 4.46644 1 1 1
v 0.216593 1.92844 4.45881 1 1 1
v -0.224493 1.93056 4.45351 1 1 1
v -0.242497 1.9357 4.44069 1 1 1
v 0.224494 1.93056 4.45351 1 1 1
v 0.242497 1.9357 4.44069 1 1 1
v -0.263536 1.94148 4.42627 1 1 1
v -0.268928 1.94296 4.42257 1 1 1
v -0.244015 1.93612 4.43964 1 1 1
v 0.244015 1.93612 4.43964 1 1 1
v 0.263536 1.94148 4.42627 1 1 1
v 0.268928 1.94296 4.42257 1 1 1
v -0.283057 1.94702 4.41244 1 1 1
v -0.294662 1.95022 4.40445 1 1 1
v 0.283057 1.94702 4.41244 1 1 1
v 0.294662 1.95022 4.40445 1 1 1
v -0.302578 1.95239 4.39904 1 1 1
v -0.319909 1.95749 4.38633 1 1 1
v 0.302578 1.95239 4.39904 1 1 1
v 0.319909 1.95749 4.38633 1 1 1
v -0.34162 1.96381 4.37054 1 1 1
v -0.344671 1.96475 4.36821 1 1 1
v -0.322099 1.95812 4.38475 1 1 1
v 0.322099 1.95812 4.38475 1 1 1
v 0.34162 1.96381 4.37054 1 1 1
v 0.344671 1.96475 4.36821 1 1 1
v -0.361142 1.96996 4.35519 1 1 1
v -0.367698 1.97201 4.35008 1 1 1
v 0.361142 1.96996 4.35519 1 1 1
v 0.367698 1.97201 4.35008 1 1 1
v -0.380663 1.97596 4.34021 1 1 1
v -0.391355 1.97927 4.33196 1 1 1
v 0.380663 1.97596 4.34021 1 1 1
v 0.391355 1.97927 4.33196 1 1 1
v -0.400184 1.98203 4.32507 1 1 1
v -0.414568 1.98653 4.31384 1 1 1
v 0.400184 1.98203 4.32507 1 1 1
v 0.414568 1.98653 4.31384 1 1 1
v -0.419705 1.98813 4.30985 1 1 1
v -0.438044 1.99379 4.29572 1 1 1
v 0.419705 1.98813 4.30985 1 1 1
v 0.438044 1.99379 4.29572 1 1 1
v -0.458747 2.00085 4.27811 1 1 1
v -0.459377 2.00106 4.2776 1 1 1
v -0.439226 1.99422 4.29466 1 1 1
v 0.439226 1.99422 4.29466 1 1 1
v 0.458748 2.00085 4.27811 1 1 1
v 0.459377 2.00106 4.2776 1 1 1
v -0.477405 2.00832 4.25948 1 1 1
v 0.477405 2.00832 4.25948 1 1 1
v -0.478269 2.00879 4.25831 1 1 1
v -0.490881 2.01558 4.24136 1 1 1
v 0.478269 2.00879 4.25831 1 1 1
v 0.490881 2.01558 4.24136 1 1 1
v -0.49779 2.02099 4.22786 1 1 1
v -0.499963 2.02284 4.22324 1 1 1
v 0.49779 2.02099 4.22786 1 1 1
v 0.499963 2.02284 4.22324 1 1 1
v -0.508848 2.0301 4.20512 1 1 1
v 0.508848 2.0301 4.20512 1 1 1
v -0.517311 2.03691 4.18814 1 1 1
v -0.517831 2.03736 4.187 1 1 1
v 0.517311 2.03691 4.18814 1 1 1
v 0.517831 2.03736 4.187 1 1 1
v -0.526564 2.04462 4.16888 1 1 1
v 0.526564 2.04462 4.16888 1 1 1
v -0.535542 2.05189 4.15076 1 1 1
v 0.535542 2.05189 4.15076 1 1 1
v -0.536832 2.05293 4.14815 1 1 1
v -0.543699 2.05915 4.13264 1 1 1
v 0.536832 2.05293 4.14815 1 1 1
v 0.543699 2.05915 4.13264 1 1 1
v -0.551388 2.06641 4.11452 1 1 1
v 0.551388 2.06641 4.11452 1 1 1
v -0.556353 2.07209 4.10033 1 1 1
v -0.557591 2.07367 4.0964 1 1 1
v -0.126888 2.0736 4.09658 1 1 1
v -0.134279 2.07367 4.0964 1 1 1
v -0.107366 2.07343 4.097 1 1 1
v -0.0878452 2.0733 4.09731 1 1 1
v -0.0683241 2.07322 4.09752 1 1 1
v -0.0488029 2.07317 4.09765 1 1 1
v -0.0292817 2.07317 4.09765 1 1 1
v -0.0097605 2.07318 4.09762 1 1 1
v 0.00976062 2.07318 4.09762 1 1 1
v 0.0292817 2.07317 4.09765 1 1 1
v 0.048803 2.07317 4.09765 1 1 1
v 0.0683241 2.07322 4.09752 1 1 1
v 0.0878453 2.0733 4.09731 1 1 1
v 0.107366 2.07343 4.097 1 1 1
v 0.126888 2.0736 4.09658 1 1 1
v 0.134279 2.07367 4.0964 1 1 1
v 0.556353 2.07209 4.10033 1 1 1
v 0.557591 2.07367 4.0964 1 1 1
v -0.559089 2.08093 4.07828 1 1 1
v -0.244015 2.08024 4.08 1 1 1
v -0.253144 2.08093 4.07828 1 1 1
v -0.224493 2.07878 4.08365 1 1 1
v -0.204972 2.07698 4.08815 1 1 1
v -0.185451 2.0753 4.09232 1 1 1
v -0.16593 2.07436 4.09467 1 1 1
v -0.146409 2.07396 4.09567 1 1 1
v 0.146409 2.07396 4.09567 1 1 1
v 0.16593 2.07436 4.09467 1 1 1
v 0.185451 2.0753 4.09232 1 1 1
v 0.204972 2.07698 4.08815 1 1 1
v 0.224494 2.07878 4.08365 1 1 1
v 0.244015 2.08024 4.08 1 1 1
v 0.253144 2.08093 4.07828 1 1 1
v 0.559089 2.08093 4.07828 1 1 1
v -0.556353 2.08512 4.06783 1 1 1
v -0.553937 2.08819 4.06016 1 1 1
v -0.322099 2.08809 4.06041 1 1 1
v -0.323339 2.08819 4.06016 1 1 1
v -0.302578 2.08667 4.06395 1 1 1
v -0.283057 2.08488 4.06843 1 1 1
v -0.263536 2.08236 4.07472 1 1 1
v 0.263536 2.08236 4.07472 1 1 1
v 0.283057 2.08488 4.06843 1 1 1
v 0.302578 2.08667 4.06395 1 1 1
v 0.322099 2.08809 4.06041 1 1 1
v 0.323339 2.08819 4.06016 1 1 1
v 0.556353 2.08512 4.06783 1 1 1
v 0.553937 2.08819 4.06016 1 1 1
v -0.537769 2.09545 4.04204 1 1 1
v -0.380663 2.09457 4.04425 1 1 1
v -0.392612 2.09545 4.04204 1 1 1
v -0.361142 2.09295 4.04828 1 1 1
v -0.34162 2.09082 4.05361 1 1 1
v 0.34162 2.09082 4.05361 1 1 1
v 0.361142 2.09295 4.04828 1 1 1
v 0.380663 2.09457 4.04425 1 1 1
v 0.392611 2.09545 4.04204 1 1 1
v 0.537769 2.09545 4.04204 1 1 1
v -0.536832 2.09569 4.04146 1 1 1
v -0.517311 2.09882 4.03365 1 1 1
v -0.49779 2.0999 4.03094 1 1 1
v -0.478269 2.10007 4.03051 1 1 1
v -0.458747 2.09991 4.03092 1 1 1
v -0.439226 2.09949 4.03198 1 1 1
v -0.419705 2.09853 4.03437 1 1 1
v -0.400184 2.09648 4.03947 1 1 1
v 0.400184 2.09648 4.03947 1 1 1
v 0.419705 2.09853 4.03437 1 1 1
v 0.439226 2.09949 4.03198 1 1 1
v 0.458748 2.09991 4.03092 1 1 1
v 0.478269 2.10007 4.03051 1 1 1
v 0.49779 2.0999 4.03094 1 1 1
v 0.517311 2.09882 4.03365 1 1 1
v 0.536832 2.09569 4.04146 1 1 1
v -0.146409 2.09598 4.56686 1 1 1
v -0.148732 2.0963 4.56557 1 1 1
v -0.126888 2.09363 4.57642 1 1 1
v -0.107366 2.0926 4.58059 1 1 1
v -0.0878452 2.09236 4.58157 1 1 1
v -0.0683241 2.09235 4.58162 1 1 1
v -0.0488029 2.09232 4.58173 1 1 1
v -0.0292817 2.09232 4.58173 1 1 1
v -0.0097605 2.09237 4.58154 1 1 1
v 0.00976062 2.09237 4.58154 1 1 1
v 0.0292817 2.09232 4.58173 1 1 1
v 0.048803 2.09232 4.58173 1 1 1
v 0.0683241 2.09235 4.58162 1 1 1
v 0.0878453 2.09236 4.58157 1 1 1
v 0.107366 2.0926 4.58059 1 1 1
v 0.126888 2.09363 4.57642 1 1 1
v 0.146409 2.09598 4.56686 1 1 1
v 0.148732 2.0963 4.56557 1 1 1
v -0.16593 2.09868 4.5559 1 1 1
v -0.184073 2.10096 4.54661 1 1 1
v 0.16593 2.09868 4.5559 1 1 1
v 0.184073 2.10096 4.54661 1 1 1
v -0.204972 2.10392 4.53457 1 1 1
v -0.21628 2.10563 4.52766 1 1 1
v -0.185451 2.10114 4.54588 1 1 1
v 0.185451 2.10114 4.54588 1 1 1
v 0.204972 2.10392 4.53457 1 1 1
v 0.21628 2.10563 4.52766 1 1 1
v -0.244015 2.11 4.50989 1 1 1
v -0.245829 2.11029 4.5087 1 1 1
v -0.224493 2.10687 4.52258 1 1 1
v 0.224494 2.10687 4.52258 1 1 1
v 0.244015 2.11 4.50989 1 1 1
v 0.245829 2.11029 4.5087 1 1 1
v -0.263536 2.11303 4.49759 1 1 1
v -0.276003 2.11495 4.48974 1 1 1
v 0.263536 2.11303 4.49759 1 1 1
v 0.276003 2.11495 4.48974 1 1 1
v -0.302578 2.11912 4.47281 1 1 1
v -0.3057 2.11962 4.47079 1 1 1
v -0.283057 2.11609 4.48513 1 1 1
v 0.283057 2.11609 4.48513 1 1 1
v 0.302578 2.11912 4.47281 1 1 1
v 0.3057 2.11962 4.47079 1 1 1
v -0.322099 2.12233 4.45976 1 1 1
v -0.333253 2.12428 4.45183 1 1 1
v 0.322099 2.12233 4.45976 1 1 1
v 0.333253 2.12428 4.45183 1 1 1
v -0.34162 2.12569 4.44611 1 1 1
v -0.359831 2.12895 4.43288 1 1 1
v 0.34162 2.12569 4.44611 1 1 1
v 0.359831 2.12895 4.43288 1 1 1
v -0.380663 2.13275 4.41744 1 1 1
v -0.385457 2.13361 4.41392 1 1 1
v -0.361142 2.12919 4.43189 1 1 1
v 0.361142 2.12919 4.43189 1 1 1
v 0.380663 2.13275 4.41744 1 1 1
v 0.385457 2.13361 4.41392 1 1 1
v -0.400184 2.13627 4.40314 1 1 1
v -0.411174 2.13828 4.39497 1 1 1
v 0.400184 2.13627 4.40314 1 1 1
v 0.411174 2.13828 4.39497 1 1 1
v -0.419705 2.13984 4.38864 1 1 1
v -0.43701 2.14294 4.37601 1 1 1
v 0.419705 2.13984 4.38864 1 1 1
v 0.43701 2.14294 4.37601 1 1 1
v -0.458747 2.1469 4.35993 1 1 1
v -0.462659 2.14761 4.35705 1 1 1
v -0.439226 2.14334 4.37439 1 1 1
v 0.439226 2.14334 4.37439 1 1 1
v 0.458748 2.1469 4.35993 1 1 1
v 0.462659 2.14761 4.35705 1 1 1
v -0.478269 2.15061 4.34487 1 1 1
v -0.487328 2.15227 4.3381 1 1 1
v 0.478269 2.15061 4.34487 1 1 1
v 0.487328 2.15227 4.3381 1 1 1
v -0.49779 2.15487 4.32754 1 1 1
v -0.505483 2.15694 4.31914 1 1 1
v 0.49779 2.15487 4.32754 1 1 1
v 0.505483 2.15694 4.31914 1 1 1
v -0.517149 2.1616 4.30019 1 1 1
v 0.517149 2.1616 4.30019 1 1 1
v -0.517311 2.16173 4.29966 1 1 1
v -0.522333 2.16627 4.28123 1 1 1
v 0.517311 2.16173 4.29966 1 1 1
v 0.522333 2.16627 4.28123 1 1 1
v -0.527648 2.17093 4.26228 1 1 1
v 0.527648 2.17093 4.26228 1 1 1
v -0.533372 2.17559 4.24332 1 1 1
v 0.533372 2.17559 4.24332 1 1 1
v -0.536832 2.17825 4.23253 1 1 1
v -0.539096 2.18026 4.22436 1 1 1
v 0.536832 2.17825 4.23253 1 1 1
v 0.539096 2.18026 4.22436 1 1 1
v -0.544297 2.18492 4.20541 1 1 1
v 0.544297 2.18492 4.20541 1 1 1
v -0.549559 2.18959 4.18645 1 1 1
v 0.549559 2.18959 4.18645 1 1 1
v -0.554785 2.19425 4.1675 1 1 1
v 0.554785 2.19425 4.1675 1 1 1
v -0.556353 2.19614 4.15982 1 1 1
v -0.558339 2.19892 4.14854 1 1 1
v -0.16593 2.19885 4.14882 1 1 1
v -0.170966 2.19892 4.14854 1 1 1
v -0.146409 2.19874 4.14926 1 1 1
v -0.126888 2.19861 4.14978 1 1 1
v -0.107366 2.1985 4.15023 1 1 1
v -0.0878452 2.19843 4.15054 1 1 1
v -0.0683241 2.19838 4.15074 1 1 1
v -0.0488029 2.19835 4.15085 1 1 1
v -0.0292817 2.19835 4.15085 1 1 1
v -0.0097605 2.19836 4.15083 1 1 1
v 0.00976062 2.19836 4.15083 1 1 1
v 0.0292817 2.19835 4.15085 1 1 1
v 0.048803 2.19835 4.15085 1 1 1
v 0.0683241 2.19838 4.15074 1 1 1
v 0.0878453 2.19843 4.15054 1 1 1
v 0.107366 2.1985 4.15023 1 1 1
v 0.126888 2.19861 4.14978 1 1 1
v 0.146409 2.19874 4.14926 1 1 1
v 0.16593 2.19885 4.14882 1 1 1
v 0.170966 2.19892 4.14854 1 1 1
v 0.556353 2.19614 4.15982 1 1 1
v 0.558339 2.19892 4.14854 1 1 1
v -0.558229 2.20358 4.12959 1 1 1
v -0.244015 2.20283 4.13265 1 1 1
v -0.259555 2.20358 4.12959 1 1 1
v -0.224493 2.20181 4.13679 1 1 1
v -0.204972 2.20055 4.14192 1 1 1
v -0.185451 2.19939 4.14662 1 1 1
v 0.185451 2.19939 4.14662 1 1 1
v 0.204972 2.20055 4.14192 1 1 1
v 0.224494 2.20181 4.13679 1 1 1
v 0.244015 2.20283 4.13265 1 1 1
v 0.259555 2.20358 4.12959 1 1 1
v 0.558229 2.20358 4.12959 1 1 1
v -0.556353 2.20513 4.12328 1 1 1
v -0.551635 2.20825 4.11063 1 1 1
v -0.322099 2.2079 4.11202 1 1 1
v -0.328775 2.20825 4.11063 1 1 1
v -0.302578 2.20693 4.11598 1 1 1
v -0.283057 2.20568 4.12104 1 1 1
v -0.263536 2.20394 4.12815 1 1 1
v 0.263536 2.20394 4.12815 1 1 1
v 0.283057 2.20568 4.12104 1 1 1
v 0.302578 2.20693 4.11598 1 1 1
v 0.322099 2.2079 4.11202 1 1 1
v 0.328775 2.20825 4.11063 1 1 1
v 0.556353 2.20513 4.12328 1 1 1
v 0.551635 2.20825 4.11063 1 1 1
v -0.536832 2.21216 4.09475 1 1 1
v -0.533357 2.21291 4.09167 1 1 1
v -0.380663 2.21205 4.09519 1 1 1
v -0.398874 2.21291 4.09167 1 1 1
v -0.361142 2.21093 4.09973 1 1 1
v -0.34162 2.20944 4.10579 1 1 1
v 0.34162 2.20944 4.10579 1 1 1
v 0.361142 2.21093 4.09973 1 1 1
v 0.380663 2.21205 4.09519 1 1 1
v 0.398874 2.21291 4.09167 1 1 1
v 0.536832 2.21216 4.09475 1 1 1
v 0.533357 2.21291 4.09167 1 1 1
v -0.517311 2.21454 4.08505 1 1 1
v -0.49779 2.21535 4.08177 1 1 1
v -0.478269 2.21551 4.08111 1 1 1
v -0.458747 2.21541 4.08153 1 1 1
v -0.439226 2.21511 4.08273 1 1 1
v -0.419705 2.21445 4.08543 1 1 1
v -0.400184 2.21303 4.0912 1 1 1
v 0.400184 2.21303 4.0912 1 1 1
v 0.419705 2.21445 4.08543 1 1 1
v 0.439226 2.21511 4.08273 1 1 1
v 0.458748 2.21541 4.08153 1 1 1
v 0.478269 2.21551 4.08111 1 1 1
v 0.49779 2.21535 4.08177 1 1 1
v 0.517311 2.21454 4.08505 1 1 1
v -0.146409 2.28736 4.61058 1 1 1
v -0.147424 2.28742 4.61004 1 1 1
v -0.126888 2.28643 4.62002 1 1 1
v -0.107366 2.286 4.62436 1 1 1
v -0.0878452 2.28589 4.62547 1 1 1
v -0.0683241 2.28589 4.62553 1 1 1
v -0.0488029 2.28588 4.62562 1 1 1
v -0.0292817 2.28588 4.62563 1 1 1
v -0.0097605 2.28589 4.62545 1 1 1
v 0.00976062 2.28589 4.62545 1 1 1
v 0.0292817 2.28588 4.62563 1 1 1
v 0.048803 2.28588 4.62562 1 1 1
v 0.0683241 2.28589 4.62553 1 1 1
v 0.0878453 2.28589 4.62547 1 1 1
v 0.107366 2.286 4.62436 1 1 1
v 0.126888 2.28643 4.62002 1 1 1
v 0.146409 2.28736 4.61058 1 1 1
v 0.147424 2.28742 4.61004 1 1 1
v -0.185451 2.28932 4.59084 1 1 1
v -0.185882 2.28934 4.59061 1 1 1
v -0.16593 2.28839 4.60023 1 1 1
v 0.16593 2.28839 4.60023 1 1 1
v 0.185451 2.28932 4.59084 1 1 1
v 0.185882 2.28934 4.59061 1 1 1
v -0.204972 2.29034 4.58046 1 1 1
v -0.221888 2.29126 4.57119 1 1 1
v 0.204972 2.29034 4.58046 1 1 1
v 0.221888 2.29126 4.57119 1 1 1
v -0.244015 2.2925 4.5586 1 1 1
v -0.255826 2.29318 4.55176 1 1 1
v -0.224493 2.2914 4.56976 1 1 1
v 0.224494 2.2914 4.56976 1 1 1
v 0.244015 2.2925 4.5586 1 1 1
v 0.255826 2.29318 4.55176 1 1 1
v -0.283057 2.29467 4.53666 1 1 1
v -0.29067 2.2951 4.53234 1 1 1
v -0.263536 2.2936 4.54747 1 1 1
v 0.263536 2.2936 4.54747 1 1 1
v 0.283057 2.29467 4.53666 1 1 1
v 0.29067 2.2951 4.53234 1 1 1
v -0.322099 2.29688 4.51426 1 1 1
v -0.324267 2.29702 4.51291 1 1 1
v -0.302578 2.29576 4.52561 1 1 1
v 0.302578 2.29576 4.52561 1 1 1
v 0.322099 2.29688 4.51426 1 1 1
v 0.324267 2.29702 4.51291 1 1 1
v -0.34162 2.29813 4.50167 1 1 1
v -0.35379 2.29894 4.49348 1 1 1
v 0.34162 2.29813 4.50167 1 1 1
v 0.35379 2.29894 4.49348 1 1 1
v -0.380663 2.30074 4.47526 1 1 1
v -0.382407 2.30086 4.47406 1 1 1
v -0.361142 2.29942 4.48858 1 1 1
v 0.361142 2.29942 4.48858 1 1 1
v 0.380663 2.30074 4.47526 1 1 1
v 0.382407 2.30086 4.47406 1 1 1
v -0.400184 2.30206 4.46192 1 1 1
v -0.410813 2.30278 4.45463 1 1 1
v 0.400184 2.30206 4.46192 1 1 1
v 0.410813 2.30278 4.45463 1 1 1
v -0.439226 2.3047 4.43521 1 1 1
v -0.419705 2.30339 4.44849 1 1 1
v 0.419705 2.30339 4.44849 1 1 1
v 0.439226 2.3047 4.43521 1 1 1
v -0.458747 2.30602 4.42181 1 1 1
v -0.467611 2.30662 4.41578 1 1 1
v 0.458748 2.30602 4.42181 1 1 1
v 0.467611 2.30662 4.41578 1 1 1
v -0.478269 2.30734 4.4085 1 1 1
v -0.495876 2.30854 4.39635 1 1 1
v 0.478269 2.30734 4.4085 1 1 1
v 0.495876 2.30854 4.39635 1 1 1
v -0.517311 2.31005 4.38109 1 1 1
v -0.522716 2.31046 4.37692 1 1 1
v -0.49779 2.30867 4.395 1 1 1
v 0.49779 2.30867 4.395 1 1 1
v 0.517311 2.31005 4.38109 1 1 1
v 0.522716 2.31046 4.37692 1 1 1
v -0.536832 2.31222 4.35908 1 1 1
v -0.537937 2.31238 4.3575 1 1 1
v 0.536832 2.31222 4.35908 1 1 1
v 0.537937 2.31238 4.3575 1 1 1
v -0.544448 2.3143 4.33807 1 1 1
v 0.544448 2.3143 4.33807 1 1 1
v -0.547112 2.31622 4.31864 1 1 1
v 0.547112 2.31622 4.31864 1 1 1
v -0.549644 2.31814 4.29922 1 1 1
v 0.549644 2.31814 4.29922 1 1 1
v -0.552502 2.32006 4.27979 1 1 1
v 0.552502 2.32006 4.27979 1 1 1
v -0.555039 2.32198 4.26036 1 1 1
v 0.555039 2.32198 4.26036 1 1 1
v -0.556353 2.32283 4.25174 1 1 1
v -0.557868 2.3239 4.24094 1 1 1
v 0.556353 2.32283 4.25174 1 1 1
v 0.557868 2.3239 4.24094 1 1 1
v -0.56015 2.32582 4.22151 1 1 1
v 0.56015 2.32582 4.22151 1 1 1
v -0.562202 2.32774 4.20208 1 1 1
v 0.562202 2.32774 4.20208 1 1 1
v -0.563238 2.32966 4.18266 1 1 1
v -0.16593 2.32958 4.18351 1 1 1
v -0.180379 2.32966 4.18266 1 1 1
v -0.146409 2.32953 4.18403 1 1 1
v -0.126888 2.32947 4.18461 1 1 1
v -0.107366 2.32942 4.18512 1 1 1
v -0.0878452 2.32939 4.18544 1 1 1
v -0.0683241 2.32937 4.18565 1 1 1
v -0.0488029 2.32935 4.18575 1 1 1
v -0.0292817 2.32936 4.18574 1 1 1
v -0.0097605 2.32936 4.18572 1 1 1
v 0.00976062 2.32936 4.18572 1 1 1
v 0.0292817 2.32936 4.18574 1 1 1
v 0.048803 2.32935 4.18575 1 1 1
v 0.0683241 2.32937 4.18565 1 1 1
v 0.0878453 2.32939 4.18544 1 1 1
v 0.107366 2.32942 4.18512 1 1 1
v 0.126888 2.32947 4.18461 1 1 1
v 0.146409 2.32953 4.18403 1 1 1
v 0.16593 2.32958 4.18351 1 1 1
v 0.180379 2.32966 4.18266 1 1 1
v 0.563238 2.32966 4.18266 1 1 1
v -0.561203 2.33158 4.16323 1 1 1
v -0.244015 2.3312 4.16709 1 1 1
v -0.263209 2.33158 4.16323 1 1 1
v -0.224493 2.33076 4.1715 1 1 1
v -0.204972 2.33022 4.17696 1 1 1
v -0.185451 2.32973 4.18194 1 1 1
v 0.185451 2.32973 4.18194 1 1 1
v 0.204972 2.33022 4.17696 1 1 1
v 0.224494 2.33076 4.1715 1 1 1
v 0.244015 2.3312 4.16709 1 1 1
v 0.263209 2.33158 4.16323 1 1 1
v 0.561203 2.33158 4.16323 1 1 1
v -0.556353 2.33288 4.1501 1 1 1
v -0.553272 2.3335 4.14381 1 1 1
v -0.322099 2.33329 4.14597 1 1 1
v -0.332262 2.3335 4.14381 1 1 1
v -0.302578 2.33287 4.15016 1 1 1
v -0.283057 2.33234 4.15557 1 1 1
v -0.263536 2.33159 4.16311 1 1 1
v 0.263536 2.33159 4.16311 1 1 1
v 0.283057 2.33234 4.15557 1 1 1
v 0.302578 2.33287 4.15016 1 1 1
v 0.322099 2.33329 4.14597 1 1 1
v 0.332262 2.3335 4.14381 1 1 1
v 0.556353 2.33288 4.1501 1 1 1
v 0.553272 2.3335 4.14381 1 1 1
v -0.536832 2.33506 4.12807 1 1 1
v -0.531986 2.33542 4.12438 1 1 1
v -0.400184 2.33537 4.12487 1 1 1
v -0.403132 2.33542 4.12438 1 1 1
v -0.380663 2.33498 4.12882 1 1 1
v -0.361142 2.3345 4.13368 1 1 1
v -0.34162 2.33386 4.1402 1 1 1
v 0.34162 2.33386 4.1402 1 1 1
v 0.361142 2.3345 4.13368 1 1 1
v 0.380663 2.33498 4.12882 1 1 1
v 0.400184 2.33537 4.12487 1 1 1
v 0.403132 2.33542 4.12438 1 1 1
v 0.536832 2.33506 4.12807 1 1 1
v 0.531985 2.33542 4.12438 1 1 1
v -0.517311 2.33599 4.11861 1 1 1
v -0.49779 2.33633 4.11522 1 1 1
v -0.478269 2.3364 4.11451 1 1 1
v -0.458747 2.33635 4.115 1 1 1
v -0.439226 2.33622 4.11633 1 1 1
v -0.419705 2.33593 4.11928 1 1 1
v 0.419705 2.33593 4.11928 1 1 1
v 0.439226 2.33622 4.11633 1 1 1
v 0.458748 2.33635 4.115 1 1 1
v 0.478269 2.3364 4.11451 1 1 1
v 0.49779 2.33633 4.11522 1 1 1
v 0.517311 2.33599 4.11861 1 1 1
v -0.146409 2.48421 4.6282 1 1 1
v -0.149262 2.48414 4.62681 1 1 1
v -0.126888 2.48464 4.63686 1 1 1
v -0.107366 2.48484 4.64097 1 1 1
v -0.0878452 2.4849 4.64205 1 1 1
v -0.0683241 2.4849 4.64212 1 1 1
v -0.0488029 2.4849 4.6422 1 1 1
v -0.0292817 2.4849 4.64221 1 1 1
v -0.0097605 2.4849 4.64204 1 1 1
v 0.00976062 2.4849 4.64204 1 1 1
v 0.0292817 2.4849 4.64221 1 1 1
v 0.048803 2.4849 4.6422 1 1 1
v 0.0683241 2.4849 4.64212 1 1 1
v 0.0878453 2.4849 4.64205 1 1 1
v 0.107366 2.48484 4.64097 1 1 1
v 0.126888 2.48464 4.63686 1 1 1
v 0.146409 2.48421 4.6282 1 1 1
v 0.149263 2.48414 4.62681 1 1 1
v -0.185451 2.48333 4.61031 1 1 1
v -0.191992 2.48318 4.60731 1 1 1
v -0.16593 2.48375 4.61881 1 1 1
v 0.16593 2.48375 4.61881 1 1 1
v 0.185451 2.48333 4.61031 1 1 1
v 0.191992 2.48318 4.60731 1 1 1
v -0.224493 2.48242 4.5918 1 1 1
v -0.232834 2.48222 4.58782 1 1 1
v -0.204972 2.48288 4.60118 1 1 1
v 0.204972 2.48288 4.60118 1 1 1
v 0.224494 2.48242 4.5918 1 1 1
v 0.232834 2.48222 4.58782 1 1 1
v -0.263536 2.48147 4.5726 1 1 1
v -0.27243 2.48126 4.56832 1 1 1
v -0.244015 2.48195 4.58233 1 1 1
v 0.244015 2.48195 4.58233 1 1 1
v 0.263536 2.48147 4.5726 1 1 1
v 0.27243 2.48126 4.56832 1 1 1
v -0.302578 2.48054 4.55377 1 1 1
v -0.312048 2.48029 4.54882 1 1 1
v -0.283057 2.48101 4.56329 1 1 1
v 0.283057 2.48101 4.56329 1 1 1
v 0.302578 2.48054 4.55377 1 1 1
v 0.312048 2.48029 4.54882 1 1 1
v -0.34162 2.47951 4.53287 1 1 1
v -0.347442 2.47933 4.52932 1 1 1
v -0.322099 2.48004 4.54369 1 1 1
v 0.322099 2.48004 4.54369 1 1 1
v 0.34162 2.47951 4.53287 1 1 1
v 0.347442 2.47933 4.52932 1 1 1
v -0.361142 2.47892 4.52094 1 1 1
v -0.379289 2.47837 4.50983 1 1 1
v 0.361142 2.47892 4.52094 1 1 1
v 0.379289 2.47837 4.50983 1 1 1
v -0.400184 2.47772 4.49668 1 1 1
v -0.410335 2.47741 4.49033 1 1 1
v -0.380663 2.47833 4.50898 1 1 1
v 0.380663 2.47833 4.50898 1 1 1
v 0.400184 2.47772 4.49668 1 1 1
v 0.410335 2.47741 4.49033 1 1 1
v -0.439226 2.47652 4.47238 1 1 1
v -0.441724 2.47645 4.47083 1 1 1
v -0.419705 2.47712 4.48449 1 1 1
v 0.419705 2.47712 4.48449 1 1 1
v 0.439226 2.47652 4.47238 1 1 1
v 0.441724 2.47645 4.47083 1 1 1
v -0.458747 2.47592 4.46023 1 1 1
v -0.472998 2.47548 4.45133 1 1 1
v 0.458748 2.47592 4.46023 1 1 1
v 0.472998 2.47548 4.45133 1 1 1
v -0.49779 2.47472 4.43587 1 1 1
v -0.50438 2.47452 4.43184 1 1 1
v -0.478269 2.47532 4.44807 1 1 1
v 0.478269 2.47532 4.44807 1 1 1
v 0.49779 2.47472 4.43587 1 1 1
v 0.50438 2.47452 4.43184 1 1 1
v -0.517311 2.47413 4.42383 1 1 1
v -0.535498 2.47356 4.41234 1 1 1
v 0.517311 2.47413 4.42383 1 1 1
v 0.535498 2.47356 4.41234 1 1 1
v -0.556353 2.47275 4.39592 1 1 1
v -0.559643 2.4726 4.39284 1 1 1
v -0.536832 2.47351 4.4114 1 1 1
v 0.536832 2.47351 4.4114 1 1 1
v 0.556353 2.47275 4.39592 1 1 1
v 0.559643 2.4726 4.39284 1 1 1
v -0.569843 2.47163 4.37334 1 1 1
v 0.569843 2.47163 4.37334 1 1 1
v -0.571324 2.47067 4.35385 1 1 1
v 0.571324 2.47067 4.35385 1 1 1
v -0.571581 2.46971 4.33435 1 1 1
v 0.571581 2.46971 4.33435 1 1 1
v -0.571765 2.46875 4.31485 1 1 1
v 0.571765 2.46875 4.31485 1 1 1
v -0.571968 2.46778 4.29535 1 1 1
v 0.571968 2.46778 4.29535 1 1 1
v -0.572145 2.46682 4.27586 1 1 1
v 0.572144 2.46682 4.27586 1 1 1
v -0.572159 2.46586 4.25636 1 1 1
v 0.572159 2.46586 4.25636 1 1 1
v -0.572341 2.4649 4.23686 1 1 1
v 0.572341 2.4649 4.23686 1 1 1
v -0.57199 2.46394 4.21737 1 1 1
v 0.57199 2.46394 4.21737 1 1 1
v -0.570842 2.46297 4.19787 1 1 1
v -0.16593 2.46303 4.19894 1 1 1
v -0.18304 2.46297 4.19787 1 1 1
v -0.146409 2.46306 4.19955 1 1 1
v -0.126888 2.46309 4.20021 1 1 1
v -0.107366 2.46312 4.20078 1 1 1
v -0.0878452 2.46313 4.20114 1 1 1
v -0.0683241 2.46315 4.20136 1 1 1
v -0.0488029 2.46315 4.20145 1 1 1
v -0.0292817 2.46315 4.20144 1 1 1
v -0.0097605 2.46315 4.20142 1 1 1
v 0.00976062 2.46315 4.20142 1 1 1
v 0.0292817 2.46315 4.20144 1 1 1
v 0.048803 2.46315 4.20145 1 1 1
v 0.0683241 2.46315 4.20136 1 1 1
v 0.0878453 2.46313 4.20114 1 1 1
v 0.107366 2.46312 4.20078 1 1 1
v 0.126888 2.46309 4.20021 1 1 1
v 0.146409 2.46306 4.19955 1 1 1
v 0.16593 2.46303 4.19894 1 1 1
v 0.18304 2.46297 4.19787 1 1 1
v 0.570841 2.46297 4.19787 1 1 1
v -0.566739 2.46201 4.17837 1 1 1
v -0.263536 2.46202 4.17857 1 1 1
v -0.264405 2.46201 4.17837 1 1 1
v -0.244015 2.46222 4.18253 1 1 1
v -0.224493 2.46244 4.187 1 1 1
v -0.204972 2.46271 4.19248 1 1 1
v -0.185451 2.46296 4.19751 1 1 1
v 0.185451 2.46296 4.19751 1 1 1
v 0.204972 2.46271 4.19248 1 1 1
v 0.224494 2.46244 4.187 1 1 1
v 0.244015 2.46222 4.18253 1 1 1
v 0.263536 2.46202 4.17857 1 1 1
v 0.264404 2.46201 4.17837 1 1 1
v 0.566739 2.46201 4.17837 1 1 1
v -0.557671 2.46105 4.15887 1 1 1
v -0.322099 2.46117 4.16144 1 1 1
v -0.334213 2.46105 4.15887 1 1 1
v -0.302578 2.46139 4.16571 1 1 1
v -0.283057 2.46166 4.17119 1 1 1
v 0.283057 2.46166 4.17119 1 1 1
v 0.302578 2.46139 4.16571 1 1 1
v 0.322099 2.46117 4.16144 1 1 1
v 0.334213 2.46105 4.15887 1 1 1
v 0.557671 2.46105 4.15887 1 1 1
v -0.556353 2.46097 4.15727 1 1 1
v -0.536832 2.46019 4.14157 1 1 1
v -0.533295 2.46009 4.13938 1 1 1
v -0.400184 2.46013 4.14033 1 1 1
v -0.405868 2.46009 4.13938 1 1 1
v -0.380663 2.46033 4.14436 1 1 1
v -0.361142 2.46058 4.14935 1 1 1
v -0.34162 2.46091 4.15603 1 1 1
v 0.34162 2.46091 4.15603 1 1 1
v 0.361142 2.46058 4.14935 1 1 1
v 0.380663 2.46033 4.14436 1 1 1
v 0.400184 2.46013 4.14033 1 1 1
v 0.405868 2.46009 4.13938 1 1 1
v 0.536832 2.46019 4.14157 1 1 1
v 0.533295 2.46009 4.13938 1 1 1
v 0.556353 2.46097 4.15727 1 1 1
v -0.517311 2.45981 4.13369 1 1 1
v -0.49779 2.45965 4.13058 1 1 1
v -0.478269 2.45962 4.12996 1 1 1
v -0.458747 2.45965 4.13056 1 1 1
v -0.439226 2.45972 4.13202 1 1 1
v -0.419705 2.45988 4.13512 1 1 1
v 0.419705 2.45988 4.13512 1 1 1
v 0.439226 2.45972 4.13202 1 1 1
v 0.458748 2.45965 4.13056 1 1 1
v 0.478269 2.45962 4.12996 1 1 1
v 0.49779 2.45965 4.13058 1 1 1
v 0.517311 2.45981 4.13369 1 1 1
v -0.146409 2.68154 4.61797 1 1 1
v -0.154495 2.68085 4.61449 1 1 1
v -0.126888 2.68301 4.62539 1 1 1
v -0.107366 2.68372 4.62895 1 1 1
v -0.0878452 2.6839 4.62989 1 1 1
v -0.0683241 2.68391 4.62995 1 1 1
v -0.0488029 2.68393 4.63003 1 1 1
v -0.0292817 2.68393 4.63003 1 1 1
v -0.0097605 2.6839 4.62987 1 1 1
v 0.00976062 2.6839 4.62987 1 1 1
v 0.0292817 2.68393 4.63003 1 1 1
v 0.048803 2.68393 4.63003 1 1 1
v 0.0683241 2.68391 4.62995 1 1 1
v 0.0878453 2.6839 4.62989 1 1 1
v 0.107366 2.68372 4.62895 1 1 1
v 0.126888 2.68301 4.62539 1 1 1
v 0.146409 2.68154 4.61797 1 1 1
v 0.154495 2.68085 4.61449 1 1 1
v -0.185451 2.67843 4.60229 1 1 1
v -0.203005 2.67705 4.59534 1 1 1
v -0.16593 2.6799 4.60971 1 1 1
v 0.16593 2.6799 4.60971 1 1 1
v 0.185451 2.67843 4.60229 1 1 1
v 0.203005 2.67705 4.59534 1 1 1
v -0.244015 2.67373 4.57858 1 1 1
v -0.249859 2.67326 4.57619 1 1 1
v -0.224493 2.67529 4.58646 1 1 1
v -0.204972 2.67689 4.59454 1 1 1
v 0.204972 2.67689 4.59454 1 1 1
v 0.224494 2.67529 4.58646 1 1 1
v 0.244015 2.67373 4.57858 1 1 1
v 0.249859 2.67326 4.57619 1 1 1
v -0.283057 2.67054 4.56248 1 1 1
v -0.296533 2.66946 4.55704 1 1 1
v -0.263536 2.67212 4.57046 1 1 1
v 0.263536 2.67212 4.57046 1 1 1
v 0.283057 2.67054 4.56248 1 1 1
v 0.296533 2.66946 4.55704 1 1 1
v -0.322099 2.66726 4.54593 1 1 1
v -0.338642 2.66566 4.53789 1 1 1
v -0.302578 2.66897 4.55458 1 1 1
v 0.302578 2.66897 4.55458 1 1 1
v 0.322099 2.66726 4.54593 1 1 1
v 0.338642 2.66566 4.53789 1 1 1
v -0.361142 2.66331 4.52604 1 1 1
v -0.374118 2.66187 4.51875 1 1 1
v -0.34162 2.66538 4.53646 1 1 1
v 0.34162 2.66538 4.53646 1 1 1
v 0.361142 2.66331 4.52604 1 1 1
v 0.374118 2.66187 4.51875 1 1 1
v -0.400184 2.659 4.50431 1 1 1
v -0.408585 2.65807 4.4996 1 1 1
v -0.380663 2.66115 4.51514 1 1 1
v 0.380663 2.66115 4.51514 1 1 1
v 0.400184 2.659 4.50431 1 1 1
v 0.408585 2.65807 4.4996 1 1 1
v -0.439226 2.65469 4.48252 1 1 1
v -0.442956 2.65427 4.48045 1 1 1
v -0.419705 2.65684 4.49337 1 1 1
v 0.419705 2.65684 4.49337 1 1 1
v 0.439226 2.65469 4.48252 1 1 1
v 0.442956 2.65427 4.48045 1 1 1
v -0.458747 2.65254 4.47168 1 1 1
v -0.477386 2.65048 4.4613 1 1 1
v 0.458748 2.65254 4.47168 1 1 1
v 0.477386 2.65048 4.4613 1 1 1
v -0.49779 2.64822 4.44991 1 1 1
v -0.511747 2.64668 4.44215 1 1 1
v -0.478269 2.65038 4.46081 1 1 1
v 0.478269 2.65038 4.46081 1 1 1
v 0.49779 2.64822 4.44991 1 1 1
v 0.511747 2.64668 4.44215 1 1 1
v -0.536832 2.64394 4.42833 1 1 1
v -0.546479 2.64289 4.423 1 1 1
v -0.517311 2.64608 4.43909 1 1 1
v 0.517311 2.64608 4.43909 1 1 1
v 0.536832 2.64394 4.42833 1 1 1
v 0.546479 2.64289 4.423 1 1 1
v -0.575874 2.63953 4.40608 1 1 1
v -0.579421 2.63909 4.40386 1 1 1
v -0.556353 2.64178 4.41743 1 1 1
v 0.556353 2.64178 4.41743 1 1 1
v 0.575874 2.63953 4.40608 1 1 1
v 0.579422 2.63909 4.40386 1 1 1
v -0.595396 2.6356 4.38626 1 1 1
v -0.596548 2.63529 4.38471 1 1 1
v 0.595396 2.6356 4.38626 1 1 1
v 0.596548 2.63529 4.38471 1 1 1
v -0.6006 2.6315 4.36556 1 1 1
v 0.6006 2.6315 4.36556 1 1 1
v -0.598496 2.6277 4.34641 1 1 1
v 0.598496 2.6277 4.34641 1 1 1
v -0.59625 2.6239 4.32726 1 1 1
v 0.59625 2.6239 4.32726 1 1 1
v -0.595396 2.6224 4.3197 1 1 1
v -0.594094 2.62011 4.30811 1 1 1
v 0.595396 2.6224 4.3197 1 1 1
v 0.594094 2.62011 4.30811 1 1 1
v -0.591826 2.61631 4.28896 1 1 1
v 0.591826 2.61631 4.28896 1 1 1
v -0.589811 2.61251 4.26982 1 1 1
v 0.589811 2.61251 4.26982 1 1 1
v -0.587438 2.60872 4.25067 1 1 1
v 0.587438 2.60872 4.25067 1 1 1
v -0.585387 2.60492 4.23152 1 1 1
v 0.585387 2.60492 4.23152 1 1 1
v -0.582841 2.60113 4.21237 1 1 1
v 0.582841 2.60113 4.21237 1 1 1
v -0.579806 2.59733 4.19322 1 1 1
v -0.16593 2.59751 4.19415 1 1 1
v -0.180009 2.59733 4.19322 1 1 1
v -0.146409 2.59765 4.19485 1 1 1
v -0.126888 2.5978 4.1956 1 1 1
v -0.107366 2.59793 4.19624 1 1 1
v -0.0878452 2.59801 4.19665 1 1 1
v -0.0683241 2.59805 4.19688 1 1 1
v -0.0488029 2.59807 4.19697 1 1 1
v -0.0292817 2.59807 4.19696 1 1 1
v -0.0097605 2.59807 4.19694 1 1 1
v 0.00976062 2.59807 4.19694 1 1 1
v 0.0292817 2.59807 4.19696 1 1 1
v 0.048803 2.59807 4.19697 1 1 1
v 0.0683241 2.59805 4.19688 1 1 1
v 0.0878453 2.59801 4.19665 1 1 1
v 0.107366 2.59793 4.19624 1 1 1
v 0.126888 2.5978 4.1956 1 1 1
v 0.146409 2.59765 4.19485 1 1 1
v 0.16593 2.59751 4.19415 1 1 1
v 0.18001 2.59733 4.19322 1 1 1
v 0.579806 2.59733 4.19322 1 1 1
v -0.575874 2.59434 4.17813 1 1 1
v -0.574522 2.59353 4.17407 1 1 1
v -0.263536 2.59355 4.17417 1 1 1
v -0.263958 2.59353 4.17407 1 1 1
v -0.244015 2.59432 4.17802 1 1 1
v -0.224493 2.59517 4.18233 1 1 1
v -0.204972 2.59621 4.18756 1 1 1
v -0.185451 2.59717 4.1924 1 1 1
v 0.185451 2.59717 4.1924 1 1 1
v 0.204972 2.59621 4.18756 1 1 1
v 0.224494 2.59517 4.18233 1 1 1
v 0.244015 2.59432 4.17802 1 1 1
v 0.263536 2.59355 4.17417 1 1 1
v 0.263958 2.59353 4.17407 1 1 1
v 0.575874 2.59434 4.17813 1 1 1
v 0.574522 2.59353 4.17407 1 1 1
v -0.563466 2.58974 4.15493 1 1 1
v -0.322099 2.59025 4.15751 1 1 1
v -0.33462 2.58974 4.15493 1 1 1
v -0.302578 2.59107 4.16167 1 1 1
v -0.283057 2.59213 4.16698 1 1 1
v 0.283057 2.59213 4.16698 1 1 1
v 0.302578 2.59107 4.16167 1 1 1
v 0.322099 2.59025 4.15751 1 1 1
v 0.33462 2.58974 4.15493 1 1 1
v 0.563466 2.58974 4.15493 1 1 1
v -0.556353 2.58825 4.14745 1 1 1
v -0.537772 2.58594 4.13578 1 1 1
v -0.400184 2.58617 4.13691 1 1 1
v -0.407095 2.58594 4.13578 1 1 1
v -0.380663 2.58695 4.14088 1 1 1
v -0.361142 2.58793 4.14579 1 1 1
v -0.34162 2.58922 4.15233 1 1 1
v 0.34162 2.58922 4.15233 1 1 1
v 0.361142 2.58793 4.14579 1 1 1
v 0.380663 2.58695 4.14088 1 1 1
v 0.400184 2.58617 4.13691 1 1 1
v 0.407095 2.58594 4.13578 1 1 1
v 0.556353 2.58825 4.14745 1 1 1
v 0.537772 2.58594 4.13578 1 1 1
v -0.536832 2.58585 4.13534 1 1 1
v -0.517311 2.58469 4.12949 1 1 1
v -0.49779 2.58419 4.12697 1 1 1
v -0.478269 2.58411 4.12657 1 1 1
v -0.458747 2.58426 4.1273 1 1 1
v -0.439226 2.58457 4.12886 1 1 1
v -0.419705 2.58519 4.132 1 1 1
v 0.419705 2.58519 4.132 1 1 1
v 0.439226 2.58457 4.12886 1 1 1
v 0.458748 2.58426 4.1273 1 1 1
v 0.478269 2.58411 4.12657 1 1 1
v 0.49779 2.58419 4.12697 1 1 1
v 0.517311 2.58469 4.12949 1 1 1
v 0.536832 2.58585 4.13534 1 1 1
v -0.146409 2.87389 4.58004 1 1 1
v -0.162127 2.87187 4.57423 1 1 1
v -0.126888 2.87601 4.58615 1 1 1
v -0.107366 2.87703 4.58907 1 1 1
v -0.0878452 2.87728 4.58982 1 1 1
v -0.0683241 2.8773 4.58986 1 1 1
v -0.0488029 2.87733 4.58994 1 1 1
v -0.0292817 2.87733 4.58994 1 1 1
v -0.0097605 2.87727 4.58979 1 1 1
v 0.00976062 2.87727 4.58979 1 1 1
v 0.0292817 2.87733 4.58994 1 1 1
v 0.048803 2.87733 4.58994 1 1 1
v 0.0683241 2.8773 4.58986 1 1 1
v 0.0878453 2.87728 4.58982 1 1 1
v 0.107366 2.87703 4.58907 1 1 1
v 0.126888 2.87601 4.58615 1 1 1
v 0.146409 2.87389 4.58004 1 1 1
v 0.162127 2.87187 4.57423 1 1 1
v -0.204972 2.86695 4.56006 1 1 1
v -0.217262 2.86546 4.55579 1 1 1
v -0.185451 2.86921 4.56657 1 1 1
v -0.16593 2.8714 4.57288 1 1 1
v 0.16593 2.8714 4.57288 1 1 1
v 0.185451 2.86921 4.56657 1 1 1
v 0.204972 2.86695 4.56006 1 1 1
v 0.217262 2.86546 4.55579 1 1 1
v -0.263536 2.86001 4.54009 1 1 1
v -0.27158 2.85906 4.53735 1 1 1
v -0.244015 2.86232 4.54673 1 1 1
v -0.224493 2.86459 4.55328 1 1 1
v 0.224494 2.86459 4.55328 1 1 1
v 0.244015 2.86232 4.54673 1 1 1
v 0.263536 2.86001 4.54009 1 1 1
v 0.27158 2.85906 4.53735 1 1 1
v -0.322099 2.85295 4.51976 1 1 1
v -0.324152 2.85265 4.51891 1 1 1
v -0.302578 2.8554 4.52682 1 1 1
v -0.283057 2.85769 4.53342 1 1 1
v 0.283057 2.85769 4.53342 1 1 1
v 0.302578 2.8554 4.52682 1 1 1
v 0.322099 2.85295 4.51976 1 1 1
v 0.324152 2.85265 4.51891 1 1 1
v -0.361142 2.84697 4.50255 1 1 1
v -0.365398 2.84625 4.50047 1 1 1
v -0.34162 2.8501 4.51157 1 1 1
v 0.34162 2.8501 4.51157 1 1 1
v 0.361142 2.84697 4.50255 1 1 1
v 0.365398 2.84625 4.50047 1 1 1
v -0.400184 2.84026 4.48325 1 1 1
v -0.402692 2.83984 4.48203 1 1 1
v -0.380663 2.84361 4.49288 1 1 1
v 0.380663 2.84361 4.49288 1 1 1
v 0.400184 2.84026 4.48325 1 1 1
v 0.402692 2.83984 4.48203 1 1 1
v -0.439226 2.83357 4.46397 1 1 1
v -0.44 2.83344 4.46359 1 1 1
v -0.419705 2.83694 4.47367 1 1 1
v 0.419705 2.83694 4.47367 1 1 1
v 0.439226 2.83357 4.46397 1 1 1
v 0.44 2.83344 4.46359 1 1 1
v -0.458747 2.83025 4.45443 1 1 1
v -0.477606 2.82703 4.44515 1 1 1
v 0.458748 2.83025 4.45443 1 1 1
v 0.477606 2.82703 4.44515 1 1 1
v -0.49779 2.82358 4.43522 1 1 1
v -0.515156 2.82062 4.42671 1 1 1
v -0.478269 2.82692 4.44482 1 1 1
v 0.478269 2.82692 4.44482 1 1 1
v 0.49779 2.82358 4.43522 1 1 1
v 0.515156 2.82062 4.42671 1 1 1
v -0.536832 2.81691 4.41603 1 1 1
v -0.552492 2.81422 4.40827 1 1 1
v -0.517311 2.82026 4.42565 1 1 1
v 0.517311 2.82026 4.42565 1 1 1
v 0.536832 2.81691 4.41603 1 1 1
v 0.552492 2.81422 4.40827 1 1 1
v -0.575874 2.81024 4.39682 1 1 1
v -0.590175 2.80781 4.38983 1 1 1
v -0.556353 2.81356 4.40639 1 1 1
v 0.556353 2.81356 4.40639 1 1 1
v 0.575874 2.81024 4.39682 1 1 1
v 0.590176 2.80781 4.38983 1 1 1
v -0.614917 2.80263 4.37491 1 1 1
v -0.61963 2.80141 4.37139 1 1 1
v -0.595396 2.80683 4.38701 1 1 1
v 0.595396 2.80684 4.38701 1 1 1
v 0.614917 2.80263 4.37491 1 1 1
v 0.61963 2.80141 4.37139 1 1 1
v -0.629432 2.795 4.35295 1 1 1
v 0.629432 2.795 4.35295 1 1 1
v -0.628095 2.7886 4.33451 1 1 1
v 0.628095 2.7886 4.33451 1 1 1
v -0.623671 2.78219 4.31607 1 1 1
v 0.623671 2.78219 4.31607 1 1 1
v -0.619435 2.77578 4.29763 1 1 1
v 0.619435 2.77578 4.29763 1 1 1
v -0.615101 2.76938 4.27919 1 1 1
v 0.615101 2.76938 4.27919 1 1 1
v -0.614917 2.7691 4.27838 1 1 1
v -0.610835 2.76297 4.26075 1 1 1
v 0.614917 2.7691 4.27838 1 1 1
v 0.610835 2.76297 4.26075 1 1 1
v -0.606614 2.75657 4.24231 1 1 1
v 0.606614 2.75657 4.24231 1 1 1
v -0.602174 2.75016 4.22387 1 1 1
v 0.602174 2.75016 4.22387 1 1 1
v -0.597919 2.74376 4.20543 1 1 1
v 0.597919 2.74376 4.20543 1 1 1
v -0.595396 2.74023 4.19527 1 1 1
v -0.593321 2.73735 4.18699 1 1 1
v 0.595396 2.74023 4.19527 1 1 1
v 0.593321 2.73735 4.18699 1 1 1
v -0.588227 2.73094 4.16855 1 1 1
v -0.16593 2.73115 4.16913 1 1 1
v -0.174524 2.73094 4.16855 1 1 1
v -0.146409 2.73142 4.16992 1 1 1
v -0.126888 2.73171 4.17074 1 1 1
v -0.107366 2.73195 4.17144 1 1 1
v -0.0878452 2.73211 4.17189 1 1 1
v -0.0683241 2.73219 4.17214 1 1 1
v -0.0488029 2.73223 4.17224 1 1 1
v -0.0292817 2.73222 4.17222 1 1 1
v -0.0097605 2.73221 4.1722 1 1 1
v 0.00976062 2.73221 4.1722 1 1 1
v 0.0292817 2.73222 4.17222 1 1 1
v 0.048803 2.73223 4.17224 1 1 1
v 0.0683241 2.73219 4.17214 1 1 1
v 0.0878453 2.73211 4.17189 1 1 1
v 0.107366 2.73195 4.17144 1 1 1
v 0.126888 2.73171 4.17074 1 1 1
v 0.146409 2.73142 4.16992 1 1 1
v 0.16593 2.73115 4.16913 1 1 1
v 0.174524 2.73094 4.16855 1 1 1
v 0.588227 2.73094 4.16855 1 1 1
v -0.581461 2.72454 4.15011 1 1 1
v -0.244015 2.72573 4.15354 1 1 1
v -0.262287 2.72454 4.15011 1 1 1
v -0.224493 2.72713 4.15756 1 1 1
v -0.204972 2.7288 4.16238 1 1 1
v -0.185451 2.73037 4.16689 1 1 1
v 0.185451 2.73037 4.16689 1 1 1
v 0.204972 2.7288 4.16238 1 1 1
v 0.224494 2.72713 4.15756 1 1 1
v 0.244015 2.72573 4.15354 1 1 1
v 0.262287 2.72454 4.15011 1 1 1
v 0.581461 2.72454 4.15011 1 1 1
v -0.575874 2.72079 4.1393 1 1 1
v -0.570303 2.71813 4.13167 1 1 1
v -0.322099 2.71895 4.13403 1 1 1
v -0.334106 2.71813 4.13167 1 1 1
v -0.302578 2.72032 4.13796 1 1 1
v -0.283057 2.72205 4.14293 1 1 1
v -0.263536 2.72439 4.14969 1 1 1
v 0.263536 2.72439 4.14969 1 1 1
v 0.283057 2.72205 4.14293 1 1 1
v 0.302578 2.72032 4.13796 1 1 1
v 0.322099 2.71895 4.13403 1 1 1
v 0.334106 2.71813 4.13167 1 1 1
v 0.575874 2.72079 4.1393 1 1 1
v 0.570303 2.71813 4.13167 1 1 1
v -0.556353 2.71381 4.11921 1 1 1
v -0.544019 2.71173 4.11322 1 1 1
v -0.400184 2.71212 4.11436 1 1 1
v -0.407412 2.71173 4.11322 1 1 1
v -0.380663 2.71344 4.11816 1 1 1
v -0.361142 2.71507 4.12284 1 1 1
v -0.34162 2.71722 4.12903 1 1 1
v 0.34162 2.71722 4.12903 1 1 1
v 0.361142 2.71507 4.12284 1 1 1
v 0.380663 2.71344 4.11816 1 1 1
v 0.400184 2.71212 4.11436 1 1 1
v 0.407412 2.71173 4.11322 1 1 1
v 0.556353 2.71381 4.11921 1 1 1
v 0.544019 2.71173 4.11322 1 1 1
v -0.536832 2.71077 4.11048 1 1 1
v -0.517311 2.70926 4.10612 1 1 1
v -0.49779 2.70862 4.10427 1 1 1
v -0.478269 2.70857 4.10414 1 1 1
v -0.458747 2.70887 4.10501 1 1 1
v -0.439226 2.70944 4.10663 1 1 1
v -0.419705 2.71051 4.10971 1 1 1
v 0.419705 2.71051 4.10971 1 1 1
v 0.439226 2.70944 4.10663 1 1 1
v 0.458748 2.70887 4.10501 1 1 1
v 0.478269 2.70857 4.10414 1 1 1
v 0.49779 2.70862 4.10427 1 1 1
v 0.517311 2.70926 4.10612 1 1 1
v 0.536832 2.71077 4.11048 1 1 1
v -0.16593 3.05366 4.51157 1 1 1
v -0.173088 3.0526 4.50943 1 1 1
v -0.146409 3.05661 4.51753 1 1 1
v -0.126888 3.05901 4.52239 1 1 1
v -0.107366 3.06014 4.52467 1 1 1
v -0.0878452 3.06041 4.52521 1 1 1
v -0.0683241 3.06042 4.52523 1 1 1
v -0.0488029 3.06046 4.52532 1 1 1
v -0.0292817 3.06046 4.52532 1 1 1
v -0.0097605 3.06039 4.52517 1 1 1
v 0.00976062 3.06039 4.52517 1 1 1
v 0.0292817 3.06046 4.52532 1 1 1
v 0.048803 3.06046 4.52532 1 1 1
v 0.0683241 3.06042 4.52523 1 1 1
v 0.0878453 3.06041 4.52521 1 1 1
v 0.107366 3.06014 4.52467 1 1 1
v 0.126888 3.05901 4.52239 1 1 1
v 0.146409 3.05661 4.51753 1 1 1
v 0.16593 3.05366 4.51157 1 1 1
v 0.173088 3.0526 4.50943 1 1 1
v -0.224493 3.04553 4.49515 1 1 1
v -0.235981 3.04394 4.49193 1 1 1
v -0.204972 3.04828 4.5007 1 1 1
v -0.185451 3.05095 4.5061 1 1 1
v 0.185451 3.05095 4.5061 1 1 1
v 0.204972 3.04828 4.5007 1 1 1
v 0.224494 3.04553 4.49515 1 1 1
v 0.235981 3.04394 4.49193 1 1 1
v -0.283057 3.03744 4.4788 1 1 1
v -0.298611 3.03528 4.47444 1 1 1
v -0.263536 3.04013 4.48425 1 1 1
v -0.244015 3.04284 4.48971 1 1 1
v 0.244015 3.04284 4.48971 1 1 1
v 0.263536 3.04013 4.48425 1 1 1
v 0.283057 3.03744 4.4788 1 1 1
v 0.298611 3.03528 4.47444 1 1 1
v -0.34162 3.02846 4.46065 1 1 1
v -0.350765 3.02662 4.45694 1 1 1
v -0.322099 3.03183 4.46747 1 1 1
v -0.302578 3.03473 4.47333 1 1 1
v 0.302578 3.03473 4.47333 1 1 1
v 0.322099 3.03183 4.46747 1 1 1
v 0.34162 3.02846 4.46065 1 1 1
v 0.350766 3.02662 4.45694 1 1 1
v -0.380663 3.02039 4.44436 1 1 1
v -0.39193 3.01796 4.43945 1 1 1
v -0.361142 3.02455 4.45275 1 1 1
v 0.361142 3.02455 4.45275 1 1 1
v 0.380663 3.02039 4.44436 1 1 1
v 0.39193 3.01796 4.43945 1 1 1
v -0.419705 3.01205 4.4275 1 1 1
v -0.432672 3.0093 4.42195 1 1 1
v -0.400184 3.01618 4.43584 1 1 1
v 0.400184 3.01618 4.43584 1 1 1
v 0.419705 3.01205 4.4275 1 1 1
v 0.432672 3.0093 4.42195 1 1 1
v -0.458747 3.00368 4.41059 1 1 1
v -0.47308 3.00064 4.40445 1 1 1
v -0.439226 3.00789 4.4191 1 1 1
v 0.439226 3.00789 4.4191 1 1 1
v 0.458748 3.00368 4.41059 1 1 1
v 0.47308 3.00064 4.40445 1 1 1
v -0.49779 2.99534 4.39373 1 1 1
v -0.513475 2.99198 4.38696 1 1 1
v -0.478269 2.99953 4.40221 1 1 1
v 0.478269 2.99953 4.40221 1 1 1
v 0.49779 2.99534 4.39373 1 1 1
v 0.513475 2.99198 4.38696 1 1 1
v -0.536832 2.98701 4.37691 1 1 1
v -0.554009 2.98333 4.36946 1 1 1
v -0.517311 2.99117 4.38531 1 1 1
v 0.517311 2.99117 4.38531 1 1 1
v 0.536832 2.98701 4.37691 1 1 1
v 0.554009 2.98333 4.36946 1 1 1
v -0.575874 2.97863 4.35997 1 1 1
v -0.594489 2.97467 4.35197 1 1 1
v -0.556353 2.98282 4.36844 1 1 1
v 0.556353 2.98282 4.36844 1 1 1
v 0.575874 2.97863 4.35997 1 1 1
v 0.594489 2.97467 4.35197 1 1 1
v -0.634438 2.96603 4.33451 1 1 1
v -0.63452 2.96601 4.33447 1 1 1
v -0.614917 2.97031 4.34317 1 1 1
v -0.595396 2.97447 4.35158 1 1 1
v 0.595396 2.97447 4.35158 1 1 1
v 0.614917 2.97031 4.34317 1 1 1
v 0.634438 2.96603 4.33451 1 1 1
v 0.63452 2.96601 4.33447 1 1 1
v -0.653959 2.95801 4.31831 1 1 1
v -0.655212 2.95735 4.31698 1 1 1
v 0.653959 2.95801 4.31831 1 1 1
v 0.655212 2.95735 4.31698 1 1 1
v -0.65838 2.94869 4.29948 1 1 1
v 0.658379 2.94869 4.29948 1 1 1
v -0.653959 2.94158 4.28511 1 1 1
v -0.653037 2.94003 4.28198 1 1 1
v 0.653959 2.94158 4.28511 1 1 1
v 0.653036 2.94003 4.28198 1 1 1
v -0.646735 2.93137 4.26449 1 1 1
v 0.646735 2.93137 4.26449 1 1 1
v -0.640785 2.92271 4.24699 1 1 1
v 0.640785 2.92271 4.24699 1 1 1
v -0.634583 2.91406 4.2295 1 1 1
v 0.634583 2.91406 4.2295 1 1 1
v -0.634438 2.91385 4.22907 1 1 1
v -0.628543 2.9054 4.212 1 1 1
v 0.634438 2.91385 4.22907 1 1 1
v 0.628543 2.9054 4.212 1 1 1
v -0.622384 2.89674 4.1945 1 1 1
v 0.622384 2.89674 4.1945 1 1 1
v -0.616249 2.88808 4.17701 1 1 1
v 0.616249 2.88808 4.17701 1 1 1
v -0.614917 2.88626 4.17334 1 1 1
v -0.60994 2.87942 4.15951 1 1 1
v 0.614917 2.88626 4.17334 1 1 1
v 0.60994 2.87942 4.15951 1 1 1
v -0.603447 2.87076 4.14202 1 1 1
v 0.603447 2.87076 4.14202 1 1 1
v -0.596685 2.8621 4.12452 1 1 1
v -0.16593 2.86215 4.12461 1 1 1
v -0.167271 2.8621 4.12452 1 1 1
v -0.146409 2.86257 4.12548 1 1 1
v -0.126888 2.86301 4.12635 1 1 1
v -0.107366 2.86338 4.12711 1 1 1
v -0.0878452 2.86363 4.1276 1 1 1
v -0.0683241 2.86376 4.12787 1 1 1
v -0.0488029 2.86381 4.12796 1 1 1
v -0.0292817 2.8638 4.12795 1 1 1
v -0.0097605 2.86379 4.12793 1 1 1
v 0.00976062 2.86379 4.12793 1 1 1
v 0.0292817 2.8638 4.12795 1 1 1
v 0.048803 2.86381 4.12796 1 1 1
v 0.0683241 2.86376 4.12787 1 1 1
v 0.0878453 2.86363 4.1276 1 1 1
v 0.107366 2.86338 4.12711 1 1 1
v 0.126888 2.86301 4.12635 1 1 1
v 0.146409 2.86257 4.12548 1 1 1
v 0.16593 2.86215 4.12461 1 1 1
v 0.167271 2.8621 4.12452 1 1 1
v 0.596685 2.8621 4.12452 1 1 1
v -0.595396 2.86068 4.12164 1 1 1
v -0.588405 2.85344 4.10703 1 1 1
v -0.244015 2.85479 4.10975 1 1 1
v -0.259331 2.85344 4.10703 1 1 1
v -0.224493 2.8566 4.1134 1 1 1
v -0.204972 2.85873 4.1177 1 1 1
v -0.185451 2.86076 4.1218 1 1 1
v 0.185451 2.86076 4.1218 1 1 1
v 0.204972 2.85873 4.1177 1 1 1
v 0.224494 2.8566 4.1134 1 1 1
v 0.244015 2.85479 4.10975 1 1 1
v 0.259331 2.85344 4.10703 1 1 1
v 0.595396 2.86068 4.12164 1 1 1
v 0.588405 2.85344 4.10703 1 1 1
v -0.577486 2.84478 4.08953 1 1 1
v -0.322099 2.84576 4.09149 1 1 1
v -0.33268 2.84478 4.08953 1 1 1
v -0.302578 2.84755 4.09511 1 1 1
v -0.283057 2.84978 4.09963 1 1 1
v -0.263536 2.8528 4.10572 1 1 1
v 0.263536 2.8528 4.10572 1 1 1
v 0.283057 2.84978 4.09963 1 1 1
v 0.302578 2.84755 4.09511 1 1 1
v 0.322099 2.84576 4.09149 1 1 1
v 0.33268 2.84478 4.08953 1 1 1
v 0.577486 2.84478 4.08953 1 1 1
v -0.575874 2.84382 4.08758 1 1 1
v -0.556353 2.8367 4.07319 1 1 1
v -0.553205 2.83613 4.07203 1 1 1
v -0.400184 2.83662 4.07302 1 1 1
v -0.406819 2.83613 4.07203 1 1 1
v -0.380663 2.83837 4.07657 1 1 1
v -0.361142 2.84053 4.08093 1 1 1
v -0.34162 2.84334 4.08661 1 1 1
v 0.34162 2.84334 4.08661 1 1 1
v 0.361142 2.84053 4.08093 1 1 1
v 0.380663 2.83837 4.07657 1 1 1
v 0.400184 2.83662 4.07302 1 1 1
v 0.406819 2.83613 4.07203 1 1 1
v 0.556353 2.8367 4.07319 1 1 1
v 0.553205 2.83613 4.07203 1 1 1
v 0.575874 2.84382 4.08758 1 1 1
v -0.536832 2.83364 4.067 1 1 1
v -0.517311 2.83216 4.06402 1 1 1
v -0.49779 2.83158 4.06285 1 1 1
v -0.478269 2.83165 4.06299 1 1 1
v -0.458747 2.83214 4.06397 1 1 1
v -0.439226 2.83295 4.06562 1 1 1
v -0.419705 2.83442 4.06859 1 1 1
v 0.419705 2.83442 4.06859 1 1 1
v 0.439226 2.83295 4.06562 1 1 1
v 0.458748 2.83214 4.06397 1 1 1
v 0.478269 2.83165 4.06299 1 1 1
v 0.49779 2.83158 4.06285 1 1 1
v 0.517311 2.83216 4.06402 1 1 1
v 0.536832 2.83364 4.067 1 1 1
v -0.185451 3.22047 4.42509 1 1 1
v -0.186451 3.22031 4.42484 1 1 1
v -0.16593 3.22355 4.42993 1 1 1
v -0.146409 3.22664 4.43477 1 1 1
v -0.126888 3.22907 4.43859 1 1 1
v -0.107366 3.23018 4.44032 1 1 1
v -0.0878452 3.23041 4.44068 1 1 1
v -0.0683241 3.23041 4.44069 1 1 1
v -0.0488029 3.23047 4.44078 1 1 1
v -0.0292817 3.23047 4.44078 1 1 1
v -0.0097605 3.23038 4.44064 1 1 1
v 0.00976062 3.23038 4.44064 1 1 1
v 0.0292817 3.23047 4.44078 1 1 1
v 0.048803 3.23047 4.44078 1 1 1
v 0.0683241 3.23041 4.44069 1 1 1
v 0.0878453 3.23041 4.44068 1 1 1
v 0.107366 3.23018 4.44032 1 1 1
v 0.126888 3.22907 4.43859 1 1 1
v 0.146409 3.22664 4.43477 1 1 1
v 0.16593 3.22355 4.42993 1 1 1
v 0.185451 3.22047 4.42509 1 1 1
v 0.186451 3.22031 4.42484 1 1 1
v -0.244015 3.21189 4.41163 1 1 1
v -0.257986 3.20981 4.40838 1 1 1
v -0.224493 3.21474 4.41611 1 1 1
v -0.204972 3.21762 4.42062 1 1 1
v 0.204972 3.21762 4.42062 1 1 1
v 0.224494 3.21474 4.41611 1 1 1
v 0.244015 3.21189 4.41163 1 1 1
v 0.257986 3.20981 4.40838 1 1 1
v -0.322099 3.20021 4.39331 1 1 1
v -0.326901 3.19932 4.39192 1 1 1
v -0.302578 3.20333 4.39821 1 1 1
v -0.283057 3.20616 4.40265 1 1 1
v -0.263536 3.209 4.4071 1 1 1
v 0.263536 3.209 4.4071 1 1 1
v 0.283057 3.20616 4.40265 1 1 1
v 0.302578 3.20333 4.39821 1 1 1
v 0.322099 3.20021 4.39331 1 1 1
v 0.326901 3.19932 4.39192 1 1 1
v -0.361142 3.19223 4.3808 1 1 1
v -0.375122 3.18883 4.37546 1 1 1
v -0.34162 3.19659 4.38763 1 1 1
v 0.34162 3.19659 4.38763 1 1 1
v 0.361142 3.19223 4.3808 1 1 1
v 0.375122 3.18883 4.37546 1 1 1
v -0.400184 3.18278 4.36597 1 1 1
v -0.418495 3.17833 4.359 1 1 1
v -0.380663 3.18749 4.37337 1 1 1
v 0.380663 3.18749 4.37337 1 1 1
v 0.400184 3.18278 4.36597 1 1 1
v 0.418495 3.17833 4.359 1 1 1
v -0.458747 3.16861 4.34374 1 1 1
v -0.461914 3.16784 4.34254 1 1 1
v -0.439226 3.17337 4.35122 1 1 1
v -0.419705 3.17804 4.35854 1 1 1
v 0.419705 3.17804 4.35854 1 1 1
v 0.439226 3.17337 4.35122 1 1 1
v 0.458748 3.16861 4.34374 1 1 1
v 0.461914 3.16784 4.34254 1 1 1
v -0.49779 3.15921 4.329 1 1 1
v -0.505444 3.15734 4.32608 1 1 1
v -0.478269 3.16391 4.33638 1 1 1
v 0.478269 3.16391 4.33638 1 1 1
v 0.49779 3.15921 4.329 1 1 1
v 0.505444 3.15734 4.32608 1 1 1
v -0.536832 3.14974 4.31416 1 1 1
v -0.548749 3.14685 4.30962 1 1 1
v -0.517311 3.15446 4.32155 1 1 1
v 0.517311 3.15446 4.32155 1 1 1
v 0.536832 3.14974 4.31416 1 1 1
v 0.548749 3.14685 4.30962 1 1 1
v -0.575874 3.14029 4.29932 1 1 1
v -0.592107 3.13636 4.29316 1 1 1
v -0.556353 3.14501 4.30673 1 1 1
v 0.556353 3.14501 4.30673 1 1 1
v 0.575874 3.14029 4.29932 1 1 1
v 0.592107 3.13636 4.29316 1 1 1
v -0.634438 3.12616 4.27716 1 1 1
v -0.635679 3.12586 4.27669 1 1 1
v -0.614917 3.13086 4.28453 1 1 1
v -0.595396 3.13556 4.29191 1 1 1
v 0.595396 3.13556 4.29191 1 1 1
v 0.614917 3.13086 4.28453 1 1 1
v 0.634438 3.12616 4.27716 1 1 1
v 0.635679 3.12586 4.27669 1 1 1
v -0.653959 3.12115 4.2693 1 1 1
v -0.672797 3.11537 4.26023 1 1 1
v 0.653959 3.12115 4.2693 1 1 1
v 0.672797 3.11537 4.26023 1 1 1
v -0.67348 3.11491 4.25951 1 1 1
v -0.685034 3.10487 4.24377 1 1 1
v 0.67348 3.11491 4.25951 1 1 1
v 0.685034 3.10487 4.24377 1 1 1
v -0.682692 3.09438 4.22731 1 1 1
v 0.682692 3.09438 4.22731 1 1 1
v -0.675101 3.08389 4.21085 1 1 1
v 0.675101 3.08389 4.21085 1 1 1
v -0.67348 3.08172 4.20745 1 1 1
v -0.667238 3.07339 4.19439 1 1 1
v 0.67348 3.08172 4.20745 1 1 1
v 0.667238 3.07339 4.19439 1 1 1
v -0.659762 3.0629 4.17793 1 1 1
v 0.659762 3.0629 4.17793 1 1 1
v -0.653959 3.05519 4.16584 1 1 1
v -0.651869 3.0524 4.16147 1 1 1
v 0.653959 3.05519 4.16584 1 1 1
v 0.651869 3.0524 4.16147 1 1 1
v -0.644311 3.04191 4.14501 1 1 1
v 0.644311 3.04191 4.14501 1 1 1
v -0.636482 3.03141 4.12855 1 1 1
v 0.636482 3.03141 4.12855 1 1 1
v -0.634438 3.02859 4.12413 1 1 1
v -0.62883 3.02092 4.11209 1 1 1
v 0.634438 3.02859 4.12413 1 1 1
v 0.62883 3.02092 4.11209 1 1 1
v -0.620847 3.01043 4.09563 1 1 1
v 0.620847 3.01043 4.09563 1 1 1
v -0.614917 3.00282 4.0837 1 1 1
v -0.61269 2.99993 4.07917 1 1 1
v 0.614917 3.00282 4.0837 1 1 1
v 0.61269 2.99993 4.07917 1 1 1
v -0.60416 2.98944 4.06271 1 1 1
v -0.146409 2.98976 4.06321 1 1 1
v -0.157104 2.98944 4.06271 1 1 1
v -0.126888 2.99035 4.06413 1 1 1
v -0.107366 2.99085 4.06493 1 1 1
v -0.0878452 2.99119 4.06545 1 1 1
v -0.0683241 2.99137 4.06574 1 1 1
v -0.0488029 2.99143 4.06583 1 1 1
v -0.0292817 2.99142 4.06582 1 1 1
v -0.0097605 2.99141 4.0658 1 1 1
v 0.00976062 2.99141 4.0658 1 1 1
v 0.0292817 2.99142 4.06582 1 1 1
v 0.048803 2.99143 4.06583 1 1 1
v 0.0683241 2.99137 4.06574 1 1 1
v 0.0878453 2.99119 4.06545 1 1 1
v 0.107366 2.99085 4.06493 1 1 1
v 0.126888 2.99035 4.06413 1 1 1
v 0.146409 2.98976 4.06321 1 1 1
v 0.157104 2.98944 4.06271 1 1 1
v 0.60416 2.98944 4.06271 1 1 1
v -0.595396 2.97936 4.04689 1 1 1
v -0.595011 2.97894 4.04625 1 1 1
v -0.244015 2.98021 4.04823 1 1 1
v -0.255944 2.97894 4.04625 1 1 1
v -0.224493 2.9823 4.05151 1 1 1
v -0.204972 2.98473 4.05532 1 1 1
v -0.185451 2.98708 4.059 1 1 1
v -0.16593 2.98885 4.06179 1 1 1
v 0.16593 2.98885 4.06179 1 1 1
v 0.185451 2.98708 4.059 1 1 1
v 0.204972 2.98473 4.05532 1 1 1
v 0.224494 2.9823 4.05151 1 1 1
v 0.244015 2.98021 4.04823 1 1 1
v 0.255944 2.97894 4.04625 1 1 1
v 0.595396 2.97936 4.04689 1 1 1
v 0.595011 2.97894 4.04625 1 1 1
v -0.583027 2.96845 4.02979 1 1 1
v -0.322099 2.96941 4.0313 1 1 1
v -0.330854 2.96845 4.02979 1 1 1
v -0.302578 2.97152 4.03459 1 1 1
v -0.283057 2.97411 4.03866 1 1 1
v -0.263536 2.97756 4.04407 1 1 1
v 0.263536 2.97756 4.04407 1 1 1
v 0.283057 2.97411 4.03866 1 1 1
v 0.302578 2.97152 4.03459 1 1 1
v 0.322099 2.96941 4.0313 1 1 1
v 0.330854 2.96845 4.02979 1 1 1
v 0.583027 2.96845 4.02979 1 1 1
v -0.575874 2.96367 4.02229 1 1 1
v -0.560976 2.95796 4.01333 1 1 1
v -0.400184 2.95846 4.01411 1 1 1
v -0.405818 2.95796 4.01333 1 1 1
v -0.380663 2.96055 4.01739 1 1 1
v -0.361142 2.9631 4.02139 1 1 1
v -0.34162 2.96639 4.02655 1 1 1
v 0.34162 2.96639 4.02655 1 1 1
v 0.361142 2.9631 4.02139 1 1 1
v 0.380663 2.96055 4.01739 1 1 1
v 0.400184 2.95846 4.01411 1 1 1
v 0.405818 2.95796 4.01333 1 1 1
v 0.575874 2.96367 4.02229 1 1 1
v 0.560976 2.95796 4.01333 1 1 1
v -0.556353 2.95646 4.01097 1 1 1
v -0.536832 2.95357 4.00645 1 1 1
v -0.517311 2.95237 4.00457 1 1 1
v -0.49779 2.95199 4.00396 1 1 1
v -0.478269 2.95222 4.00433 1 1 1
v -0.458747 2.95291 4.00541 1 1 1
v -0.439226 2.95396 4.00706 1 1 1
v -0.419705 2.95576 4.00988 1 1 1
v 0.419705 2.95576 4.00988 1 1 1
v 0.439226 2.95396 4.00706 1 1 1
v 0.458748 2.95291 4.00541 1 1 1
v 0.478269 2.95222 4.00433 1 1 1
v 0.49779 2.95199 4.00396 1 1 1
v 0.517311 2.95237 4.00457 1 1 1
v 0.536832 2.95357 4.00645 1 1 1
v 0.556353 2.95646 4.01097 1 1 1
v -0.107366 3.38935 4.339 1 1 1
v -0.110589 3.38912 4.33871 1 1 1
v -0.0878452 3.38964 4.33938 1 1 1
v -0.0683241 3.38965 4.33938 1 1 1
v -0.0488029 3.38976 4.33952 1 1 1
v -0.0292817 3.38975 4.33951 1 1 1
v -0.0097605 3.3896 4.33931 1 1 1
v 0.00976062 3.3896 4.33931 1 1 1
v 0.0292817 3.38975 4.33951 1 1 1
v 0.048803 3.38976 4.33952 1 1 1
v 0.0683241 3.38965 4.33938 1 1 1
v 0.0878453 3.38964 4.33938 1 1 1
v 0.107366 3.38935 4.339 1 1 1
v 0.110589 3.38912 4.33871 1 1 1
v -0.185451 3.3797 4.32683 1 1 1
v -0.20196 3.37699 4.32342 1 1 1
v -0.16593 3.38283 4.33079 1 1 1
v -0.146409 3.38591 4.33467 1 1 1
v -0.126888 3.38825 4.33762 1 1 1
v 0.126888 3.38825 4.33762 1 1 1
v 0.146409 3.38591 4.33467 1 1 1
v 0.16593 3.38283 4.33079 1 1 1
v 0.185451 3.3797 4.32683 1 1 1
v 0.20196 3.37699 4.32342 1 1 1
v -0.283057 3.36493 4.30821 1 1 1
v -0.283548 3.36486 4.30812 1 1 1
v -0.263536 3.36783 4.31187 1 1 1
v -0.244015 3.37077 4.31558 1 1 1
v -0.224493 3.37365 4.31921 1 1 1
v -0.204972 3.37655 4.32286 1 1 1
v 0.204972 3.37655 4.32286 1 1 1
v 0.224494 3.37365 4.31921 1 1 1
v 0.244015 3.37077 4.31558 1 1 1
v 0.263536 3.36783 4.31187 1 1 1
v 0.283057 3.36493 4.30821 1 1 1
v 0.283548 3.36486 4.30812 1 1 1
v -0.34162 3.35514 4.29586 1 1 1
v -0.351813 3.35273 4.29283 1 1 1
v -0.322099 3.35893 4.30065 1 1 1
v -0.302578 3.3621 4.30464 1 1 1
v 0.302578 3.3621 4.30464 1 1 1
v 0.322099 3.35893 4.30065 1 1 1
v 0.34162 3.35514 4.29586 1 1 1
v 0.351813 3.35273 4.29283 1 1 1
v -0.380663 3.34536 4.28354 1 1 1
v -0.39881 3.3406 4.27753 1 1 1
v -0.361142 3.3505 4.29002 1 1 1
v 0.361142 3.3505 4.29002 1 1 1
v 0.380663 3.34536 4.28354 1 1 1
v 0.39881 3.3406 4.27753 1 1 1
v -0.439226 3.32998 4.26415 1 1 1
v -0.444982 3.32847 4.26224 1 1 1
v -0.419705 3.33514 4.27065 1 1 1
v -0.400184 3.34024 4.27708 1 1 1
v 0.400184 3.34024 4.27708 1 1 1
v 0.419705 3.33514 4.27065 1 1 1
v 0.439226 3.32998 4.26415 1 1 1
v 0.444982 3.32847 4.26224 1 1 1
v -0.478269 3.31973 4.25122 1 1 1
v -0.491141 3.31634 4.24694 1 1 1
v -0.458747 3.32486 4.25769 1 1 1
v 0.458748 3.32486 4.25769 1 1 1
v 0.478269 3.31973 4.25122 1 1 1
v 0.491141 3.31634 4.24694 1 1 1
v -0.536832 3.30435 4.23183 1 1 1
v -0.53738 3.30421 4.23165 1 1 1
v -0.517311 3.30947 4.23829 1 1 1
v -0.49779 3.3146 4.24475 1 1 1
v 0.49779 3.3146 4.24475 1 1 1
v 0.517311 3.30947 4.23829 1 1 1
v 0.536832 3.30435 4.23183 1 1 1
v 0.53738 3.30421 4.23165 1 1 1
v -0.575874 3.29408 4.21888 1 1 1
v -0.583552 3.29208 4.21635 1 1 1
v -0.556353 3.29922 4.22536 1 1 1
v 0.556353 3.29922 4.22536 1 1 1
v 0.575874 3.29408 4.21888 1 1 1
v 0.583552 3.29208 4.21635 1 1 1
v -0.614917 3.28382 4.20594 1 1 1
v -0.629639 3.27995 4.20106 1 1 1
v -0.595396 3.28898 4.21244 1 1 1
v 0.595396 3.28898 4.21244 1 1 1
v 0.614917 3.28382 4.20594 1 1 1
v 0.62964 3.27995 4.20106 1 1 1
v -0.67348 3.26846 4.18657 1 1 1
v -0.675938 3.26782 4.18576 1 1 1
v -0.653959 3.27358 4.19303 1 1 1
v -0.634438 3.27869 4.19948 1 1 1
v 0.634438 3.27869 4.19948 1 1 1
v 0.653959 3.27358 4.19303 1 1 1
v 0.67348 3.26846 4.18657 1 1 1
v 0.675938 3.26782 4.18576 1 1 1
v -0.693001 3.26166 4.178 1 1 1
v -0.705208 3.25569 4.17047 1 1 1
v 0.693002 3.26166 4.178 1 1 1
v 0.705208 3.25569 4.17047 1 1 1
v -0.710593 3.24356 4.15517 1 1 1
v 0.710593 3.24356 4.15517 1 1 1
v -0.70382 3.23143 4.13988 1 1 1
v 0.70382 3.23143 4.13988 1 1 1
v -0.694712 3.2193 4.12458 1 1 1
v 0.694712 3.2193 4.12458 1 1 1
v -0.693001 3.21701 4.1217 1 1 1
v -0.685602 3.20717 4.10929 1 1 1
v 0.693002 3.21701 4.1217 1 1 1
v 0.685602 3.20717 4.10929 1 1 1
v -0.676638 3.19504 4.09399 1 1 1
v 0.676638 3.19504 4.09399 1 1 1
v -0.67348 3.1909 4.08878 1 1 1
v -0.66739 3.18291 4.0787 1 1 1
v 0.67348 3.1909 4.08878 1 1 1
v 0.66739 3.18291 4.0787 1 1 1
v -0.658453 3.17078 4.0634 1 1 1
v 0.658453 3.17078 4.0634 1 1 1
v -0.653959 3.16495 4.05605 1 1 1
v -0.649154 3.15865 4.04811 1 1 1
v 0.653959 3.16495 4.05605 1 1 1
v 0.649154 3.15865 4.04811 1 1 1
v -0.640136 3.14652 4.03281 1 1 1
v 0.640136 3.14652 4.03281 1 1 1
v -0.634438 3.13912 4.02348 1 1 1
v -0.630785 3.13439 4.01752 1 1 1
v 0.634438 3.13912 4.02348 1 1 1
v 0.630785 3.13439 4.01752 1 1 1
v -0.621142 3.12226 4.00222 1 1 1
v 0.621142 3.12226 4.00222 1 1 1
v -0.614917 3.1148 3.99281 1 1 1
v -0.611139 3.11013 3.98693 1 1 1
v -0.146409 3.11017 3.98698 1 1 1
v -0.147416 3.11013 3.98693 1 1 1
v -0.126888 3.11092 3.98792 1 1 1
v -0.107366 3.11156 3.98874 1 1 1
v -0.0878452 3.112 3.98929 1 1 1
v -0.0683241 3.11223 3.98958 1 1 1
v -0.0488029 3.11231 3.98968 1 1 1
v -0.0292817 3.1123 3.98966 1 1 1
v -0.0097605 3.11228 3.98964 1 1 1
v 0.00976062 3.11228 3.98964 1 1 1
v 0.0292817 3.1123 3.98966 1 1 1
v 0.048803 3.11231 3.98968 1 1 1
v 0.0683241 3.11223 3.98958 1 1 1
v 0.0878453 3.112 3.98929 1 1 1
v 0.107366 3.11156 3.98874 1 1 1
v 0.126888 3.11092 3.98792 1 1 1
v 0.146409 3.11017 3.98698 1 1 1
v 0.147416 3.11013 3.98693 1 1 1
v 0.614917 3.1148 3.99281 1 1 1
v 0.611139 3.11013 3.98693 1 1 1
v -0.600793 3.098 3.97163 1 1 1
v -0.244015 3.09899 3.97288 1 1 1
v -0.252157 3.098 3.97163 1 1 1
v -0.224493 3.10129 3.97579 1 1 1
v -0.204972 3.10393 3.97911 1 1 1
v -0.185451 3.10652 3.98237 1 1 1
v -0.16593 3.10858 3.98498 1 1 1
v 0.16593 3.10858 3.98498 1 1 1
v 0.185451 3.10652 3.98237 1 1 1
v 0.204972 3.10393 3.97911 1 1 1
v 0.224494 3.10129 3.97579 1 1 1
v 0.244015 3.09899 3.97288 1 1 1
v 0.252157 3.098 3.97163 1 1 1
v 0.600793 3.098 3.97163 1 1 1
v -0.595396 3.09226 3.96439 1 1 1
v -0.588424 3.08587 3.95634 1 1 1
v -0.322099 3.08669 3.95738 1 1 1
v -0.328635 3.08587 3.95634 1 1 1
v -0.302578 3.08904 3.96033 1 1 1
v -0.283057 3.09189 3.96393 1 1 1
v -0.263536 3.09565 3.96867 1 1 1
v 0.263536 3.09565 3.96867 1 1 1
v 0.283057 3.09189 3.96393 1 1 1
v 0.302578 3.08904 3.96033 1 1 1
v 0.322099 3.08669 3.95738 1 1 1
v 0.328635 3.08587 3.95634 1 1 1
v 0.595396 3.09226 3.96439 1 1 1
v 0.588424 3.08587 3.95634 1 1 1
v -0.575874 3.07685 3.94496 1 1 1
v -0.567953 3.07374 3.94104 1 1 1
v -0.400184 3.07417 3.94159 1 1 1
v -0.404412 3.07374 3.94104 1 1 1
v -0.380663 3.07654 3.94457 1 1 1
v -0.361142 3.0794 3.94818 1 1 1
v -0.34162 3.08306 3.95279 1 1 1
v 0.34162 3.08306 3.95279 1 1 1
v 0.361142 3.0794 3.94818 1 1 1
v 0.380663 3.07654 3.94457 1 1 1
v 0.400184 3.07417 3.94159 1 1 1
v 0.404412 3.07374 3.94104 1 1 1
v 0.575874 3.07685 3.94496 1 1 1
v 0.567953 3.07374 3.94104 1 1 1
v -0.556353 3.06977 3.93603 1 1 1
v -0.536832 3.06719 3.93279 1 1 1
v -0.517311 3.06638 3.93176 1 1 1
v -0.49779 3.06626 3.93161 1 1 1
v -0.478269 3.06671 3.93218 1 1 1
v -0.458747 3.06761 3.93331 1 1 1
v -0.439226 3.0689 3.93493 1 1 1
v -0.419705 3.07098 3.93756 1 1 1
v 0.419705 3.07098 3.93756 1 1 1
v 0.439226 3.0689 3.93493 1 1 1
v 0.458748 3.06761 3.93331 1 1 1
v 0.478269 3.06671 3.93218 1 1 1
v 0.49779 3.06626 3.93161 1 1 1
v 0.517311 3.06638 3.93176 1 1 1
v 0.536832 3.06719 3.93279 1 1 1
v 0.556353 3.06977 3.93603 1 1 1
v -0.126888 3.53307 4.22381 1 1 1
v -0.128825 3.5328 4.22353 1 1 1
v -0.107366 3.53443 4.22525 1 1 1
v -0.0878452 3.53471 4.22555 1 1 1
v -0.0683241 3.53471 4.22556 1 1 1
v -0.0488029 3.53483 4.22568 1 1 1
v -0.0292817 3.53482 4.22567 1 1 1
v -0.0097605 3.53467 4.22551 1 1 1
v 0.00976062 3.53467 4.22551 1 1 1
v 0.0292817 3.53482 4.22567 1 1 1
v 0.048803 3.53483 4.22568 1 1 1
v 0.0683241 3.53471 4.22556 1 1 1
v 0.0878453 3.53471 4.22555 1 1 1
v 0.107366 3.53443 4.22525 1 1 1
v 0.126888 3.53307 4.22381 1 1 1
v 0.128825 3.5328 4.22353 1 1 1
v -0.204972 3.52171 4.21177 1 1 1
v -0.219471 3.5194 4.20933 1 1 1
v -0.185451 3.52483 4.21508 1 1 1
v -0.16593 3.52789 4.21832 1 1 1
v -0.146409 3.53083 4.22144 1 1 1
v 0.146409 3.53083 4.22144 1 1 1
v 0.16593 3.52789 4.21832 1 1 1
v 0.185451 3.52483 4.21508 1 1 1
v 0.204972 3.52171 4.21177 1 1 1
v 0.219471 3.5194 4.20933 1 1 1
v -0.302578 3.50744 4.19665 1 1 1
v -0.311757 3.50601 4.19513 1 1 1
v -0.283057 3.51019 4.19956 1 1 1
v -0.263536 3.51302 4.20257 1 1 1
v -0.244015 3.51589 4.20561 1 1 1
v -0.224493 3.51868 4.20856 1 1 1
v 0.224494 3.51868 4.20856 1 1 1
v 0.244015 3.51589 4.20561 1 1 1
v 0.263536 3.51302 4.20257 1 1 1
v 0.283057 3.51019 4.19956 1 1 1
v 0.302578 3.50744 4.19665 1 1 1
v 0.311757 3.50601 4.19513 1 1 1
v -0.361142 3.49577 4.18428 1 1 1
v -0.372817 3.49261 4.18093 1 1 1
v -0.34162 3.50055 4.18934 1 1 1
v -0.322099 3.50437 4.1934 1 1 1
v 0.322099 3.50437 4.1934 1 1 1
v 0.34162 3.50055 4.18934 1 1 1
v 0.361142 3.49577 4.18428 1 1 1
v 0.372817 3.49261 4.18093 1 1 1
v -0.419705 3.4798 4.16736 1 1 1
v -0.421861 3.47921 4.16673 1 1 1
v -0.400184 3.48506 4.17293 1 1 1
v -0.380663 3.49046 4.17865 1 1 1
v 0.380663 3.49046 4.17865 1 1 1
v 0.400184 3.48506 4.17293 1 1 1
v 0.419705 3.4798 4.16736 1 1 1
v 0.421861 3.47921 4.16673 1 1 1
v -0.458747 3.46902 4.15594 1 1 1
v -0.470553 3.46581 4.15254 1 1 1
v -0.439226 3.47441 4.16165 1 1 1
v 0.439226 3.47441 4.16165 1 1 1
v 0.458748 3.46902 4.15594 1 1 1
v 0.470553 3.46581 4.15254 1 1 1
v -0.517311 3.45298 4.13894 1 1 1
v -0.51936 3.45242 4.13834 1 1 1
v -0.49779 3.45833 4.14461 1 1 1
v -0.478269 3.4637 4.15029 1 1 1
v 0.478269 3.4637 4.15029 1 1 1
v 0.49779 3.45833 4.14461 1 1 1
v 0.517311 3.45298 4.13894 1 1 1
v 0.51936 3.45242 4.13834 1 1 1
v -0.556353 3.44227 4.12759 1 1 1
v -0.56816 3.43902 4.12414 1 1 1
v -0.536832 3.4476 4.13323 1 1 1
v 0.536832 3.4476 4.13323 1 1 1
v 0.556353 3.44227 4.12759 1 1 1
v 0.56816 3.43902 4.12414 1 1 1
v -0.614917 3.4262 4.11055 1 1 1
v -0.617029 3.42562 4.10994 1 1 1
v -0.595396 3.43156 4.11623 1 1 1
v -0.575874 3.43689 4.12189 1 1 1
v 0.575874 3.43689 4.12189 1 1 1
v 0.595396 3.43156 4.11623 1 1 1
v 0.614917 3.4262 4.11055 1 1 1
v 0.617029 3.42562 4.10994 1 1 1
v -0.653959 3.41549 4.09921 1 1 1
v -0.665757 3.41222 4.09574 1 1 1
v -0.634438 3.42086 4.10489 1 1 1
v 0.634438 3.42086 4.10489 1 1 1
v 0.653959 3.41549 4.09921 1 1 1
v 0.665757 3.41222 4.09574 1 1 1
v -0.712523 3.39915 4.08189 1 1 1
v -0.713507 3.39883 4.08155 1 1 1
v -0.693001 3.40478 4.08785 1 1 1
v -0.67348 3.41011 4.0935 1 1 1
v 0.67348 3.41011 4.0935 1 1 1
v 0.693002 3.40478 4.08785 1 1 1
v 0.712523 3.39915 4.08189 1 1 1
v 0.713506 3.39883 4.08155 1 1 1
v -0.732044 3.3859 4.06785 1 1 1
v -0.732536 3.38543 4.06735 1 1 1
v 0.732044 3.3859 4.06785 1 1 1
v 0.732536 3.38543 4.06735 1 1 1
v -0.732086 3.37203 4.05315 1 1 1
v 0.732086 3.37203 4.05315 1 1 1
v -0.732044 3.37197 4.05309 1 1 1
v -0.722408 3.35863 4.03895 1 1 1
v 0.732044 3.37197 4.05309 1 1 1
v 0.722408 3.35863 4.03895 1 1 1
v -0.712523 3.3458 4.02535 1 1 1
v -0.712088 3.34524 4.02475 1 1 1
v 0.712523 3.3458 4.02535 1 1 1
v 0.712088 3.34524 4.02475 1 1 1
v -0.701842 3.33184 4.01056 1 1 1
v 0.701842 3.33184 4.01056 1 1 1
v -0.693001 3.32031 3.99834 1 1 1
v -0.691577 3.31844 3.99636 1 1 1
v 0.693002 3.32031 3.99834 1 1 1
v 0.691577 3.31844 3.99636 1 1 1
v -0.681154 3.30504 3.98216 1 1 1
v 0.681154 3.30504 3.98216 1 1 1
v -0.67348 3.29494 3.97145 1 1 1
v -0.670982 3.29165 3.96796 1 1 1
v 0.67348 3.29494 3.97145 1 1 1
v 0.670982 3.29165 3.96796 1 1 1
v -0.66044 3.27825 3.95376 1 1 1
v 0.66044 3.27825 3.95376 1 1 1
v -0.653959 3.26988 3.9449 1 1 1
v -0.650111 3.26485 3.93956 1 1 1
v 0.653959 3.26988 3.9449 1 1 1
v 0.650111 3.26485 3.93956 1 1 1
v -0.639545 3.25145 3.92537 1 1 1
v 0.639545 3.25145 3.92537 1 1 1
v -0.634438 3.24514 3.91867 1 1 1
v -0.628705 3.23806 3.91117 1 1 1
v 0.634438 3.24514 3.91867 1 1 1
v 0.628705 3.23806 3.91117 1 1 1
v -0.617467 3.22466 3.89697 1 1 1
v -0.126888 3.22523 3.89757 1 1 1
v -0.139041 3.22466 3.89697 1 1 1
v -0.107366 3.22601 3.8984 1 1 1
v -0.0878452 3.22654 3.89897 1 1 1
v -0.0683241 3.22683 3.89927 1 1 1
v -0.0488029 3.22692 3.89936 1 1 1
v -0.0292817 3.2269 3.89935 1 1 1
v -0.0097605 3.22689 3.89933 1 1 1
v 0.00976062 3.22689 3.89933 1 1 1
v 0.0292817 3.2269 3.89935 1 1 1
v 0.048803 3.22692 3.89936 1 1 1
v 0.0683241 3.22683 3.89927 1 1 1
v 0.0878453 3.22654 3.89897 1 1 1
v 0.107366 3.22601 3.8984 1 1 1
v 0.126888 3.22523 3.89757 1 1 1
v 0.139041 3.22466 3.89697 1 1 1
v 0.617467 3.22466 3.89697 1 1 1
v -0.614917 3.22174 3.89387 1 1 1
v -0.606026 3.21126 3.88277 1 1 1
v -0.244015 3.21184 3.88338 1 1 1
v -0.248337 3.21126 3.88277 1 1 1
v -0.224493 3.21427 3.88596 1 1 1
v -0.204972 3.21701 3.88887 1 1 1
v -0.185451 3.21975 3.89176 1 1 1
v -0.16593 3.22203 3.89419 1 1 1
v -0.146409 3.22394 3.8962 1 1 1
v 0.146409 3.22394 3.8962 1 1 1
v 0.16593 3.22203 3.89419 1 1 1
v 0.185451 3.21975 3.89176 1 1 1
v 0.204972 3.21701 3.88887 1 1 1
v 0.224494 3.21427 3.88596 1 1 1
v 0.244015 3.21184 3.88338 1 1 1
v 0.248337 3.21126 3.88277 1 1 1
v 0.614917 3.22174 3.89387 1 1 1
v 0.606026 3.21126 3.88277 1 1 1
v -0.595396 3.19968 3.8705 1 1 1
v -0.593445 3.19787 3.86857 1 1 1
v -0.322099 3.19844 3.86919 1 1 1
v -0.326303 3.19787 3.86857 1 1 1
v -0.302578 3.20094 3.87183 1 1 1
v -0.283057 3.20394 3.87502 1 1 1
v -0.263536 3.20787 3.87917 1 1 1
v 0.263536 3.20787 3.87917 1 1 1
v 0.283057 3.20394 3.87502 1 1 1
v 0.302578 3.20094 3.87183 1 1 1
v 0.322099 3.19844 3.86919 1 1 1
v 0.326303 3.19787 3.86857 1 1 1
v 0.595396 3.19968 3.8705 1 1 1
v 0.593445 3.19787 3.86857 1 1 1
v -0.575874 3.18476 3.85469 1 1 1
v -0.57512 3.18447 3.85438 1 1 1
v -0.400184 3.18477 3.8547 1 1 1
v -0.40288 3.18447 3.85438 1 1 1
v -0.380663 3.18733 3.85741 1 1 1
v -0.361142 3.1904 3.86066 1 1 1
v -0.34162 3.19428 3.86478 1 1 1
v 0.34162 3.19428 3.86478 1 1 1
v 0.361142 3.1904 3.86066 1 1 1
v 0.380663 3.18733 3.85741 1 1 1
v 0.400184 3.18477 3.8547 1 1 1
v 0.40288 3.18447 3.85438 1 1 1
v 0.575874 3.18476 3.85469 1 1 1
v 0.57512 3.18447 3.85438 1 1 1
v -0.556353 3.17794 3.84746 1 1 1
v -0.536832 3.17579 3.84518 1 1 1
v -0.517311 3.1754 3.84477 1 1 1
v -0.49779 3.17559 3.84496 1 1 1
v -0.478269 3.17625 3.84567 1 1 1
v -0.458747 3.17736 3.84684 1 1 1
v -0.439226 3.17885 3.84842 1 1 1
v -0.419705 3.18116 3.85087 1 1 1
v 0.419705 3.18116 3.85087 1 1 1
v 0.439226 3.17885 3.84842 1 1 1
v 0.458748 3.17736 3.84684 1 1 1
v 0.478269 3.17625 3.84567 1 1 1
v 0.49779 3.17559 3.84496 1 1 1
v 0.517311 3.1754 3.84477 1 1 1
v 0.536832 3.17579 3.84518 1 1 1
v 0.556353 3.17794 3.84746 1 1 1
v -0.126888 3.66495 4.10145 1 1 1
v -0.140864 3.66309 4.09973 1 1 1
v -0.107366 3.66622 4.10262 1 1 1
v -0.0878452 3.66647 4.10285 1 1 1
v -0.0683241 3.66648 4.10286 1 1 1
v -0.0488029 3.6666 4.10297 1 1 1
v -0.0292817 3.66659 4.10296 1 1 1
v -0.0097605 3.66645 4.10283 1 1 1
v 0.00976062 3.66645 4.10283 1 1 1
v 0.0292817 3.66659 4.10296 1 1 1
v 0.048803 3.6666 4.10297 1 1 1
v 0.0683241 3.66648 4.10286 1 1 1
v 0.0878453 3.66647 4.10285 1 1 1
v 0.107366 3.66622 4.10262 1 1 1
v 0.126888 3.66495 4.10145 1 1 1
v 0.140864 3.66309 4.09973 1 1 1
v -0.224493 3.65096 4.08852 1 1 1
v -0.239358 3.64875 4.08648 1 1 1
v -0.204972 3.65391 4.09125 1 1 1
v -0.185451 3.65686 4.09398 1 1 1
v -0.16593 3.65975 4.09665 1 1 1
v -0.146409 3.6625 4.09918 1 1 1
v 0.146409 3.6625 4.09918 1 1 1
v 0.16593 3.65975 4.09665 1 1 1
v 0.185451 3.65686 4.09398 1 1 1
v 0.204972 3.65391 4.09125 1 1 1
v 0.224494 3.65096 4.08852 1 1 1
v 0.239358 3.64875 4.08648 1 1 1
v -0.322099 3.6372 4.07582 1 1 1
v -0.336778 3.6344 4.07324 1 1 1
v -0.302578 3.6401 4.0785 1 1 1
v -0.283057 3.64271 4.08091 1 1 1
v -0.263536 3.6454 4.0834 1 1 1
v -0.244015 3.64812 4.0859 1 1 1
v 0.244015 3.64812 4.0859 1 1 1
v 0.263536 3.6454 4.0834 1 1 1
v 0.283057 3.64271 4.08091 1 1 1
v 0.302578 3.6401 4.0785 1 1 1
v 0.322099 3.6372 4.07582 1 1 1
v 0.336778 3.6344 4.07324 1 1 1
v -0.380663 3.62329 4.06298 1 1 1
v -0.392098 3.62006 4.06 1 1 1
v -0.361142 3.62865 4.06793 1 1 1
v -0.34162 3.63347 4.07238 1 1 1
v 0.34162 3.63347 4.07238 1 1 1
v 0.361142 3.62865 4.06793 1 1 1
v 0.380663 3.62329 4.06298 1 1 1
v 0.392098 3.62006 4.06 1 1 1
v -0.439226 3.60698 4.04792 1 1 1
v -0.443705 3.60572 4.04676 1 1 1
v -0.419705 3.6124 4.05293 1 1 1
v -0.400184 3.61778 4.05789 1 1 1
v 0.400184 3.61778 4.05789 1 1 1
v 0.419705 3.6124 4.05292 1 1 1
v 0.439226 3.60698 4.04792 1 1 1
v 0.443705 3.60572 4.04676 1 1 1
v -0.478269 3.59605 4.03783 1 1 1
v -0.495165 3.59138 4.03351 1 1 1
v -0.458747 3.60146 4.04282 1 1 1
v 0.458748 3.60146 4.04282 1 1 1
v 0.478269 3.59605 4.03783 1 1 1
v 0.495166 3.59138 4.03351 1 1 1
v -0.536832 3.5797 4.02273 1 1 1
v -0.546446 3.57703 4.02027 1 1 1
v -0.517311 3.58516 4.02777 1 1 1
v -0.49779 3.59064 4.03284 1 1 1
v 0.49779 3.59064 4.03284 1 1 1
v 0.517311 3.58516 4.02777 1 1 1
v 0.536832 3.5797 4.02273 1 1 1
v 0.546446 3.57703 4.02027 1 1 1
v -0.595396 3.56338 4.00766 1 1 1
v -0.597853 3.56269 4.00703 1 1 1
v -0.575874 3.56883 4.0127 1 1 1
v -0.556353 3.57429 4.01774 1 1 1
v 0.556353 3.57429 4.01774 1 1 1
v 0.575874 3.56883 4.0127 1 1 1
v 0.595396 3.56338 4.00766 1 1 1
v 0.597853 3.56269 4.00703 1 1 1
v -0.634438 3.55253 3.99764 1 1 1
v -0.649562 3.54835 3.99379 1 1 1
v -0.614917 3.55794 4.00264 1 1 1
v 0.614917 3.55794 4.00264 1 1 1
v 0.634438 3.55253 3.99764 1 1 1
v 0.649562 3.54835 3.99379 1 1 1
v -0.693001 3.53615 3.98252 1 1 1
v -0.700751 3.53401 3.98054 1 1 1
v -0.67348 3.54162 3.98757 1 1 1
v -0.653959 3.54713 3.99266 1 1 1
v 0.653959 3.54713 3.99266 1 1 1
v 0.67348 3.54162 3.98757 1 1 1
v 0.693002 3.53615 3.98252 1 1 1
v 0.700751 3.53401 3.98054 1 1 1
v -0.732044 3.52444 3.97171 1 1 1
v -0.743994 3.51966 3.9673 1 1 1
v -0.712523 3.53068 3.97747 1 1 1
v 0.712523 3.53068 3.97747 1 1 1
v 0.732044 3.52444 3.97171 1 1 1
v 0.743994 3.51966 3.9673 1 1 1
v -0.751565 3.51091 3.95921 1 1 1
v -0.755257 3.50532 3.95406 1 1 1
v 0.751565 3.51091 3.95921 1 1 1
v 0.755257 3.50532 3.95406 1 1 1
v -0.751565 3.49545 3.94494 1 1 1
v -0.750145 3.49098 3.94081 1 1 1
v 0.751565 3.49545 3.94494 1 1 1
v 0.750145 3.49098 3.94081 1 1 1
v -0.738923 3.47664 3.92757 1 1 1
v 0.738923 3.47664 3.92757 1 1 1
v -0.732044 3.46799 3.91959 1 1 1
v -0.72751 3.46229 3.91433 1 1 1
v 0.732044 3.46799 3.91959 1 1 1
v 0.72751 3.46229 3.91433 1 1 1
v -0.716261 3.44795 3.90109 1 1 1
v 0.716261 3.44795 3.90109 1 1 1
v -0.712523 3.44328 3.89677 1 1 1
v -0.704811 3.43361 3.88784 1 1 1
v 0.712523 3.44328 3.89677 1 1 1
v 0.704811 3.43361 3.88784 1 1 1
v -0.69342 3.41927 3.8746 1 1 1
v 0.69342 3.41927 3.8746 1 1 1
v -0.693001 3.41874 3.87411 1 1 1
v -0.682081 3.40492 3.86136 1 1 1
v 0.693002 3.41874 3.87411 1 1 1
v 0.682081 3.40492 3.86136 1 1 1
v -0.67348 3.39422 3.85148 1 1 1
v -0.670539 3.39058 3.84811 1 1 1
v 0.67348 3.39422 3.85148 1 1 1
v 0.670539 3.39058 3.84811 1 1 1
v -0.659001 3.37624 3.83487 1 1 1
v 0.659001 3.37624 3.83487 1 1 1
v -0.653959 3.37006 3.82917 1 1 1
v -0.647348 3.3619 3.82163 1 1 1
v 0.653959 3.37006 3.82917 1 1 1
v 0.647348 3.3619 3.82163 1 1 1
v -0.635513 3.34756 3.80839 1 1 1
v 0.635513 3.34756 3.80839 1 1 1
v -0.634438 3.34629 3.80722 1 1 1
v -0.623272 3.33321 3.79514 1 1 1
v -0.126888 3.33348 3.79539 1 1 1
v -0.131828 3.33321 3.79514 1 1 1
v -0.107366 3.33439 3.79623 1 1 1
v -0.0878452 3.33502 3.79681 1 1 1
v -0.0683241 3.33535 3.79712 1 1 1
v -0.0488029 3.33545 3.79721 1 1 1
v -0.0292817 3.33544 3.7972 1 1 1
v -0.0097605 3.33542 3.79718 1 1 1
v 0.00976062 3.33542 3.79718 1 1 1
v 0.0292817 3.33544 3.7972 1 1 1
v 0.048803 3.33545 3.79721 1 1 1
v 0.0683241 3.33535 3.79712 1 1 1
v 0.0878453 3.33502 3.79681 1 1 1
v 0.107366 3.33439 3.79623 1 1 1
v 0.126888 3.33348 3.79539 1 1 1
v 0.131828 3.33321 3.79514 1 1 1
v 0.634438 3.34629 3.80722 1 1 1
v 0.623272 3.33321 3.79514 1 1 1
v -0.614917 3.32367 3.78633 1 1 1
v -0.610816 3.31887 3.7819 1 1 1
v -0.244015 3.31894 3.78196 1 1 1
v -0.244489 3.31887 3.7819 1 1 1
v -0.224493 3.32143 3.78426 1 1 1
v -0.204972 3.3242 3.78682 1 1 1
v -0.185451 3.32701 3.78942 1 1 1
v -0.16593 3.32946 3.79168 1 1 1
v -0.146409 3.33158 3.79364 1 1 1
v 0.146409 3.33158 3.79364 1 1 1
v 0.16593 3.32946 3.79168 1 1 1
v 0.185451 3.32701 3.78942 1 1 1
v 0.204972 3.3242 3.78682 1 1 1
v 0.224494 3.32143 3.78426 1 1 1
v 0.244015 3.31894 3.78196 1 1 1
v 0.244489 3.31887 3.7819 1 1 1
v 0.614917 3.32367 3.78634 1 1 1
v 0.610816 3.31887 3.7819 1 1 1
v -0.59788 3.30453 3.76866 1 1 1
v -0.322099 3.30479 3.7689 1 1 1
v -0.323861 3.30453 3.76866 1 1 1
v -0.302578 3.30737 3.77128 1 1 1
v -0.283057 3.31043 3.77411 1 1 1
v -0.263536 3.3144 3.77778 1 1 1
v 0.263536 3.3144 3.77778 1 1 1
v 0.283057 3.31043 3.77411 1 1 1
v 0.302578 3.30737 3.77128 1 1 1
v 0.322099 3.30479 3.7689 1 1 1
v 0.323861 3.30453 3.76866 1 1 1
v 0.59788 3.30453 3.76866 1 1 1
v -0.595396 3.30202 3.76634 1 1 1
v -0.579828 3.29019 3.75542 1 1 1
v -0.400184 3.29031 3.75553 1 1 1
v -0.401223 3.29019 3.75542 1 1 1
v -0.380663 3.29299 3.75801 1 1 1
v -0.361142 3.29618 3.76095 1 1 1
v -0.34162 3.30018 3.76464 1 1 1
v 0.34162 3.30018 3.76464 1 1 1
v 0.361142 3.29618 3.76095 1 1 1
v 0.380663 3.29299 3.75801 1 1 1
v 0.400184 3.29031 3.75553 1 1 1
v 0.401223 3.29019 3.75542 1 1 1
v 0.595396 3.30202 3.76634 1 1 1
v 0.579828 3.29019 3.75542 1 1 1
v -0.575874 3.28758 3.75301 1 1 1
v -0.556353 3.28121 3.74713 1 1 1
v -0.536832 3.27951 3.74556 1 1 1
v -0.517311 3.27954 3.74559 1 1 1
v -0.49779 3.28003 3.74604 1 1 1
v -0.478269 3.2809 3.74684 1 1 1
v -0.458747 3.2822 3.74804 1 1 1
v -0.439226 3.28387 3.74958 1 1 1
v -0.419705 3.28635 3.75187 1 1 1
v 0.419705 3.28635 3.75187 1 1 1
v 0.439226 3.28387 3.74958 1 1 1
v 0.458748 3.2822 3.74804 1 1 1
v 0.478269 3.2809 3.74684 1 1 1
v 0.49779 3.28003 3.74604 1 1 1
v 0.517311 3.27954 3.74559 1 1 1
v 0.536832 3.27951 3.74556 1 1 1
v 0.556353 3.28121 3.74713 1 1 1
v 0.575874 3.28758 3.75301 1 1 1
v -0.146409 3.78503 3.96881 1 1 1
v -0.152616 3.78398 3.96796 1 1 1
v -0.126888 3.78747 3.97079 1 1 1
v -0.107366 3.78864 3.97173 1 1 1
v -0.0878452 3.78887 3.97191 1 1 1
v -0.0683241 3.78888 3.97192 1 1 1
v -0.0488029 3.78899 3.97201 1 1 1
v -0.0292817 3.78898 3.972 1 1 1
v -0.0097605 3.78886 3.9719 1 1 1
v 0.00976062 3.78886 3.9719 1 1 1
v 0.0292817 3.78898 3.972 1 1 1
v 0.048803 3.78899 3.97201 1 1 1
v 0.0683241 3.78888 3.97192 1 1 1
v 0.0878453 3.78887 3.97191 1 1 1
v 0.107366 3.78864 3.97173 1 1 1
v 0.126888 3.78747 3.97079 1 1 1
v 0.146409 3.78503 3.96881 1 1 1
v 0.152616 3.78398 3.96796 1 1 1
v -0.244015 3.77124 3.95766 1 1 1
v -0.260974 3.7688 3.95569 1 1 1
v -0.224493 3.77398 3.95987 1 1 1
v -0.204972 3.77676 3.96212 1 1 1
v -0.185451 3.77952 3.96436 1 1 1
v -0.16593 3.78224 3.96655 1 1 1
v 0.16593 3.78224 3.96655 1 1 1
v 0.185451 3.77952 3.96436 1 1 1
v 0.204972 3.77676 3.96212 1 1 1
v 0.224494 3.77398 3.95987 1 1 1
v 0.244015 3.77124 3.95766 1 1 1
v 0.260974 3.7688 3.95569 1 1 1
v -0.34162 3.75715 3.94626 1 1 1
v -0.355944 3.75363 3.94341 1 1 1
v -0.322099 3.76076 3.94918 1 1 1
v -0.302578 3.76349 3.95139 1 1 1
v -0.283057 3.76593 3.95336 1 1 1
v -0.263536 3.76847 3.95542 1 1 1
v 0.263536 3.76847 3.95542 1 1 1
v 0.283057 3.76593 3.95336 1 1 1
v 0.302578 3.76349 3.95139 1 1 1
v 0.322099 3.76076 3.94918 1 1 1
v 0.34162 3.75715 3.94626 1 1 1
v 0.355945 3.75363 3.94341 1 1 1
v -0.400184 3.74139 3.93351 1 1 1
v -0.410634 3.73845 3.93113 1 1 1
v -0.380663 3.74693 3.938 1 1 1
v -0.361142 3.75234 3.94237 1 1 1
v 0.361142 3.75234 3.94237 1 1 1
v 0.380663 3.74693 3.938 1 1 1
v 0.400184 3.74139 3.93351 1 1 1
v 0.410634 3.73845 3.93113 1 1 1
v -0.458747 3.72489 3.92017 1 1 1
v -0.464503 3.72327 3.91886 1 1 1
v -0.439226 3.73045 3.92467 1 1 1
v -0.419705 3.73592 3.92909 1 1 1
v 0.419705 3.73592 3.92909 1 1 1
v 0.439226 3.73045 3.92467 1 1 1
v 0.458748 3.72489 3.92017 1 1 1
v 0.464503 3.72327 3.91886 1 1 1
v -0.517311 3.70844 3.90687 1 1 1
v -0.518553 3.70809 3.90658 1 1 1
v -0.49779 3.71397 3.91134 1 1 1
v -0.478269 3.71941 3.91574 1 1 1
v 0.478269 3.71941 3.91574 1 1 1
v 0.49779 3.71397 3.91134 1 1 1
v 0.517311 3.70844 3.90687 1 1 1
v 0.518553 3.70809 3.90658 1 1 1
v -0.556353 3.69747 3.89799 1 1 1
v -0.572587 3.69291 3.89431 1 1 1
v -0.536832 3.70294 3.90242 1 1 1
v 0.536832 3.70294 3.90242 1 1 1
v 0.556353 3.69747 3.89799 1 1 1
v 0.572587 3.69291 3.89431 1 1 1
v -0.614917 3.68098 3.88465 1 1 1
v -0.62646 3.67773 3.88203 1 1 1
v -0.595396 3.68649 3.88911 1 1 1
v -0.575874 3.69199 3.89356 1 1 1
v 0.575874 3.69199 3.89356 1 1 1
v 0.595396 3.68649 3.88911 1 1 1
v 0.614917 3.68098 3.88465 1 1 1
v 0.62646 3.67773 3.88203 1 1 1
v -0.67348 3.66452 3.87135 1 1 1
v -0.680455 3.66256 3.86976 1 1 1
v -0.653959 3.67002 3.87579 1 1 1
v -0.634438 3.6755 3.88022 1 1 1
v 0.634438 3.6755 3.88022 1 1 1
v 0.653959 3.67002 3.87579 1 1 1
v 0.67348 3.66452 3.87135 1 1 1
v 0.680455 3.66256 3.86976 1 1 1
v -0.732044 3.64805 3.85802 1 1 1
v -0.734428 3.64738 3.85748 1 1 1
v -0.712523 3.65353 3.86246 1 1 1
v -0.693001 3.659 3.86688 1 1 1
v 0.693002 3.659 3.86688 1 1 1
v 0.712523 3.65353 3.86246 1 1 1
v 0.732044 3.64805 3.85802 1 1 1
v 0.734428 3.64738 3.85748 1 1 1
v -0.751565 3.64126 3.85253 1 1 1
v -0.769961 3.6322 3.8452 1 1 1
v 0.751565 3.64126 3.85253 1 1 1
v 0.76996 3.6322 3.8452 1 1 1
v -0.771086 3.62952 3.84303 1 1 1
v -0.774979 3.61702 3.83293 1 1 1
v 0.771086 3.62952 3.84303 1 1 1
v 0.774979 3.61702 3.83293 1 1 1
v -0.771086 3.61096 3.82802 1 1 1
v -0.765949 3.60184 3.82065 1 1 1
v 0.771086 3.61096 3.82802 1 1 1
v 0.765949 3.60184 3.82065 1 1 1
v -0.753611 3.58666 3.80838 1 1 1
v 0.753611 3.58666 3.80838 1 1 1
v -0.751565 3.58416 3.80635 1 1 1
v -0.741248 3.57149 3.7961 1 1 1
v 0.751565 3.58416 3.80635 1 1 1
v 0.741248 3.57149 3.7961 1 1 1
v -0.732044 3.56005 3.78685 1 1 1
v -0.729038 3.55631 3.78382 1 1 1
v 0.732044 3.56005 3.78685 1 1 1
v 0.729038 3.55631 3.78382 1 1 1
v -0.716607 3.54113 3.77155 1 1 1
v 0.716607 3.54113 3.77155 1 1 1
v -0.712523 3.5361 3.76748 1 1 1
v -0.704288 3.52595 3.75927 1 1 1
v 0.712523 3.5361 3.76748 1 1 1
v 0.704288 3.52595 3.75927 1 1 1
v -0.693001 3.51207 3.74804 1 1 1
v -0.691953 3.51077 3.747 1 1 1
v 0.693002 3.51207 3.74804 1 1 1
v 0.691953 3.51077 3.747 1 1 1
v -0.679439 3.4956 3.73472 1 1 1
v 0.679439 3.4956 3.73472 1 1 1
v -0.67348 3.48838 3.72888 1 1 1
v -0.666918 3.48042 3.72244 1 1 1
v 0.67348 3.48838 3.72888 1 1 1
v 0.666918 3.48042 3.72244 1 1 1
v -0.654319 3.46524 3.71017 1 1 1
v 0.654319 3.46524 3.71017 1 1 1
v -0.653959 3.46481 3.70982 1 1 1
v -0.641564 3.45006 3.69789 1 1 1
v 0.653959 3.46481 3.70982 1 1 1
v 0.641564 3.45006 3.69789 1 1 1
v -0.634438 3.44178 3.69119 1 1 1
v -0.628502 3.43488 3.68562 1 1 1
v -0.107366 3.43584 3.6864 1 1 1
v -0.125542 3.43488 3.68562 1 1 1
v -0.0878452 3.43657 3.68698 1 1 1
v -0.0683241 3.43695 3.68729 1 1 1
v -0.0488029 3.43706 3.68738 1 1 1
v -0.0292817 3.43705 3.68737 1 1 1
v -0.0097605 3.43703 3.68735 1 1 1
v 0.00976062 3.43703 3.68735 1 1 1
v 0.0292817 3.43705 3.68737 1 1 1
v 0.048803 3.43706 3.68738 1 1 1
v 0.0683241 3.43695 3.68729 1 1 1
v 0.0878453 3.43657 3.68698 1 1 1
v 0.107366 3.43584 3.6864 1 1 1
v 0.125542 3.43488 3.68562 1 1 1
v 0.634438 3.44178 3.69119 1 1 1
v 0.628502 3.43488 3.68562 1 1 1
v -0.615163 3.4197 3.67334 1 1 1
v -0.224493 3.42175 3.67499 1 1 1
v -0.23971 3.4197 3.67334 1 1 1
v -0.204972 3.42454 3.67725 1 1 1
v -0.185451 3.4274 3.67956 1 1 1
v -0.16593 3.42998 3.68165 1 1 1
v -0.146409 3.43231 3.68354 1 1 1
v -0.126888 3.43473 3.6855 1 1 1
v 0.126888 3.43473 3.6855 1 1 1
v 0.146409 3.43231 3.68354 1 1 1
v 0.16593 3.42998 3.68165 1 1 1
v 0.185451 3.4274 3.67956 1 1 1
v 0.204972 3.42454 3.67725 1 1 1
v 0.224494 3.42175 3.67499 1 1 1
v 0.23971 3.4197 3.67334 1 1 1
v 0.615163 3.4197 3.67334 1 1 1
v -0.614917 3.41942 3.67312 1 1 1
v -0.601771 3.40453 3.66107 1 1 1
v -0.302578 3.40706 3.66312 1 1 1
v -0.321194 3.40453 3.66107 1 1 1
v -0.283057 3.41017 3.66563 1 1 1
v -0.263536 3.41416 3.66885 1 1 1
v -0.244015 3.41879 3.6726 1 1 1
v 0.244015 3.41879 3.6726 1 1 1
v 0.263536 3.41416 3.66885 1 1 1
v 0.283057 3.41017 3.66563 1 1 1
v 0.302578 3.40706 3.66312 1 1 1
v 0.321194 3.40453 3.66107 1 1 1
v 0.614917 3.41942 3.67312 1 1 1
v 0.601771 3.40453 3.66107 1 1 1
v -0.595396 3.39801 3.65579 1 1 1
v -0.58399 3.38935 3.64879 1 1 1
v -0.380663 3.39204 3.65097 1 1 1
v -0.399522 3.38935 3.64879 1 1 1
v -0.361142 3.39533 3.65363 1 1 1
v -0.34162 3.3994 3.65692 1 1 1
v -0.322099 3.40432 3.6609 1 1 1
v 0.322099 3.40432 3.6609 1 1 1
v 0.34162 3.3994 3.65692 1 1 1
v 0.361142 3.39533 3.65363 1 1 1
v 0.380663 3.39204 3.65097 1 1 1
v 0.399522 3.38935 3.64879 1 1 1
v 0.595396 3.39801 3.65579 1 1 1
v 0.58399 3.38935 3.64879 1 1 1
v -0.575874 3.38392 3.6444 1 1 1
v -0.556353 3.37802 3.63963 1 1 1
v -0.536832 3.37676 3.63861 1 1 1
v -0.517311 3.37718 3.63895 1 1 1
v -0.49779 3.37795 3.63957 1 1 1
v -0.478269 3.37902 3.64044 1 1 1
v -0.458747 3.38051 3.64164 1 1 1
v -0.439226 3.38235 3.64313 1 1 1
v -0.419705 3.38498 3.64526 1 1 1
v -0.400184 3.38918 3.64866 1 1 1
v 0.400184 3.38918 3.64866 1 1 1
v 0.419705 3.38498 3.64526 1 1 1
v 0.439226 3.38235 3.64313 1 1 1
v 0.458748 3.38051 3.64164 1 1 1
v 0.478269 3.37902 3.64044 1 1 1
v 0.49779 3.37795 3.63957 1 1 1
v 0.517311 3.37718 3.63895 1 1 1
v 0.536832 3.37676 3.63861 1 1 1
v 0.556353 3.37802 3.63963 1 1 1
v 0.575874 3.38392 3.6444 1 1 1
v -0.146409 3.89771 3.83222 1 1 1
v -0.164466 3.89486 3.83017 1 1 1
v -0.126888 3.89995 3.83383 1 1 1
v -0.107366 3.90101 3.83459 1 1 1
v -0.0878452 3.90122 3.83473 1 1 1
v -0.0683241 3.90123 3.83474 1 1 1
v -0.0488029 3.90133 3.83482 1 1 1
v -0.0292817 3.90132 3.83481 1 1 1
v -0.0097605 3.90121 3.83473 1 1 1
v 0.00976062 3.90121 3.83473 1 1 1
v 0.0292817 3.90132 3.83481 1 1 1
v 0.048803 3.90133 3.83482 1 1 1
v 0.0683241 3.90123 3.83474 1 1 1
v 0.0878453 3.90122 3.83473 1 1 1
v 0.107366 3.90101 3.83459 1 1 1
v 0.126888 3.89995 3.83383 1 1 1
v 0.146409 3.89771 3.83222 1 1 1
v 0.164466 3.89486 3.83017 1 1 1
v -0.283057 3.87925 3.81897 1 1 1
v -0.285008 3.87899 3.81879 1 1 1
v -0.263536 3.88186 3.82085 1 1 1
v -0.244015 3.88447 3.82272 1 1 1
v -0.224493 3.88702 3.82455 1 1 1
v -0.204972 3.88961 3.82641 1 1 1
v -0.185451 3.89216 3.82824 1 1 1
v -0.16593 3.89468 3.83004 1 1 1
v 0.16593 3.89468 3.83004 1 1 1
v 0.185451 3.89216 3.82824 1 1 1
v 0.204972 3.88961 3.82641 1 1 1
v 0.224494 3.88702 3.82455 1 1 1
v 0.244015 3.88447 3.82272 1 1 1
v 0.263536 3.88186 3.82085 1 1 1
v 0.283057 3.87925 3.81897 1 1 1
v 0.285008 3.87899 3.81879 1 1 1
v -0.361142 3.86621 3.80963 1 1 1
v -0.372222 3.86313 3.80742 1 1 1
v -0.34162 3.87094 3.81302 1 1 1
v -0.322099 3.87441 3.81551 1 1 1
v -0.302578 3.87696 3.81733 1 1 1
v 0.302578 3.87696 3.81733 1 1 1
v 0.322099 3.87441 3.81551 1 1 1
v 0.34162 3.87094 3.81302 1 1 1
v 0.361142 3.86621 3.80963 1 1 1
v 0.372222 3.86313 3.80742 1 1 1
v -0.419705 3.84977 3.79783 1 1 1
v -0.428551 3.84727 3.79604 1 1 1
v -0.400184 3.85526 3.80177 1 1 1
v -0.380663 3.86079 3.80574 1 1 1
v 0.380663 3.86079 3.80574 1 1 1
v 0.400184 3.85526 3.80177 1 1 1
v 0.419705 3.84977 3.79783 1 1 1
v 0.428551 3.84727 3.79604 1 1 1
v -0.478269 3.83324 3.78598 1 1 1
v -0.484812 3.83141 3.78466 1 1 1
v -0.458747 3.83875 3.78993 1 1 1
v -0.439226 3.84427 3.79389 1 1 1
v 0.439226 3.84427 3.79389 1 1 1
v 0.458748 3.83874 3.78993 1 1 1
v 0.478269 3.83324 3.78598 1 1 1
v 0.484812 3.83141 3.78466 1 1 1
v -0.536832 3.81677 3.77416 1 1 1
v -0.541184 3.81554 3.77328 1 1 1
v -0.517311 3.82228 3.77812 1 1 1
v -0.49779 3.82779 3.78207 1 1 1
v 0.49779 3.82779 3.78207 1 1 1
v 0.517311 3.82228 3.77812 1 1 1
v 0.536832 3.81677 3.77416 1 1 1
v 0.541184 3.81554 3.77328 1 1 1
v -0.595396 3.80032 3.76237 1 1 1
v -0.597672 3.79968 3.76191 1 1 1
v -0.575874 3.8058 3.7663 1 1 1
v -0.556353 3.81128 3.77023 1 1 1
v 0.556353 3.81128 3.77023 1 1 1
v 0.575874 3.8058 3.7663 1 1 1
v 0.595396 3.80032 3.76237 1 1 1
v 0.597673 3.79968 3.76191 1 1 1
v -0.634438 3.78931 3.75447 1 1 1
v -0.653812 3.78382 3.75053 1 1 1
v -0.614917 3.79481 3.75841 1 1 1
v 0.614917 3.79481 3.75841 1 1 1
v 0.634438 3.78931 3.75447 1 1 1
v 0.653811 3.78382 3.75053 1 1 1
v -0.693001 3.77281 3.74263 1 1 1
v -0.710255 3.76795 3.73915 1 1 1
v -0.67348 3.7783 3.74657 1 1 1
v -0.653959 3.78378 3.7505 1 1 1
v 0.653959 3.78378 3.7505 1 1 1
v 0.67348 3.7783 3.74657 1 1 1
v 0.693002 3.77281 3.74263 1 1 1
v 0.710255 3.76795 3.73915 1 1 1
v -0.751565 3.75632 3.73081 1 1 1
v -0.76647 3.75209 3.72777 1 1 1
v -0.732044 3.76183 3.73476 1 1 1
v -0.712523 3.76732 3.7387 1 1 1
v 0.712523 3.76732 3.7387 1 1 1
v 0.732044 3.76183 3.73476 1 1 1
v 0.751565 3.75632 3.73081 1 1 1
v 0.76647 3.75209 3.72777 1 1 1
v -0.790607 3.73754 3.71734 1 1 1
v -0.792024 3.73623 3.7164 1 1 1
v -0.771086 3.75007 3.72632 1 1 1
v 0.771086 3.75006 3.72632 1 1 1
v 0.790607 3.73754 3.71734 1 1 1
v 0.792024 3.73623 3.7164 1 1 1
v -0.791891 3.72037 3.70502 1 1 1
v 0.791891 3.72037 3.70502 1 1 1
v -0.790607 3.71875 3.70386 1 1 1
v -0.779997 3.7045 3.69364 1 1 1
v 0.790607 3.71875 3.70386 1 1 1
v 0.779997 3.7045 3.69364 1 1 1
v -0.771086 3.69379 3.68596 1 1 1
v -0.766797 3.68864 3.68226 1 1 1
v 0.771086 3.69379 3.68596 1 1 1
v 0.766797 3.68864 3.68226 1 1 1
v -0.753553 3.67278 3.67089 1 1 1
v 0.753553 3.67278 3.67089 1 1 1
v -0.751565 3.67038 3.66917 1 1 1
v -0.740456 3.65691 3.65951 1 1 1
v 0.751565 3.67038 3.66917 1 1 1
v 0.740456 3.65691 3.65951 1 1 1
v -0.732044 3.64684 3.65228 1 1 1
v -0.727201 3.64105 3.64813 1 1 1
v 0.732044 3.64684 3.65228 1 1 1
v 0.727201 3.64105 3.64813 1 1 1
v -0.714014 3.62519 3.63675 1 1 1
v 0.714014 3.62519 3.63675 1 1 1
v -0.712523 3.62342 3.63548 1 1 1
v -0.700727 3.60933 3.62538 1 1 1
v 0.712523 3.62342 3.63548 1 1 1
v 0.700727 3.60933 3.62538 1 1 1
v -0.693001 3.60015 3.61879 1 1 1
v -0.687384 3.59346 3.614 1 1 1
v 0.693002 3.60015 3.61879 1 1 1
v 0.687384 3.59346 3.614 1 1 1
v -0.674034 3.5776 3.60262 1 1 1
v 0.674034 3.5776 3.60262 1 1 1
v -0.67348 3.57695 3.60216 1 1 1
v -0.660571 3.56174 3.59125 1 1 1
v 0.67348 3.57695 3.60216 1 1 1
v 0.660571 3.56174 3.59125 1 1 1
v -0.653959 3.554 3.5857 1 1 1
v -0.647034 3.54587 3.57987 1 1 1
v 0.653959 3.554 3.5857 1 1 1
v 0.647034 3.54587 3.57987 1 1 1
v -0.634438 3.53139 3.56948 1 1 1
v -0.633238 3.53001 3.56849 1 1 1
v -0.107366 3.53072 3.569 1 1 1
v -0.119259 3.53001 3.56849 1 1 1
v -0.0878452 3.53153 3.56958 1 1 1
v -0.0683241 3.53196 3.56989 1 1 1
v -0.0488029 3.53209 3.56998 1 1 1
v -0.0292817 3.53207 3.56997 1 1 1
v -0.0097605 3.53205 3.56995 1 1 1
v 0.00976062 3.53205 3.56995 1 1 1
v 0.0292817 3.53207 3.56997 1 1 1
v 0.048803 3.53209 3.56998 1 1 1
v 0.0683241 3.53196 3.56989 1 1 1
v 0.0878453 3.53153 3.56958 1 1 1
v 0.107366 3.53072 3.569 1 1 1
v 0.119259 3.53001 3.56849 1 1 1
v 0.634438 3.53139 3.56948 1 1 1
v 0.633238 3.53001 3.56849 1 1 1
v -0.619409 3.51415 3.55711 1 1 1
v -0.224493 3.51563 3.55817 1 1 1
v -0.235014 3.51415 3.55711 1 1 1
v -0.204972 3.5184 3.56016 1 1 1
v -0.185451 3.52129 3.56224 1 1 1
v -0.16593 3.52399 3.56417 1 1 1
v -0.146409 3.52649 3.56596 1 1 1
v -0.126888 3.52909 3.56783 1 1 1
v 0.126888 3.52909 3.56783 1 1 1
v 0.146409 3.52649 3.56596 1 1 1
v 0.16593 3.52399 3.56417 1 1 1
v 0.185451 3.52129 3.56224 1 1 1
v 0.204972 3.5184 3.56016 1 1 1
v 0.224494 3.51563 3.55817 1 1 1
v 0.235014 3.51415 3.55711 1 1 1
v 0.619409 3.51415 3.55711 1 1 1
v -0.614917 3.50908 3.55347 1 1 1
v -0.605343 3.49829 3.54574 1 1 1
v -0.302578 3.50046 3.5473 1 1 1
v -0.317985 3.49829 3.54574 1 1 1
v -0.283057 3.50357 3.54953 1 1 1
v -0.263536 3.50754 3.55237 1 1 1
v -0.244015 3.51217 3.5557 1 1 1
v 0.244015 3.51217 3.5557 1 1 1
v 0.263536 3.50754 3.55237 1 1 1
v 0.283057 3.50357 3.54953 1 1 1
v 0.302578 3.50046 3.5473 1 1 1
v 0.317986 3.49829 3.54574 1 1 1
v 0.614917 3.50908 3.55347 1 1 1
v 0.605343 3.49829 3.54574 1 1 1
v -0.595396 3.48806 3.5384 1 1 1
v -0.587917 3.48242 3.53436 1 1 1
v -0.380663 3.48496 3.53617 1 1 1
v -0.39776 3.48242 3.53436 1 1 1
v -0.361142 3.4883 3.53857 1 1 1
v -0.34162 3.4924 3.54151 1 1 1
v -0.322099 3.49732 3.54504 1 1 1
v 0.322099 3.49732 3.54504 1 1 1
v 0.34162 3.4924 3.54151 1 1 1
v 0.361142 3.4883 3.53857 1 1 1
v 0.380663 3.48496 3.53617 1 1 1
v 0.39776 3.48242 3.53436 1 1 1
v 0.595396 3.48806 3.5384 1 1 1
v 0.587917 3.48242 3.53436 1 1 1
v -0.575874 3.47433 3.52855 1 1 1
v -0.556353 3.46892 3.52467 1 1 1
v -0.536832 3.46807 3.52406 1 1 1
v -0.517311 3.46884 3.52462 1 1 1
v -0.49779 3.46986 3.52535 1 1 1
v -0.478269 3.47113 3.52626 1 1 1
v -0.458747 3.47279 3.52745 1 1 1
v -0.439226 3.47478 3.52888 1 1 1
v -0.419705 3.47754 3.53086 1 1 1
v -0.400184 3.4818 3.53391 1 1 1
v 0.400184 3.4818 3.53391 1 1 1
v 0.419705 3.47754 3.53086 1 1 1
v 0.439226 3.47478 3.52888 1 1 1
v 0.458748 3.47279 3.52745 1 1 1
v 0.478269 3.47113 3.52626 1 1 1
v 0.49779 3.46986 3.52535 1 1 1
v 0.517311 3.46884 3.52462 1 1 1
v 0.536832 3.46807 3.52406 1 1 1
v 0.556353 3.46892 3.52467 1 1 1
v 0.575874 3.47433 3.52855 1 1 1
v -0.16593 3.99726 3.69058 1 1 1
v -0.177114 3.9955 3.68943 1 1 1
v -0.146409 4.00008 3.69242 1 1 1
v -0.126888 4.0021 3.69375 1 1 1
v -0.107366 4.00305 3.69437 1 1 1
v -0.0878452 4.00323 3.69448 1 1 1
v -0.0683241 4.00325 3.69449 1 1 1
v -0.0488029 4.00335 3.69456 1 1 1
v -0.0292817 4.00333 3.69455 1 1 1
v -0.0097605 4.00324 3.69449 1 1 1
v 0.00976062 4.00324 3.69449 1 1 1
v 0.0292817 4.00333 3.69455 1 1 1
v 0.048803 4.00335 3.69456 1 1 1
v 0.0683241 4.00325 3.69449 1 1 1
v 0.0878453 4.00323 3.69448 1 1 1
v 0.107366 4.00305 3.69437 1 1 1
v 0.126888 4.0021 3.69375 1 1 1
v 0.146409 4.00008 3.69242 1 1 1
v 0.16593 3.99726 3.69058 1 1 1
v 0.177114 3.9955 3.68943 1 1 1
v -0.302578 3.98038 3.67955 1 1 1
v -0.311739 3.97916 3.67875 1 1 1
v -0.283057 3.98268 3.68105 1 1 1
v -0.263536 3.98507 3.68261 1 1 1
v -0.244015 3.98747 3.68418 1 1 1
v -0.224493 3.98981 3.68571 1 1 1
v -0.204972 3.99219 3.68727 1 1 1
v -0.185451 3.99452 3.68879 1 1 1
v 0.185451 3.99452 3.68879 1 1 1
v 0.204972 3.99219 3.68727 1 1 1
v 0.224494 3.98981 3.68571 1 1 1
v 0.244015 3.98747 3.68418 1 1 1
v 0.263536 3.98507 3.68261 1 1 1
v 0.283057 3.98268 3.68105 1 1 1
v 0.302578 3.98038 3.67955 1 1 1
v 0.311739 3.97916 3.67875 1 1 1
v -0.380663 3.96466 3.66927 1 1 1
v -0.387189 3.96282 3.66807 1 1 1
v -0.361142 3.97002 3.67278 1 1 1
v -0.34162 3.97462 3.67578 1 1 1
v -0.322099 3.97791 3.67794 1 1 1
v 0.322099 3.97791 3.67794 1 1 1
v 0.34162 3.97462 3.67578 1 1 1
v 0.361142 3.97002 3.67278 1 1 1
v 0.380663 3.96466 3.66927 1 1 1
v 0.387189 3.96282 3.66807 1 1 1
v -0.439226 3.94828 3.65857 1 1 1
v -0.445701 3.94648 3.65739 1 1 1
v -0.419705 3.95374 3.66214 1 1 1
v -0.400184 3.95918 3.66569 1 1 1
v 0.400184 3.95918 3.66569 1 1 1
v 0.419705 3.95374 3.66214 1 1 1
v 0.439226 3.94828 3.65857 1 1 1
v 0.445701 3.94648 3.65739 1 1 1
v -0.49779 3.93197 3.64791 1 1 1
v -0.504376 3.93014 3.64671 1 1 1
v -0.478269 3.9374 3.65146 1 1 1
v -0.458747 3.94283 3.65501 1 1 1
v 0.458748 3.94283 3.65501 1 1 1
v 0.478269 3.9374 3.65146 1 1 1
v 0.49779 3.93197 3.64791 1 1 1
v 0.504376 3.93014 3.64671 1 1 1
v -0.556353 3.91563 3.63723 1 1 1
v -0.56296 3.91379 3.63603 1 1 1
v -0.536832 3.92107 3.64079 1 1 1
v -0.517311 3.92653 3.64436 1 1 1
v 0.517311 3.92653 3.64436 1 1 1
v 0.536832 3.92107 3.64079 1 1 1
v 0.556353 3.91563 3.63723 1 1 1
v 0.56296 3.91379 3.63603 1 1 1
v -0.614917 3.89935 3.62659 1 1 1
v -0.621705 3.89745 3.62535 1 1 1
v -0.595396 3.90478 3.63014 1 1 1
v -0.575874 3.9102 3.63369 1 1 1
v 0.575874 3.9102 3.63369 1 1 1
v 0.595396 3.90478 3.63014 1 1 1
v 0.614917 3.89935 3.62659 1 1 1
v 0.621705 3.89745 3.62535 1 1 1
v -0.67348 3.88298 3.61589 1 1 1
v -0.680206 3.88111 3.61467 1 1 1
v -0.653959 3.88842 3.61945 1 1 1
v -0.634438 3.8939 3.62303 1 1 1
v 0.634438 3.8939 3.62303 1 1 1
v 0.653959 3.88842 3.61945 1 1 1
v 0.67348 3.88298 3.61589 1 1 1
v 0.680206 3.88111 3.61467 1 1 1
v -0.732044 3.86669 3.60525 1 1 1
v -0.738872 3.86477 3.60399 1 1 1
v -0.712523 3.87213 3.6088 1 1 1
v -0.693001 3.87756 3.61235 1 1 1
v 0.693002 3.87756 3.61235 1 1 1
v 0.712523 3.87213 3.6088 1 1 1
v 0.732044 3.86669 3.60525 1 1 1
v 0.738872 3.86477 3.60399 1 1 1
v -0.790607 3.84977 3.59419 1 1 1
v -0.794236 3.84843 3.59331 1 1 1
v -0.771086 3.85575 3.5981 1 1 1
v -0.751565 3.86122 3.60167 1 1 1
v 0.751565 3.86122 3.60167 1 1 1
v 0.771086 3.85575 3.5981 1 1 1
v 0.790607 3.84977 3.59419 1 1 1
v 0.794236 3.84843 3.59331 1 1 1
v -0.810128 3.83258 3.58295 1 1 1
v -0.810469 3.83209 3.58263 1 1 1
v 0.810129 3.83258 3.58295 1 1 1
v 0.810469 3.83209 3.58263 1 1 1
v -0.810128 3.83096 3.5819 1 1 1
v -0.806159 3.81575 3.57195 1 1 1
v 0.810129 3.83096 3.5819 1 1 1
v 0.806159 3.81575 3.57195 1 1 1
v -0.792587 3.79941 3.56128 1 1 1
v 0.792587 3.79941 3.56128 1 1 1
v -0.790607 3.79707 3.55974 1 1 1
v -0.778674 3.78307 3.5506 1 1 1
v 0.790607 3.79707 3.55974 1 1 1
v 0.778674 3.78307 3.5506 1 1 1
v -0.771086 3.77426 3.54484 1 1 1
v -0.764624 3.76673 3.53992 1 1 1
v 0.771086 3.77426 3.54484 1 1 1
v 0.764624 3.76673 3.53992 1 1 1
v -0.751565 3.75138 3.52988 1 1 1
v -0.750725 3.75039 3.52924 1 1 1
v 0.751565 3.75138 3.52988 1 1 1
v 0.750725 3.75039 3.52924 1 1 1
v -0.736689 3.73404 3.51856 1 1 1
v 0.736689 3.73404 3.51856 1 1 1
v -0.732044 3.7286 3.515 1 1 1
v -0.722723 3.7177 3.50788 1 1 1
v 0.732044 3.7286 3.515 1 1 1
v 0.722723 3.7177 3.50788 1 1 1
v -0.712523 3.7059 3.50016 1 1 1
v -0.708629 3.70136 3.4972 1 1 1
v 0.712523 3.7059 3.50016 1 1 1
v 0.708629 3.70136 3.4972 1 1 1
v -0.694539 3.68502 3.48652 1 1 1
v 0.69454 3.68502 3.48652 1 1 1
v -0.693001 3.68324 3.48535 1 1 1
v -0.680448 3.66868 3.47584 1 1 1
v 0.693002 3.68324 3.48535 1 1 1
v 0.680448 3.66868 3.47584 1 1 1
v -0.67348 3.66071 3.47063 1 1 1
v -0.666225 3.65234 3.46516 1 1 1
v 0.67348 3.66071 3.47063 1 1 1
v 0.666225 3.65234 3.46516 1 1 1
v -0.653959 3.63827 3.45596 1 1 1
v -0.651986 3.636 3.45448 1 1 1
v 0.653959 3.63827 3.45596 1 1 1
v 0.651986 3.636 3.45448 1 1 1
v -0.63773 3.61966 3.4438 1 1 1
v -0.107366 3.62009 3.44408 1 1 1
v -0.113898 3.61966 3.4438 1 1 1
v -0.0878452 3.62098 3.44467 1 1 1
v -0.0683241 3.62146 3.44498 1 1 1
v -0.0488029 3.62159 3.44507 1 1 1
v -0.0292817 3.62158 3.44505 1 1 1
v -0.0097605 3.62155 3.44504 1 1 1
v 0.00976062 3.62155 3.44504 1 1 1
v 0.0292817 3.62158 3.44505 1 1 1
v 0.048803 3.62159 3.44507 1 1 1
v 0.0683241 3.62146 3.44498 1 1 1
v 0.0878453 3.62098 3.44467 1 1 1
v 0.107366 3.62009 3.44408 1 1 1
v 0.113899 3.61966 3.4438 1 1 1
v 0.63773 3.61966 3.4438 1 1 1
v -0.634438 3.61595 3.44138 1 1 1
v -0.623288 3.60332 3.43312 1 1 1
v -0.224493 3.6042 3.4337 1 1 1
v -0.230577 3.60332 3.43312 1 1 1
v -0.204972 3.60694 3.43549 1 1 1
v -0.185451 3.60982 3.43737 1 1 1
v -0.16593 3.61259 3.43918 1 1 1
v -0.146409 3.61523 3.4409 1 1 1
v -0.126888 3.61796 3.44269 1 1 1
v 0.126888 3.61796 3.44269 1 1 1
v 0.146409 3.61523 3.4409 1 1 1
v 0.16593 3.61259 3.43918 1 1 1
v 0.185451 3.60982 3.43737 1 1 1
v 0.204972 3.60694 3.43549 1 1 1
v 0.224494 3.6042 3.4337 1 1 1
v 0.230577 3.60332 3.43312 1 1 1
v 0.634438 3.61595 3.44138 1 1 1
v 0.623288 3.60332 3.43312 1 1 1
v -0.614917 3.59398 3.42702 1 1 1
v -0.608618 3.58698 3.42244 1 1 1
v -0.302578 3.58875 3.4236 1 1 1
v -0.31485 3.58698 3.42244 1 1 1
v -0.283057 3.59183 3.42562 1 1 1
v -0.263536 3.59574 3.42817 1 1 1
v -0.244015 3.60031 3.43115 1 1 1
v 0.244015 3.60031 3.43115 1 1 1
v 0.263536 3.59574 3.42817 1 1 1
v 0.283057 3.59183 3.42562 1 1 1
v 0.302578 3.58875 3.4236 1 1 1
v 0.31485 3.58698 3.42244 1 1 1
v 0.614917 3.59398 3.42702 1 1 1
v 0.608618 3.58698 3.42244 1 1 1
v -0.595396 3.57344 3.4136 1 1 1
v -0.591611 3.57064 3.41176 1 1 1
v -0.380663 3.57296 3.41328 1 1 1
v -0.396004 3.57064 3.41176 1 1 1
v -0.361142 3.57631 3.41547 1 1 1
v -0.34162 3.5804 3.41814 1 1 1
v -0.322099 3.58525 3.42132 1 1 1
v 0.322099 3.58525 3.42132 1 1 1
v 0.34162 3.5804 3.41814 1 1 1
v 0.361142 3.57631 3.41547 1 1 1
v 0.380663 3.57296 3.41328 1 1 1
v 0.396004 3.57064 3.41176 1 1 1
v 0.595396 3.57344 3.4136 1 1 1
v 0.591611 3.57064 3.41176 1 1 1
v -0.575874 3.56012 3.40489 1 1 1
v -0.556353 3.55522 3.40169 1 1 1
v -0.536832 3.55475 3.40138 1 1 1
v -0.517311 3.55583 3.40209 1 1 1
v -0.49779 3.55707 3.4029 1 1 1
v -0.478269 3.5585 3.40383 1 1 1
v -0.458747 3.56031 3.40501 1 1 1
v -0.439226 3.56244 3.40641 1 1 1
v -0.419705 3.56529 3.40827 1 1 1
v -0.400184 3.56955 3.41105 1 1 1
v 0.400184 3.56955 3.41105 1 1 1
v 0.419705 3.56529 3.40827 1 1 1
v 0.439226 3.56244 3.40641 1 1 1
v 0.458748 3.56031 3.40501 1 1 1
v 0.478269 3.5585 3.40383 1 1 1
v 0.49779 3.55707 3.4029 1 1 1
v 0.517311 3.55583 3.40209 1 1 1
v 0.536832 3.55475 3.40138 1 1 1
v 0.556353 3.55522 3.40169 1 1 1
v 0.575874 3.56012 3.40489 1 1 1
v -0.185451 4.09075 3.54507 1 1 1
v -0.191295 4.08989 3.54456 1 1 1
v -0.16593 4.09356 3.54673 1 1 1
v -0.146409 4.09612 3.54826 1 1 1
v -0.126888 4.09795 3.54934 1 1 1
v -0.107366 4.09879 3.54985 1 1 1
v -0.0878452 4.09895 3.54994 1 1 1
v -0.0683241 4.09897 3.54995 1 1 1
v -0.0488029 4.09906 3.55 1 1 1
v -0.0292817 4.09904 3.54999 1 1 1
v -0.0097605 4.09896 3.54994 1 1 1
v 0.00976062 4.09896 3.54994 1 1 1
v 0.0292817 4.09904 3.54999 1 1 1
v 0.048803 4.09906 3.55 1 1 1
v 0.0683241 4.09897 3.54995 1 1 1
v 0.0878453 4.09895 3.54994 1 1 1
v 0.107366 4.09879 3.54985 1 1 1
v 0.126888 4.09795 3.54934 1 1 1
v 0.146409 4.09612 3.54826 1 1 1
v 0.16593 4.09356 3.54673 1 1 1
v 0.185451 4.09075 3.54507 1 1 1
v 0.191295 4.08989 3.54456 1 1 1
v -0.322099 4.07522 3.53584 1 1 1
v -0.333929 4.07311 3.53459 1 1 1
v -0.302578 4.07762 3.53727 1 1 1
v -0.283057 4.07972 3.53851 1 1 1
v -0.263536 4.0819 3.53981 1 1 1
v -0.244015 4.0841 3.54112 1 1 1
v -0.224493 4.08623 3.54239 1 1 1
v -0.204972 4.08841 3.54367 1 1 1
v 0.204972 4.08841 3.54367 1 1 1
v 0.224494 4.08623 3.54239 1 1 1
v 0.244015 4.0841 3.54112 1 1 1
v 0.263536 4.0819 3.53981 1 1 1
v 0.283057 4.07972 3.53851 1 1 1
v 0.302578 4.07762 3.53727 1 1 1
v 0.322099 4.07522 3.53584 1 1 1
v 0.333929 4.07311 3.53459 1 1 1
v -0.400184 4.05667 3.52483 1 1 1
v -0.401414 4.05632 3.52462 1 1 1
v -0.380663 4.06213 3.52807 1 1 1
v -0.361142 4.06739 3.53119 1 1 1
v -0.34162 4.07187 3.53385 1 1 1
v 0.34162 4.07187 3.53385 1 1 1
v 0.361142 4.06739 3.53119 1 1 1
v 0.380663 4.06213 3.52807 1 1 1
v 0.400184 4.05667 3.52483 1 1 1
v 0.401414 4.05632 3.52462 1 1 1
v -0.458747 4.04048 3.51521 1 1 1
v -0.462189 4.03954 3.51465 1 1 1
v -0.439226 4.04587 3.51841 1 1 1
v -0.419705 4.05128 3.52162 1 1 1
v 0.419705 4.05128 3.52162 1 1 1
v 0.439226 4.04587 3.51841 1 1 1
v 0.458748 4.04048 3.51521 1 1 1
v 0.462189 4.03954 3.51465 1 1 1
v -0.517311 4.02434 3.50562 1 1 1
v -0.523042 4.02275 3.50468 1 1 1
v -0.49779 4.02974 3.50883 1 1 1
v -0.478269 4.03512 3.51202 1 1 1
v 0.478269 4.03512 3.51202 1 1 1
v 0.49779 4.02974 3.50883 1 1 1
v 0.517311 4.02434 3.50562 1 1 1
v 0.523042 4.02275 3.50468 1 1 1
v -0.575874 4.00817 3.49602 1 1 1
v -0.583872 4.00597 3.49471 1 1 1
v -0.556353 4.01355 3.49921 1 1 1
v -0.536832 4.01894 3.50241 1 1 1
v 0.536832 4.01894 3.50241 1 1 1
v 0.556353 4.01355 3.49921 1 1 1
v 0.575874 4.00817 3.49602 1 1 1
v 0.583872 4.00597 3.49471 1 1 1
v -0.634438 3.99204 3.48644 1 1 1
v -0.644735 3.98919 3.48474 1 1 1
v -0.614917 3.99744 3.48964 1 1 1
v -0.595396 4.0028 3.49283 1 1 1
v 0.595396 4.0028 3.49283 1 1 1
v 0.614917 3.99744 3.48964 1 1 1
v 0.634438 3.99204 3.48644 1 1 1
v 0.644735 3.98919 3.48474 1 1 1
v -0.693001 3.97588 3.47684 1 1 1
v -0.705614 3.9724 3.47477 1 1 1
v -0.67348 3.98124 3.48002 1 1 1
v -0.653959 3.98663 3.48322 1 1 1
v 0.653959 3.98663 3.48322 1 1 1
v 0.67348 3.98124 3.48002 1 1 1
v 0.693002 3.97588 3.47684 1 1 1
v 0.705614 3.9724 3.47477 1 1 1
v -0.751565 3.95969 3.46722 1 1 1
v -0.766276 3.95562 3.4648 1 1 1
v -0.732044 3.9651 3.47044 1 1 1
v -0.712523 3.9705 3.47364 1 1 1
v 0.712523 3.9705 3.47364 1 1 1
v 0.732044 3.9651 3.47044 1 1 1
v 0.751565 3.95969 3.46722 1 1 1
v 0.766276 3.95562 3.4648 1 1 1
v -0.810128 3.94172 3.45655 1 1 1
v -0.81648 3.93884 3.45484 1 1 1
v -0.790607 3.94867 3.46068 1 1 1
v -0.771086 3.95429 3.46402 1 1 1
v 0.771086 3.95429 3.46402 1 1 1
v 0.790607 3.94867 3.46068 1 1 1
v 0.810129 3.94172 3.45655 1 1 1
v 0.81648 3.93884 3.45484 1 1 1
v -0.826144 3.92205 3.44487 1 1 1
v 0.826144 3.92205 3.44487 1 1 1
v -0.818613 3.90527 3.4349 1 1 1
v 0.818613 3.90527 3.4349 1 1 1
v -0.810128 3.89563 3.42917 1 1 1
v -0.803944 3.88848 3.42493 1 1 1
v 0.810129 3.89563 3.42917 1 1 1
v 0.803944 3.88848 3.42493 1 1 1
v -0.790607 3.87306 3.41577 1 1 1
v -0.789423 3.8717 3.41496 1 1 1
v 0.790607 3.87306 3.41577 1 1 1
v 0.789423 3.8717 3.41496 1 1 1
v -0.774634 3.85492 3.40499 1 1 1
v 0.774634 3.85492 3.40499 1 1 1
v -0.771086 3.85085 3.40258 1 1 1
v -0.760001 3.83813 3.39502 1 1 1
v 0.771086 3.85085 3.40258 1 1 1
v 0.760001 3.83813 3.39502 1 1 1
v -0.751565 3.82856 3.38934 1 1 1
v -0.745235 3.82135 3.38505 1 1 1
v 0.751565 3.82856 3.38934 1 1 1
v 0.745235 3.82135 3.38505 1 1 1
v -0.732044 3.8062 3.37606 1 1 1
v -0.73061 3.80456 3.37508 1 1 1
v 0.732044 3.80621 3.37606 1 1 1
v 0.73061 3.80456 3.37508 1 1 1
v -0.715805 3.78778 3.36512 1 1 1
v 0.715805 3.78778 3.36512 1 1 1
v -0.712523 3.78407 3.36291 1 1 1
v -0.701022 3.771 3.35515 1 1 1
v 0.712523 3.78407 3.36291 1 1 1
v 0.701022 3.771 3.35515 1 1 1
v -0.693001 3.76188 3.34973 1 1 1
v -0.686267 3.75421 3.34518 1 1 1
v 0.693002 3.76188 3.34973 1 1 1
v 0.686267 3.75421 3.34518 1 1 1
v -0.67348 3.73983 3.33663 1 1 1
v -0.671364 3.73743 3.33521 1 1 1
v 0.67348 3.73983 3.33663 1 1 1
v 0.671364 3.73743 3.33521 1 1 1
v -0.656638 3.72065 3.32524 1 1 1
v 0.656638 3.72065 3.32524 1 1 1
v -0.653959 3.71757 3.32341 1 1 1
v -0.641909 3.70386 3.31527 1 1 1
v -0.107366 3.704 3.31535 1 1 1
v -0.109269 3.70386 3.31527 1 1 1
v -0.0878452 3.70498 3.31593 1 1 1
v -0.0683241 3.70549 3.31624 1 1 1
v -0.0488029 3.70564 3.31633 1 1 1
v -0.0292817 3.70562 3.31632 1 1 1
v -0.0097605 3.7056 3.3163 1 1 1
v 0.00976062 3.7056 3.3163 1 1 1
v 0.0292817 3.70562 3.31632 1 1 1
v 0.048803 3.70564 3.31633 1 1 1
v 0.0683241 3.70549 3.31624 1 1 1
v 0.0878453 3.70498 3.31593 1 1 1
v 0.107366 3.704 3.31535 1 1 1
v 0.109269 3.70386 3.31527 1 1 1
v 0.653959 3.71757 3.32341 1 1 1
v 0.641909 3.70386 3.31527 1 1 1
v -0.634438 3.69556 3.31034 1 1 1
v -0.626845 3.68708 3.3053 1 1 1
v -0.224493 3.68736 3.30547 1 1 1
v -0.226377 3.68708 3.3053 1 1 1
v -0.204972 3.69007 3.30708 1 1 1
v -0.185451 3.69295 3.30879 1 1 1
v -0.16593 3.69578 3.31047 1 1 1
v -0.146409 3.69854 3.31211 1 1 1
v -0.126888 3.7014 3.31381 1 1 1
v 0.126888 3.7014 3.31381 1 1 1
v 0.146409 3.69854 3.31211 1 1 1
v 0.16593 3.69578 3.31047 1 1 1
v 0.185451 3.69295 3.30879 1 1 1
v 0.204972 3.69007 3.30708 1 1 1
v 0.224494 3.68736 3.30547 1 1 1
v 0.226377 3.68708 3.3053 1 1 1
v 0.634438 3.69556 3.31034 1 1 1
v 0.626845 3.68708 3.3053 1 1 1
v -0.614917 3.6739 3.29748 1 1 1
v -0.611631 3.67029 3.29533 1 1 1
v -0.302578 3.67165 3.29614 1 1 1
v -0.311785 3.67029 3.29533 1 1 1
v -0.283057 3.6747 3.29795 1 1 1
v -0.263536 3.67855 3.30023 1 1 1
v -0.244015 3.68306 3.30291 1 1 1
v 0.244015 3.68306 3.30291 1 1 1
v 0.263536 3.67855 3.30023 1 1 1
v 0.283057 3.6747 3.29795 1 1 1
v 0.302578 3.67165 3.29614 1 1 1
v 0.311785 3.67029 3.29533 1 1 1
v 0.614917 3.6739 3.29748 1 1 1
v 0.611631 3.67029 3.29533 1 1 1
v -0.595396 3.65373 3.2855 1 1 1
v -0.595091 3.65351 3.28536 1 1 1
v -0.380663 3.65561 3.28661 1 1 1
v -0.394254 3.65351 3.28536 1 1 1
v -0.361142 3.65897 3.2886 1 1 1
v -0.34162 3.66303 3.29102 1 1 1
v -0.322099 3.66782 3.29386 1 1 1
v 0.322099 3.66782 3.29386 1 1 1
v 0.34162 3.66303 3.29102 1 1 1
v 0.361142 3.65897 3.2886 1 1 1
v 0.380663 3.65561 3.28661 1 1 1
v 0.394254 3.65351 3.28536 1 1 1
v 0.595396 3.65373 3.2855 1 1 1
v 0.595091 3.65351 3.28536 1 1 1
v -0.575874 3.64074 3.27778 1 1 1
v -0.558396 3.63673 3.2754 1 1 1
v -0.517311 3.63753 3.27587 1 1 1
v -0.529187 3.63673 3.2754 1 1 1
v -0.49779 3.63898 3.27673 1 1 1
v -0.478269 3.64056 3.27767 1 1 1
v -0.458747 3.64251 3.27883 1 1 1
v -0.439226 3.64477 3.28017 1 1 1
v -0.419705 3.64771 3.28192 1 1 1
v -0.400184 3.65196 3.28444 1 1 1
v 0.400184 3.65196 3.28444 1 1 1
v 0.419705 3.64771 3.28192 1 1 1
v 0.439226 3.64477 3.28017 1 1 1
v 0.458748 3.64251 3.27883 1 1 1
v 0.478269 3.64056 3.27767 1 1 1
v 0.49779 3.63898 3.27673 1 1 1
v 0.517311 3.63753 3.27587 1 1 1
v 0.529187 3.63673 3.2754 1 1 1
v 0.575874 3.64074 3.27778 1 1 1
v 0.558396 3.63673 3.2754 1 1 1
v -0.556353 3.63619 3.27508 1 1 1
v -0.536832 3.63601 3.27497 1 1 1
v 0.536832 3.63601 3.27497 1 1 1
v 0.556353 3.63619 3.27508 1 1 1
v -0.204972 4.17766 3.39715 1 1 1
v -0.207332 4.17733 3.39697 1 1 1
v -0.185451 4.18026 3.39856 1 1 1
v -0.16593 4.18281 3.39995 1 1 1
v -0.146409 4.18512 3.40121 1 1 1
v -0.126888 4.18676 3.4021 1 1 1
v -0.107366 4.18751 3.40251 1 1 1
v -0.0878452 4.18765 3.40258 1 1 1
v -0.0683241 4.18767 3.40259 1 1 1
v -0.0488029 4.18775 3.40264 1 1 1
v -0.0292817 4.18773 3.40263 1 1 1
v -0.0097605 4.18766 3.40259 1 1 1
v 0.00976062 4.18766 3.40259 1 1 1
v 0.0292817 4.18773 3.40263 1 1 1
v 0.048803 4.18775 3.40264 1 1 1
v 0.0683241 4.18767 3.40259 1 1 1
v 0.0878453 4.18765 3.40258 1 1 1
v 0.107366 4.18751 3.40251 1 1 1
v 0.126888 4.18676 3.4021 1 1 1
v 0.146409 4.18512 3.40121 1 1 1
v 0.16593 4.18281 3.39995 1 1 1
v 0.185451 4.18026 3.39856 1 1 1
v 0.204972 4.17766 3.39715 1 1 1
v 0.207332 4.17733 3.39697 1 1 1
v -0.34162 4.16231 3.3888 1 1 1
v -0.350033 4.16019 3.38764 1 1 1
v -0.322099 4.16559 3.39058 1 1 1
v -0.302578 4.16778 3.39177 1 1 1
v -0.283057 4.16968 3.39281 1 1 1
v -0.263536 4.17166 3.39388 1 1 1
v -0.244015 4.17366 3.39497 1 1 1
v -0.224493 4.1756 3.39603 1 1 1
v 0.224494 4.1756 3.39603 1 1 1
v 0.244015 4.17366 3.39497 1 1 1
v 0.263536 4.17166 3.39388 1 1 1
v 0.283057 4.16968 3.39281 1 1 1
v 0.302578 4.16778 3.39177 1 1 1
v 0.322099 4.16559 3.39058 1 1 1
v 0.34162 4.16231 3.3888 1 1 1
v 0.350033 4.16019 3.38764 1 1 1
v -0.400184 4.14725 3.3806 1 1 1
v -0.415154 4.14304 3.37831 1 1 1
v -0.380663 4.15254 3.38348 1 1 1
v -0.361142 4.1577 3.38629 1 1 1
v 0.361142 4.1577 3.38629 1 1 1
v 0.380663 4.15254 3.38348 1 1 1
v 0.400184 4.14725 3.3806 1 1 1
v 0.415154 4.14304 3.37831 1 1 1
v -0.458747 4.13113 3.37183 1 1 1
v -0.478134 4.12589 3.36898 1 1 1
v -0.439226 4.13645 3.37473 1 1 1
v -0.419705 4.1418 3.37764 1 1 1
v 0.419705 4.1418 3.37764 1 1 1
v 0.439226 4.13645 3.37473 1 1 1
v 0.458748 4.13113 3.37183 1 1 1
v 0.478135 4.12589 3.36898 1 1 1
v -0.536832 4.10987 3.36026 1 1 1
v -0.540953 4.10874 3.35965 1 1 1
v -0.517311 4.11519 3.36316 1 1 1
v -0.49779 4.12054 3.36607 1 1 1
v -0.478269 4.12585 3.36896 1 1 1
v 0.478269 4.12585 3.36896 1 1 1
v 0.49779 4.12054 3.36607 1 1 1
v 0.517311 4.11519 3.36316 1 1 1
v 0.536832 4.10987 3.36026 1 1 1
v 0.540953 4.10874 3.35965 1 1 1
v -0.595396 4.09393 3.35159 1 1 1
v -0.604008 4.0916 3.35032 1 1 1
v -0.575874 4.09924 3.35448 1 1 1
v -0.556353 4.10455 3.35737 1 1 1
v 0.556353 4.10455 3.35737 1 1 1
v 0.575874 4.09924 3.35448 1 1 1
v 0.595396 4.09393 3.35159 1 1 1
v 0.604008 4.0916 3.35032 1 1 1
v -0.653959 4.07796 3.3429 1 1 1
v -0.666906 4.07445 3.34099 1 1 1
v -0.634438 4.0833 3.34581 1 1 1
v -0.614917 4.08864 3.34871 1 1 1
v 0.614917 4.08864 3.34871 1 1 1
v 0.634438 4.0833 3.34581 1 1 1
v 0.653959 4.07796 3.3429 1 1 1
v 0.666906 4.07445 3.34099 1 1 1
v -0.712523 4.06205 3.33424 1 1 1
v -0.729893 4.0573 3.33166 1 1 1
v -0.693001 4.06736 3.33714 1 1 1
v -0.67348 4.07266 3.34002 1 1 1
v 0.67348 4.07266 3.34002 1 1 1
v 0.693002 4.06736 3.33714 1 1 1
v 0.712523 4.06205 3.33424 1 1 1
v 0.729893 4.0573 3.33166 1 1 1
v -0.790607 4.04078 3.32267 1 1 1
v -0.79292 4.04015 3.32233 1 1 1
v -0.771086 4.04607 3.32555 1 1 1
v -0.751565 4.05139 3.32845 1 1 1
v -0.732044 4.05671 3.33134 1 1 1
v 0.732044 4.05671 3.33134 1 1 1
v 0.751565 4.05139 3.32845 1 1 1
v 0.771086 4.04607 3.32555 1 1 1
v 0.790607 4.04078 3.32267 1 1 1
v 0.79292 4.04015 3.32233 1 1 1
v -0.82965 4.02637 3.31483 1 1 1
v -0.835526 4.02301 3.313 1 1 1
v -0.810128 4.03475 3.31939 1 1 1
v 0.810129 4.03475 3.31939 1 1 1
v 0.82965 4.02637 3.31483 1 1 1
v 0.835525 4.02301 3.313 1 1 1
v -0.840127 4.00586 3.30367 1 1 1
v 0.840127 4.00586 3.30367 1 1 1
v -0.829744 3.98871 3.29434 1 1 1
v 0.829744 3.98871 3.29434 1 1 1
v -0.82965 3.98861 3.29429 1 1 1
v -0.814271 3.97156 3.28501 1 1 1
v 0.82965 3.98861 3.29429 1 1 1
v 0.814271 3.97156 3.28501 1 1 1
v -0.810128 3.96688 3.28247 1 1 1
v -0.799119 3.95442 3.27568 1 1 1
v 0.810129 3.96688 3.28247 1 1 1
v 0.799119 3.95442 3.27568 1 1 1
v -0.790607 3.94493 3.27052 1 1 1
v -0.783715 3.93727 3.26636 1 1 1
v 0.790607 3.94493 3.27052 1 1 1
v 0.783715 3.93727 3.26636 1 1 1
v -0.771086 3.9231 3.25865 1 1 1
v -0.768437 3.92012 3.25703 1 1 1
v 0.771086 3.9231 3.25865 1 1 1
v 0.768437 3.92012 3.25703 1 1 1
v -0.753013 3.90297 3.2477 1 1 1
v 0.753013 3.90297 3.2477 1 1 1
v -0.751565 3.90135 3.24681 1 1 1
v -0.737764 3.88583 3.23837 1 1 1
v 0.751565 3.90135 3.24681 1 1 1
v 0.737764 3.88583 3.23837 1 1 1
v -0.732044 3.87945 3.2349 1 1 1
v -0.722356 3.86868 3.22904 1 1 1
v 0.732044 3.87945 3.2349 1 1 1
v 0.722356 3.86868 3.22904 1 1 1
v -0.712523 3.85777 3.2231 1 1 1
v -0.706927 3.85153 3.21971 1 1 1
v 0.712523 3.85777 3.2231 1 1 1
v 0.706927 3.85153 3.21971 1 1 1
v -0.693001 3.83598 3.21125 1 1 1
v -0.691568 3.83438 3.21038 1 1 1
v 0.693002 3.83598 3.21125 1 1 1
v 0.691568 3.83438 3.21038 1 1 1
v -0.676222 3.81724 3.20105 1 1 1
v 0.676221 3.81724 3.20105 1 1 1
v -0.67348 3.81416 3.19937 1 1 1
v -0.661007 3.80009 3.19172 1 1 1
v 0.67348 3.81416 3.19937 1 1 1
v 0.661007 3.80009 3.19172 1 1 1
v -0.653959 3.79212 3.18738 1 1 1
v -0.645746 3.78294 3.18239 1 1 1
v -0.0878452 3.78383 3.18287 1 1 1
v -0.104202 3.78294 3.18239 1 1 1
v -0.0683241 3.78439 3.18318 1 1 1
v -0.0488029 3.78455 3.18326 1 1 1
v -0.0292817 3.78453 3.18325 1 1 1
v -0.0097605 3.7845 3.18324 1 1 1
v 0.00976062 3.7845 3.18324 1 1 1
v 0.0292817 3.78453 3.18325 1 1 1
v 0.048803 3.78455 3.18326 1 1 1
v 0.0683241 3.78439 3.18318 1 1 1
v 0.0878453 3.78383 3.18287 1 1 1
v 0.104202 3.78294 3.18239 1 1 1
v 0.653959 3.79212 3.18738 1 1 1
v 0.645746 3.78294 3.18239 1 1 1
v -0.634438 3.77055 3.17565 1 1 1
v -0.630117 3.76579 3.17306 1 1 1
v -0.204972 3.76816 3.17435 1 1 1
v -0.221893 3.76579 3.17306 1 1 1
v -0.185451 3.77102 3.1759 1 1 1
v -0.16593 3.7739 3.17747 1 1 1
v -0.146409 3.77677 3.17903 1 1 1
v -0.126888 3.77973 3.18064 1 1 1
v -0.107366 3.7826 3.1822 1 1 1
v 0.107366 3.7826 3.1822 1 1 1
v 0.126888 3.77973 3.18064 1 1 1
v 0.146409 3.77677 3.17903 1 1 1
v 0.16593 3.7739 3.17747 1 1 1
v 0.185451 3.77102 3.1759 1 1 1
v 0.204972 3.76816 3.17435 1 1 1
v 0.221893 3.76579 3.17306 1 1 1
v 0.634438 3.77055 3.17565 1 1 1
v 0.630117 3.76579 3.17306 1 1 1
v -0.614917 3.7492 3.16403 1 1 1
v -0.614411 3.74865 3.16373 1 1 1
v -0.302578 3.74957 3.16423 1 1 1
v -0.308793 3.74865 3.16373 1 1 1
v -0.283057 3.75259 3.16588 1 1 1
v -0.263536 3.75637 3.16793 1 1 1
v -0.244015 3.7608 3.17034 1 1 1
v -0.224493 3.76526 3.17277 1 1 1
v 0.224494 3.76526 3.17277 1 1 1
v 0.244015 3.7608 3.17034 1 1 1
v 0.263536 3.75637 3.16793 1 1 1
v 0.283057 3.75259 3.16588 1 1 1
v 0.302578 3.74957 3.16423 1 1 1
v 0.308793 3.74865 3.16373 1 1 1
v 0.614917 3.7492 3.16403 1 1 1
v 0.614411 3.74865 3.16373 1 1 1
v -0.598058 3.7315 3.1544 1 1 1
v -0.380663 3.73335 3.15541 1 1 1
v -0.392514 3.7315 3.1544 1 1 1
v -0.361142 3.73671 3.15723 1 1 1
v -0.34162 3.74073 3.15942 1 1 1
v -0.322099 3.74544 3.16198 1 1 1
v 0.322099 3.74544 3.16198 1 1 1
v 0.34162 3.74073 3.15942 1 1 1
v 0.361142 3.73671 3.15723 1 1 1
v 0.380663 3.73335 3.15541 1 1 1
v 0.392514 3.7315 3.1544 1 1 1
v 0.598058 3.7315 3.1544 1 1 1
v -0.595396 3.72891 3.15299 1 1 1
v -0.575874 3.71667 3.14633 1 1 1
v -0.565128 3.71435 3.14507 1 1 1
v -0.517311 3.71446 3.14513 1 1 1
v -0.518613 3.71435 3.14507 1 1 1
v -0.49779 3.71607 3.146 1 1 1
v -0.478269 3.71779 3.14694 1 1 1
v -0.458747 3.71987 3.14807 1 1 1
v -0.439226 3.72225 3.14937 1 1 1
v -0.419705 3.72526 3.151 1 1 1
v -0.400184 3.72948 3.1533 1 1 1
v 0.400184 3.72948 3.1533 1 1 1
v 0.419705 3.72526 3.151 1 1 1
v 0.439226 3.72225 3.14937 1 1 1
v 0.458748 3.71987 3.14807 1 1 1
v 0.478269 3.71779 3.14694 1 1 1
v 0.49779 3.71607 3.146 1 1 1
v 0.517311 3.71446 3.14513 1 1 1
v 0.518613 3.71435 3.14507 1 1 1
v 0.575874 3.71667 3.14633 1 1 1
v 0.565129 3.71435 3.14507 1 1 1
v 0.595396 3.72891 3.15299 1 1 1
v -0.556353 3.71217 3.14388 1 1 1
v -0.536832 3.71235 3.14398 1 1 1
v 0.536832 3.71235 3.14398 1 1 1
v 0.556353 3.71217 3.14388 1 1 1
v -0.224493 4.25813 3.24851 1 1 1
v -0.225401 4.25802 3.24846 1 1 1
v -0.204972 4.26055 3.24974 1 1 1
v -0.185451 4.26288 3.25093 1 1 1
v -0.16593 4.26517 3.25209 1 1 1
v -0.146409 4.26724 3.25315 1 1 1
v -0.126888 4.26869 3.25388 1 1 1
v -0.107366 4.26935 3.25422 1 1 1
v -0.0878452 4.26948 3.25428 1 1 1
v -0.0683241 4.26949 3.25429 1 1 1
v -0.0488029 4.26957 3.25433 1 1 1
v -0.0292817 4.26955 3.25432 1 1 1
v -0.0097605 4.26949 3.25429 1 1 1
v 0.00976062 4.26949 3.25429 1 1 1
v 0.0292817 4.26955 3.25432 1 1 1
v 0.048803 4.26957 3.25433 1 1 1
v 0.0683241 4.26949 3.25429 1 1 1
v 0.0878453 4.26948 3.25428 1 1 1
v 0.107366 4.26935 3.25422 1 1 1
v 0.126888 4.26869 3.25388 1 1 1
v 0.146409 4.26724 3.25315 1 1 1
v 0.16593 4.26517 3.25209 1 1 1
v 0.185451 4.26288 3.25093 1 1 1
v 0.204972 4.26055 3.24974 1 1 1
v 0.224494 4.25813 3.24851 1 1 1
v 0.225401 4.25802 3.24846 1 1 1
v -0.361142 4.24126 3.23994 1 1 1
v -0.363275 4.24061 3.23961 1 1 1
v -0.34162 4.24604 3.24237 1 1 1
v -0.322099 4.24907 3.24391 1 1 1
v -0.302578 4.25105 3.24492 1 1 1
v -0.283057 4.25276 3.24579 1 1 1
v -0.263536 4.25454 3.24669 1 1 1
v -0.244015 4.25635 3.24761 1 1 1
v 0.244015 4.25635 3.24761 1 1 1
v 0.263536 4.25454 3.24669 1 1 1
v 0.283057 4.25276 3.24579 1 1 1
v 0.302578 4.25105 3.24492 1 1 1
v 0.322099 4.24907 3.24391 1 1 1
v 0.34162 4.24604 3.24237 1 1 1
v 0.361142 4.24126 3.23994 1 1 1
v 0.363275 4.24061 3.23961 1 1 1
v -0.419705 4.22573 3.23205 1 1 1
v -0.428289 4.22321 3.23077 1 1 1
v -0.400184 4.23102 3.23474 1 1 1
v -0.380663 4.23613 3.23733 1 1 1
v 0.380663 4.23613 3.23733 1 1 1
v 0.400184 4.23102 3.23474 1 1 1
v 0.419705 4.22573 3.23205 1 1 1
v 0.428289 4.22321 3.23077 1 1 1
v -0.478269 4.20993 3.22402 1 1 1
v -0.493411 4.20581 3.22192 1 1 1
v -0.458747 4.21504 3.22661 1 1 1
v -0.439226 4.22027 3.22927 1 1 1
v 0.439226 4.22027 3.22927 1 1 1
v 0.458748 4.21504 3.22661 1 1 1
v 0.478269 4.20993 3.22402 1 1 1
v 0.493411 4.20581 3.22192 1 1 1
v -0.556353 4.18892 3.21334 1 1 1
v -0.558237 4.18841 3.21308 1 1 1
v -0.536832 4.19414 3.216 1 1 1
v -0.517311 4.19936 3.21865 1 1 1
v -0.49779 4.20464 3.22133 1 1 1
v 0.49779 4.20464 3.22133 1 1 1
v 0.517311 4.19936 3.21865 1 1 1
v 0.536832 4.19414 3.216 1 1 1
v 0.556353 4.18892 3.21334 1 1 1
v 0.558237 4.18841 3.21308 1 1 1
v -0.614917 4.17327 3.20539 1 1 1
v -0.623317 4.171 3.20424 1 1 1
v -0.595396 4.17848 3.20804 1 1 1
v -0.575874 4.1837 3.21069 1 1 1
v 0.575874 4.1837 3.21069 1 1 1
v 0.595396 4.17848 3.20804 1 1 1
v 0.614917 4.17327 3.20539 1 1 1
v 0.623317 4.171 3.20424 1 1 1
v -0.67348 4.15756 3.1974 1 1 1
v -0.688341 4.1536 3.19539 1 1 1
v -0.653959 4.16275 3.20004 1 1 1
v -0.634438 4.16801 3.20271 1 1 1
v 0.634438 4.16801 3.20271 1 1 1
v 0.653959 4.16275 3.20004 1 1 1
v 0.67348 4.15756 3.1974 1 1 1
v 0.688341 4.1536 3.19539 1 1 1
v -0.751565 4.13666 3.18678 1 1 1
v -0.753307 4.1362 3.18655 1 1 1
v -0.732044 4.14188 3.18944 1 1 1
v -0.712523 4.14713 3.1921 1 1 1
v -0.693001 4.15236 3.19476 1 1 1
v 0.693002 4.15236 3.19476 1 1 1
v 0.712523 4.14713 3.1921 1 1 1
v 0.732044 4.14188 3.18944 1 1 1
v 0.751565 4.13666 3.18678 1 1 1
v 0.753307 4.1362 3.18655 1 1 1
v -0.810128 4.12101 3.17883 1 1 1
v -0.818371 4.1188 3.1777 1 1 1
v -0.790607 4.12623 3.18148 1 1 1
v -0.771086 4.13144 3.18413 1 1 1
v 0.771086 4.13144 3.18413 1 1 1
v 0.790607 4.12623 3.18148 1 1 1
v 0.810129 4.12101 3.17883 1 1 1
v 0.818371 4.1188 3.1777 1 1 1
v -0.849171 4.10392 3.17014 1 1 1
v -0.852395 4.10139 3.16886 1 1 1
v -0.82965 4.1146 3.17557 1 1 1
v 0.82965 4.11459 3.17557 1 1 1
v 0.849171 4.10392 3.17014 1 1 1
v 0.852395 4.10139 3.16886 1 1 1
v -0.85264 4.08399 3.16001 1 1 1
v 0.85264 4.08399 3.16001 1 1 1
v -0.849171 4.07974 3.15785 1 1 1
v -0.839756 4.06659 3.15117 1 1 1
v 0.849171 4.07974 3.15785 1 1 1
v 0.839756 4.06659 3.15117 1 1 1
v -0.82965 4.05563 3.1456 1 1 1
v -0.823704 4.04919 3.14232 1 1 1
v 0.82965 4.05563 3.1456 1 1 1
v 0.823704 4.04919 3.14232 1 1 1
v -0.810128 4.03418 3.1347 1 1 1
v -0.807964 4.03178 3.13348 1 1 1
v 0.810129 4.03418 3.1347 1 1 1
v 0.807964 4.03178 3.13348 1 1 1
v -0.792002 4.01438 3.12464 1 1 1
v 0.792002 4.01438 3.12464 1 1 1
v -0.790607 4.01285 3.12386 1 1 1
v -0.776149 3.99698 3.11579 1 1 1
v 0.790607 4.01285 3.12386 1 1 1
v 0.776149 3.99698 3.11579 1 1 1
v -0.771086 3.99149 3.113 1 1 1
v -0.760137 3.97958 3.10695 1 1 1
v 0.771086 3.99149 3.113 1 1 1
v 0.760137 3.97958 3.10695 1 1 1
v -0.751565 3.97016 3.10216 1 1 1
v -0.744304 3.96217 3.0981 1 1 1
v 0.751565 3.97016 3.10216 1 1 1
v 0.744304 3.96217 3.0981 1 1 1
v -0.732044 3.94879 3.0913 1 1 1
v -0.728349 3.94477 3.08926 1 1 1
v 0.732044 3.94879 3.0913 1 1 1
v 0.728349 3.94477 3.08926 1 1 1
v -0.712523 3.92758 3.08052 1 1 1
v -0.712328 3.92737 3.08041 1 1 1
v 0.712523 3.92758 3.08052 1 1 1
v 0.712328 3.92737 3.08041 1 1 1
v -0.696624 3.90996 3.07157 1 1 1
v 0.696624 3.90996 3.07157 1 1 1
v -0.693001 3.90598 3.06954 1 1 1
v -0.680811 3.89256 3.06272 1 1 1
v 0.693002 3.90598 3.06954 1 1 1
v 0.68081 3.89256 3.06272 1 1 1
v -0.67348 3.8845 3.05863 1 1 1
v -0.66503 3.87516 3.05388 1 1 1
v 0.67348 3.8845 3.05863 1 1 1
v 0.66503 3.87516 3.05388 1 1 1
v -0.653959 3.86289 3.04764 1 1 1
v -0.649281 3.85776 3.04504 1 1 1
v -0.0878452 3.85841 3.04537 1 1 1
v -0.098955 3.85776 3.04504 1 1 1
v -0.0683241 3.859 3.04567 1 1 1
v -0.0488029 3.85917 3.04575 1 1 1
v -0.0292817 3.85915 3.04574 1 1 1
v -0.0097605 3.85913 3.04573 1 1 1
v 0.00976062 3.85913 3.04573 1 1 1
v 0.0292817 3.85915 3.04574 1 1 1
v 0.048803 3.85917 3.04575 1 1 1
v 0.0683241 3.859 3.04567 1 1 1
v 0.0878453 3.85841 3.04537 1 1 1
v 0.0989551 3.85776 3.04504 1 1 1
v 0.653959 3.86289 3.04764 1 1 1
v 0.649281 3.85776 3.04504 1 1 1
v -0.634438 3.84176 3.03691 1 1 1
v -0.633136 3.84035 3.03619 1 1 1
v -0.204972 3.84209 3.03708 1 1 1
v -0.217248 3.84035 3.03619 1 1 1
v -0.185451 3.84493 3.03852 1 1 1
v -0.16593 3.84784 3.04 1 1 1
v -0.146409 3.85079 3.04149 1 1 1
v -0.126888 3.85384 3.04304 1 1 1
v -0.107366 3.85679 3.04455 1 1 1
v 0.107366 3.85679 3.04455 1 1 1
v 0.126888 3.85384 3.04304 1 1 1
v 0.146409 3.85079 3.04149 1 1 1
v 0.16593 3.84784 3.04 1 1 1
v 0.185451 3.84493 3.03852 1 1 1
v 0.204972 3.84209 3.03708 1 1 1
v 0.217248 3.84035 3.03619 1 1 1
v 0.634438 3.84176 3.03691 1 1 1
v 0.633136 3.84035 3.03619 1 1 1
v -0.61739 3.82295 3.02735 1 1 1
v -0.302578 3.82345 3.0276 1 1 1
v -0.305871 3.82295 3.02735 1 1 1
v -0.283057 3.82642 3.02911 1 1 1
v -0.263536 3.83011 3.03098 1 1 1
v -0.244015 3.83445 3.03319 1 1 1
v -0.224493 3.83885 3.03543 1 1 1
v 0.224494 3.83885 3.03543 1 1 1
v 0.244015 3.83445 3.03319 1 1 1
v 0.263536 3.83011 3.03098 1 1 1
v 0.283057 3.82642 3.02911 1 1 1
v 0.302578 3.82345 3.0276 1 1 1
v 0.305871 3.82295 3.02735 1 1 1
v 0.61739 3.82295 3.02735 1 1 1
v -0.614917 3.82022 3.02596 1 1 1
v -0.60081 3.80555 3.0185 1 1 1
v -0.380663 3.80714 3.01931 1 1 1
v -0.390784 3.80555 3.0185 1 1 1
v -0.361142 3.81047 3.02101 1 1 1
v -0.34162 3.81444 3.02302 1 1 1
v -0.322099 3.81905 3.02536 1 1 1
v 0.322099 3.81905 3.02536 1 1 1
v 0.34162 3.81444 3.02302 1 1 1
v 0.361142 3.81047 3.02101 1 1 1
v 0.380663 3.80714 3.01931 1 1 1
v 0.390784 3.80555 3.0185 1 1 1
v 0.614917 3.82022 3.02596 1 1 1
v 0.60081 3.80555 3.0185 1 1 1
v -0.595396 3.80033 3.01585 1 1 1
v -0.575874 3.78888 3.01003 1 1 1
v -0.572248 3.78815 3.00966 1 1 1
v -0.49779 3.78933 3.01026 1 1 1
v -0.51104 3.78815 3.00966 1 1 1
v -0.478269 3.79116 3.01119 1 1 1
v -0.458747 3.79337 3.01231 1 1 1
v -0.439226 3.79585 3.01357 1 1 1
v -0.419705 3.79891 3.01513 1 1 1
v -0.400184 3.80308 3.01725 1 1 1
v 0.400184 3.80308 3.01725 1 1 1
v 0.419705 3.79891 3.01513 1 1 1
v 0.439226 3.79585 3.01357 1 1 1
v 0.458748 3.79337 3.01231 1 1 1
v 0.478269 3.79116 3.01119 1 1 1
v 0.49779 3.78933 3.01026 1 1 1
v 0.51104 3.78815 3.00966 1 1 1
v 0.575874 3.78888 3.01003 1 1 1
v 0.572248 3.78815 3.00966 1 1 1
v 0.595396 3.80033 3.01585 1 1 1
v -0.556353 3.78442 3.00776 1 1 1
v -0.536832 3.78493 3.00802 1 1 1
v -0.517311 3.7873 3.00923 1 1 1
v 0.517311 3.7873 3.00923 1 1 1
v 0.536832 3.78493 3.00802 1 1 1
v 0.556353 3.78442 3.00776 1 1 1
v -0.244015 4.33502 3.09737 1 1 1
v -0.246485 4.33474 3.09723 1 1 1
v -0.224493 4.33718 3.09839 1 1 1
v -0.204972 4.33935 3.09941 1 1 1
v -0.185451 4.34144 3.10039 1 1 1
v -0.16593 4.34349 3.10135 1 1 1
v -0.146409 4.34533 3.10222 1 1 1
v -0.126888 4.34662 3.10283 1 1 1
v -0.107366 4.34719 3.1031 1 1 1
v -0.0878452 4.3473 3.10315 1 1 1
v -0.0683241 4.34732 3.10316 1 1 1
v -0.0488029 4.34738 3.10319 1 1 1
v -0.0292817 4.34736 3.10318 1 1 1
v -0.0097605 4.34731 3.10315 1 1 1
v 0.00976062 4.34731 3.10315 1 1 1
v 0.0292817 4.34736 3.10318 1 1 1
v 0.048803 4.34738 3.10319 1 1 1
v 0.0683241 4.34732 3.10316 1 1 1
v 0.0878453 4.3473 3.10315 1 1 1
v 0.107366 4.34719 3.1031 1 1 1
v 0.126888 4.34662 3.10283 1 1 1
v 0.146409 4.34533 3.10222 1 1 1
v 0.16593 4.34349 3.10135 1 1 1
v 0.185451 4.34144 3.10039 1 1 1
v 0.204972 4.33935 3.09941 1 1 1
v 0.224494 4.33718 3.09839 1 1 1
v 0.244015 4.33502 3.09737 1 1 1
v 0.246485 4.33474 3.09723 1 1 1
v -0.361142 4.32109 3.09081 1 1 1
v -0.374532 4.31708 3.08892 1 1 1
v -0.34162 4.32559 3.09293 1 1 1
v -0.322099 4.3284 3.09425 1 1 1
v -0.302578 4.33018 3.09509 1 1 1
v -0.283057 4.33171 3.09581 1 1 1
v -0.263536 4.33331 3.09656 1 1 1
v 0.263536 4.33331 3.09656 1 1 1
v 0.283057 4.33171 3.09581 1 1 1
v 0.302578 4.33018 3.09509 1 1 1
v 0.322099 4.3284 3.09425 1 1 1
v 0.34162 4.32559 3.09293 1 1 1
v 0.361142 4.32109 3.09081 1 1 1
v 0.374532 4.31708 3.08892 1 1 1
v -0.439226 4.29993 3.08085 1 1 1
v -0.440915 4.29941 3.0806 1 1 1
v -0.419705 4.30554 3.08349 1 1 1
v -0.400184 4.31058 3.08586 1 1 1
v -0.380663 4.31552 3.08819 1 1 1
v 0.380663 4.31552 3.08819 1 1 1
v 0.400184 4.31058 3.08586 1 1 1
v 0.419705 4.30554 3.08349 1 1 1
v 0.439226 4.29993 3.08085 1 1 1
v 0.440915 4.29941 3.0806 1 1 1
v -0.49779 4.28464 3.07365 1 1 1
v -0.507975 4.28175 3.07229 1 1 1
v -0.478269 4.28975 3.07606 1 1 1
v -0.458747 4.29471 3.07839 1 1 1
v 0.458748 4.29471 3.07839 1 1 1
v 0.478269 4.28975 3.07606 1 1 1
v 0.49779 4.28464 3.07365 1 1 1
v 0.507975 4.28175 3.07229 1 1 1
v -0.556353 4.26905 3.06631 1 1 1
v -0.574943 4.26409 3.06397 1 1 1
v -0.536832 4.27414 3.0687 1 1 1
v -0.517311 4.27926 3.07112 1 1 1
v 0.517311 4.27926 3.07112 1 1 1
v 0.536832 4.27414 3.0687 1 1 1
v 0.556353 4.26905 3.06631 1 1 1
v 0.574943 4.26409 3.06397 1 1 1
v -0.634438 4.24839 3.05658 1 1 1
v -0.641769 4.24643 3.05566 1 1 1
v -0.614917 4.25357 3.05902 1 1 1
v -0.595396 4.25871 3.06144 1 1 1
v -0.575874 4.26385 3.06386 1 1 1
v 0.575874 4.26385 3.06386 1 1 1
v 0.595396 4.25871 3.06144 1 1 1
v 0.614917 4.25357 3.05902 1 1 1
v 0.634438 4.24839 3.05658 1 1 1
v 0.641769 4.24643 3.05566 1 1 1
v -0.693001 4.23298 3.04932 1 1 1
v -0.708909 4.22877 3.04734 1 1 1
v -0.67348 4.23809 3.05173 1 1 1
v -0.653959 4.2432 3.05414 1 1 1
v 0.653959 4.2432 3.05414 1 1 1
v 0.67348 4.23809 3.05173 1 1 1
v 0.693002 4.23298 3.04932 1 1 1
v 0.708909 4.22877 3.04734 1 1 1
v -0.771086 4.21238 3.03962 1 1 1
v -0.77589 4.21111 3.03903 1 1 1
v -0.751565 4.21751 3.04204 1 1 1
v -0.732044 4.22264 3.04446 1 1 1
v -0.712523 4.22781 3.04689 1 1 1
v 0.712523 4.22781 3.04689 1 1 1
v 0.732044 4.22264 3.04446 1 1 1
v 0.751565 4.21751 3.04204 1 1 1
v 0.771086 4.21238 3.03962 1 1 1
v 0.77589 4.21111 3.03903 1 1 1
v -0.82965 4.19691 3.03234 1 1 1
v -0.842033 4.19345 3.03071 1 1 1
v -0.810128 4.20207 3.03477 1 1 1
v -0.790607 4.20722 3.0372 1 1 1
v 0.790607 4.20722 3.0372 1 1 1
v 0.810129 4.20207 3.03477 1 1 1
v 0.82965 4.19691 3.03234 1 1 1
v 0.842033 4.19345 3.03071 1 1 1
v -0.849171 4.18995 3.02907 1 1 1
v -0.86711 4.17578 3.0224 1 1 1
v 0.849171 4.18995 3.02907 1 1 1
v 0.86711 4.17578 3.0224 1 1 1
v -0.863658 4.15812 3.01408 1 1 1
v 0.863658 4.15812 3.01408 1 1 1
v -0.849171 4.14079 3.00592 1 1 1
v -0.848927 4.14046 3.00577 1 1 1
v 0.849171 4.14079 3.00592 1 1 1
v 0.848927 4.14046 3.00577 1 1 1
v -0.832361 4.1228 2.99745 1 1 1
v 0.832361 4.1228 2.99745 1 1 1
v -0.82965 4.11987 2.99607 1 1 1
v -0.816077 4.10514 2.98914 1 1 1
v 0.82965 4.11987 2.99607 1 1 1
v 0.816077 4.10514 2.98914 1 1 1
v -0.810128 4.09877 2.98614 1 1 1
v -0.799584 4.08748 2.98082 1 1 1
v 0.810129 4.09877 2.98614 1 1 1
v 0.799584 4.08748 2.98082 1 1 1
v -0.790607 4.07777 2.97625 1 1 1
v -0.783226 4.06981 2.97251 1 1 1
v 0.790607 4.07777 2.97625 1 1 1
v 0.783226 4.06981 2.97251 1 1 1
v -0.771086 4.05687 2.96641 1 1 1
v -0.766672 4.05215 2.96419 1 1 1
v 0.771086 4.05687 2.96641 1 1 1
v 0.766672 4.05215 2.96419 1 1 1
v -0.751565 4.03585 2.95651 1 1 1
v -0.750309 4.03449 2.95587 1 1 1
v 0.751565 4.03585 2.95651 1 1 1
v 0.750309 4.03449 2.95587 1 1 1
v -0.733947 4.01683 2.94756 1 1 1
v 0.733947 4.01683 2.94756 1 1 1
v -0.732044 4.01477 2.94659 1 1 1
v -0.71759 3.99917 2.93924 1 1 1
v 0.732044 4.01477 2.94659 1 1 1
v 0.71759 3.99917 2.93924 1 1 1
v -0.712523 3.99366 2.93665 1 1 1
v -0.701361 3.98151 2.93093 1 1 1
v 0.712523 3.99366 2.93665 1 1 1
v 0.701361 3.98151 2.93093 1 1 1
v -0.693001 3.97245 2.92667 1 1 1
v -0.685044 3.96384 2.92261 1 1 1
v 0.693002 3.97245 2.92667 1 1 1
v 0.685044 3.96384 2.92261 1 1 1
v -0.67348 3.95133 2.91672 1 1 1
v -0.668745 3.94618 2.9143 1 1 1
v 0.67348 3.95133 2.91672 1 1 1
v 0.668745 3.94618 2.9143 1 1 1
v -0.653959 3.93004 2.9067 1 1 1
v -0.652548 3.92852 2.90598 1 1 1
v -0.0878452 3.92893 2.90617 1 1 1
v -0.0943311 3.92852 2.90598 1 1 1
v -0.0683241 3.92957 2.90647 1 1 1
v -0.0488029 3.92974 2.90656 1 1 1
v -0.0292817 3.92972 2.90655 1 1 1
v -0.0097605 3.9297 2.90654 1 1 1
v 0.00976062 3.9297 2.90654 1 1 1
v 0.0292817 3.92972 2.90655 1 1 1
v 0.048803 3.92974 2.90656 1 1 1
v 0.0683241 3.92957 2.90647 1 1 1
v 0.0878453 3.92893 2.90617 1 1 1
v 0.0943313 3.92852 2.90598 1 1 1
v 0.653959 3.93004 2.9067 1 1 1
v 0.652548 3.92852 2.90598 1 1 1
v -0.636261 3.91086 2.89767 1 1 1
v -0.204972 3.912 2.8982 1 1 1
v -0.212887 3.91086 2.89767 1 1 1
v -0.185451 3.91481 2.89953 1 1 1
v -0.16593 3.91776 2.90092 1 1 1
v -0.146409 3.92078 2.90234 1 1 1
v -0.126888 3.92391 2.90381 1 1 1
v -0.107366 3.92695 2.90524 1 1 1
v 0.107366 3.92695 2.90524 1 1 1
v 0.126888 3.92391 2.90381 1 1 1
v 0.146409 3.92078 2.90234 1 1 1
v 0.16593 3.91776 2.90092 1 1 1
v 0.185451 3.91481 2.89953 1 1 1
v 0.204972 3.912 2.8982 1 1 1
v 0.212887 3.91086 2.89767 1 1 1
v 0.636261 3.91086 2.89767 1 1 1
v -0.634438 3.90886 2.89673 1 1 1
v -0.62027 3.8932 2.88935 1 1 1
v -0.302578 3.89326 2.88938 1 1 1
v -0.303018 3.8932 2.88935 1 1 1
v -0.283057 3.89619 2.89076 1 1 1
v -0.263536 3.89981 2.89247 1 1 1
v -0.244015 3.90407 2.89447 1 1 1
v -0.224493 3.90842 2.89652 1 1 1
v 0.224494 3.90842 2.89652 1 1 1
v 0.244015 3.90407 2.89447 1 1 1
v 0.263536 3.89981 2.89247 1 1 1
v 0.283057 3.89619 2.89076 1 1 1
v 0.302578 3.89326 2.88938 1 1 1
v 0.303018 3.8932 2.88935 1 1 1
v 0.634438 3.90886 2.89673 1 1 1
v 0.62027 3.8932 2.88935 1 1 1
v -0.614917 3.88736 2.8866 1 1 1
v -0.603396 3.87554 2.88104 1 1 1
v -0.380663 3.87687 2.88166 1 1 1
v -0.389063 3.87554 2.88104 1 1 1
v -0.361142 3.88018 2.88322 1 1 1
v -0.34162 3.8841 2.88507 1 1 1
v -0.322099 3.88861 2.88719 1 1 1
v 0.322099 3.88861 2.88719 1 1 1
v 0.34162 3.8841 2.88507 1 1 1
v 0.361142 3.88018 2.88322 1 1 1
v 0.380663 3.87687 2.88166 1 1 1
v 0.389063 3.87554 2.88104 1 1 1
v 0.614917 3.88736 2.8866 1 1 1
v 0.603396 3.87554 2.88104 1 1 1
v -0.595396 3.86787 2.87743 1 1 1
v -0.577602 3.85787 2.87272 1 1 1
v -0.49779 3.85854 2.87304 1 1 1
v -0.504755 3.85787 2.87272 1 1 1
v -0.478269 3.86048 2.87395 1 1 1
v -0.458747 3.8628 2.87504 1 1 1
v -0.439226 3.86538 2.87625 1 1 1
v -0.419705 3.86849 2.87772 1 1 1
v -0.400184 3.87263 2.87967 1 1 1
v 0.400184 3.87263 2.87967 1 1 1
v 0.419705 3.86849 2.87772 1 1 1
v 0.439226 3.86538 2.87625 1 1 1
v 0.458748 3.8628 2.87504 1 1 1
v 0.478269 3.86048 2.87395 1 1 1
v 0.49779 3.85854 2.87304 1 1 1
v 0.504755 3.85787 2.87272 1 1 1
v 0.595396 3.86787 2.87743 1 1 1
v 0.577602 3.85787 2.87272 1 1 1
v -0.575874 3.85688 2.87225 1 1 1
v -0.556353 3.85267 2.87027 1 1 1
v -0.536832 3.85349 2.87066 1 1 1
v -0.517311 3.85606 2.87187 1 1 1
v 0.517311 3.85606 2.87187 1 1 1
v 0.536832 3.85349 2.87066 1 1 1
v 0.556353 3.85267 2.87027 1 1 1
v 0.575874 3.85688 2.87225 1 1 1
v -0.263536 4.40759 2.94395 1 1 1
v -0.270271 4.40691 2.94365 1 1 1
v -0.244015 4.40962 2.94483 1 1 1
v -0.224493 4.41156 2.94567 1 1 1
v -0.204972 4.41349 2.94651 1 1 1
v -0.185451 4.41534 2.94731 1 1 1
v -0.16593 4.41717 2.94811 1 1 1
v -0.146409 4.4188 2.94881 1 1 1
v -0.126888 4.41993 2.9493 1 1 1
v -0.107366 4.42043 2.94952 1 1 1
v -0.0878452 4.42053 2.94956 1 1 1
v -0.0683241 4.42054 2.94957 1 1 1
v -0.0488029 4.4206 2.9496 1 1 1
v -0.0292817 4.42058 2.94959 1 1 1
v -0.0097605 4.42054 2.94957 1 1 1
v 0.00976062 4.42054 2.94957 1 1 1
v 0.0292817 4.42058 2.94959 1 1 1
v 0.048803 4.4206 2.9496 1 1 1
v 0.0683241 4.42054 2.94957 1 1 1
v 0.0878453 4.42053 2.94956 1 1 1
v 0.107366 4.42043 2.94952 1 1 1
v 0.126888 4.41993 2.9493 1 1 1
v 0.146409 4.4188 2.94881 1 1 1
v 0.16593 4.41717 2.94811 1 1 1
v 0.185451 4.41534 2.94731 1 1 1
v 0.204972 4.41349 2.94651 1 1 1
v 0.224494 4.41156 2.94567 1 1 1
v 0.244015 4.40962 2.94483 1 1 1
v 0.263536 4.40759 2.94395 1 1 1
v 0.270272 4.40691 2.94365 1 1 1
v -0.380663 4.3905 2.93653 1 1 1
v -0.38561 4.389 2.93588 1 1 1
v -0.361142 4.39618 2.939 1 1 1
v -0.34162 4.40041 2.94083 1 1 1
v -0.322099 4.40301 2.94196 1 1 1
v -0.302578 4.40461 2.94266 1 1 1
v -0.283057 4.40597 2.94325 1 1 1
v 0.283057 4.40597 2.94325 1 1 1
v 0.302578 4.40461 2.94266 1 1 1
v 0.322099 4.40301 2.94196 1 1 1
v 0.34162 4.40041 2.94083 1 1 1
v 0.361142 4.39618 2.939 1 1 1
v 0.380663 4.3905 2.93653 1 1 1
v 0.38561 4.389 2.93588 1 1 1
v -0.439226 4.3753 2.92994 1 1 1
v -0.453167 4.37109 2.92811 1 1 1
v -0.419705 4.3806 2.93224 1 1 1
v -0.400184 4.38541 2.93432 1 1 1
v 0.400184 4.38541 2.93432 1 1 1
v 0.419705 4.3806 2.93224 1 1 1
v 0.439226 4.3753 2.92994 1 1 1
v 0.453167 4.37109 2.92811 1 1 1
v -0.517311 4.35456 2.92094 1 1 1
v -0.52204 4.35319 2.92034 1 1 1
v -0.49779 4.35994 2.92327 1 1 1
v -0.478269 4.36482 2.92539 1 1 1
v -0.458747 4.36964 2.92748 1 1 1
v 0.458748 4.36964 2.92748 1 1 1
v 0.478269 4.36482 2.92539 1 1 1
v 0.49779 4.35994 2.92327 1 1 1
v 0.517311 4.35456 2.92094 1 1 1
v 0.52204 4.35319 2.92034 1 1 1
v -0.575874 4.33939 2.91435 1 1 1
v -0.591039 4.33528 2.91257 1 1 1
v -0.556353 4.34439 2.91653 1 1 1
v -0.536832 4.34936 2.91868 1 1 1
v 0.536832 4.34936 2.91868 1 1 1
v 0.556353 4.34439 2.91653 1 1 1
v 0.575874 4.33939 2.91435 1 1 1
v 0.591039 4.33528 2.91257 1 1 1
v -0.653959 4.31888 2.90546 1 1 1
v -0.659646 4.31737 2.9048 1 1 1
v -0.634438 4.32399 2.90767 1 1 1
v -0.614917 4.32908 2.90988 1 1 1
v -0.595396 4.33415 2.91208 1 1 1
v 0.595396 4.33415 2.91208 1 1 1
v 0.614917 4.32908 2.90988 1 1 1
v 0.634438 4.32399 2.90767 1 1 1
v 0.653959 4.31888 2.90546 1 1 1
v 0.659646 4.31737 2.9048 1 1 1
v -0.712523 4.30368 2.89886 1 1 1
v -0.728636 4.29946 2.89703 1 1 1
v -0.693001 4.30877 2.90107 1 1 1
v -0.67348 4.31381 2.90325 1 1 1
v 0.67348 4.31381 2.90325 1 1 1
v 0.693002 4.30877 2.90107 1 1 1
v 0.712523 4.30368 2.89886 1 1 1
v 0.728636 4.29946 2.89703 1 1 1
v -0.790607 4.28336 2.89004 1 1 1
v -0.797527 4.28155 2.88926 1 1 1
v -0.771086 4.28845 2.89225 1 1 1
v -0.751565 4.29351 2.89445 1 1 1
v -0.732044 4.29857 2.89664 1 1 1
v 0.732044 4.29857 2.89664 1 1 1
v 0.751565 4.29351 2.89445 1 1 1
v 0.771086 4.28845 2.89225 1 1 1
v 0.790607 4.28336 2.89004 1 1 1
v 0.797527 4.28155 2.88926 1 1 1
v -0.849171 4.26788 2.88333 1 1 1
v -0.862332 4.26365 2.88149 1 1 1
v -0.82965 4.2732 2.88563 1 1 1
v -0.810128 4.27827 2.88784 1 1 1
v 0.810129 4.27827 2.88784 1 1 1
v 0.82965 4.2732 2.88563 1 1 1
v 0.849171 4.26788 2.88333 1 1 1
v 0.862332 4.26365 2.88149 1 1 1
v -0.868692 4.25885 2.87941 1 1 1
v -0.879588 4.24574 2.87372 1 1 1
v 0.868692 4.25885 2.87941 1 1 1
v 0.879588 4.24574 2.87372 1 1 1
v -0.873438 4.22783 2.86595 1 1 1
v 0.873438 4.22783 2.86595 1 1 1
v -0.868692 4.22275 2.86374 1 1 1
v -0.857355 4.20992 2.85818 1 1 1
v 0.868692 4.22275 2.86374 1 1 1
v 0.857355 4.20992 2.85818 1 1 1
v -0.849171 4.20128 2.85443 1 1 1
v -0.840344 4.19201 2.85041 1 1 1
v 0.849171 4.20129 2.85443 1 1 1
v 0.840344 4.19201 2.85041 1 1 1
v -0.82965 4.18063 2.84547 1 1 1
v -0.823545 4.17411 2.84264 1 1 1
v 0.82965 4.18063 2.84547 1 1 1
v 0.823545 4.17411 2.84264 1 1 1
v -0.810128 4.15996 2.8365 1 1 1
v -0.806561 4.1562 2.83486 1 1 1
v 0.810129 4.15996 2.8365 1 1 1
v 0.806561 4.1562 2.83486 1 1 1
v -0.790607 4.13921 2.82749 1 1 1
v -0.789741 4.13829 2.82709 1 1 1
v 0.790607 4.13921 2.82749 1 1 1
v 0.789741 4.13829 2.82709 1 1 1
v -0.77277 4.12038 2.81932 1 1 1
v 0.77277 4.12038 2.81932 1 1 1
v -0.771086 4.11857 2.81854 1 1 1
v -0.756081 4.10247 2.81155 1 1 1
v 0.771086 4.11857 2.81854 1 1 1
v 0.756081 4.10247 2.81155 1 1 1
v -0.751565 4.09765 2.80946 1 1 1
v -0.739296 4.08457 2.80378 1 1 1
v 0.751565 4.09765 2.80946 1 1 1
v 0.739296 4.08457 2.80378 1 1 1
v -0.732044 4.07683 2.80043 1 1 1
v -0.722466 4.06666 2.79601 1 1 1
v 0.732044 4.07683 2.80043 1 1 1
v 0.722466 4.06666 2.79601 1 1 1
v -0.712523 4.05602 2.7914 1 1 1
v -0.70574 4.04875 2.78824 1 1 1
v 0.712523 4.05602 2.7914 1 1 1
v 0.70574 4.04875 2.78824 1 1 1
v -0.693001 4.03515 2.78234 1 1 1
v -0.688961 4.03084 2.78047 1 1 1
v 0.693002 4.03515 2.78234 1 1 1
v 0.688961 4.03084 2.78047 1 1 1
v -0.67348 4.01432 2.7733 1 1 1
v -0.672188 4.01294 2.7727 1 1 1
v 0.67348 4.01432 2.7733 1 1 1
v 0.672187 4.01294 2.7727 1 1 1
v -0.655893 3.99503 2.76493 1 1 1
v -0.0878452 3.99519 2.765 1 1 1
v -0.0902253 3.99503 2.76493 1 1 1
v -0.0683241 3.99586 2.76529 1 1 1
v -0.0488029 3.99605 2.76537 1 1 1
v -0.0292817 3.99603 2.76536 1 1 1
v -0.0097605 3.996 2.76535 1 1 1
v 0.00976062 3.996 2.76535 1 1 1
v 0.0292817 3.99603 2.76536 1 1 1
v 0.048803 3.99605 2.76537 1 1 1
v 0.0683241 3.99586 2.76529 1 1 1
v 0.0878453 3.99519 2.765 1 1 1
v 0.0902255 3.99503 2.76493 1 1 1
v 0.655893 3.99503 2.76493 1 1 1
v -0.653959 3.99287 2.76399 1 1 1
v -0.639452 3.97712 2.75716 1 1 1
v -0.204972 3.97767 2.7574 1 1 1
v -0.208785 3.97712 2.75716 1 1 1
v -0.185451 3.98048 2.75861 1 1 1
v -0.16593 3.98345 2.7599 1 1 1
v -0.146409 3.98654 2.76124 1 1 1
v -0.126888 3.98974 2.76263 1 1 1
v -0.107366 3.99286 2.76399 1 1 1
v 0.107366 3.99286 2.76399 1 1 1
v 0.126888 3.98974 2.76263 1 1 1
v 0.146409 3.98654 2.76124 1 1 1
v 0.16593 3.98345 2.7599 1 1 1
v 0.185451 3.98048 2.75861 1 1 1
v 0.204972 3.97767 2.7574 1 1 1
v 0.208785 3.97712 2.75716 1 1 1
v 0.653959 3.99287 2.76399 1 1 1
v 0.639452 3.97712 2.75716 1 1 1
v -0.634438 3.97169 2.7548 1 1 1
v -0.622972 3.95921 2.74939 1 1 1
v -0.283057 3.96175 2.75049 1 1 1
v -0.299857 3.95921 2.74939 1 1 1
v -0.263536 3.9653 2.75203 1 1 1
v -0.244015 3.96948 2.75384 1 1 1
v -0.224493 3.97377 2.75571 1 1 1
v 0.224494 3.97377 2.75571 1 1 1
v 0.244015 3.96948 2.75384 1 1 1
v 0.263536 3.9653 2.75203 1 1 1
v 0.283057 3.96175 2.75049 1 1 1
v 0.299857 3.95921 2.74939 1 1 1
v 0.634438 3.97169 2.7548 1 1 1
v 0.622972 3.95921 2.74939 1 1 1
v -0.614917 3.95052 2.74561 1 1 1
v -0.605829 3.9413 2.74162 1 1 1
v -0.380663 3.94237 2.74208 1 1 1
v -0.387353 3.9413 2.74162 1 1 1
v -0.361142 3.94566 2.74351 1 1 1
v -0.34162 3.94954 2.74519 1 1 1
v -0.322099 3.95396 2.74711 1 1 1
v -0.302578 3.95857 2.74911 1 1 1
v 0.302578 3.95857 2.74911 1 1 1
v 0.322099 3.95396 2.74711 1 1 1
v 0.34162 3.94954 2.74519 1 1 1
v 0.361142 3.94566 2.74351 1 1 1
v 0.380663 3.94237 2.74208 1 1 1
v 0.387353 3.9413 2.74162 1 1 1
v 0.614917 3.95052 2.74561 1 1 1
v 0.605829 3.9413 2.74162 1 1 1
v -0.595396 3.93137 2.73731 1 1 1
v -0.580904 3.9234 2.73385 1 1 1
v -0.49779 3.92356 2.73392 1 1 1
v -0.499399 3.9234 2.73385 1 1 1
v -0.478269 3.92559 2.7348 1 1 1
v -0.458747 3.92802 2.73585 1 1 1
v -0.439226 3.9307 2.73701 1 1 1
v -0.419705 3.93387 2.73839 1 1 1
v -0.400184 3.93795 2.74016 1 1 1
v 0.400184 3.93795 2.74016 1 1 1
v 0.419705 3.93387 2.73839 1 1 1
v 0.439226 3.9307 2.73701 1 1 1
v 0.458748 3.92802 2.73585 1 1 1
v 0.478269 3.92559 2.7348 1 1 1
v 0.49779 3.92356 2.73392 1 1 1
v 0.499399 3.9234 2.73385 1 1 1
v 0.595396 3.93137 2.73731 1 1 1
v 0.580904 3.9234 2.73385 1 1 1
v -0.575874 3.92054 2.73261 1 1 1
v -0.556353 3.9168 2.73098 1 1 1
v -0.536832 3.91789 2.73146 1 1 1
v -0.517311 3.92064 2.73265 1 1 1
v 0.517311 3.92064 2.73265 1 1 1
v 0.536832 3.91789 2.73146 1 1 1
v 0.556353 3.9168 2.73098 1 1 1
v 0.575874 3.92054 2.73261 1 1 1
v -0.283057 4.47415 2.79247 1 1 1
v -0.299679 4.47274 2.79188 1 1 1
v -0.263536 4.47591 2.7932 1 1 1
v -0.244015 4.47772 2.79396 1 1 1
v -0.224493 4.47943 2.79467 1 1 1
v -0.204972 4.48112 2.79537 1 1 1
v -0.185451 4.48274 2.79605 1 1 1
v -0.16593 4.48435 2.79672 1 1 1
v -0.146409 4.48577 2.79731 1 1 1
v -0.126888 4.48675 2.79772 1 1 1
v -0.107366 4.48718 2.7979 1 1 1
v -0.0878452 4.48727 2.79794 1 1 1
v -0.0683241 4.48728 2.79794 1 1 1
v -0.0488029 4.48733 2.79796 1 1 1
v -0.0292817 4.48731 2.79795 1 1 1
v -0.0097605 4.48727 2.79794 1 1 1
v 0.00976062 4.48727 2.79794 1 1 1
v 0.0292817 4.48731 2.79795 1 1 1
v 0.048803 4.48733 2.79796 1 1 1
v 0.0683241 4.48728 2.79794 1 1 1
v 0.0878453 4.48727 2.79794 1 1 1
v 0.107366 4.48718 2.7979 1 1 1
v 0.126888 4.48675 2.79772 1 1 1
v 0.146409 4.48577 2.79731 1 1 1
v 0.16593 4.48435 2.79672 1 1 1
v 0.185451 4.48274 2.79605 1 1 1
v 0.204972 4.48112 2.79537 1 1 1
v 0.224494 4.47943 2.79467 1 1 1
v 0.244015 4.47772 2.79396 1 1 1
v 0.263536 4.47591 2.7932 1 1 1
v 0.283057 4.47415 2.79247 1 1 1
v 0.299679 4.47274 2.79188 1 1 1
v -0.380663 4.45946 2.78634 1 1 1
v -0.396605 4.45472 2.78437 1 1 1
v -0.361142 4.46481 2.78858 1 1 1
v -0.34162 4.46876 2.79022 1 1 1
v -0.322099 4.47114 2.79121 1 1 1
v -0.302578 4.47256 2.79181 1 1 1
v 0.302578 4.47256 2.79181 1 1 1
v 0.322099 4.47114 2.79121 1 1 1
v 0.34162 4.46876 2.79022 1 1 1
v 0.361142 4.46481 2.78858 1 1 1
v 0.380663 4.45946 2.78634 1 1 1
v 0.396604 4.45472 2.78437 1 1 1
v -0.458747 4.43868 2.77769 1 1 1
v -0.465504 4.4367 2.77686 1 1 1
v -0.439226 4.44433 2.78004 1 1 1
v -0.419705 4.44931 2.78211 1 1 1
v -0.400184 4.45386 2.78401 1 1 1
v 0.400184 4.45386 2.78401 1 1 1
v 0.419705 4.44931 2.78211 1 1 1
v 0.439226 4.44433 2.78004 1 1 1
v 0.458748 4.43868 2.77769 1 1 1
v 0.465504 4.4367 2.77686 1 1 1
v -0.517311 4.42396 2.77155 1 1 1
v -0.535777 4.41868 2.76935 1 1 1
v -0.49779 4.429 2.77365 1 1 1
v -0.478269 4.43363 2.77558 1 1 1
v 0.478269 4.43363 2.77558 1 1 1
v 0.49779 4.429 2.77365 1 1 1
v 0.517311 4.42396 2.77155 1 1 1
v 0.535777 4.41868 2.76935 1 1 1
v -0.595396 4.40377 2.76314 1 1 1
v -0.606538 4.40066 2.76184 1 1 1
v -0.575874 4.40881 2.76524 1 1 1
v -0.556353 4.4136 2.76723 1 1 1
v -0.536832 4.41841 2.76924 1 1 1
v 0.536832 4.41841 2.76924 1 1 1
v 0.556353 4.4136 2.76723 1 1 1
v 0.575874 4.40881 2.76524 1 1 1
v 0.595396 4.40377 2.76314 1 1 1
v 0.606538 4.40066 2.76184 1 1 1
v -0.67348 4.38362 2.75474 1 1 1
v -0.677085 4.38264 2.75433 1 1 1
v -0.653959 4.38866 2.75684 1 1 1
v -0.634438 4.39357 2.75888 1 1 1
v -0.614917 4.39853 2.76095 1 1 1
v 0.614917 4.39853 2.76095 1 1 1
v 0.634438 4.39357 2.75888 1 1 1
v 0.653959 4.38866 2.75684 1 1 1
v 0.67348 4.38362 2.75474 1 1 1
v 0.677085 4.38264 2.75433 1 1 1
v -0.732044 4.36868 2.74851 1 1 1
v -0.747788 4.36462 2.74682 1 1 1
v -0.712523 4.37363 2.75058 1 1 1
v -0.693001 4.37862 2.75265 1 1 1
v 0.693002 4.37862 2.75265 1 1 1
v 0.712523 4.37363 2.75058 1 1 1
v 0.732044 4.36868 2.74851 1 1 1
v 0.747788 4.36462 2.74682 1 1 1
v -0.810128 4.34873 2.7402 1 1 1
v -0.818408 4.3466 2.73931 1 1 1
v -0.790607 4.35371 2.74227 1 1 1
v -0.771086 4.35869 2.74435 1 1 1
v -0.751565 4.36366 2.74642 1 1 1
v 0.751565 4.36366 2.74642 1 1 1
v 0.771086 4.35869 2.74435 1 1 1
v 0.790607 4.35371 2.74227 1 1 1
v 0.810129 4.34873 2.7402 1 1 1
v 0.818408 4.3466 2.73931 1 1 1
v -0.868692 4.3327 2.73352 1 1 1
v -0.879188 4.32859 2.7318 1 1 1
v -0.849171 4.33864 2.73599 1 1 1
v -0.82965 4.34374 2.73812 1 1 1
v 0.82965 4.34374 2.73812 1 1 1
v 0.849171 4.33864 2.73599 1 1 1
v 0.868692 4.3327 2.73352 1 1 1
v 0.879188 4.32859 2.7318 1 1 1
v -0.888213 4.31608 2.72659 1 1 1
v -0.890874 4.31057 2.72429 1 1 1
v 0.888213 4.31608 2.72659 1 1 1
v 0.890874 4.31057 2.72429 1 1 1
v -0.888213 4.30572 2.72227 1 1 1
v -0.882127 4.29255 2.71678 1 1 1
v 0.888213 4.30572 2.72227 1 1 1
v 0.882127 4.29255 2.71678 1 1 1
v -0.868692 4.27847 2.71092 1 1 1
v -0.865133 4.27453 2.70927 1 1 1
v 0.868692 4.27847 2.71092 1 1 1
v 0.865133 4.27453 2.70927 1 1 1
v -0.849171 4.25801 2.70239 1 1 1
v -0.847712 4.25651 2.70176 1 1 1
v 0.849171 4.25801 2.70239 1 1 1
v 0.847712 4.25651 2.70176 1 1 1
v -0.830471 4.23849 2.69425 1 1 1
v 0.830471 4.23849 2.69425 1 1 1
v -0.82965 4.23764 2.6939 1 1 1
v -0.813134 4.22047 2.68674 1 1 1
v 0.82965 4.23764 2.6939 1 1 1
v 0.813134 4.22047 2.68674 1 1 1
v -0.810128 4.21729 2.68542 1 1 1
v -0.79601 4.20245 2.67923 1 1 1
v 0.810129 4.21729 2.68542 1 1 1
v 0.79601 4.20245 2.67923 1 1 1
v -0.790607 4.19685 2.6769 1 1 1
v -0.778621 4.18443 2.67172 1 1 1
v 0.790607 4.19685 2.6769 1 1 1
v 0.778621 4.18443 2.67172 1 1 1
v -0.771086 4.17649 2.66841 1 1 1
v -0.761491 4.16642 2.66421 1 1 1
v 0.771086 4.17649 2.66841 1 1 1
v 0.761491 4.16642 2.66421 1 1 1
v -0.751565 4.15603 2.65989 1 1 1
v -0.744253 4.1484 2.6567 1 1 1
v 0.751565 4.15603 2.65989 1 1 1
v 0.744253 4.1484 2.6567 1 1 1
v -0.732044 4.13564 2.65139 1 1 1
v -0.726988 4.13038 2.64919 1 1 1
v 0.732044 4.13564 2.65139 1 1 1
v 0.726988 4.13038 2.64919 1 1 1
v -0.712523 4.11522 2.64288 1 1 1
v -0.7098 4.11236 2.64168 1 1 1
v 0.712523 4.11522 2.64288 1 1 1
v 0.7098 4.11236 2.64168 1 1 1
v -0.693001 4.09476 2.63435 1 1 1
v -0.692597 4.09434 2.63417 1 1 1
v 0.693002 4.09476 2.63435 1 1 1
v 0.692597 4.09434 2.63417 1 1 1
v -0.675803 4.07632 2.62666 1 1 1
v 0.675803 4.07632 2.62666 1 1 1
v -0.67348 4.0738 2.62561 1 1 1
v -0.65928 4.0583 2.61916 1 1 1
v -0.0683241 4.05892 2.61941 1 1 1
v -0.0852874 4.0583 2.61916 1 1 1
v -0.0488029 4.05911 2.61949 1 1 1
v -0.0292817 4.05909 2.61948 1 1 1
v -0.0097605 4.05907 2.61947 1 1 1
v 0.00976062 4.05907 2.61947 1 1 1
v 0.0292817 4.05909 2.61948 1 1 1
v 0.048803 4.05911 2.61949 1 1 1
v 0.0683241 4.05892 2.61941 1 1 1
v 0.0852877 4.0583 2.61916 1 1 1
v 0.67348 4.0738 2.62561 1 1 1
v 0.65928 4.0583 2.61916 1 1 1
v -0.653959 4.05251 2.61674 1 1 1
v -0.642448 4.04028 2.61165 1 1 1
v -0.185451 4.04304 2.6128 1 1 1
v -0.204913 4.04028 2.61165 1 1 1
v -0.16593 4.04602 2.61404 1 1 1
v -0.146409 4.04915 2.61534 1 1 1
v -0.126888 4.0524 2.6167 1 1 1
v -0.107366 4.05558 2.61802 1 1 1
v -0.0878452 4.05812 2.61908 1 1 1
v 0.0878453 4.05812 2.61908 1 1 1
v 0.107366 4.05558 2.61802 1 1 1
v 0.126888 4.0524 2.6167 1 1 1
v 0.146409 4.04915 2.61534 1 1 1
v 0.16593 4.04602 2.61404 1 1 1
v 0.185451 4.04304 2.6128 1 1 1
v 0.204913 4.04028 2.61165 1 1 1
v 0.653959 4.05251 2.61674 1 1 1
v 0.642448 4.04028 2.61165 1 1 1
v -0.634438 4.03179 2.6081 1 1 1
v -0.625513 4.02226 2.60414 1 1 1
v -0.283057 4.02433 2.605 1 1 1
v -0.296743 4.02226 2.60414 1 1 1
v -0.263536 4.02781 2.60645 1 1 1
v -0.244015 4.03189 2.60815 1 1 1
v -0.224493 4.03609 2.6099 1 1 1
v -0.204972 4.04027 2.61164 1 1 1
v 0.204972 4.04027 2.61164 1 1 1
v 0.224494 4.03609 2.6099 1 1 1
v 0.244015 4.03189 2.60815 1 1 1
v 0.263536 4.02781 2.60645 1 1 1
v 0.283057 4.02433 2.605 1 1 1
v 0.296742 4.02226 2.60414 1 1 1
v 0.634438 4.03179 2.6081 1 1 1
v 0.625513 4.02226 2.60414 1 1 1
v -0.614917 4.01101 2.59945 1 1 1
v -0.608123 4.00425 2.59663 1 1 1
v -0.380663 4.00504 2.59696 1 1 1
v -0.385653 4.00425 2.59663 1 1 1
v -0.361142 4.0083 2.59831 1 1 1
v -0.34162 4.01211 2.5999 1 1 1
v -0.322099 4.01641 2.60169 1 1 1
v -0.302578 4.0209 2.60356 1 1 1
v 0.302578 4.0209 2.60356 1 1 1
v 0.322099 4.01641 2.60169 1 1 1
v 0.34162 4.01211 2.5999 1 1 1
v 0.361142 4.0083 2.59831 1 1 1
v 0.380663 4.00504 2.59696 1 1 1
v 0.385653 4.00425 2.59663 1 1 1
v 0.614917 4.01101 2.59945 1 1 1
v 0.608123 4.00425 2.59663 1 1 1
v -0.595396 3.99227 2.59164 1 1 1
v -0.584111 3.98623 2.58912 1 1 1
v -0.478269 3.98801 2.58986 1 1 1
v -0.494713 3.98623 2.58912 1 1 1
v -0.458747 3.99052 2.59091 1 1 1
v -0.439226 3.99328 2.59205 1 1 1
v -0.419705 3.99648 2.59339 1 1 1
v -0.400184 4.00049 2.59506 1 1 1
v 0.400184 4.00049 2.59506 1 1 1
v 0.419705 3.99648 2.59339 1 1 1
v 0.439226 3.99328 2.59205 1 1 1
v 0.458748 3.99052 2.59091 1 1 1
v 0.478269 3.98801 2.58986 1 1 1
v 0.494713 3.98623 2.58912 1 1 1
v 0.595396 3.99227 2.59164 1 1 1
v 0.584111 3.98623 2.58912 1 1 1
v -0.575874 3.98164 2.5872 1 1 1
v -0.556353 3.97835 2.58583 1 1 1
v -0.536832 3.97969 2.58639 1 1 1
v -0.517311 3.98259 2.5876 1 1 1
v -0.49779 3.98569 2.58889 1 1 1
v 0.49779 3.98569 2.58889 1 1 1
v 0.517311 3.98259 2.5876 1 1 1
v 0.536832 3.97969 2.58639 1 1 1
v 0.556353 3.97835 2.58583 1 1 1
v 0.575874 3.98164 2.5872 1 1 1
v -0.322099 4.53842 2.63613 1 1 1
v -0.327084 4.53766 2.63584 1 1 1
v -0.302578 4.54017 2.6368 1 1 1
v -0.283057 4.54163 2.63737 1 1 1
v -0.263536 4.54319 2.63797 1 1 1
v -0.244015 4.5448 2.63858 1 1 1
v -0.224493 4.5463 2.63916 1 1 1
v -0.204972 4.54778 2.63973 1 1 1
v -0.185451 4.5492 2.64028 1 1 1
v -0.16593 4.5506 2.64081 1 1 1
v -0.146409 4.55185 2.64129 1 1 1
v -0.126888 4.55269 2.64162 1 1 1
v -0.107366 4.55305 2.64176 1 1 1
v -0.0878452 4.55313 2.64179 1 1 1
v -0.0683241 4.55314 2.64179 1 1 1
v -0.0488029 4.55319 2.64181 1 1 1
v -0.0292817 4.55317 2.6418 1 1 1
v -0.0097605 4.55314 2.64179 1 1 1
v 0.00976062 4.55314 2.64179 1 1 1
v 0.0292817 4.55317 2.6418 1 1 1
v 0.048803 4.55319 2.64181 1 1 1
v 0.0683241 4.55314 2.64179 1 1 1
v 0.0878453 4.55313 2.64179 1 1 1
v 0.107366 4.55305 2.64176 1 1 1
v 0.126888 4.55269 2.64162 1 1 1
v 0.146409 4.55185 2.64129 1 1 1
v 0.16593 4.5506 2.64081 1 1 1
v 0.185451 4.5492 2.64028 1 1 1
v 0.204972 4.54778 2.63973 1 1 1
v 0.224494 4.5463 2.63916 1 1 1
v 0.244015 4.5448 2.63858 1 1 1
v 0.263536 4.54319 2.63797 1 1 1
v 0.283057 4.54163 2.63737 1 1 1
v 0.302578 4.54017 2.6368 1 1 1
v 0.322099 4.53842 2.63613 1 1 1
v 0.327084 4.53766 2.63584 1 1 1
v -0.400184 4.52168 2.6297 1 1 1
v -0.408006 4.51944 2.62884 1 1 1
v -0.380663 4.52723 2.63183 1 1 1
v -0.361142 4.53231 2.63378 1 1 1
v -0.34162 4.53602 2.63521 1 1 1
v 0.34162 4.53602 2.63521 1 1 1
v 0.361142 4.53231 2.63378 1 1 1
v 0.380663 4.52723 2.63183 1 1 1
v 0.400184 4.52168 2.6297 1 1 1
v 0.408006 4.51944 2.62884 1 1 1
v -0.458747 4.50676 2.62397 1 1 1
v -0.477874 4.50121 2.62184 1 1 1
v -0.439226 4.51209 2.62601 1 1 1
v -0.419705 4.51679 2.62782 1 1 1
v 0.419705 4.51679 2.62782 1 1 1
v 0.439226 4.51209 2.62601 1 1 1
v 0.458748 4.50676 2.62397 1 1 1
v 0.477874 4.50121 2.62184 1 1 1
v -0.536832 4.48667 2.61625 1 1 1
v -0.549548 4.48299 2.61483 1 1 1
v -0.517311 4.49194 2.61827 1 1 1
v -0.49779 4.49669 2.6201 1 1 1
v -0.478269 4.50112 2.6218 1 1 1
v 0.478269 4.50112 2.6218 1 1 1
v 0.49779 4.49669 2.6201 1 1 1
v 0.517311 4.49194 2.61827 1 1 1
v 0.536832 4.48667 2.61625 1 1 1
v 0.549548 4.48299 2.61483 1 1 1
v -0.614917 4.4667 2.60857 1 1 1
v -0.621538 4.46477 2.60783 1 1 1
v -0.595396 4.47196 2.61059 1 1 1
v -0.575874 4.47673 2.61243 1 1 1
v -0.556353 4.48134 2.6142 1 1 1
v 0.556353 4.48134 2.6142 1 1 1
v 0.575874 4.47673 2.61243 1 1 1
v 0.595396 4.47196 2.61059 1 1 1
v 0.614917 4.4667 2.60857 1 1 1
v 0.621538 4.46477 2.60783 1 1 1
v -0.693001 4.44681 2.60093 1 1 1
v -0.693902 4.44655 2.60083 1 1 1
v -0.67348 4.45203 2.60294 1 1 1
v -0.653959 4.45681 2.60477 1 1 1
v -0.634438 4.46154 2.60659 1 1 1
v 0.634438 4.46154 2.60659 1 1 1
v 0.653959 4.45681 2.60477 1 1 1
v 0.67348 4.45203 2.60294 1 1 1
v 0.693002 4.44681 2.60093 1 1 1
v 0.693902 4.44655 2.60083 1 1 1
v -0.751565 4.43221 2.59532 1 1 1
v -0.766238 4.42832 2.59383 1 1 1
v -0.732044 4.43703 2.59717 1 1 1
v -0.712523 4.44185 2.59902 1 1 1
v 0.712523 4.44185 2.59902 1 1 1
v 0.732044 4.43703 2.59717 1 1 1
v 0.751565 4.43221 2.59532 1 1 1
v 0.766238 4.42832 2.59383 1 1 1
v -0.82965 4.41244 2.58772 1 1 1
v -0.838666 4.4101 2.58683 1 1 1
v -0.810128 4.41733 2.5896 1 1 1
v -0.790607 4.42219 2.59147 1 1 1
v -0.771086 4.42711 2.59336 1 1 1
v 0.771086 4.42711 2.59336 1 1 1
v 0.790607 4.42219 2.59147 1 1 1
v 0.810129 4.41733 2.5896 1 1 1
v 0.82965 4.41244 2.58772 1 1 1
v 0.838666 4.4101 2.58683 1 1 1
v -0.888213 4.39462 2.58088 1 1 1
v -0.893829 4.39188 2.57982 1 1 1
v -0.868692 4.4019 2.58367 1 1 1
v -0.849171 4.40742 2.5858 1 1 1
v 0.849171 4.40742 2.5858 1 1 1
v 0.868692 4.4019 2.58367 1 1 1
v 0.888213 4.39462 2.58088 1 1 1
v 0.893828 4.39188 2.57982 1 1 1
v -0.900857 4.37366 2.57282 1 1 1
v 0.900857 4.37366 2.57282 1 1 1
v -0.890147 4.35544 2.56582 1 1 1
v 0.890147 4.35544 2.56582 1 1 1
v -0.888213 4.35345 2.56506 1 1 1
v -0.872459 4.33721 2.55882 1 1 1
v 0.888213 4.35345 2.56506 1 1 1
v 0.872459 4.33721 2.55882 1 1 1
v -0.868692 4.33331 2.55732 1 1 1
v -0.854737 4.31899 2.55182 1 1 1
v 0.868692 4.33331 2.55732 1 1 1
v 0.854737 4.31899 2.55182 1 1 1
v -0.849171 4.31323 2.5496 1 1 1
v -0.837124 4.30077 2.54481 1 1 1
v 0.849171 4.31323 2.5496 1 1 1
v 0.837124 4.30077 2.54481 1 1 1
v -0.82965 4.29308 2.54186 1 1 1
v -0.81938 4.28255 2.53781 1 1 1
v 0.82965 4.29308 2.54186 1 1 1
v 0.81938 4.28255 2.53781 1 1 1
v -0.810128 4.27289 2.5341 1 1 1
v -0.801864 4.26432 2.53081 1 1 1
v 0.810129 4.27289 2.5341 1 1 1
v 0.801864 4.26432 2.53081 1 1 1
v -0.790607 4.2528 2.52638 1 1 1
v -0.784055 4.2461 2.52381 1 1 1
v 0.790607 4.2528 2.52638 1 1 1
v 0.784055 4.2461 2.52381 1 1 1
v -0.771086 4.23262 2.51863 1 1 1
v -0.766515 4.22788 2.51681 1 1 1
v 0.771086 4.23262 2.51863 1 1 1
v 0.766515 4.22788 2.51681 1 1 1
v -0.751565 4.21245 2.51088 1 1 1
v -0.74886 4.20966 2.50981 1 1 1
v 0.751565 4.21245 2.51088 1 1 1
v 0.74886 4.20966 2.50981 1 1 1
v -0.732044 4.19231 2.50314 1 1 1
v -0.731192 4.19144 2.5028 1 1 1
v 0.732044 4.19231 2.50314 1 1 1
v 0.731192 4.19144 2.5028 1 1 1
v -0.71379 4.17321 2.4958 1 1 1
v 0.71379 4.17321 2.4958 1 1 1
v -0.712523 4.17186 2.49528 1 1 1
v -0.696603 4.15499 2.4888 1 1 1
v 0.712523 4.17186 2.49528 1 1 1
v 0.696603 4.15499 2.4888 1 1 1
v -0.693001 4.15114 2.48732 1 1 1
v -0.679455 4.13677 2.4818 1 1 1
v 0.693002 4.15114 2.48732 1 1 1
v 0.679455 4.13677 2.4818 1 1 1
v -0.67348 4.13038 2.47934 1 1 1
v -0.66246 4.11855 2.4748 1 1 1
v -0.0683241 4.11895 2.47495 1 1 1
v -0.0787379 4.11855 2.4748 1 1 1
v -0.0488029 4.11915 2.47503 1 1 1
v -0.0292817 4.11913 2.47502 1 1 1
v -0.0097605 4.1191 2.47501 1 1 1
v 0.00976062 4.1191 2.47501 1 1 1
v 0.0292817 4.11913 2.47502 1 1 1
v 0.048803 4.11915 2.47503 1 1 1
v 0.0683241 4.11895 2.47495 1 1 1
v 0.0787382 4.11855 2.4748 1 1 1
v 0.67348 4.13038 2.47934 1 1 1
v 0.66246 4.11855 2.4748 1 1 1
v -0.653959 4.10942 2.47129 1 1 1
v -0.645266 4.10032 2.46779 1 1 1
v -0.185451 4.10253 2.46864 1 1 1
v -0.200787 4.10032 2.46779 1 1 1
v -0.16593 4.10553 2.46979 1 1 1
v -0.146409 4.10871 2.47102 1 1 1
v -0.126888 4.11202 2.47229 1 1 1
v -0.107366 4.11526 2.47353 1 1 1
v -0.0878452 4.11787 2.47454 1 1 1
v 0.0878453 4.11787 2.47454 1 1 1
v 0.107366 4.11526 2.47353 1 1 1
v 0.126888 4.11202 2.47229 1 1 1
v 0.146409 4.10871 2.47102 1 1 1
v 0.16593 4.10553 2.46979 1 1 1
v 0.185451 4.10253 2.46864 1 1 1
v 0.200787 4.10032 2.46779 1 1 1
v 0.653959 4.10942 2.47129 1 1 1
v 0.645266 4.10032 2.46779 1 1 1
v -0.634438 4.08898 2.46343 1 1 1
v -0.627905 4.0821 2.46079 1 1 1
v -0.283057 4.08373 2.46142 1 1 1
v -0.293743 4.0821 2.46079 1 1 1
v -0.263536 4.08715 2.46273 1 1 1
v -0.244015 4.09116 2.46427 1 1 1
v -0.224493 4.0953 2.46586 1 1 1
v -0.204972 4.09944 2.46745 1 1 1
v 0.204972 4.09944 2.46745 1 1 1
v 0.224494 4.0953 2.46586 1 1 1
v 0.244015 4.09116 2.46427 1 1 1
v 0.263536 4.08715 2.46273 1 1 1
v 0.283057 4.08373 2.46142 1 1 1
v 0.293743 4.0821 2.46079 1 1 1
v 0.634438 4.08898 2.46343 1 1 1
v 0.627905 4.0821 2.46079 1 1 1
v -0.614917 4.06844 2.45554 1 1 1
v -0.610289 4.06388 2.45379 1 1 1
v -0.380663 4.06441 2.45399 1 1 1
v -0.383962 4.06388 2.45379 1 1 1
v -0.361142 4.06765 2.45524 1 1 1
v -0.34162 4.07141 2.45668 1 1 1
v -0.322099 4.07563 2.4583 1 1 1
v -0.302578 4.08002 2.45999 1 1 1
v 0.302578 4.08002 2.45999 1 1 1
v 0.322099 4.07563 2.4583 1 1 1
v 0.34162 4.07141 2.45668 1 1 1
v 0.361142 4.06765 2.45524 1 1 1
v 0.380663 4.06441 2.45399 1 1 1
v 0.383962 4.06388 2.45379 1 1 1
v 0.614917 4.06844 2.45554 1 1 1
v 0.610289 4.06388 2.45379 1 1 1
v -0.595396 4.04995 2.44844 1 1 1
v -0.587226 4.04566 2.44679 1 1 1
v -0.478269 4.04704 2.44732 1 1 1
v -0.49049 4.04566 2.44679 1 1 1
v -0.458747 4.04965 2.44832 1 1 1
v -0.439226 4.05249 2.44941 1 1 1
v -0.419705 4.05574 2.45066 1 1 1
v -0.400184 4.05971 2.45219 1 1 1
v 0.400184 4.05971 2.45219 1 1 1
v 0.419705 4.05574 2.45066 1 1 1
v 0.439226 4.05249 2.44941 1 1 1
v 0.458748 4.04965 2.44832 1 1 1
v 0.478269 4.04704 2.44732 1 1 1
v 0.49049 4.04566 2.44679 1 1 1
v 0.595396 4.04995 2.44844 1 1 1
v 0.587226 4.04566 2.44679 1 1 1
v -0.575874 4.03941 2.44439 1 1 1
v -0.556353 4.03654 2.44328 1 1 1
v -0.536832 4.03811 2.44389 1 1 1
v -0.517311 4.04115 2.44506 1 1 1
v -0.49779 4.04434 2.44628 1 1 1
v 0.49779 4.04434 2.44628 1 1 1
v 0.517311 4.04115 2.44506 1 1 1
v 0.536832 4.03811 2.44389 1 1 1
v 0.556353 4.03654 2.44328 1 1 1
v 0.575874 4.03941 2.44439 1 1 1
v -0.34162 4.5976 2.48211 1 1 1
v -0.344921 4.59682 2.48182 1 1 1
v -0.322099 4.60038 2.48313 1 1 1
v -0.302578 4.60192 2.4837 1 1 1
v -0.283057 4.60317 2.48417 1 1 1
v -0.263536 4.60454 2.48467 1 1 1
v -0.244015 4.60594 2.48519 1 1 1
v -0.224493 4.60725 2.48568 1 1 1
v -0.204972 4.60852 2.48615 1 1 1
v -0.185451 4.60975 2.4866 1 1 1
v -0.16593 4.61095 2.48704 1 1 1
v -0.146409 4.61201 2.48744 1 1 1
v -0.126888 4.61273 2.4877 1 1 1
v -0.107366 4.61303 2.48781 1 1 1
v -0.0878452 4.6131 2.48784 1 1 1
v -0.0683241 4.61311 2.48784 1 1 1
v -0.0488029 4.61315 2.48786 1 1 1
v -0.0292817 4.61313 2.48785 1 1 1
v -0.0097605 4.6131 2.48784 1 1 1
v 0.00976062 4.6131 2.48784 1 1 1
v 0.0292817 4.61313 2.48785 1 1 1
v 0.048803 4.61315 2.48786 1 1 1
v 0.0683241 4.61311 2.48784 1 1 1
v 0.0878453 4.6131 2.48784 1 1 1
v 0.107366 4.61303 2.48781 1 1 1
v 0.126888 4.61273 2.4877 1 1 1
v 0.146409 4.61201 2.48744 1 1 1
v 0.16593 4.61095 2.48704 1 1 1
v 0.185451 4.60975 2.4866 1 1 1
v 0.204972 4.60852 2.48615 1 1 1
v 0.224494 4.60725 2.48568 1 1 1
v 0.244015 4.60594 2.48519 1 1 1
v 0.263536 4.60454 2.48467 1 1 1
v 0.283057 4.60317 2.48417 1 1 1
v 0.302578 4.60192 2.4837 1 1 1
v 0.322099 4.60038 2.48313 1 1 1
v 0.34162 4.5976 2.48211 1 1 1
v 0.344921 4.59682 2.48182 1 1 1
v -0.400184 4.58392 2.47705 1 1 1
v -0.419505 4.57851 2.47505 1 1 1
v -0.380663 4.58914 2.47898 1 1 1
v -0.361142 4.59391 2.48075 1 1 1
v 0.361142 4.59391 2.48075 1 1 1
v 0.380663 4.58914 2.47898 1 1 1
v 0.400184 4.58392 2.47705 1 1 1
v 0.419505 4.57851 2.47505 1 1 1
v -0.478269 4.56375 2.46959 1 1 1
v -0.490911 4.5602 2.46828 1 1 1
v -0.458747 4.56905 2.47155 1 1 1
v -0.439226 4.57405 2.4734 1 1 1
v -0.419705 4.57846 2.47503 1 1 1
v 0.419705 4.57846 2.47503 1 1 1
v 0.439226 4.57405 2.4734 1 1 1
v 0.458748 4.56905 2.47155 1 1 1
v 0.478269 4.56375 2.46959 1 1 1
v 0.490911 4.5602 2.46828 1 1 1
v -0.556353 4.54389 2.46225 1 1 1
v -0.563408 4.54189 2.46151 1 1 1
v -0.536832 4.5493 2.46425 1 1 1
v -0.517311 4.55423 2.46608 1 1 1
v -0.49779 4.55867 2.46772 1 1 1
v 0.49779 4.55867 2.46772 1 1 1
v 0.517311 4.55423 2.46608 1 1 1
v 0.536832 4.5493 2.46425 1 1 1
v 0.556353 4.54389 2.46225 1 1 1
v 0.563408 4.54189 2.46151 1 1 1
v -0.634438 4.52409 2.45493 1 1 1
v -0.636222 4.52358 2.45475 1 1 1
v -0.614917 4.52965 2.45699 1 1 1
v -0.595396 4.53455 2.4588 1 1 1
v -0.575874 4.53904 2.46046 1 1 1
v 0.575874 4.53904 2.46046 1 1 1
v 0.595396 4.53455 2.4588 1 1 1
v 0.614917 4.52965 2.45699 1 1 1
v 0.634438 4.52409 2.45493 1 1 1
v 0.636221 4.52358 2.45475 1 1 1
v -0.693001 4.51007 2.44975 1 1 1
v -0.709948 4.50527 2.44798 1 1 1
v -0.67348 4.51493 2.45155 1 1 1
v -0.653959 4.51943 2.45321 1 1 1
v 0.653959 4.51943 2.45321 1 1 1
v 0.67348 4.51493 2.45155 1 1 1
v 0.693002 4.51007 2.44975 1 1 1
v 0.709948 4.50527 2.44798 1 1 1
v -0.771086 4.49052 2.44253 1 1 1
v -0.784005 4.48696 2.44121 1 1 1
v -0.751565 4.49539 2.44433 1 1 1
v -0.732044 4.49996 2.44601 1 1 1
v -0.712523 4.50463 2.44774 1 1 1
v 0.712523 4.50463 2.44774 1 1 1
v 0.732044 4.49996 2.44601 1 1 1
v 0.751565 4.49539 2.44433 1 1 1
v 0.771086 4.49052 2.44253 1 1 1
v 0.784005 4.48696 2.44121 1 1 1
v -0.849171 4.47107 2.43534 1 1 1
v -0.85823 4.46865 2.43444 1 1 1
v -0.82965 4.47594 2.43713 1 1 1
v -0.810128 4.4806 2.43886 1 1 1
v -0.790607 4.48532 2.4406 1 1 1
v 0.790607 4.48532 2.4406 1 1 1
v 0.810129 4.4806 2.43886 1 1 1
v 0.82965 4.47594 2.43713 1 1 1
v 0.849171 4.47107 2.43534 1 1 1
v 0.85823 4.46865 2.43444 1 1 1
v -0.888213 4.45944 2.43104 1 1 1
v -0.906947 4.45034 2.42767 1 1 1
v -0.868692 4.46583 2.4334 1 1 1
v 0.868692 4.46583 2.4334 1 1 1
v 0.888213 4.45944 2.43104 1 1 1
v 0.906947 4.45034 2.42767 1 1 1
v -0.907734 4.44689 2.4264 1 1 1
v -0.910129 4.43203 2.4209 1 1 1
v 0.907734 4.44689 2.4264 1 1 1
v 0.910129 4.43203 2.4209 1 1 1
v -0.907734 4.42901 2.41979 1 1 1
v -0.897502 4.41372 2.41413 1 1 1
v 0.907734 4.42901 2.41979 1 1 1
v 0.897502 4.41372 2.41413 1 1 1
v -0.888213 4.40435 2.41067 1 1 1
v -0.879383 4.3954 2.40737 1 1 1
v 0.888213 4.40435 2.41067 1 1 1
v 0.879383 4.3954 2.40737 1 1 1
v -0.868692 4.38453 2.40335 1 1 1
v -0.86132 4.37709 2.4006 1 1 1
v 0.868692 4.38453 2.40335 1 1 1
v 0.86132 4.37709 2.4006 1 1 1
v -0.849171 4.36474 2.39603 1 1 1
v -0.843311 4.35878 2.39383 1 1 1
v 0.849171 4.36474 2.39603 1 1 1
v 0.843311 4.35878 2.39383 1 1 1
v -0.82965 4.34497 2.38872 1 1 1
v -0.825192 4.34047 2.38706 1 1 1
v 0.82965 4.34497 2.38872 1 1 1
v 0.825192 4.34047 2.38706 1 1 1
v -0.810128 4.32504 2.38135 1 1 1
v -0.807308 4.32216 2.38029 1 1 1
v 0.810129 4.32504 2.38135 1 1 1
v 0.807308 4.32216 2.38029 1 1 1
v -0.790607 4.30535 2.37408 1 1 1
v -0.789114 4.30385 2.37352 1 1 1
v 0.790607 4.30535 2.37408 1 1 1
v 0.789114 4.30385 2.37352 1 1 1
v -0.771214 4.28554 2.36675 1 1 1
v 0.771214 4.28554 2.36675 1 1 1
v -0.771086 4.28541 2.36671 1 1 1
v -0.753446 4.26723 2.35999 1 1 1
v 0.771086 4.28541 2.36671 1 1 1
v 0.753446 4.26723 2.35999 1 1 1
v -0.751565 4.26526 2.35926 1 1 1
v -0.735717 4.24892 2.35322 1 1 1
v 0.751565 4.26526 2.35926 1 1 1
v 0.735717 4.24892 2.35322 1 1 1
v -0.732044 4.2451 2.3518 1 1 1
v -0.718046 4.23061 2.34645 1 1 1
v 0.732044 4.2451 2.3518 1 1 1
v 0.718046 4.23061 2.34645 1 1 1
v -0.712523 4.22484 2.34432 1 1 1
v -0.700442 4.2123 2.33968 1 1 1
v 0.712523 4.22484 2.34432 1 1 1
v 0.700442 4.2123 2.33968 1 1 1
v -0.693001 4.2045 2.3368 1 1 1
v -0.682886 4.19399 2.33291 1 1 1
v 0.693002 4.2045 2.3368 1 1 1
v 0.682886 4.19399 2.33291 1 1 1
v -0.67348 4.18413 2.32926 1 1 1
v -0.665452 4.17568 2.32614 1 1 1
v -0.0683241 4.17586 2.32621 1 1 1
v -0.0728084 4.17568 2.32614 1 1 1
v -0.0488029 4.17607 2.32629 1 1 1
v -0.0292817 4.17605 2.32628 1 1 1
v -0.0097605 4.17602 2.32627 1 1 1
v 0.00976062 4.17602 2.32627 1 1 1
v 0.0292817 4.17605 2.32628 1 1 1
v 0.048803 4.17607 2.32629 1 1 1
v 0.0683241 4.17586 2.32621 1 1 1
v 0.0728087 4.17568 2.32614 1 1 1
v 0.67348 4.18413 2.32926 1 1 1
v 0.665452 4.17568 2.32614 1 1 1
v -0.653959 4.16357 2.32167 1 1 1
v -0.647922 4.15737 2.31938 1 1 1
v -0.185451 4.15904 2.31999 1 1 1
v -0.196926 4.15737 2.31938 1 1 1
v -0.16593 4.16204 2.3211 1 1 1
v -0.146409 4.16525 2.32229 1 1 1
v -0.126888 4.16859 2.32352 1 1 1
v -0.107366 4.17188 2.32474 1 1 1
v -0.0878452 4.17453 2.32572 1 1 1
v 0.0878453 4.17453 2.32572 1 1 1
v 0.107366 4.17188 2.32474 1 1 1
v 0.126888 4.16859 2.32352 1 1 1
v 0.146409 4.16525 2.32229 1 1 1
v 0.16593 4.16204 2.3211 1 1 1
v 0.185451 4.15904 2.31999 1 1 1
v 0.196926 4.15737 2.31938 1 1 1
v 0.653959 4.16357 2.32167 1 1 1
v 0.647922 4.15737 2.31938 1 1 1
v -0.634438 4.14348 2.31424 1 1 1
v -0.630163 4.13906 2.31261 1 1 1
v -0.283057 4.14025 2.31305 1 1 1
v -0.290853 4.13906 2.31261 1 1 1
v -0.263536 4.1436 2.31428 1 1 1
v -0.244015 4.14752 2.31573 1 1 1
v -0.224493 4.15157 2.31723 1 1 1
v -0.204972 4.15565 2.31874 1 1 1
v 0.204972 4.15565 2.31874 1 1 1
v 0.224494 4.15157 2.31723 1 1 1
v 0.244015 4.14752 2.31573 1 1 1
v 0.263536 4.1436 2.31428 1 1 1
v 0.283057 4.14025 2.31305 1 1 1
v 0.290853 4.13906 2.31261 1 1 1
v 0.634438 4.14348 2.31424 1 1 1
v 0.630163 4.13906 2.31261 1 1 1
v -0.614917 4.12325 2.30676 1 1 1
v -0.612338 4.12075 2.30584 1 1 1
v -0.380663 4.12101 2.30593 1 1 1
v -0.382282 4.12075 2.30584 1 1 1
v -0.361142 4.12421 2.30712 1 1 1
v -0.34162 4.12792 2.30849 1 1 1
v -0.322099 4.13203 2.31001 1 1 1
v -0.302578 4.1363 2.31159 1 1 1
v 0.302578 4.1363 2.31159 1 1 1
v 0.322099 4.13203 2.31001 1 1 1
v 0.34162 4.12792 2.30849 1 1 1
v 0.361142 4.12421 2.30712 1 1 1
v 0.380663 4.12101 2.30593 1 1 1
v 0.382282 4.12075 2.30584 1 1 1
v 0.614917 4.12325 2.30676 1 1 1
v 0.612338 4.12075 2.30584 1 1 1
v -0.595396 4.10508 2.30004 1 1 1
v -0.590255 4.10244 2.29907 1 1 1
v -0.478269 4.10343 2.29943 1 1 1
v -0.48667 4.10244 2.29907 1 1 1
v -0.458747 4.10611 2.30043 1 1 1
v -0.439226 4.10902 2.3015 1 1 1
v -0.419705 4.11229 2.30271 1 1 1
v -0.400184 4.11619 2.30415 1 1 1
v 0.400184 4.11619 2.30415 1 1 1
v 0.419705 4.11229 2.30271 1 1 1
v 0.439226 4.10902 2.3015 1 1 1
v 0.458748 4.10611 2.30043 1 1 1
v 0.478269 4.10343 2.29943 1 1 1
v 0.48667 4.10244 2.29907 1 1 1
v 0.595396 4.10508 2.30004 1 1 1
v 0.590255 4.10244 2.29907 1 1 1
v -0.575874 4.09466 2.29619 1 1 1
v -0.556353 4.0922 2.29528 1 1 1
v -0.536832 4.09398 2.29594 1 1 1
v -0.517311 4.09713 2.29711 1 1 1
v -0.49779 4.10038 2.29831 1 1 1
v 0.49779 4.10038 2.29831 1 1 1
v 0.517311 4.09713 2.29711 1 1 1
v 0.536832 4.09398 2.29594 1 1 1
v 0.556353 4.0922 2.29528 1 1 1
v 0.575874 4.09466 2.29619 1 1 1
v -0.34162 4.65839 2.3263 1 1 1
v -0.357571 4.65471 2.32503 1 1 1
v -0.322099 4.66092 2.32718 1 1 1
v -0.302578 4.66226 2.32764 1 1 1
v -0.283057 4.66333 2.32801 1 1 1
v -0.263536 4.66452 2.32842 1 1 1
v -0.244015 4.66574 2.32885 1 1 1
v -0.224493 4.66686 2.32923 1 1 1
v -0.204972 4.66795 2.32961 1 1 1
v -0.185451 4.66898 2.32997 1 1 1
v -0.16593 4.67001 2.33032 1 1 1
v -0.146409 4.6709 2.33063 1 1 1
v -0.126888 4.6715 2.33084 1 1 1
v -0.107366 4.67175 2.33093 1 1 1
v -0.0878452 4.67182 2.33095 1 1 1
v -0.0683241 4.67182 2.33095 1 1 1
v -0.0488029 4.67185 2.33096 1 1 1
v -0.0292817 4.67183 2.33095 1 1 1
v -0.0097605 4.67181 2.33095 1 1 1
v 0.00976062 4.67181 2.33095 1 1 1
v 0.0292817 4.67183 2.33095 1 1 1
v 0.048803 4.67185 2.33096 1 1 1
v 0.0683241 4.67182 2.33095 1 1 1
v 0.0878453 4.67182 2.33095 1 1 1
v 0.107366 4.67175 2.33093 1 1 1
v 0.126888 4.6715 2.33084 1 1 1
v 0.146409 4.6709 2.33063 1 1 1
v 0.16593 4.67001 2.33032 1 1 1
v 0.185451 4.66898 2.32997 1 1 1
v 0.204972 4.66795 2.32961 1 1 1
v 0.224494 4.66686 2.32923 1 1 1
v 0.244015 4.66574 2.32885 1 1 1
v 0.263536 4.66452 2.32842 1 1 1
v 0.283057 4.66333 2.32801 1 1 1
v 0.302578 4.66226 2.32764 1 1 1
v 0.322099 4.66092 2.32718 1 1 1
v 0.34162 4.65839 2.3263 1 1 1
v 0.357571 4.65471 2.32503 1 1 1
v -0.419705 4.63957 2.31979 1 1 1
v -0.431269 4.63627 2.31865 1 1 1
v -0.400184 4.64468 2.32156 1 1 1
v -0.380663 4.64958 2.32325 1 1 1
v -0.361142 4.65409 2.32482 1 1 1
v 0.361142 4.65409 2.32482 1 1 1
v 0.380663 4.64958 2.32325 1 1 1
v 0.400184 4.64468 2.32156 1 1 1
v 0.419705 4.63957 2.31979 1 1 1
v 0.43127 4.63627 2.31865 1 1 1
v -0.49779 4.61957 2.31287 1 1 1
v -0.50402 4.61782 2.31226 1 1 1
v -0.478269 4.62483 2.31469 1 1 1
v -0.458747 4.6298 2.31641 1 1 1
v -0.439226 4.63451 2.31804 1 1 1
v 0.439226 4.63451 2.31804 1 1 1
v 0.458748 4.6298 2.31641 1 1 1
v 0.478269 4.62483 2.31469 1 1 1
v 0.49779 4.61957 2.31287 1 1 1
v 0.50402 4.61782 2.31226 1 1 1
v -0.575874 4.59983 2.30604 1 1 1
v -0.577501 4.59937 2.30588 1 1 1
v -0.556353 4.60525 2.30791 1 1 1
v -0.536832 4.6103 2.30966 1 1 1
v -0.517311 4.61492 2.31126 1 1 1
v 0.517311 4.61492 2.31126 1 1 1
v 0.536832 4.6103 2.30966 1 1 1
v 0.556353 4.60525 2.30791 1 1 1
v 0.575874 4.59982 2.30604 1 1 1
v 0.577501 4.59937 2.30588 1 1 1
v -0.634438 4.58571 2.30115 1 1 1
v -0.651414 4.58092 2.2995 1 1 1
v -0.614917 4.59089 2.30294 1 1 1
v -0.595396 4.59546 2.30453 1 1 1
v 0.595396 4.59546 2.30453 1 1 1
v 0.614917 4.59089 2.30294 1 1 1
v 0.634438 4.58571 2.30115 1 1 1
v 0.651414 4.58092 2.2995 1 1 1
v -0.712523 4.56635 2.29445 1 1 1
v -0.726139 4.56247 2.29311 1 1 1
v -0.693001 4.57154 2.29625 1 1 1
v -0.67348 4.57608 2.29782 1 1 1
v -0.653959 4.58034 2.29929 1 1 1
v 0.653959 4.58034 2.29929 1 1 1
v 0.67348 4.57608 2.29782 1 1 1
v 0.693002 4.57154 2.29625 1 1 1
v 0.712523 4.56635 2.29445 1 1 1
v 0.726139 4.56247 2.29311 1 1 1
v -0.790607 4.5471 2.28779 1 1 1
v -0.801559 4.54403 2.28673 1 1 1
v -0.771086 4.55222 2.28956 1 1 1
v -0.751565 4.55675 2.29113 1 1 1
v -0.732044 4.56109 2.29263 1 1 1
v 0.732044 4.56109 2.29263 1 1 1
v 0.751565 4.55675 2.29113 1 1 1
v 0.771086 4.55222 2.28956 1 1 1
v 0.790607 4.54709 2.28779 1 1 1
v 0.801559 4.54403 2.28673 1 1 1
v -0.868692 4.52794 2.28116 1 1 1
v -0.877126 4.52558 2.28035 1 1 1
v -0.849171 4.53295 2.2829 1 1 1
v -0.82965 4.53752 2.28448 1 1 1
v -0.810128 4.54199 2.28603 1 1 1
v 0.810129 4.54199 2.28603 1 1 1
v 0.82965 4.53752 2.28448 1 1 1
v 0.849171 4.53295 2.2829 1 1 1
v 0.868692 4.52794 2.28116 1 1 1
v 0.877126 4.52558 2.28035 1 1 1
v -0.907734 4.51426 2.27643 1 1 1
v -0.918373 4.50713 2.27396 1 1 1
v -0.888213 4.52222 2.27918 1 1 1
v 0.888213 4.52222 2.27918 1 1 1
v 0.907734 4.51426 2.27643 1 1 1
v 0.918373 4.50713 2.27396 1 1 1
v -0.918668 4.48868 2.26758 1 1 1
v 0.918668 4.48868 2.26758 1 1 1
v -0.907734 4.47519 2.26291 1 1 1
v -0.904359 4.47023 2.26119 1 1 1
v 0.907734 4.47519 2.26291 1 1 1
v 0.904359 4.47023 2.26119 1 1 1
v -0.888213 4.45416 2.25563 1 1 1
v -0.885837 4.45179 2.25481 1 1 1
v 0.888213 4.45416 2.25563 1 1 1
v 0.885837 4.45179 2.25481 1 1 1
v -0.868692 4.43457 2.24885 1 1 1
v -0.867456 4.43334 2.24843 1 1 1
v 0.868692 4.43457 2.24885 1 1 1
v 0.867456 4.43334 2.24843 1 1 1
v -0.849171 4.41498 2.24208 1 1 1
v -0.849081 4.41489 2.24204 1 1 1
v 0.849171 4.41498 2.24208 1 1 1
v 0.849081 4.41489 2.24204 1 1 1
v -0.830773 4.39644 2.23566 1 1 1
v 0.830773 4.39644 2.23566 1 1 1
v -0.82965 4.39529 2.23526 1 1 1
v -0.812751 4.37799 2.22928 1 1 1
v 0.82965 4.39529 2.23526 1 1 1
v 0.812751 4.37799 2.22928 1 1 1
v -0.810128 4.37532 2.22835 1 1 1
v -0.794416 4.35955 2.22289 1 1 1
v 0.810129 4.37532 2.22835 1 1 1
v 0.794416 4.35955 2.22289 1 1 1
v -0.790607 4.35562 2.22154 1 1 1
v -0.776391 4.3411 2.21651 1 1 1
v 0.790607 4.35562 2.22154 1 1 1
v 0.776391 4.3411 2.21651 1 1 1
v -0.771086 4.3357 2.21464 1 1 1
v -0.758212 4.32265 2.21013 1 1 1
v 0.771086 4.3357 2.21464 1 1 1
v 0.758212 4.32265 2.21013 1 1 1
v -0.751565 4.3158 2.20776 1 1 1
v -0.740126 4.3042 2.20374 1 1 1
v 0.751565 4.3158 2.20776 1 1 1
v 0.740126 4.3042 2.20374 1 1 1
v -0.732044 4.29592 2.20088 1 1 1
v -0.72205 4.28575 2.19736 1 1 1
v 0.732044 4.29592 2.20088 1 1 1
v 0.72205 4.28575 2.19736 1 1 1
v -0.712523 4.27596 2.19397 1 1 1
v -0.704052 4.26731 2.19098 1 1 1
v 0.712523 4.27596 2.19397 1 1 1
v 0.704052 4.26731 2.19098 1 1 1
v -0.693001 4.2559 2.18703 1 1 1
v -0.686117 4.24886 2.18459 1 1 1
v 0.693002 4.2559 2.18703 1 1 1
v 0.686117 4.24886 2.18459 1 1 1
v -0.67348 4.2358 2.18007 1 1 1
v -0.668273 4.23041 2.17821 1 1 1
v -0.0488029 4.23059 2.17827 1 1 1
v -0.0648109 4.23041 2.17821 1 1 1
v -0.0292817 4.23057 2.17826 1 1 1
v -0.0097605 4.23054 2.17825 1 1 1
v 0.00976062 4.23054 2.17825 1 1 1
v 0.0292817 4.23057 2.17826 1 1 1
v 0.048803 4.23059 2.17827 1 1 1
v 0.0648118 4.23041 2.17821 1 1 1
v 0.67348 4.2358 2.18007 1 1 1
v 0.668273 4.23041 2.17821 1 1 1
v -0.653959 4.21553 2.17306 1 1 1
v -0.65043 4.21196 2.17183 1 1 1
v -0.185451 4.21311 2.17222 1 1 1
v -0.193305 4.21196 2.17183 1 1 1
v -0.16593 4.21612 2.17326 1 1 1
v -0.146409 4.21937 2.17439 1 1 1
v -0.126888 4.22276 2.17556 1 1 1
v -0.107366 4.22609 2.17671 1 1 1
v -0.0878452 4.2288 2.17765 1 1 1
v -0.0683241 4.23034 2.17818 1 1 1
v 0.0683241 4.23034 2.17818 1 1 1
v 0.0878453 4.2288 2.17765 1 1 1
v 0.107366 4.22609 2.17671 1 1 1
v 0.126888 4.22276 2.17556 1 1 1
v 0.146409 4.21937 2.17439 1 1 1
v 0.16593 4.21612 2.17326 1 1 1
v 0.185451 4.21311 2.17222 1 1 1
v 0.193305 4.21196 2.17183 1 1 1
v 0.653959 4.21553 2.17306 1 1 1
v 0.65043 4.21196 2.17183 1 1 1
v -0.634438 4.1957 2.1662 1 1 1
v -0.632296 4.19351 2.16544 1 1 1
v -0.283057 4.19428 2.16571 1 1 1
v -0.288065 4.19351 2.16544 1 1 1
v -0.263536 4.19758 2.16685 1 1 1
v -0.244015 4.20142 2.16818 1 1 1
v -0.224493 4.20541 2.16956 1 1 1
v -0.204972 4.20943 2.17095 1 1 1
v 0.204972 4.20943 2.17095 1 1 1
v 0.224494 4.20541 2.16956 1 1 1
v 0.244015 4.20142 2.16818 1 1 1
v 0.263536 4.19758 2.16685 1 1 1
v 0.283057 4.19428 2.16571 1 1 1
v 0.288065 4.19351 2.16544 1 1 1
v 0.634438 4.1957 2.1662 1 1 1
v 0.632296 4.19351 2.16544 1 1 1
v -0.614917 4.17568 2.15927 1 1 1
v -0.614279 4.17507 2.15906 1 1 1
v -0.361142 4.17824 2.16016 1 1 1
v -0.380605 4.17507 2.15906 1 1 1
v -0.34162 4.1819 2.16142 1 1 1
v -0.322099 4.18592 2.16282 1 1 1
v -0.302578 4.1901 2.16426 1 1 1
v 0.302578 4.1901 2.16426 1 1 1
v 0.322099 4.18592 2.16282 1 1 1
v 0.34162 4.1819 2.16142 1 1 1
v 0.361142 4.17824 2.16016 1 1 1
v 0.380605 4.17507 2.15906 1 1 1
v 0.614917 4.17568 2.15927 1 1 1
v 0.614279 4.17507 2.15906 1 1 1
v -0.595396 4.15772 2.15306 1 1 1
v -0.593199 4.15662 2.15267 1 1 1
v -0.478269 4.15722 2.15288 1 1 1
v -0.483198 4.15662 2.15267 1 1 1
v -0.458747 4.15998 2.15384 1 1 1
v -0.439226 4.16297 2.15487 1 1 1
v -0.419705 4.16628 2.15602 1 1 1
v -0.400184 4.17012 2.15735 1 1 1
v -0.380663 4.17505 2.15905 1 1 1
v 0.380663 4.17505 2.15905 1 1 1
v 0.400184 4.17012 2.15735 1 1 1
v 0.419705 4.16628 2.15602 1 1 1
v 0.439226 4.16297 2.15487 1 1 1
v 0.458748 4.15998 2.15384 1 1 1
v 0.478269 4.15722 2.15288 1 1 1
v 0.483198 4.15662 2.15267 1 1 1
v 0.595396 4.15772 2.15306 1 1 1
v 0.593199 4.15662 2.15267 1 1 1
v -0.575874 4.14737 2.14948 1 1 1
v -0.556353 4.14528 2.14875 1 1 1
v -0.536832 4.14725 2.14943 1 1 1
v -0.517311 4.15052 2.15056 1 1 1
v -0.49779 4.15383 2.15171 1 1 1
v 0.49779 4.15383 2.15171 1 1 1
v 0.517311 4.15052 2.15056 1 1 1
v 0.536832 4.14725 2.14943 1 1 1
v 0.556353 4.14528 2.14875 1 1 1
v 0.575874 4.14737 2.14948 1 1 1
v -0.361142 4.71073 2.17016 1 1 1
v -0.368488 4.70854 2.16943 1 1 1
v -0.34162 4.71494 2.17156 1 1 1
v -0.322099 4.71721 2.17232 1 1 1
v -0.302578 4.71837 2.17271 1 1 1
v -0.283057 4.71926 2.173 1 1 1
v -0.263536 4.72028 2.17334 1 1 1
v -0.244015 4.72132 2.17369 1 1 1
v -0.224493 4.72227 2.174 1 1 1
v -0.204972 4.72317 2.1743 1 1 1
v -0.185451 4.72403 2.17459 1 1 1
v -0.16593 4.72488 2.17488 1 1 1
v -0.146409 4.72561 2.17512 1 1 1
v -0.126888 4.72611 2.17528 1 1 1
v -0.107366 4.72631 2.17535 1 1 1
v -0.0878452 4.72636 2.17537 1 1 1
v -0.0683241 4.72637 2.17537 1 1 1
v -0.0488029 4.72639 2.17538 1 1 1
v -0.0292817 4.72637 2.17537 1 1 1
v -0.0097605 4.72636 2.17537 1 1 1
v 0.00976062 4.72636 2.17537 1 1 1
v 0.0292817 4.72637 2.17537 1 1 1
v 0.048803 4.72639 2.17538 1 1 1
v 0.0683241 4.72637 2.17537 1 1 1
v 0.0878453 4.72636 2.17537 1 1 1
v 0.107366 4.72631 2.17535 1 1 1
v 0.126888 4.72611 2.17528 1 1 1
v 0.146409 4.72561 2.17512 1 1 1
v 0.16593 4.72488 2.17488 1 1 1
v 0.185451 4.72403 2.17459 1 1 1
v 0.204972 4.72317 2.1743 1 1 1
v 0.224494 4.72227 2.174 1 1 1
v 0.244015 4.72132 2.17369 1 1 1
v 0.263536 4.72028 2.17334 1 1 1
v 0.283057 4.71926 2.173 1 1 1
v 0.302578 4.71837 2.17271 1 1 1
v 0.322099 4.71721 2.17232 1 1 1
v 0.34162 4.71494 2.17156 1 1 1
v 0.361142 4.71073 2.17016 1 1 1
v 0.368488 4.70854 2.16943 1 1 1
v -0.439226 4.69112 2.16363 1 1 1
v -0.442869 4.69002 2.16326 1 1 1
v -0.419705 4.69648 2.16541 1 1 1
v -0.400184 4.70122 2.16699 1 1 1
v -0.380663 4.70582 2.16852 1 1 1
v 0.380663 4.70582 2.16852 1 1 1
v 0.400184 4.70122 2.16699 1 1 1
v 0.419705 4.69648 2.16541 1 1 1
v 0.439226 4.69112 2.16363 1 1 1
v 0.442869 4.69002 2.16326 1 1 1
v -0.49779 4.67687 2.15888 1 1 1
v -0.517281 4.6715 2.15709 1 1 1
v -0.478269 4.68174 2.1605 1 1 1
v -0.458747 4.68638 2.16204 1 1 1
v 0.458748 4.68638 2.16204 1 1 1
v 0.478269 4.68174 2.1605 1 1 1
v 0.49779 4.67687 2.15888 1 1 1
v 0.517281 4.6715 2.15709 1 1 1
v -0.575874 4.65747 2.15241 1 1 1
v -0.592237 4.65298 2.15091 1 1 1
v -0.556353 4.66248 2.15408 1 1 1
v -0.536832 4.66718 2.15565 1 1 1
v 0.536832 4.66718 2.15565 1 1 1
v 0.556353 4.66248 2.15408 1 1 1
v 0.575874 4.65747 2.15241 1 1 1
v 0.592237 4.65298 2.15091 1 1 1
v -0.653959 4.63812 2.14596 1 1 1
v -0.667546 4.63446 2.14474 1 1 1
v -0.634438 4.64326 2.14767 1 1 1
v -0.614917 4.64805 2.14927 1 1 1
v -0.595396 4.6523 2.15069 1 1 1
v 0.595396 4.6523 2.15069 1 1 1
v 0.614917 4.64805 2.14927 1 1 1
v 0.634438 4.64326 2.14767 1 1 1
v 0.653959 4.63812 2.14596 1 1 1
v 0.667546 4.63446 2.14474 1 1 1
v -0.732044 4.61894 2.13957 1 1 1
v -0.743103 4.61594 2.13857 1 1 1
v -0.712523 4.62418 2.14132 1 1 1
v -0.693001 4.62899 2.14292 1 1 1
v -0.67348 4.6332 2.14432 1 1 1
v 0.67348 4.6332 2.14432 1 1 1
v 0.693002 4.62899 2.14292 1 1 1
v 0.712523 4.62418 2.14132 1 1 1
v 0.732044 4.61894 2.13957 1 1 1
v 0.743103 4.61594 2.13857 1 1 1
v -0.810128 4.59998 2.13326 1 1 1
v -0.819502 4.59742 2.1324 1 1 1
v -0.790607 4.60519 2.13499 1 1 1
v -0.771086 4.60992 2.13657 1 1 1
v -0.751565 4.61412 2.13797 1 1 1
v 0.751565 4.61412 2.13797 1 1 1
v 0.771086 4.60992 2.13657 1 1 1
v 0.790607 4.60519 2.13499 1 1 1
v 0.810129 4.59998 2.13326 1 1 1
v 0.819502 4.59742 2.1324 1 1 1
v -0.888213 4.58104 2.12694 1 1 1
v -0.895873 4.5789 2.12623 1 1 1
v -0.868692 4.58626 2.12868 1 1 1
v -0.849171 4.59089 2.13022 1 1 1
v -0.82965 4.59517 2.13165 1 1 1
v 0.82965 4.59517 2.13165 1 1 1
v 0.849171 4.59089 2.13022 1 1 1
v 0.868692 4.58626 2.12868 1 1 1
v 0.888213 4.58104 2.12694 1 1 1
v 0.895873 4.5789 2.12623 1 1 1
v -0.927255 4.56218 2.12066 1 1 1
v -0.928975 4.56038 2.12006 1 1 1
v -0.907734 4.57466 2.12482 1 1 1
v 0.907734 4.57466 2.12482 1 1 1
v 0.927256 4.56218 2.12066 1 1 1
v 0.928975 4.56038 2.12006 1 1 1
v -0.927255 4.54726 2.11569 1 1 1
v -0.926674 4.54186 2.11389 1 1 1
v 0.927256 4.54726 2.11569 1 1 1
v 0.926674 4.54186 2.11389 1 1 1
v -0.911127 4.52334 2.10771 1 1 1
v 0.911127 4.52334 2.10771 1 1 1
v -0.907734 4.51995 2.10658 1 1 1
v -0.892382 4.50482 2.10154 1 1 1
v 0.907734 4.51995 2.10658 1 1 1
v 0.892382 4.50482 2.10154 1 1 1
v -0.888213 4.5006 2.10014 1 1 1
v -0.873852 4.4863 2.09537 1 1 1
v 0.888213 4.5006 2.10014 1 1 1
v 0.873852 4.4863 2.09537 1 1 1
v -0.868692 4.48113 2.09365 1 1 1
v -0.855289 4.46778 2.0892 1 1 1
v 0.868692 4.48113 2.09365 1 1 1
v 0.855289 4.46778 2.0892 1 1 1
v -0.849171 4.46163 2.08715 1 1 1
v -0.836689 4.44926 2.08303 1 1 1
v 0.849171 4.46163 2.08715 1 1 1
v 0.836689 4.44926 2.08303 1 1 1
v -0.82965 4.44216 2.08066 1 1 1
v -0.818285 4.43074 2.07686 1 1 1
v 0.82965 4.44216 2.08066 1 1 1
v 0.818285 4.43074 2.07686 1 1 1
v -0.810128 4.42255 2.07413 1 1 1
v -0.799649 4.41222 2.07068 1 1 1
v 0.810129 4.42255 2.07413 1 1 1
v 0.799649 4.41222 2.07068 1 1 1
v -0.790607 4.40307 2.06764 1 1 1
v -0.78126 4.3937 2.06451 1 1 1
v 0.790607 4.40307 2.06764 1 1 1
v 0.78126 4.3937 2.06451 1 1 1
v -0.771086 4.38353 2.06112 1 1 1
v -0.762696 4.37518 2.05834 1 1 1
v 0.771086 4.38353 2.06112 1 1 1
v 0.762696 4.37518 2.05834 1 1 1
v -0.751565 4.36391 2.05459 1 1 1
v -0.744277 4.35666 2.05217 1 1 1
v 0.751565 4.36391 2.05459 1 1 1
v 0.744277 4.35666 2.05217 1 1 1
v -0.732044 4.34435 2.04807 1 1 1
v -0.725822 4.33814 2.046 1 1 1
v 0.732044 4.34435 2.04807 1 1 1
v 0.725822 4.33814 2.046 1 1 1
v -0.712523 4.32471 2.04152 1 1 1
v -0.707455 4.31962 2.03983 1 1 1
v 0.712523 4.32471 2.04152 1 1 1
v 0.707455 4.31962 2.03983 1 1 1
v -0.693001 4.30495 2.03494 1 1 1
v -0.689164 4.3011 2.03366 1 1 1
v 0.693002 4.30495 2.03494 1 1 1
v 0.689164 4.3011 2.03366 1 1 1
v -0.67348 4.28517 2.02835 1 1 1
v -0.670936 4.28258 2.02748 1 1 1
v 0.67348 4.28517 2.02835 1 1 1
v 0.670936 4.28258 2.02748 1 1 1
v -0.653959 4.26521 2.0217 1 1 1
v -0.652802 4.26406 2.02131 1 1 1
v -0.185451 4.26471 2.02153 1 1 1
v -0.189902 4.26406 2.02131 1 1 1
v -0.16593 4.26772 2.02253 1 1 1
v -0.146409 4.271 2.02362 1 1 1
v -0.126888 4.27441 2.02476 1 1 1
v -0.107366 4.27777 2.02588 1 1 1
v -0.0878452 4.28052 2.0268 1 1 1
v -0.0683241 4.28208 2.02732 1 1 1
v -0.0488029 4.28251 2.02746 1 1 1
v -0.0292817 4.28247 2.02745 1 1 1
v -0.0097605 4.28241 2.02743 1 1 1
v 0.00976062 4.28241 2.02743 1 1 1
v 0.0292817 4.28247 2.02745 1 1 1
v 0.048803 4.28251 2.02746 1 1 1
v 0.0683241 4.28208 2.02732 1 1 1
v 0.0878453 4.28052 2.0268 1 1 1
v 0.107366 4.27777 2.02588 1 1 1
v 0.126888 4.27441 2.02476 1 1 1
v 0.146409 4.271 2.02362 1 1 1
v 0.16593 4.26772 2.02253 1 1 1
v 0.185451 4.26471 2.02153 1 1 1
v 0.189902 4.26406 2.02131 1 1 1
v 0.653959 4.26521 2.0217 1 1 1
v 0.652802 4.26406 2.02131 1 1 1
v -0.634438 4.24566 2.01518 1 1 1
v -0.634316 4.24554 2.01514 1 1 1
v -0.283057 4.24589 2.01526 1 1 1
v -0.285375 4.24554 2.01514 1 1 1
v -0.263536 4.24913 2.01634 1 1 1
v -0.244015 4.2529 2.01759 1 1 1
v -0.224493 4.2568 2.01889 1 1 1
v -0.204972 4.26075 2.02021 1 1 1
v 0.204972 4.26075 2.02021 1 1 1
v 0.224494 4.2568 2.01889 1 1 1
v 0.244015 4.2529 2.01759 1 1 1
v 0.263536 4.24913 2.01634 1 1 1
v 0.283057 4.24589 2.01526 1 1 1
v 0.285375 4.24554 2.01514 1 1 1
v 0.634438 4.24566 2.01518 1 1 1
v 0.634316 4.24554 2.01514 1 1 1
v -0.616538 4.22702 2.00897 1 1 1
v -0.361142 4.2299 2.00993 1 1 1
v -0.378786 4.22702 2.00897 1 1 1
v -0.34162 4.23351 2.01113 1 1 1
v -0.322099 4.23743 2.01244 1 1 1
v -0.302578 4.2415 2.01379 1 1 1
v 0.302578 4.2415 2.01379 1 1 1
v 0.322099 4.23743 2.01244 1 1 1
v 0.34162 4.23351 2.01113 1 1 1
v 0.361142 4.2299 2.00993 1 1 1
v 0.378786 4.22702 2.00897 1 1 1
v 0.616538 4.22702 2.00897 1 1 1
v -0.614917 4.22534 2.00841 1 1 1
v -0.595961 4.2085 2.0028 1 1 1
v -0.478269 4.20872 2.00287 1 1 1
v -0.480029 4.2085 2.0028 1 1 1
v -0.458747 4.21155 2.00381 1 1 1
v -0.439226 4.2146 2.00483 1 1 1
v -0.419705 4.21793 2.00594 1 1 1
v -0.400184 4.22171 2.0072 1 1 1
v -0.380663 4.22652 2.0088 1 1 1
v 0.380663 4.22652 2.0088 1 1 1
v 0.400184 4.22171 2.0072 1 1 1
v 0.419705 4.21793 2.00594 1 1 1
v 0.439226 4.2146 2.00483 1 1 1
v 0.458748 4.21155 2.00381 1 1 1
v 0.478269 4.20872 2.00287 1 1 1
v 0.480029 4.2085 2.0028 1 1 1
v 0.614917 4.22534 2.00841 1 1 1
v 0.595961 4.2085 2.0028 1 1 1
v -0.595396 4.20801 2.00264 1 1 1
v -0.575874 4.1979 1.99926 1 1 1
v -0.556353 4.19616 1.99869 1 1 1
v -0.536832 4.19831 1.9994 1 1 1
v -0.517311 4.20167 2.00052 1 1 1
v -0.49779 4.20502 2.00164 1 1 1
v 0.49779 4.20502 2.00164 1 1 1
v 0.517311 4.20167 2.00052 1 1 1
v 0.536832 4.19831 1.9994 1 1 1
v 0.556353 4.19616 1.99869 1 1 1
v 0.575874 4.1979 1.99926 1 1 1
v 0.595396 4.20801 2.00264 1 1 1
v -0.361142 4.76615 2.01336 1 1 1
v -0.378589 4.76104 2.01176 1 1 1
v -0.34162 4.77002 2.01458 1 1 1
v -0.322099 4.77206 2.01522 1 1 1
v -0.302578 4.77305 2.01553 1 1 1
v -0.283057 4.77377 2.01576 1 1 1
v -0.263536 4.77462 2.01602 1 1 1
v -0.244015 4.7755 2.0163 1 1 1
v -0.224493 4.77628 2.01654 1 1 1
v -0.204972 4.77701 2.01677 1 1 1
v -0.185451 4.77771 2.01699 1 1 1
v -0.16593 4.7784 2.01721 1 1 1
v -0.146409 4.77899 2.0174 1 1 1
v -0.126888 4.77938 2.01752 1 1 1
v -0.107366 4.77953 2.01757 1 1 1
v -0.0878452 4.77959 2.01758 1 1 1
v -0.0683241 4.77959 2.01759 1 1 1
v -0.0488029 4.77961 2.01759 1 1 1
v -0.0292817 4.77958 2.01758 1 1 1
v -0.0097605 4.77958 2.01758 1 1 1
v 0.00976062 4.77958 2.01758 1 1 1
v 0.0292817 4.77958 2.01758 1 1 1
v 0.048803 4.77961 2.01759 1 1 1
v 0.0683241 4.77959 2.01759 1 1 1
v 0.0878453 4.77959 2.01758 1 1 1
v 0.107366 4.77953 2.01757 1 1 1
v 0.126888 4.77938 2.01752 1 1 1
v 0.146409 4.77899 2.0174 1 1 1
v 0.16593 4.7784 2.01721 1 1 1
v 0.185451 4.77771 2.01699 1 1 1
v 0.204972 4.77701 2.01677 1 1 1
v 0.224494 4.77628 2.01654 1 1 1
v 0.244015 4.7755 2.0163 1 1 1
v 0.263536 4.77462 2.01602 1 1 1
v 0.283057 4.77377 2.01576 1 1 1
v 0.302578 4.77305 2.01553 1 1 1
v 0.322099 4.77206 2.01522 1 1 1
v 0.34162 4.77002 2.01458 1 1 1
v 0.361142 4.76615 2.01336 1 1 1
v 0.378589 4.76104 2.01176 1 1 1
v -0.439226 4.74692 2.00732 1 1 1
v -0.45434 4.74241 2.00591 1 1 1
v -0.419705 4.75187 2.00888 1 1 1
v -0.400184 4.75628 2.01026 1 1 1
v -0.380663 4.76059 2.01161 1 1 1
v 0.380663 4.76058 2.01161 1 1 1
v 0.400184 4.75628 2.01026 1 1 1
v 0.419705 4.75187 2.00888 1 1 1
v 0.439226 4.74692 2.00732 1 1 1
v 0.45434 4.74241 2.00591 1 1 1
v -0.517311 4.72764 2.00127 1 1 1
v -0.530746 4.72379 2.00006 1 1 1
v -0.49779 4.73258 2.00282 1 1 1
v -0.478269 4.73709 2.00424 1 1 1
v -0.458747 4.74142 2.0056 1 1 1
v 0.458748 4.74142 2.0056 1 1 1
v 0.478269 4.73709 2.00424 1 1 1
v 0.49779 4.73258 2.00282 1 1 1
v 0.517311 4.72764 2.00127 1 1 1
v 0.530746 4.72379 2.00006 1 1 1
v -0.595396 4.70849 1.99525 1 1 1
v -0.607353 4.70517 1.99421 1 1 1
v -0.575874 4.71346 1.99681 1 1 1
v -0.556353 4.7181 1.99827 1 1 1
v -0.536832 4.72248 1.99964 1 1 1
v 0.536832 4.72248 1.99964 1 1 1
v 0.556353 4.7181 1.99827 1 1 1
v 0.575874 4.71346 1.99681 1 1 1
v 0.595396 4.70849 1.99525 1 1 1
v 0.607353 4.70517 1.99421 1 1 1
v -0.67348 4.68945 1.98927 1 1 1
v -0.684276 4.68654 1.98836 1 1 1
v -0.653959 4.69439 1.99082 1 1 1
v -0.634438 4.69913 1.99231 1 1 1
v -0.614917 4.70357 1.99371 1 1 1
v 0.614917 4.70357 1.99371 1 1 1
v 0.634438 4.69913 1.99231 1 1 1
v 0.653959 4.69439 1.99082 1 1 1
v 0.67348 4.68945 1.98927 1 1 1
v 0.684276 4.68654 1.98836 1 1 1
v -0.751565 4.67044 1.9833 1 1 1
v -0.761103 4.66792 1.98251 1 1 1
v -0.732044 4.67545 1.98487 1 1 1
v -0.712523 4.68028 1.98639 1 1 1
v -0.693001 4.68473 1.98779 1 1 1
v 0.693002 4.68473 1.98779 1 1 1
v 0.712523 4.68028 1.98639 1 1 1
v 0.732044 4.67545 1.98487 1 1 1
v 0.751565 4.67044 1.9833 1 1 1
v 0.761103 4.66792 1.98251 1 1 1
v -0.82965 4.65162 1.97739 1 1 1
v -0.838318 4.64929 1.97666 1 1 1
v -0.810128 4.6567 1.97899 1 1 1
v -0.790607 4.66149 1.98049 1 1 1
v -0.771086 4.66587 1.98186 1 1 1
v 0.771086 4.66587 1.98186 1 1 1
v 0.790607 4.66149 1.98049 1 1 1
v 0.810129 4.6567 1.97898 1 1 1
v 0.82965 4.65162 1.97739 1 1 1
v 0.838318 4.64929 1.97666 1 1 1
v -0.907734 4.63273 1.97146 1 1 1
v -0.914375 4.63067 1.97081 1 1 1
v -0.888213 4.63795 1.97309 1 1 1
v -0.868692 4.64274 1.9746 1 1 1
v -0.849171 4.64702 1.97594 1 1 1
v 0.849171 4.64702 1.97594 1 1 1
v 0.868692 4.64274 1.9746 1 1 1
v 0.888213 4.63795 1.97309 1 1 1
v 0.907734 4.63273 1.97146 1 1 1
v 0.914375 4.63067 1.97081 1 1 1
v -0.927255 4.62376 1.96864 1 1 1
v -0.938411 4.61205 1.96496 1 1 1
v 0.927256 4.62376 1.96864 1 1 1
v 0.938411 4.61205 1.96496 1 1 1
v -0.934585 4.59342 1.95911 1 1 1
v 0.934585 4.59342 1.95911 1 1 1
v -0.927255 4.5858 1.95671 1 1 1
v -0.917857 4.5748 1.95326 1 1 1
v 0.927256 4.5858 1.95671 1 1 1
v 0.917857 4.5748 1.95326 1 1 1
v -0.907734 4.56482 1.95013 1 1 1
v -0.898839 4.55617 1.94741 1 1 1
v 0.907734 4.56482 1.95013 1 1 1
v 0.898839 4.55617 1.94741 1 1 1
v -0.888213 4.54558 1.94408 1 1 1
v -0.880035 4.53755 1.94156 1 1 1
v 0.888213 4.54558 1.94408 1 1 1
v 0.880035 4.53755 1.94156 1 1 1
v -0.868692 4.52634 1.93804 1 1 1
v -0.86114 4.51893 1.93571 1 1 1
v 0.868692 4.52634 1.93804 1 1 1
v 0.86114 4.51893 1.93571 1 1 1
v -0.849171 4.50706 1.93198 1 1 1
v -0.842255 4.5003 1.92986 1 1 1
v 0.849171 4.50706 1.93198 1 1 1
v 0.842255 4.5003 1.92986 1 1 1
v -0.82965 4.48777 1.92592 1 1 1
v -0.823494 4.48168 1.92401 1 1 1
v 0.82965 4.48777 1.92592 1 1 1
v 0.823494 4.48168 1.92401 1 1 1
v -0.810128 4.46845 1.91986 1 1 1
v -0.804575 4.46305 1.91816 1 1 1
v 0.810129 4.46845 1.91986 1 1 1
v 0.804576 4.46305 1.91816 1 1 1
v -0.790607 4.44913 1.91379 1 1 1
v -0.785848 4.44443 1.91231 1 1 1
v 0.790607 4.44913 1.91379 1 1 1
v 0.785848 4.44443 1.91231 1 1 1
v -0.771086 4.42989 1.90774 1 1 1
v -0.766922 4.42581 1.90646 1 1 1
v 0.771086 4.42989 1.90774 1 1 1
v 0.766922 4.42581 1.90646 1 1 1
v -0.751565 4.41049 1.90165 1 1 1
v -0.748194 4.40718 1.90061 1 1 1
v 0.751565 4.41049 1.90165 1 1 1
v 0.748194 4.40718 1.90061 1 1 1
v -0.732044 4.39117 1.89558 1 1 1
v -0.729382 4.38856 1.89476 1 1 1
v 0.732044 4.39117 1.89558 1 1 1
v 0.729382 4.38856 1.89476 1 1 1
v -0.712523 4.37177 1.88949 1 1 1
v -0.710667 4.36993 1.88891 1 1 1
v 0.712523 4.37177 1.88949 1 1 1
v 0.710667 4.36993 1.88891 1 1 1
v -0.693001 4.35226 1.88336 1 1 1
v -0.692042 4.35131 1.88306 1 1 1
v 0.693002 4.35226 1.88336 1 1 1
v 0.692042 4.35131 1.88306 1 1 1
v -0.67348 4.33271 1.87722 1 1 1
v 0.67348 4.33271 1.87722 1 1 1
v -0.655507 4.31406 1.87136 1 1 1
v -0.185451 4.31425 1.87142 1 1 1
v -0.186699 4.31406 1.87136 1 1 1
v -0.16593 4.31726 1.87237 1 1 1
v -0.146409 4.32056 1.8734 1 1 1
v -0.126888 4.324 1.87448 1 1 1
v -0.107366 4.3274 1.87555 1 1 1
v -0.0878452 4.33019 1.87643 1 1 1
v -0.0683241 4.33178 1.87693 1 1 1
v -0.0488029 4.33221 1.87706 1 1 1
v -0.0292817 4.33217 1.87705 1 1 1
v -0.0097605 4.33211 1.87703 1 1 1
v 0.00976062 4.33211 1.87703 1 1 1
v 0.0292817 4.33217 1.87705 1 1 1
v 0.048803 4.33221 1.87706 1 1 1
v 0.0683241 4.33178 1.87693 1 1 1
v 0.0878453 4.33019 1.87643 1 1 1
v 0.107366 4.3274 1.87555 1 1 1
v 0.126888 4.324 1.87448 1 1 1
v 0.146409 4.32056 1.8734 1 1 1
v 0.16593 4.31726 1.87237 1 1 1
v 0.185451 4.31425 1.87142 1 1 1
v 0.186699 4.31406 1.87136 1 1 1
v 0.655507 4.31406 1.87136 1 1 1
v -0.653959 4.31244 1.87085 1 1 1
v -0.637098 4.29544 1.86551 1 1 1
v -0.263536 4.29859 1.8665 1 1 1
v -0.282766 4.29544 1.86551 1 1 1
v -0.244015 4.30229 1.86766 1 1 1
v -0.224493 4.30612 1.86887 1 1 1
v -0.204972 4.31001 1.87009 1 1 1
v 0.204972 4.31001 1.87009 1 1 1
v 0.224494 4.30612 1.86887 1 1 1
v 0.244015 4.30229 1.86766 1 1 1
v 0.263536 4.29859 1.8665 1 1 1
v 0.282766 4.29544 1.86551 1 1 1
v 0.653959 4.31244 1.87085 1 1 1
v 0.637098 4.29544 1.86551 1 1 1
v -0.634438 4.29276 1.86467 1 1 1
v -0.618917 4.27681 1.85966 1 1 1
v -0.361142 4.27941 1.86048 1 1 1
v -0.37701 4.27681 1.85966 1 1 1
v -0.34162 4.28298 1.8616 1 1 1
v -0.322099 4.28682 1.86281 1 1 1
v -0.302578 4.29079 1.86405 1 1 1
v -0.283057 4.29536 1.86549 1 1 1
v 0.283057 4.29536 1.86549 1 1 1
v 0.302578 4.29079 1.86405 1 1 1
v 0.322099 4.28682 1.86281 1 1 1
v 0.34162 4.28298 1.8616 1 1 1
v 0.361142 4.27941 1.86048 1 1 1
v 0.37701 4.27681 1.85966 1 1 1
v 0.634438 4.29276 1.86467 1 1 1
v 0.618917 4.27681 1.85966 1 1 1
v -0.614917 4.27273 1.85838 1 1 1
v -0.598311 4.25819 1.85381 1 1 1
v -0.458747 4.26094 1.85468 1 1 1
v -0.477198 4.25819 1.85381 1 1 1
v -0.439226 4.26405 1.85565 1 1 1
v -0.419705 4.26742 1.85671 1 1 1
v -0.400184 4.27114 1.85788 1 1 1
v -0.380663 4.27584 1.85936 1 1 1
v 0.380663 4.27584 1.85936 1 1 1
v 0.400184 4.27114 1.85788 1 1 1
v 0.419705 4.26742 1.85671 1 1 1
v 0.439226 4.26405 1.85565 1 1 1
v 0.458748 4.26094 1.85468 1 1 1
v 0.477198 4.25819 1.85381 1 1 1
v 0.614917 4.27273 1.85838 1 1 1
v 0.598311 4.25819 1.85381 1 1 1
v -0.595396 4.2557 1.85303 1 1 1
v -0.575874 4.24629 1.85007 1 1 1
v -0.556353 4.24488 1.84963 1 1 1
v -0.536832 4.24719 1.85036 1 1 1
v -0.517311 4.25064 1.85144 1 1 1
v -0.49779 4.25404 1.85251 1 1 1
v -0.478269 4.25793 1.85373 1 1 1
v 0.478269 4.25793 1.85373 1 1 1
v 0.49779 4.25404 1.85251 1 1 1
v 0.517311 4.25064 1.85144 1 1 1
v 0.536832 4.24719 1.85036 1 1 1
v 0.556353 4.24488 1.84963 1 1 1
v 0.575874 4.24629 1.85007 1 1 1
v 0.595396 4.2557 1.85303 1 1 1
v -0.146409 4.82895 1.86096 1 1 1
v -0.148839 4.82886 1.86093 1 1 1
v -0.126888 4.82946 1.86112 1 1 1
v -0.107366 4.82964 1.86117 1 1 1
v -0.0878452 4.82972 1.8612 1 1 1
v -0.0683241 4.82973 1.8612 1 1 1
v -0.0488029 4.82974 1.8612 1 1 1
v -0.0292817 4.82971 1.86119 1 1 1
v -0.0097605 4.8297 1.86119 1 1 1
v 0.00976062 4.8297 1.86119 1 1 1
v 0.0292817 4.82971 1.86119 1 1 1
v 0.048803 4.82974 1.8612 1 1 1
v 0.0683241 4.82973 1.8612 1 1 1
v 0.0878453 4.82972 1.8612 1 1 1
v 0.107366 4.82964 1.86117 1 1 1
v 0.126888 4.82946 1.86112 1 1 1
v 0.146409 4.82895 1.86096 1 1 1
v 0.14884 4.82886 1.86093 1 1 1
v -0.380663 4.81271 1.85602 1 1 1
v -0.38919 4.81018 1.85526 1 1 1
v -0.361142 4.81804 1.85764 1 1 1
v -0.34162 4.82158 1.85872 1 1 1
v -0.322099 4.8234 1.85927 1 1 1
v -0.302578 4.82421 1.85952 1 1 1
v -0.283057 4.82478 1.85969 1 1 1
v -0.263536 4.82548 1.85991 1 1 1
v -0.244015 4.8262 1.86012 1 1 1
v -0.224493 4.82682 1.86031 1 1 1
v -0.204972 4.82739 1.86049 1 1 1
v -0.185451 4.82793 1.86065 1 1 1
v -0.16593 4.82847 1.86081 1 1 1
v 0.16593 4.82847 1.86081 1 1 1
v 0.185451 4.82793 1.86065 1 1 1
v 0.204972 4.82739 1.86049 1 1 1
v 0.224494 4.82682 1.86031 1 1 1
v 0.244015 4.8262 1.86012 1 1 1
v 0.263536 4.82548 1.85991 1 1 1
v 0.283057 4.82478 1.85969 1 1 1
v 0.302578 4.82421 1.85952 1 1 1
v 0.322099 4.8234 1.85927 1 1 1
v 0.34162 4.82158 1.85872 1 1 1
v 0.361142 4.81804 1.85764 1 1 1
v 0.380663 4.81271 1.85602 1 1 1
v 0.38919 4.81018 1.85526 1 1 1
v -0.458747 4.79373 1.85025 1 1 1
v -0.466407 4.79151 1.84958 1 1 1
v -0.439226 4.79922 1.85192 1 1 1
v -0.419705 4.80377 1.8533 1 1 1
v -0.400184 4.80784 1.85454 1 1 1
v 0.400184 4.80784 1.85454 1 1 1
v 0.419705 4.80377 1.8533 1 1 1
v 0.439226 4.79922 1.85192 1 1 1
v 0.458748 4.79373 1.85025 1 1 1
v 0.466407 4.79151 1.84958 1 1 1
v -0.536832 4.77505 1.84457 1 1 1
v -0.544458 4.77283 1.8439 1 1 1
v -0.517311 4.78032 1.84617 1 1 1
v -0.49779 4.78483 1.84755 1 1 1
v -0.478269 4.78899 1.84881 1 1 1
v 0.478269 4.78899 1.84881 1 1 1
v 0.49779 4.78483 1.84755 1 1 1
v 0.517311 4.78032 1.84617 1 1 1
v 0.536832 4.77505 1.84457 1 1 1
v 0.544458 4.77283 1.8439 1 1 1
v -0.614917 4.75639 1.8389 1 1 1
v -0.622616 4.75415 1.83822 1 1 1
v -0.595396 4.7615 1.84045 1 1 1
v -0.575874 4.76602 1.84183 1 1 1
v -0.556353 4.77029 1.84312 1 1 1
v 0.556353 4.77029 1.84312 1 1 1
v 0.575874 4.76602 1.84183 1 1 1
v 0.595396 4.7615 1.84045 1 1 1
v 0.614917 4.75639 1.8389 1 1 1
v 0.622616 4.75415 1.83822 1 1 1
v -0.693001 4.73781 1.83325 1 1 1
v -0.701132 4.73548 1.83254 1 1 1
v -0.67348 4.74276 1.83475 1 1 1
v -0.653959 4.74725 1.83612 1 1 1
v -0.634438 4.7516 1.83744 1 1 1
v 0.634438 4.7516 1.83744 1 1 1
v 0.653959 4.74725 1.83612 1 1 1
v 0.67348 4.74276 1.83475 1 1 1
v 0.693002 4.73781 1.83325 1 1 1
v 0.701132 4.73548 1.83254 1 1 1
v -0.771086 4.71918 1.82758 1 1 1
v -0.779597 4.7168 1.82686 1 1 1
v -0.751565 4.72405 1.82906 1 1 1
v -0.732044 4.72858 1.83044 1 1 1
v -0.712523 4.73301 1.83179 1 1 1
v 0.712523 4.73301 1.83179 1 1 1
v 0.732044 4.72858 1.83044 1 1 1
v 0.751565 4.72405 1.82906 1 1 1
v 0.771086 4.71918 1.82758 1 1 1
v 0.779597 4.7168 1.82686 1 1 1
v -0.849171 4.70053 1.82191 1 1 1
v -0.858036 4.69812 1.82118 1 1 1
v -0.82965 4.70546 1.82341 1 1 1
v -0.810128 4.71007 1.82481 1 1 1
v -0.790607 4.71446 1.82615 1 1 1
v 0.790607 4.71446 1.82615 1 1 1
v 0.810129 4.71007 1.82481 1 1 1
v 0.82965 4.70546 1.82341 1 1 1
v 0.849171 4.70053 1.82191 1 1 1
v 0.858036 4.69812 1.82118 1 1 1
v -0.927255 4.68106 1.81599 1 1 1
v -0.931222 4.67945 1.8155 1 1 1
v -0.907734 4.68683 1.81775 1 1 1
v -0.888213 4.69154 1.81918 1 1 1
v -0.868692 4.69592 1.82051 1 1 1
v 0.868692 4.69592 1.82051 1 1 1
v 0.888213 4.69154 1.81918 1 1 1
v 0.907734 4.68683 1.81775 1 1 1
v 0.927256 4.68106 1.81599 1 1 1
v 0.931222 4.67945 1.8155 1 1 1
v -0.946777 4.66186 1.81015 1 1 1
v -0.947373 4.66077 1.80982 1 1 1
v 0.946777 4.66186 1.81015 1 1 1
v 0.947373 4.66077 1.80982 1 1 1
v -0.946777 4.65902 1.80929 1 1 1
v -0.942078 4.64209 1.80414 1 1 1
v 0.946777 4.65902 1.80929 1 1 1
v 0.942078 4.64209 1.80414 1 1 1
v -0.927255 4.62695 1.79954 1 1 1
v -0.924188 4.62342 1.79846 1 1 1
v 0.927256 4.62695 1.79954 1 1 1
v 0.924188 4.62342 1.79846 1 1 1
v -0.907734 4.60744 1.79361 1 1 1
v -0.904918 4.60474 1.79279 1 1 1
v 0.907734 4.60744 1.79361 1 1 1
v 0.904918 4.60474 1.79279 1 1 1
v -0.888213 4.58834 1.7878 1 1 1
v -0.885859 4.58606 1.78711 1 1 1
v 0.888213 4.58834 1.7878 1 1 1
v 0.885858 4.58606 1.78711 1 1 1
v -0.868692 4.56936 1.78203 1 1 1
v -0.866653 4.56739 1.78143 1 1 1
v 0.868692 4.56936 1.78203 1 1 1
v 0.866653 4.56739 1.78143 1 1 1
v -0.849171 4.55032 1.77624 1 1 1
v -0.847501 4.54871 1.77575 1 1 1
v 0.849171 4.55032 1.77624 1 1 1
v 0.847501 4.54871 1.77575 1 1 1
v -0.82965 4.53124 1.77044 1 1 1
v -0.828406 4.53003 1.77007 1 1 1
v 0.82965 4.53124 1.77044 1 1 1
v 0.828406 4.53003 1.77007 1 1 1
v -0.810128 4.51222 1.76465 1 1 1
v -0.809222 4.51135 1.76439 1 1 1
v 0.810129 4.51222 1.76465 1 1 1
v 0.809222 4.51135 1.76439 1 1 1
v -0.790607 4.4931 1.75884 1 1 1
v -0.790178 4.49268 1.75871 1 1 1
v 0.790607 4.4931 1.75884 1 1 1
v 0.790178 4.49268 1.75871 1 1 1
v -0.771086 4.47417 1.75308 1 1 1
v -0.770912 4.474 1.75303 1 1 1
v 0.771086 4.47417 1.75308 1 1 1
v 0.770912 4.474 1.75303 1 1 1
v -0.752028 4.45532 1.74735 1 1 1
v 0.752028 4.45532 1.74735 1 1 1
v -0.751565 4.45486 1.74721 1 1 1
v -0.733045 4.43665 1.74167 1 1 1
v 0.751565 4.45486 1.74721 1 1 1
v 0.733045 4.43665 1.74167 1 1 1
v -0.732044 4.43564 1.74137 1 1 1
v -0.71422 4.41797 1.73599 1 1 1
v 0.732044 4.43564 1.74137 1 1 1
v 0.71422 4.41797 1.73599 1 1 1
v -0.712523 4.41624 1.73547 1 1 1
v -0.695557 4.39929 1.73032 1 1 1
v 0.712523 4.41624 1.73547 1 1 1
v 0.695557 4.39929 1.73032 1 1 1
v -0.693001 4.39671 1.72953 1 1 1
v -0.676935 4.38062 1.72464 1 1 1
v 0.693002 4.39671 1.72953 1 1 1
v 0.676934 4.38062 1.72464 1 1 1
v -0.67348 4.37709 1.72356 1 1 1
v -0.658563 4.36194 1.71896 1 1 1
v -0.16593 4.36468 1.71979 1 1 1
v -0.183592 4.36194 1.71896 1 1 1
v -0.146409 4.368 1.7208 1 1 1
v -0.126888 4.37146 1.72185 1 1 1
v -0.107366 4.37489 1.72289 1 1 1
v -0.0878452 4.37771 1.72375 1 1 1
v -0.0683241 4.37932 1.72424 1 1 1
v -0.0488029 4.37975 1.72437 1 1 1
v -0.0292817 4.37971 1.72436 1 1 1
v -0.0097605 4.37966 1.72434 1 1 1
v 0.00976062 4.37966 1.72434 1 1 1
v 0.0292817 4.37971 1.72436 1 1 1
v 0.048803 4.37975 1.72437 1 1 1
v 0.0683241 4.37932 1.72424 1 1 1
v 0.0878453 4.37771 1.72375 1 1 1
v 0.107366 4.37489 1.72289 1 1 1
v 0.126888 4.37146 1.72185 1 1 1
v 0.146409 4.368 1.7208 1 1 1
v 0.16593 4.36468 1.71979 1 1 1
v 0.183592 4.36194 1.71896 1 1 1
v 0.67348 4.37709 1.72356 1 1 1
v 0.658563 4.36194 1.71896 1 1 1
v -0.653959 4.3572 1.71752 1 1 1
v -0.639833 4.34326 1.71328 1 1 1
v -0.263536 4.34598 1.7141 1 1 1
v -0.280164 4.34326 1.71328 1 1 1
v -0.244015 4.34961 1.71521 1 1 1
v -0.224493 4.35336 1.71635 1 1 1
v -0.204972 4.35718 1.71751 1 1 1
v -0.185451 4.36149 1.71882 1 1 1
v 0.185451 4.36149 1.71882 1 1 1
v 0.204972 4.35718 1.71751 1 1 1
v 0.224494 4.35336 1.71635 1 1 1
v 0.244015 4.34961 1.71521 1 1 1
v 0.263536 4.34598 1.7141 1 1 1
v 0.280164 4.34326 1.71328 1 1 1
v 0.653959 4.3572 1.71752 1 1 1
v 0.639833 4.34326 1.71328 1 1 1
v -0.634438 4.33794 1.71166 1 1 1
v -0.621204 4.32459 1.7076 1 1 1
v -0.361142 4.3269 1.7083 1 1 1
v -0.375276 4.32459 1.7076 1 1 1
v -0.34162 4.33042 1.70937 1 1 1
v -0.322099 4.33418 1.71052 1 1 1
v -0.302578 4.33804 1.71169 1 1 1
v -0.283057 4.34251 1.71305 1 1 1
v 0.283057 4.34251 1.71305 1 1 1
v 0.302578 4.33804 1.71169 1 1 1
v 0.322099 4.33418 1.71052 1 1 1
v 0.34162 4.33042 1.70937 1 1 1
v 0.361142 4.3269 1.7083 1 1 1
v 0.375276 4.32459 1.7076 1 1 1
v 0.634438 4.33794 1.71166 1 1 1
v 0.621204 4.32459 1.7076 1 1 1
v -0.614917 4.31825 1.70567 1 1 1
v -0.600583 4.30591 1.70192 1 1 1
v -0.458747 4.30836 1.70266 1 1 1
v -0.474699 4.30591 1.70192 1 1 1
v -0.439226 4.31153 1.70363 1 1 1
v -0.419705 4.31491 1.70466 1 1 1
v -0.400184 4.31857 1.70577 1 1 1
v -0.380663 4.32316 1.70717 1 1 1
v 0.380663 4.32316 1.70717 1 1 1
v 0.400184 4.31857 1.70577 1 1 1
v 0.419705 4.31491 1.70466 1 1 1
v 0.439226 4.31153 1.70363 1 1 1
v 0.458748 4.30836 1.70266 1 1 1
v 0.474699 4.30591 1.70192 1 1 1
v 0.614917 4.31825 1.70567 1 1 1
v 0.600583 4.30591 1.70192 1 1 1
v -0.595396 4.30152 1.70059 1 1 1
v -0.575874 4.29281 1.69794 1 1 1
v -0.556353 4.29172 1.6976 1 1 1
v -0.536832 4.29417 1.69835 1 1 1
v -0.517311 4.29769 1.69942 1 1 1
v -0.49779 4.30112 1.70046 1 1 1
v -0.478269 4.30502 1.70165 1 1 1
v 0.478269 4.30502 1.70165 1 1 1
v 0.49779 4.30112 1.70046 1 1 1
v 0.517311 4.29769 1.69942 1 1 1
v 0.536832 4.29417 1.69835 1 1 1
v 0.556353 4.29172 1.6976 1 1 1
v 0.575874 4.29281 1.69794 1 1 1
v 0.595396 4.30152 1.70059 1 1 1
v -0.185451 4.87743 1.70123 1 1 1
v -0.187156 4.87738 1.70121 1 1 1
v -0.16593 4.8781 1.70142 1 1 1
v -0.146409 4.87864 1.70157 1 1 1
v -0.126888 4.879 1.70167 1 1 1
v -0.107366 4.87912 1.70171 1 1 1
v -0.0878452 4.8792 1.70173 1 1 1
v -0.0683241 4.87919 1.70173 1 1 1
v -0.0488029 4.8792 1.70173 1 1 1
v -0.0292817 4.87917 1.70172 1 1 1
v -0.0097605 4.87918 1.70173 1 1 1
v 0.00976062 4.87918 1.70173 1 1 1
v 0.0292817 4.87917 1.70172 1 1 1
v 0.048803 4.8792 1.70173 1 1 1
v 0.0683241 4.87919 1.70173 1 1 1
v 0.0878453 4.8792 1.70173 1 1 1
v 0.107366 4.87912 1.70171 1 1 1
v 0.126888 4.879 1.70167 1 1 1
v 0.146409 4.87864 1.70157 1 1 1
v 0.16593 4.8781 1.70142 1 1 1
v 0.185451 4.87743 1.70123 1 1 1
v 0.187156 4.87738 1.70121 1 1 1
v -0.380663 4.86418 1.69747 1 1 1
v -0.399865 4.85859 1.69589 1 1 1
v -0.361142 4.86907 1.69886 1 1 1
v -0.34162 4.87231 1.69978 1 1 1
v -0.322099 4.87392 1.70023 1 1 1
v -0.302578 4.87458 1.70042 1 1 1
v -0.283057 4.875 1.70054 1 1 1
v -0.263536 4.87555 1.7007 1 1 1
v -0.244015 4.87612 1.70086 1 1 1
v -0.224493 4.87659 1.70099 1 1 1
v -0.204972 4.87702 1.70111 1 1 1
v 0.204972 4.87702 1.70111 1 1 1
v 0.224494 4.87659 1.70099 1 1 1
v 0.244015 4.87612 1.70086 1 1 1
v 0.263536 4.87555 1.7007 1 1 1
v 0.283057 4.875 1.70054 1 1 1
v 0.302578 4.87458 1.70042 1 1 1
v 0.322099 4.87392 1.70023 1 1 1
v 0.34162 4.87231 1.69978 1 1 1
v 0.361142 4.86907 1.69886 1 1 1
v 0.380663 4.86418 1.69747 1 1 1
v 0.399865 4.85859 1.69589 1 1 1
v -0.478269 4.84 1.69061 1 1 1
v -0.478925 4.83981 1.69056 1 1 1
v -0.458747 4.84555 1.69218 1 1 1
v -0.439226 4.85058 1.69361 1 1 1
v -0.419705 4.85476 1.6948 1 1 1
v -0.400184 4.85853 1.69587 1 1 1
v 0.400184 4.85853 1.69587 1 1 1
v 0.419705 4.85476 1.6948 1 1 1
v 0.439226 4.85058 1.69361 1 1 1
v 0.458748 4.84555 1.69218 1 1 1
v 0.478269 4.84 1.69061 1 1 1
v 0.478925 4.83981 1.69056 1 1 1
v -0.556353 4.82168 1.68541 1 1 1
v -0.558611 4.82103 1.68523 1 1 1
v -0.536832 4.82719 1.68698 1 1 1
v -0.517311 4.83199 1.68834 1 1 1
v -0.49779 4.83611 1.68951 1 1 1
v 0.49779 4.83611 1.68951 1 1 1
v 0.517311 4.83199 1.68834 1 1 1
v 0.536832 4.82719 1.68698 1 1 1
v 0.556353 4.82168 1.68541 1 1 1
v 0.558611 4.82103 1.68523 1 1 1
v -0.634438 4.80335 1.68021 1 1 1
v -0.638225 4.80225 1.6799 1 1 1
v -0.614917 4.80881 1.68176 1 1 1
v -0.595396 4.81343 1.68307 1 1 1
v -0.575874 4.81754 1.68424 1 1 1
v 0.575874 4.81754 1.68424 1 1 1
v 0.595396 4.81343 1.68307 1 1 1
v 0.614917 4.80881 1.68176 1 1 1
v 0.634438 4.80335 1.68021 1 1 1
v 0.638225 4.80225 1.6799 1 1 1
v -0.712523 4.78511 1.67504 1 1 1
v -0.718162 4.78347 1.67458 1 1 1
v -0.693001 4.79047 1.67656 1 1 1
v -0.67348 4.79491 1.67782 1 1 1
v -0.653959 4.79899 1.67898 1 1 1
v 0.653959 4.79899 1.67898 1 1 1
v 0.67348 4.79491 1.67782 1 1 1
v 0.693002 4.79047 1.67656 1 1 1
v 0.712523 4.78511 1.67504 1 1 1
v 0.718162 4.78347 1.67458 1 1 1
v -0.790607 4.76689 1.66987 1 1 1
v -0.798286 4.76469 1.66925 1 1 1
v -0.771086 4.77206 1.67134 1 1 1
v -0.751565 4.77642 1.67258 1 1 1
v -0.732044 4.78052 1.67374 1 1 1
v 0.732044 4.78052 1.67374 1 1 1
v 0.751565 4.77642 1.67258 1 1 1
v 0.771086 4.77206 1.67134 1 1 1
v 0.790607 4.76689 1.66987 1 1 1
v 0.798286 4.76469 1.66925 1 1 1
v -0.868692 4.74865 1.6647 1 1 1
v -0.878268 4.74591 1.66392 1 1 1
v -0.849171 4.7536 1.6661 1 1 1
v -0.82965 4.75801 1.66735 1 1 1
v -0.810128 4.76219 1.66854 1 1 1
v 0.810129 4.76219 1.66854 1 1 1
v 0.82965 4.75801 1.66735 1 1 1
v 0.849171 4.7536 1.6661 1 1 1
v 0.868692 4.74865 1.6647 1 1 1
v 0.878268 4.74591 1.66392 1 1 1
v -0.927255 4.7346 1.66071 1 1 1
v -0.945779 4.72713 1.65859 1 1 1
v -0.907734 4.73956 1.66212 1 1 1
v -0.888213 4.74381 1.66332 1 1 1
v 0.888213 4.74381 1.66332 1 1 1
v 0.907734 4.73956 1.66212 1 1 1
v 0.927256 4.7346 1.66071 1 1 1
v 0.945779 4.72713 1.65859 1 1 1
v -0.946777 4.726 1.65827 1 1 1
v -0.956331 4.70835 1.65326 1 1 1
v 0.946777 4.726 1.65827 1 1 1
v 0.956331 4.70835 1.65326 1 1 1
v -0.949644 4.68957 1.64794 1 1 1
v 0.949644 4.68957 1.64794 1 1 1
v -0.946777 4.68676 1.64714 1 1 1
v -0.931059 4.67079 1.64261 1 1 1
v 0.946777 4.68676 1.64714 1 1 1
v 0.931059 4.67079 1.64261 1 1 1
v -0.927255 4.66706 1.64155 1 1 1
v -0.911583 4.65201 1.63728 1 1 1
v 0.927256 4.66706 1.64155 1 1 1
v 0.911583 4.65201 1.63728 1 1 1
v -0.907734 4.64817 1.63619 1 1 1
v -0.892397 4.63323 1.63195 1 1 1
v 0.907734 4.64817 1.63619 1 1 1
v 0.892397 4.63323 1.63195 1 1 1
v -0.888213 4.62917 1.6308 1 1 1
v -0.87292 4.61445 1.62663 1 1 1
v 0.888213 4.62917 1.6308 1 1 1
v 0.87292 4.61445 1.62663 1 1 1
v -0.868692 4.61024 1.62543 1 1 1
v -0.853625 4.59567 1.6213 1 1 1
v 0.868692 4.61024 1.62543 1 1 1
v 0.853625 4.59567 1.6213 1 1 1
v -0.849171 4.59132 1.62006 1 1 1
v -0.834274 4.57689 1.61597 1 1 1
v 0.849171 4.59132 1.62006 1 1 1
v 0.834274 4.57689 1.61597 1 1 1
v -0.82965 4.57232 1.61467 1 1 1
v -0.81491 4.55811 1.61064 1 1 1
v 0.82965 4.57232 1.61467 1 1 1
v 0.81491 4.55811 1.61064 1 1 1
v -0.810128 4.55336 1.60929 1 1 1
v -0.795702 4.53933 1.60532 1 1 1
v 0.810129 4.55336 1.60929 1 1 1
v 0.795702 4.53933 1.60532 1 1 1
v -0.790607 4.53439 1.60391 1 1 1
v -0.776144 4.52055 1.59999 1 1 1
v 0.790607 4.53439 1.60391 1 1 1
v 0.776144 4.52055 1.59999 1 1 1
v -0.771086 4.5155 1.59855 1 1 1
v -0.756987 4.50177 1.59466 1 1 1
v 0.771086 4.5155 1.59855 1 1 1
v 0.756987 4.50177 1.59466 1 1 1
v -0.751565 4.49646 1.59315 1 1 1
v -0.737601 4.48299 1.58933 1 1 1
v 0.751565 4.49646 1.59315 1 1 1
v 0.737601 4.48299 1.58933 1 1 1
v -0.732044 4.47749 1.58777 1 1 1
v -0.718387 4.46421 1.584 1 1 1
v 0.732044 4.47749 1.58777 1 1 1
v 0.718387 4.46421 1.584 1 1 1
v -0.712523 4.45836 1.58234 1 1 1
v -0.699331 4.44543 1.57868 1 1 1
v 0.712523 4.45836 1.58234 1 1 1
v 0.699331 4.44543 1.57868 1 1 1
v -0.693001 4.43914 1.57689 1 1 1
v -0.680289 4.42665 1.57335 1 1 1
v 0.693002 4.43914 1.57689 1 1 1
v 0.680288 4.42665 1.57335 1 1 1
v -0.67348 4.41982 1.57141 1 1 1
v -0.661501 4.40787 1.56802 1 1 1
v -0.16593 4.41019 1.56868 1 1 1
v -0.180628 4.40787 1.56802 1 1 1
v -0.146409 4.41353 1.56962 1 1 1
v -0.126888 4.41702 1.57062 1 1 1
v -0.107366 4.42048 1.5716 1 1 1
v -0.0878452 4.42333 1.57241 1 1 1
v -0.0683241 4.42497 1.57287 1 1 1
v -0.0488029 4.4254 1.57299 1 1 1
v -0.0292817 4.42536 1.57298 1 1 1
v -0.0097605 4.42531 1.57297 1 1 1
v 0.00976062 4.42531 1.57297 1 1 1
v 0.0292817 4.42536 1.57298 1 1 1
v 0.048803 4.4254 1.57299 1 1 1
v 0.0683241 4.42497 1.57287 1 1 1
v 0.0878453 4.42333 1.57241 1 1 1
v 0.107366 4.42048 1.5716 1 1 1
v 0.126888 4.41702 1.57062 1 1 1
v 0.146409 4.41353 1.56962 1 1 1
v 0.16593 4.41019 1.56868 1 1 1
v 0.180628 4.40787 1.56802 1 1 1
v 0.67348 4.41982 1.57141 1 1 1
v 0.661501 4.40787 1.56802 1 1 1
v -0.653959 4.40024 1.56585 1 1 1
v -0.642469 4.38909 1.56269 1 1 1
v -0.263536 4.3914 1.56335 1 1 1
v -0.277661 4.38909 1.56269 1 1 1
v -0.244015 4.39497 1.56436 1 1 1
v -0.224493 4.39865 1.56541 1 1 1
v -0.204972 4.40241 1.56647 1 1 1
v -0.185451 4.40668 1.56768 1 1 1
v 0.185451 4.40668 1.56768 1 1 1
v 0.204972 4.40241 1.56647 1 1 1
v 0.224494 4.39865 1.56541 1 1 1
v 0.244015 4.39497 1.56436 1 1 1
v 0.263536 4.3914 1.56335 1 1 1
v 0.277661 4.38909 1.56269 1 1 1
v 0.653959 4.40024 1.56585 1 1 1
v 0.642469 4.38909 1.56269 1 1 1
v -0.634438 4.38129 1.56048 1 1 1
v -0.623406 4.37031 1.55737 1 1 1
v -0.361142 4.37235 1.55794 1 1 1
v -0.373582 4.37031 1.55737 1 1 1
v -0.34162 4.37584 1.55893 1 1 1
v -0.322099 4.37953 1.55998 1 1 1
v -0.302578 4.38331 1.56105 1 1 1
v -0.283057 4.38769 1.5623 1 1 1
v 0.283057 4.38769 1.5623 1 1 1
v 0.302578 4.38331 1.56105 1 1 1
v 0.322099 4.37953 1.55998 1 1 1
v 0.34162 4.37584 1.55893 1 1 1
v 0.361142 4.37235 1.55794 1 1 1
v 0.373582 4.37031 1.55737 1 1 1
v 0.634438 4.38129 1.56048 1 1 1
v 0.623406 4.37031 1.55737 1 1 1
v -0.614917 4.36185 1.55497 1 1 1
v -0.60278 4.35153 1.55204 1 1 1
v -0.458747 4.35369 1.55265 1 1 1
v -0.472392 4.35153 1.55204 1 1 1
v -0.439226 4.35693 1.55357 1 1 1
v -0.419705 4.36034 1.55454 1 1 1
v -0.400184 4.36395 1.55556 1 1 1
v -0.380663 4.36844 1.55684 1 1 1
v 0.380663 4.36844 1.55684 1 1 1
v 0.400184 4.36395 1.55556 1 1 1
v 0.419705 4.36034 1.55454 1 1 1
v 0.439226 4.35693 1.55357 1 1 1
v 0.458748 4.35369 1.55265 1 1 1
v 0.472392 4.35153 1.55204 1 1 1
v 0.614917 4.36185 1.55497 1 1 1
v 0.60278 4.35153 1.55204 1 1 1
v -0.595396 4.34534 1.55028 1 1 1
v -0.575874 4.33725 1.54799 1 1 1
v -0.556353 4.33646 1.54776 1 1 1
v -0.536832 4.33905 1.5485 1 1 1
v -0.517311 4.34265 1.54952 1 1 1
v -0.49779 4.34611 1.5505 1 1 1
v -0.478269 4.35004 1.55161 1 1 1
v 0.478269 4.35004 1.55161 1 1 1
v 0.49779 4.34611 1.5505 1 1 1
v 0.517311 4.34265 1.54952 1 1 1
v 0.536832 4.33905 1.5485 1 1 1
v 0.556353 4.33646 1.54776 1 1 1
v 0.575874 4.33725 1.54799 1 1 1
v 0.595396 4.34534 1.55028 1 1 1
v -0.244015 4.92171 1.54549 1 1 1
v -0.24781 4.92156 1.54545 1 1 1
v -0.224493 4.92227 1.54565 1 1 1
v -0.204972 4.92274 1.54579 1 1 1
v -0.185451 4.92318 1.54591 1 1 1
v -0.16593 4.92362 1.54603 1 1 1
v -0.146409 4.92394 1.54613 1 1 1
v -0.126888 4.92417 1.54619 1 1 1
v -0.107366 4.92423 1.54621 1 1 1
v -0.0878452 4.9243 1.54623 1 1 1
v -0.0683241 4.92429 1.54622 1 1 1
v -0.0488029 4.92429 1.54622 1 1 1
v -0.0292817 4.92426 1.54622 1 1 1
v -0.0097605 4.92428 1.54622 1 1 1
v 0.00976062 4.92428 1.54622 1 1 1
v 0.0292817 4.92426 1.54622 1 1 1
v 0.048803 4.92429 1.54622 1 1 1
v 0.0683241 4.92429 1.54622 1 1 1
v 0.0878453 4.9243 1.54623 1 1 1
v 0.107366 4.92423 1.54621 1 1 1
v 0.126888 4.92417 1.54619 1 1 1
v 0.146409 4.92394 1.54613 1 1 1
v 0.16593 4.92362 1.54603 1 1 1
v 0.185451 4.92318 1.54591 1 1 1
v 0.204972 4.92274 1.54579 1 1 1
v 0.224494 4.92227 1.54565 1 1 1
v 0.244015 4.92171 1.54549 1 1 1
v 0.247811 4.92156 1.54545 1 1 1
v -0.400184 4.90609 1.54108 1 1 1
v -0.412349 4.90278 1.54014 1 1 1
v -0.380663 4.91123 1.54253 1 1 1
v -0.361142 4.91569 1.54379 1 1 1
v -0.34162 4.91862 1.54462 1 1 1
v -0.322099 4.92002 1.54502 1 1 1
v -0.302578 4.92053 1.54516 1 1 1
v -0.283057 4.9208 1.54524 1 1 1
v -0.263536 4.92122 1.54535 1 1 1
v 0.263536 4.92122 1.54535 1 1 1
v 0.283057 4.9208 1.54524 1 1 1
v 0.302578 4.92053 1.54516 1 1 1
v 0.322099 4.92002 1.54502 1 1 1
v 0.34162 4.91862 1.54462 1 1 1
v 0.361142 4.91569 1.54379 1 1 1
v 0.380663 4.91123 1.54253 1 1 1
v 0.400184 4.90609 1.54108 1 1 1
v 0.412349 4.90278 1.54014 1 1 1
v -0.478269 4.88803 1.53598 1 1 1
v -0.493173 4.88399 1.53483 1 1 1
v -0.458747 4.89302 1.53739 1 1 1
v -0.439226 4.89761 1.53868 1 1 1
v -0.419705 4.9014 1.53976 1 1 1
v 0.419705 4.9014 1.53976 1 1 1
v 0.439226 4.89761 1.53868 1 1 1
v 0.458748 4.89302 1.53739 1 1 1
v 0.478269 4.88803 1.53598 1 1 1
v 0.493173 4.88399 1.53483 1 1 1
v -0.556353 4.87013 1.53092 1 1 1
v -0.57409 4.86521 1.52953 1 1 1
v -0.536832 4.87506 1.53231 1 1 1
v -0.517311 4.8794 1.53354 1 1 1
v -0.49779 4.88311 1.53459 1 1 1
v 0.49779 4.88311 1.53459 1 1 1
v 0.517311 4.8794 1.53354 1 1 1
v 0.536832 4.87506 1.53231 1 1 1
v 0.556353 4.87013 1.53092 1 1 1
v 0.57409 4.86521 1.52953 1 1 1
v -0.653959 4.84672 1.5243 1 1 1
v -0.655046 4.84642 1.52422 1 1 1
v -0.634438 4.85217 1.52584 1 1 1
v -0.614917 4.85704 1.52722 1 1 1
v -0.595396 4.86116 1.52838 1 1 1
v -0.575874 4.86486 1.52943 1 1 1
v 0.575874 4.86486 1.52943 1 1 1
v 0.595396 4.86116 1.52838 1 1 1
v 0.614917 4.85704 1.52722 1 1 1
v 0.634438 4.85217 1.52584 1 1 1
v 0.653959 4.84672 1.5243 1 1 1
v 0.655046 4.84642 1.52422 1 1 1
v -0.732044 4.82885 1.51925 1 1 1
v -0.736521 4.82764 1.51891 1 1 1
v -0.712523 4.83424 1.52077 1 1 1
v -0.693001 4.839 1.52212 1 1 1
v -0.67348 4.84294 1.52323 1 1 1
v 0.67348 4.84294 1.52323 1 1 1
v 0.693002 4.839 1.52212 1 1 1
v 0.712523 4.83424 1.52077 1 1 1
v 0.732044 4.82885 1.51925 1 1 1
v 0.736521 4.82764 1.51891 1 1 1
v -0.810128 4.8111 1.51424 1 1 1
v -0.818262 4.80885 1.5136 1 1 1
v -0.790607 4.81634 1.51572 1 1 1
v -0.771086 4.8209 1.51701 1 1 1
v -0.751565 4.82476 1.51809 1 1 1
v 0.751565 4.82476 1.51809 1 1 1
v 0.771086 4.8209 1.51701 1 1 1
v 0.790607 4.81634 1.51572 1 1 1
v 0.810129 4.8111 1.51424 1 1 1
v 0.818262 4.80885 1.5136 1 1 1
v -0.888213 4.79327 1.5092 1 1 1
v -0.899567 4.79007 1.50829 1 1 1
v -0.868692 4.79839 1.51064 1 1 1
v -0.849171 4.80271 1.51186 1 1 1
v -0.82965 4.8066 1.51296 1 1 1
v 0.82965 4.8066 1.51296 1 1 1
v 0.849171 4.80271 1.51186 1 1 1
v 0.868692 4.79839 1.51064 1 1 1
v 0.888213 4.79327 1.5092 1 1 1
v 0.899567 4.79007 1.50829 1 1 1
v -0.946777 4.77802 1.50489 1 1 1
v -0.958718 4.77128 1.50298 1 1 1
v -0.927255 4.78425 1.50665 1 1 1
v -0.907734 4.78841 1.50782 1 1 1
v 0.907734 4.78841 1.50782 1 1 1
v 0.927256 4.78425 1.50665 1 1 1
v 0.946777 4.77802 1.50489 1 1 1
v 0.958718 4.77128 1.50298 1 1 1
v -0.964845 4.75249 1.49767 1 1 1
v 0.964845 4.75249 1.49767 1 1 1
v -0.957739 4.73371 1.49236 1 1 1
v 0.957739 4.73371 1.49236 1 1 1
v -0.946777 4.72318 1.48939 1 1 1
v -0.938481 4.71492 1.48705 1 1 1
v 0.946777 4.72318 1.48939 1 1 1
v 0.938481 4.71492 1.48705 1 1 1
v -0.927255 4.70413 1.484 1 1 1
v -0.918763 4.69614 1.48175 1 1 1
v 0.927256 4.70413 1.484 1 1 1
v 0.918763 4.69614 1.48175 1 1 1
v -0.907734 4.68535 1.4787 1 1 1
v -0.89935 4.67735 1.47644 1 1 1
v 0.907734 4.68535 1.4787 1 1 1
v 0.89935 4.67735 1.47644 1 1 1
v -0.888213 4.66675 1.47344 1 1 1
v -0.879532 4.65857 1.47113 1 1 1
v 0.888213 4.66675 1.47344 1 1 1
v 0.879532 4.65857 1.47113 1 1 1
v -0.868692 4.64799 1.46814 1 1 1
v -0.860017 4.63978 1.46582 1 1 1
v 0.868692 4.64799 1.46814 1 1 1
v 0.860017 4.63978 1.46582 1 1 1
v -0.849171 4.62941 1.46289 1 1 1
v -0.840294 4.621 1.46051 1 1 1
v 0.849171 4.62941 1.46289 1 1 1
v 0.840294 4.621 1.46051 1 1 1
v -0.82965 4.61069 1.4576 1 1 1
v -0.820656 4.60221 1.4552 1 1 1
v 0.82965 4.61069 1.4576 1 1 1
v 0.820656 4.60221 1.4552 1 1 1
v -0.810128 4.59198 1.45231 1 1 1
v -0.801134 4.58343 1.44989 1 1 1
v 0.810129 4.59198 1.45231 1 1 1
v 0.801134 4.58343 1.44989 1 1 1
v -0.790607 4.57343 1.44707 1 1 1
v -0.781212 4.56464 1.44458 1 1 1
v 0.790607 4.57343 1.44707 1 1 1
v 0.781212 4.56464 1.44458 1 1 1
v -0.771086 4.55475 1.44179 1 1 1
v -0.761733 4.54586 1.43927 1 1 1
v 0.771086 4.55475 1.44179 1 1 1
v 0.761733 4.54586 1.43927 1 1 1
v -0.751565 4.53611 1.43652 1 1 1
v -0.741969 4.52707 1.43396 1 1 1
v 0.751565 4.53611 1.43652 1 1 1
v 0.741969 4.52707 1.43396 1 1 1
v -0.732044 4.51746 1.43125 1 1 1
v -0.722384 4.50828 1.42866 1 1 1
v 0.732044 4.51746 1.43125 1 1 1
v 0.722384 4.50828 1.42866 1 1 1
v -0.712523 4.49866 1.42594 1 1 1
v -0.702952 4.4895 1.42335 1 1 1
v 0.712523 4.49866 1.42594 1 1 1
v 0.702952 4.4895 1.42335 1 1 1
v -0.693001 4.47983 1.42061 1 1 1
v -0.683512 4.47071 1.41804 1 1 1
v 0.693002 4.47983 1.42061 1 1 1
v 0.683512 4.47071 1.41804 1 1 1
v -0.67348 4.46086 1.41525 1 1 1
v -0.664327 4.45193 1.41273 1 1 1
v -0.16593 4.45382 1.41326 1 1 1
v -0.177857 4.45193 1.41273 1 1 1
v -0.146409 4.45716 1.41421 1 1 1
v -0.126888 4.46067 1.4152 1 1 1
v -0.107366 4.46414 1.41618 1 1 1
v -0.0878452 4.46701 1.41699 1 1 1
v -0.0683241 4.46866 1.41746 1 1 1
v -0.0488029 4.4691 1.41758 1 1 1
v -0.0292817 4.46906 1.41757 1 1 1
v -0.0097605 4.46901 1.41756 1 1 1
v 0.00976062 4.46901 1.41756 1 1 1
v 0.0292817 4.46906 1.41757 1 1 1
v 0.048803 4.4691 1.41758 1 1 1
v 0.0683241 4.46866 1.41746 1 1 1
v 0.0878453 4.46701 1.41699 1 1 1
v 0.107366 4.46414 1.41618 1 1 1
v 0.126888 4.46067 1.4152 1 1 1
v 0.146409 4.45716 1.41421 1 1 1
v 0.16593 4.45382 1.41326 1 1 1
v 0.177857 4.45193 1.41273 1 1 1
v 0.67348 4.46086 1.41525 1 1 1
v 0.664327 4.45193 1.41273 1 1 1
v -0.653959 4.44164 1.40982 1 1 1
v -0.64501 4.43314 1.40742 1 1 1
v -0.263536 4.43505 1.40796 1 1 1
v -0.27525 4.43314 1.40742 1 1 1
v -0.244015 4.43855 1.40895 1 1 1
v -0.224493 4.44215 1.40996 1 1 1
v -0.204972 4.44582 1.411 1 1 1
v -0.185451 4.45003 1.41219 1 1 1
v 0.185451 4.45003 1.41219 1 1 1
v 0.204972 4.44582 1.411 1 1 1
v 0.224494 4.44215 1.40996 1 1 1
v 0.244015 4.43855 1.40895 1 1 1
v 0.263536 4.43505 1.40796 1 1 1
v 0.27525 4.43314 1.40742 1 1 1
v 0.653959 4.44164 1.40982 1 1 1
v 0.64501 4.43314 1.40742 1 1 1
v -0.634438 4.42306 1.40457 1 1 1
v -0.625526 4.41436 1.40211 1 1 1
v -0.361142 4.41612 1.40261 1 1 1
v -0.371927 4.41436 1.40211 1 1 1
v -0.34162 4.41956 1.40358 1 1 1
v -0.322099 4.42317 1.4046 1 1 1
v -0.302578 4.42684 1.40564 1 1 1
v -0.283057 4.43112 1.40685 1 1 1
v 0.283057 4.43112 1.40685 1 1 1
v 0.302578 4.42684 1.40564 1 1 1
v 0.322099 4.42317 1.4046 1 1 1
v 0.34162 4.41956 1.40358 1 1 1
v 0.361142 4.41612 1.40261 1 1 1
v 0.371927 4.41436 1.40211 1 1 1
v 0.634438 4.42306 1.40457 1 1 1
v 0.625525 4.41436 1.40211 1 1 1
v -0.614917 4.40394 1.39917 1 1 1
v -0.604905 4.39557 1.3968 1 1 1
v -0.458747 4.39744 1.39733 1 1 1
v -0.470256 4.39557 1.3968 1 1 1
v -0.439226 4.40072 1.39826 1 1 1
v -0.419705 4.40414 1.39922 1 1 1
v -0.400184 4.40769 1.40023 1 1 1
v -0.380663 4.41207 1.40146 1 1 1
v 0.380663 4.41207 1.40146 1 1 1
v 0.400184 4.40769 1.40023 1 1 1
v 0.419705 4.40414 1.39922 1 1 1
v 0.439226 4.40072 1.39826 1 1 1
v 0.458748 4.39744 1.39733 1 1 1
v 0.470256 4.39557 1.3968 1 1 1
v 0.614917 4.40394 1.39917 1 1 1
v 0.604905 4.39557 1.3968 1 1 1
v -0.595396 4.38769 1.39457 1 1 1
v -0.575874 4.38025 1.39247 1 1 1
v -0.556353 4.37974 1.39233 1 1 1
v -0.536832 4.38245 1.39309 1 1 1
v -0.517311 4.38609 1.39412 1 1 1
v -0.49779 4.38957 1.39511 1 1 1
v -0.478269 4.39349 1.39622 1 1 1
v 0.478269 4.39349 1.39622 1 1 1
v 0.49779 4.38957 1.39511 1 1 1
v 0.517311 4.38609 1.39412 1 1 1
v 0.536832 4.38245 1.39309 1 1 1
v 0.556353 4.37974 1.39233 1 1 1
v 0.575874 4.38025 1.39247 1 1 1
v 0.595396 4.38769 1.39457 1 1 1
v -0.322099 4.96751 1.38438 1 1 1
v -0.326535 4.96705 1.38426 1 1 1
v -0.302578 4.96814 1.38454 1 1 1
v -0.283057 4.96839 1.38461 1 1 1
v -0.263536 4.96888 1.38474 1 1 1
v -0.244015 4.96938 1.38487 1 1 1
v -0.224493 4.9697 1.38495 1 1 1
v -0.204972 4.96994 1.38501 1 1 1
v -0.185451 4.97016 1.38507 1 1 1
v -0.16593 4.97039 1.38513 1 1 1
v -0.146409 4.97052 1.38516 1 1 1
v -0.126888 4.97062 1.38519 1 1 1
v -0.107366 4.97063 1.38519 1 1 1
v -0.0878452 4.97069 1.38521 1 1 1
v -0.0683241 4.97068 1.3852 1 1 1
v -0.0488029 4.97066 1.3852 1 1 1
v -0.0292817 4.97064 1.38519 1 1 1
v -0.0097605 4.97067 1.3852 1 1 1
v 0.00976062 4.97067 1.3852 1 1 1
v 0.0292817 4.97064 1.38519 1 1 1
v 0.048803 4.97066 1.3852 1 1 1
v 0.0683241 4.97068 1.3852 1 1 1
v 0.0878453 4.97069 1.38521 1 1 1
v 0.107366 4.97063 1.38519 1 1 1
v 0.126888 4.97062 1.38519 1 1 1
v 0.146409 4.97052 1.38516 1 1 1
v 0.16593 4.97039 1.38513 1 1 1
v 0.185451 4.97016 1.38507 1 1 1
v 0.204972 4.96994 1.38501 1 1 1
v 0.224494 4.9697 1.38495 1 1 1
v 0.244015 4.96938 1.38487 1 1 1
v 0.263536 4.96888 1.38474 1 1 1
v 0.283057 4.96839 1.38461 1 1 1
v 0.302578 4.96814 1.38454 1 1 1
v 0.322099 4.96751 1.38438 1 1 1
v 0.326535 4.96705 1.38426 1 1 1
v -0.419705 4.94977 1.37976 1 1 1
v -0.425456 4.94816 1.37934 1 1 1
v -0.400184 4.95474 1.38106 1 1 1
v -0.380663 4.95939 1.38227 1 1 1
v -0.361142 4.96345 1.38332 1 1 1
v -0.34162 4.96611 1.38402 1 1 1
v 0.34162 4.96611 1.38402 1 1 1
v 0.361142 4.96345 1.38332 1 1 1
v 0.380663 4.95939 1.38227 1 1 1
v 0.400184 4.95474 1.38106 1 1 1
v 0.419705 4.94977 1.37976 1 1 1
v 0.425456 4.94816 1.37934 1 1 1
v -0.49779 4.93219 1.37518 1 1 1
v -0.508682 4.92927 1.37442 1 1 1
v -0.478269 4.937 1.37644 1 1 1
v -0.458747 4.94148 1.3776 1 1 1
v -0.439226 4.94566 1.37869 1 1 1
v 0.439226 4.94566 1.37869 1 1 1
v 0.458748 4.94148 1.3776 1 1 1
v 0.478269 4.937 1.37644 1 1 1
v 0.49779 4.93219 1.37518 1 1 1
v 0.508682 4.92927 1.37442 1 1 1
v -0.575874 4.91458 1.3706 1 1 1
v -0.591627 4.91038 1.3695 1 1 1
v -0.556353 4.91939 1.37185 1 1 1
v -0.536832 4.9238 1.373 1 1 1
v -0.517311 4.92771 1.37402 1 1 1
v 0.517311 4.92771 1.37402 1 1 1
v 0.536832 4.9238 1.373 1 1 1
v 0.556353 4.91939 1.37185 1 1 1
v 0.575874 4.91458 1.3706 1 1 1
v 0.591627 4.91038 1.3695 1 1 1
v -0.67348 4.89176 1.36466 1 1 1
v -0.674494 4.89149 1.36459 1 1 1
v -0.653959 4.8969 1.36599 1 1 1
v -0.634438 4.90169 1.36724 1 1 1
v -0.614917 4.90601 1.36837 1 1 1
v -0.595396 4.90969 1.36933 1 1 1
v 0.595396 4.90969 1.36933 1 1 1
v 0.614917 4.90601 1.36837 1 1 1
v 0.634438 4.90169 1.36724 1 1 1
v 0.653959 4.8969 1.36599 1 1 1
v 0.67348 4.89176 1.36466 1 1 1
v 0.674494 4.89149 1.36459 1 1 1
v -0.751565 4.8743 1.36011 1 1 1
v -0.75802 4.8726 1.35967 1 1 1
v -0.732044 4.87926 1.3614 1 1 1
v -0.712523 4.88396 1.36263 1 1 1
v -0.693001 4.88816 1.36372 1 1 1
v 0.693002 4.88816 1.36372 1 1 1
v 0.712523 4.88396 1.36263 1 1 1
v 0.732044 4.87926 1.3614 1 1 1
v 0.751565 4.8743 1.36011 1 1 1
v 0.75802 4.8726 1.35967 1 1 1
v -0.82965 4.85678 1.35555 1 1 1
v -0.841123 4.85371 1.35475 1 1 1
v -0.810128 4.86171 1.35683 1 1 1
v -0.790607 4.86625 1.35802 1 1 1
v -0.771086 4.87026 1.35906 1 1 1
v 0.771086 4.87026 1.35906 1 1 1
v 0.790607 4.86625 1.35802 1 1 1
v 0.810129 4.86171 1.35683 1 1 1
v 0.82965 4.85678 1.35555 1 1 1
v 0.841123 4.85371 1.35475 1 1 1
v -0.907734 4.83915 1.35096 1 1 1
v -0.924003 4.83482 1.34983 1 1 1
v -0.888213 4.84408 1.35224 1 1 1
v -0.868692 4.84849 1.35339 1 1 1
v -0.849171 4.85223 1.35436 1 1 1
v 0.849171 4.85223 1.35436 1 1 1
v 0.868692 4.84849 1.35339 1 1 1
v 0.888213 4.84408 1.35224 1 1 1
v 0.907734 4.83915 1.35096 1 1 1
v 0.924003 4.83482 1.34983 1 1 1
v -0.966298 4.82014 1.34601 1 1 1
v -0.971795 4.81592 1.34491 1 1 1
v -0.946777 4.82961 1.34847 1 1 1
v -0.927255 4.83418 1.34966 1 1 1
v 0.927256 4.83418 1.34966 1 1 1
v 0.946777 4.82961 1.34847 1 1 1
v 0.966298 4.82014 1.34601 1 1 1
v 0.971795 4.81592 1.34491 1 1 1
v -0.975131 4.79703 1.33999 1 1 1
v 0.975131 4.79703 1.33999 1 1 1
v -0.966298 4.78032 1.33564 1 1 1
v -0.965445 4.77814 1.33507 1 1 1
v 0.966298 4.78032 1.33564 1 1 1
v 0.965445 4.77814 1.33507 1 1 1
v -0.946777 4.76047 1.33047 1 1 1
v -0.945539 4.75925 1.33016 1 1 1
v 0.946777 4.76047 1.33047 1 1 1
v 0.945539 4.75925 1.33016 1 1 1
v -0.927255 4.7419 1.32564 1 1 1
v -0.925596 4.74036 1.32524 1 1 1
v 0.927256 4.7419 1.32564 1 1 1
v 0.925596 4.74036 1.32524 1 1 1
v -0.907734 4.72313 1.32075 1 1 1
v -0.905971 4.72147 1.32032 1 1 1
v 0.907734 4.72313 1.32075 1 1 1
v 0.905971 4.72147 1.32032 1 1 1
v -0.888213 4.70479 1.31597 1 1 1
v -0.885835 4.70258 1.3154 1 1 1
v 0.888213 4.70479 1.31597 1 1 1
v 0.885835 4.70258 1.3154 1 1 1
v -0.868692 4.68609 1.31111 1 1 1
v -0.866112 4.68368 1.31048 1 1 1
v 0.868692 4.68609 1.31111 1 1 1
v 0.866112 4.68368 1.31048 1 1 1
v -0.849171 4.66771 1.30632 1 1 1
v -0.846041 4.66479 1.30556 1 1 1
v 0.849171 4.66771 1.30632 1 1 1
v 0.846041 4.66479 1.30556 1 1 1
v -0.82965 4.64915 1.30149 1 1 1
v -0.826148 4.6459 1.30064 1 1 1
v 0.82965 4.64915 1.30149 1 1 1
v 0.826148 4.6459 1.30064 1 1 1
v -0.810128 4.63057 1.29665 1 1 1
v -0.806324 4.62701 1.29572 1 1 1
v 0.810129 4.63057 1.29665 1 1 1
v 0.806324 4.62701 1.29572 1 1 1
v -0.790607 4.6123 1.2919 1 1 1
v -0.786061 4.60812 1.29081 1 1 1
v 0.790607 4.6123 1.2919 1 1 1
v 0.786061 4.60812 1.29081 1 1 1
v -0.771086 4.59373 1.28706 1 1 1
v -0.766279 4.58923 1.28589 1 1 1
v 0.771086 4.59373 1.28706 1 1 1
v 0.766279 4.58923 1.28589 1 1 1
v -0.751565 4.57534 1.28227 1 1 1
v -0.746162 4.57034 1.28097 1 1 1
v 0.751565 4.57534 1.28227 1 1 1
v 0.746162 4.57034 1.28097 1 1 1
v -0.732044 4.55689 1.27747 1 1 1
v -0.726219 4.55145 1.27605 1 1 1
v 0.732044 4.55689 1.27747 1 1 1
v 0.726219 4.55145 1.27605 1 1 1
v -0.712523 4.53829 1.27263 1 1 1
v -0.706429 4.53255 1.27113 1 1 1
v 0.712523 4.53829 1.27263 1 1 1
v 0.706429 4.53255 1.27113 1 1 1
v -0.693001 4.5197 1.26778 1 1 1
v -0.686614 4.51366 1.26621 1 1 1
v 0.693002 4.5197 1.26778 1 1 1
v 0.686614 4.51366 1.26621 1 1 1
v -0.67348 4.50095 1.2629 1 1 1
v -0.667048 4.49477 1.26129 1 1 1
v -0.16593 4.49627 1.26169 1 1 1
v -0.175262 4.49477 1.26129 1 1 1
v -0.146409 4.49963 1.26256 1 1 1
v -0.126888 4.50316 1.26348 1 1 1
v -0.107366 4.50666 1.26439 1 1 1
v -0.0878452 4.50957 1.26515 1 1 1
v -0.0683241 4.51124 1.26558 1 1 1
v -0.0488029 4.51169 1.2657 1 1 1
v -0.0292817 4.51165 1.26569 1 1 1
v -0.0097605 4.5116 1.26568 1 1 1
v 0.00976062 4.5116 1.26568 1 1 1
v 0.0292817 4.51165 1.26569 1 1 1
v 0.048803 4.51169 1.2657 1 1 1
v 0.0683241 4.51124 1.26558 1 1 1
v 0.0878453 4.50957 1.26515 1 1 1
v 0.107366 4.50666 1.26439 1 1 1
v 0.126888 4.50316 1.26348 1 1 1
v 0.146409 4.49963 1.26256 1 1 1
v 0.16593 4.49627 1.26169 1 1 1
v 0.175262 4.49477 1.26129 1 1 1
v 0.67348 4.50095 1.2629 1 1 1
v 0.667048 4.49477 1.26129 1 1 1
v -0.653959 4.48196 1.25796 1 1 1
v -0.647463 4.47588 1.25638 1 1 1
v -0.263536 4.47741 1.25677 1 1 1
v -0.272927 4.47588 1.25638 1 1 1
v -0.244015 4.48086 1.25767 1 1 1
v -0.224493 4.4844 1.25859 1 1 1
v -0.204972 4.48801 1.25953 1 1 1
v -0.185451 4.49217 1.26062 1 1 1
v 0.185451 4.49217 1.26062 1 1 1
v 0.204972 4.48801 1.25953 1 1 1
v 0.224494 4.4844 1.25859 1 1 1
v 0.244015 4.48086 1.25767 1 1 1
v 0.263536 4.47741 1.25677 1 1 1
v 0.272927 4.47588 1.25638 1 1 1
v 0.653959 4.48196 1.25796 1 1 1
v 0.647463 4.47588 1.25638 1 1 1
v -0.634438 4.46361 1.25318 1 1 1
v -0.627569 4.45699 1.25146 1 1 1
v -0.361142 4.45849 1.25185 1 1 1
v -0.37031 4.45699 1.25146 1 1 1
v -0.34162 4.46191 1.25274 1 1 1
v -0.322099 4.46545 1.25366 1 1 1
v -0.302578 4.46904 1.2546 1 1 1
v -0.283057 4.47324 1.25569 1 1 1
v 0.283057 4.47324 1.25569 1 1 1
v 0.302578 4.46904 1.2546 1 1 1
v 0.322099 4.46545 1.25366 1 1 1
v 0.34162 4.46191 1.25274 1 1 1
v 0.361142 4.45849 1.25185 1 1 1
v 0.37031 4.45699 1.25146 1 1 1
v 0.634438 4.46361 1.25318 1 1 1
v 0.627569 4.45699 1.25146 1 1 1
v -0.614917 4.44467 1.24825 1 1 1
v -0.606963 4.4381 1.24654 1 1 1
v -0.458747 4.43968 1.24695 1 1 1
v -0.468273 4.4381 1.24654 1 1 1
v -0.439226 4.44303 1.24782 1 1 1
v -0.419705 4.44648 1.24872 1 1 1
v -0.400184 4.44999 1.24963 1 1 1
v -0.380663 4.45428 1.25075 1 1 1
v 0.380663 4.45428 1.25075 1 1 1
v 0.400184 4.44999 1.24963 1 1 1
v 0.419705 4.44648 1.24872 1 1 1
v 0.439226 4.44303 1.24782 1 1 1
v 0.458748 4.43968 1.24695 1 1 1
v 0.468273 4.4381 1.24654 1 1 1
v 0.614917 4.44467 1.24825 1 1 1
v 0.606963 4.4381 1.24654 1 1 1
v -0.595396 4.42857 1.24406 1 1 1
v -0.575874 4.42171 1.24227 1 1 1
v -0.556353 4.42146 1.24221 1 1 1
v -0.536832 4.42429 1.24294 1 1 1
v -0.517311 4.428 1.24391 1 1 1
v -0.49779 4.4315 1.24482 1 1 1
v -0.478269 4.43544 1.24585 1 1 1
v 0.478269 4.43544 1.24585 1 1 1
v 0.49779 4.4315 1.24482 1 1 1
v 0.517311 4.428 1.24391 1 1 1
v 0.536832 4.42429 1.24294 1 1 1
v 0.556353 4.42146 1.24221 1 1 1
v 0.575874 4.42171 1.24227 1 1 1
v 0.595396 4.42857 1.24406 1 1 1
v -0.34162 5.00948 1.2283 1 1 1
v -0.349826 5.00778 1.22785 1 1 1
v -0.322099 5.0112 1.22874 1 1 1
v -0.302578 5.01158 1.22884 1 1 1
v -0.283057 5.01163 1.22885 1 1 1
v -0.263536 5.01191 1.22893 1 1 1
v -0.244015 5.01219 1.229 1 1 1
v -0.224493 5.01227 1.22902 1 1 1
v -0.204972 5.01229 1.22903 1 1 1
v -0.185451 5.0123 1.22903 1 1 1
v -0.16593 5.01233 1.22904 1 1 1
v -0.146409 5.01227 1.22902 1 1 1
v -0.126888 5.01225 1.22902 1 1 1
v -0.107366 5.01221 1.229 1 1 1
v -0.0878452 5.01226 1.22902 1 1 1
v -0.0683241 5.01224 1.22901 1 1 1
v -0.0488029 5.01222 1.22901 1 1 1
v -0.0292817 5.01221 1.229 1 1 1
v -0.0097605 5.01224 1.22901 1 1 1
v 0.00976062 5.01224 1.22901 1 1 1
v 0.0292817 5.01221 1.229 1 1 1
v 0.048803 5.01222 1.22901 1 1 1
v 0.0683241 5.01224 1.22901 1 1 1
v 0.0878453 5.01226 1.22902 1 1 1
v 0.107366 5.01221 1.229 1 1 1
v 0.126888 5.01225 1.22902 1 1 1
v 0.146409 5.01227 1.22902 1 1 1
v 0.16593 5.01233 1.22904 1 1 1
v 0.185451 5.0123 1.22903 1 1 1
v 0.204972 5.01229 1.22903 1 1 1
v 0.224494 5.01227 1.22902 1 1 1
v 0.244015 5.01219 1.229 1 1 1
v 0.263536 5.01191 1.22893 1 1 1
v 0.283057 5.01163 1.22885 1 1 1
v 0.302578 5.01158 1.22884 1 1 1
v 0.322099 5.0112 1.22874 1 1 1
v 0.34162 5.00948 1.2283 1 1 1
v 0.349827 5.00778 1.22785 1 1 1
v -0.439226 4.98896 1.22295 1 1 1
v -0.439445 4.98889 1.22293 1 1 1
v -0.419705 4.99423 1.22432 1 1 1
v -0.400184 4.99855 1.22545 1 1 1
v -0.380663 5.0027 1.22653 1 1 1
v -0.361142 5.00635 1.22748 1 1 1
v 0.361142 5.00635 1.22748 1 1 1
v 0.380663 5.0027 1.22653 1 1 1
v 0.400184 4.99855 1.22545 1 1 1
v 0.419705 4.99423 1.22432 1 1 1
v 0.439226 4.98896 1.22295 1 1 1
v 0.439445 4.98889 1.22293 1 1 1
v -0.517311 4.97231 1.21862 1 1 1
v -0.525232 4.97 1.21801 1 1 1
v -0.49779 4.97705 1.21985 1 1 1
v -0.478269 4.9812 1.22093 1 1 1
v -0.458747 4.98517 1.22197 1 1 1
v 0.458748 4.98517 1.22197 1 1 1
v 0.478269 4.9812 1.22093 1 1 1
v 0.49779 4.97705 1.21985 1 1 1
v 0.517311 4.97231 1.21862 1 1 1
v 0.525232 4.97 1.21801 1 1 1
v -0.595396 4.95536 1.2142 1 1 1
v -0.610841 4.9511 1.2131 1 1 1
v -0.575874 4.95982 1.21536 1 1 1
v -0.556353 4.96397 1.21644 1 1 1
v -0.536832 4.96784 1.21745 1 1 1
v 0.536832 4.96784 1.21745 1 1 1
v 0.556353 4.96397 1.21644 1 1 1
v 0.575874 4.95982 1.21536 1 1 1
v 0.595396 4.95536 1.2142 1 1 1
v 0.610841 4.9511 1.2131 1 1 1
v -0.693001 4.93325 1.20845 1 1 1
v -0.6964 4.93221 1.20818 1 1 1
v -0.67348 4.93822 1.20974 1 1 1
v -0.653959 4.94247 1.21085 1 1 1
v -0.634438 4.9466 1.21192 1 1 1
v -0.614917 4.95038 1.21291 1 1 1
v 0.614917 4.95038 1.21291 1 1 1
v 0.634438 4.9466 1.21192 1 1 1
v 0.653959 4.94247 1.21085 1 1 1
v 0.67348 4.93822 1.20974 1 1 1
v 0.693002 4.93325 1.20845 1 1 1
v 0.696401 4.93221 1.20818 1 1 1
v -0.771086 4.91652 1.20409 1 1 1
v -0.782034 4.91332 1.20326 1 1 1
v -0.751565 4.92105 1.20527 1 1 1
v -0.732044 4.92514 1.20634 1 1 1
v -0.712523 4.92914 1.20738 1 1 1
v 0.712523 4.92914 1.20738 1 1 1
v 0.732044 4.92514 1.20634 1 1 1
v 0.751565 4.92105 1.20527 1 1 1
v 0.771086 4.91652 1.20409 1 1 1
v 0.782034 4.91332 1.20326 1 1 1
v -0.849171 4.8994 1.19963 1 1 1
v -0.867525 4.89443 1.19834 1 1 1
v -0.82965 4.90382 1.20078 1 1 1
v -0.810128 4.90787 1.20184 1 1 1
v -0.790607 4.91172 1.20284 1 1 1
v 0.790607 4.91172 1.20284 1 1 1
v 0.810129 4.90787 1.20184 1 1 1
v 0.82965 4.90382 1.20078 1 1 1
v 0.849171 4.8994 1.19963 1 1 1
v 0.867525 4.89443 1.19834 1 1 1
v -0.946777 4.87738 1.1939 1 1 1
v -0.953212 4.87554 1.19342 1 1 1
v -0.927255 4.88216 1.19514 1 1 1
v -0.907734 4.88644 1.19626 1 1 1
v -0.888213 4.89053 1.19732 1 1 1
v -0.868692 4.89422 1.19829 1 1 1
v 0.868692 4.89422 1.19829 1 1 1
v 0.888213 4.89053 1.19732 1 1 1
v 0.907734 4.88644 1.19626 1 1 1
v 0.927256 4.88216 1.19514 1 1 1
v 0.946777 4.87738 1.1939 1 1 1
v 0.953212 4.87554 1.19342 1 1 1
v -0.966298 4.87129 1.19231 1 1 1
v -0.985504 4.85665 1.1885 1 1 1
v 0.966298 4.87129 1.19231 1 1 1
v 0.985504 4.85665 1.1885 1 1 1
v -0.985454 4.83776 1.18358 1 1 1
v 0.985454 4.83776 1.18358 1 1 1
v -0.975695 4.81886 1.17867 1 1 1
v 0.975695 4.81886 1.17867 1 1 1
v -0.966298 4.81011 1.17639 1 1 1
v -0.955191 4.79997 1.17375 1 1 1
v 0.966298 4.81011 1.17639 1 1 1
v 0.955191 4.79997 1.17375 1 1 1
v -0.946777 4.7921 1.1717 1 1 1
v -0.934711 4.78108 1.16883 1 1 1
v 0.946777 4.7921 1.1717 1 1 1
v 0.934711 4.78108 1.16883 1 1 1
v -0.927255 4.77397 1.16698 1 1 1
v -0.914672 4.76219 1.16391 1 1 1
v 0.927256 4.77397 1.16698 1 1 1
v 0.914672 4.76219 1.16391 1 1 1
v -0.907734 4.75576 1.16224 1 1 1
v -0.893868 4.7433 1.15899 1 1 1
v 0.907734 4.75576 1.16224 1 1 1
v 0.893868 4.7433 1.15899 1 1 1
v -0.888213 4.73792 1.15759 1 1 1
v -0.873684 4.72441 1.15407 1 1 1
v 0.888213 4.73792 1.15759 1 1 1
v 0.873684 4.72441 1.15407 1 1 1
v -0.868692 4.7198 1.15287 1 1 1
v -0.852863 4.70552 1.14915 1 1 1
v 0.868692 4.7198 1.15287 1 1 1
v 0.852863 4.70552 1.14915 1 1 1
v -0.849171 4.70202 1.14824 1 1 1
v -0.832399 4.68663 1.14423 1 1 1
v 0.849171 4.70202 1.14824 1 1 1
v 0.832399 4.68663 1.14423 1 1 1
v -0.82965 4.68406 1.14357 1 1 1
v -0.811931 4.66773 1.13932 1 1 1
v 0.82965 4.68406 1.14357 1 1 1
v 0.811931 4.66773 1.13932 1 1 1
v -0.810128 4.66606 1.13888 1 1 1
v -0.790766 4.64884 1.1344 1 1 1
v 0.810129 4.66606 1.13888 1 1 1
v 0.790766 4.64884 1.1344 1 1 1
v -0.790607 4.64869 1.13436 1 1 1
v -0.771086 4.63036 1.12959 1 1 1
v -0.770638 4.62995 1.12948 1 1 1
v 0.771086 4.63036 1.12959 1 1 1
v 0.770638 4.62995 1.12948 1 1 1
v 0.790607 4.64869 1.13436 1 1 1
v -0.751565 4.61231 1.12489 1 1 1
v -0.750188 4.61106 1.12456 1 1 1
v 0.751565 4.61231 1.12489 1 1 1
v 0.750188 4.61106 1.12456 1 1 1
v -0.732044 4.59413 1.12015 1 1 1
v -0.729904 4.59217 1.11964 1 1 1
v 0.732044 4.59413 1.12015 1 1 1
v 0.729904 4.59217 1.11964 1 1 1
v -0.712523 4.57582 1.11538 1 1 1
v -0.70977 4.57328 1.11472 1 1 1
v 0.712523 4.57582 1.11538 1 1 1
v 0.70977 4.57328 1.11472 1 1 1
v -0.693001 4.55754 1.11062 1 1 1
v -0.689599 4.55439 1.1098 1 1 1
v 0.693002 4.55754 1.11062 1 1 1
v 0.689599 4.55439 1.1098 1 1 1
v -0.67348 4.53908 1.10582 1 1 1
v -0.669669 4.53549 1.10489 1 1 1
v -0.16593 4.53661 1.10518 1 1 1
v -0.172825 4.53549 1.10489 1 1 1
v -0.146409 4.53997 1.10605 1 1 1
v -0.126888 4.54351 1.10697 1 1 1
v -0.107366 4.54701 1.10788 1 1 1
v -0.0878452 4.54993 1.10865 1 1 1
v -0.0683241 4.55162 1.10908 1 1 1
v -0.0488029 4.55207 1.1092 1 1 1
v -0.0292817 4.55203 1.10919 1 1 1
v -0.0097605 4.55198 1.10918 1 1 1
v 0.00976062 4.55198 1.10918 1 1 1
v 0.0292817 4.55203 1.10919 1 1 1
v 0.048803 4.55207 1.1092 1 1 1
v 0.0683241 4.55162 1.10908 1 1 1
v 0.0878453 4.54993 1.10865 1 1 1
v 0.107366 4.54701 1.10788 1 1 1
v 0.126888 4.54351 1.10697 1 1 1
v 0.146409 4.53997 1.10605 1 1 1
v 0.16593 4.53661 1.10518 1 1 1
v 0.172825 4.53549 1.10489 1 1 1
v 0.67348 4.53908 1.10582 1 1 1
v 0.669669 4.53549 1.10489 1 1 1
v -0.653959 4.52039 1.10095 1 1 1
v -0.64983 4.5166 1.09997 1 1 1
v -0.263536 4.51776 1.10027 1 1 1
v -0.270686 4.5166 1.09997 1 1 1
v -0.244015 4.52115 1.10115 1 1 1
v -0.224493 4.52461 1.10205 1 1 1
v -0.204972 4.52814 1.10297 1 1 1
v -0.185451 4.53224 1.10404 1 1 1
v 0.185451 4.53224 1.10404 1 1 1
v 0.204972 4.52814 1.10297 1 1 1
v 0.224494 4.52461 1.10205 1 1 1
v 0.244015 4.52115 1.10115 1 1 1
v 0.263536 4.51776 1.10027 1 1 1
v 0.270686 4.5166 1.09997 1 1 1
v 0.653959 4.52039 1.10095 1 1 1
v 0.64983 4.5166 1.09997 1 1 1
v -0.634438 4.50236 1.09626 1 1 1
v -0.629539 4.49771 1.09505 1 1 1
v -0.361142 4.49895 1.09537 1 1 1
v -0.368729 4.49771 1.09505 1 1 1
v -0.34162 4.50233 1.09625 1 1 1
v -0.322099 4.5058 1.09715 1 1 1
v -0.302578 4.50929 1.09806 1 1 1
v -0.283057 4.51339 1.09913 1 1 1
v 0.283057 4.51339 1.09913 1 1 1
v 0.302578 4.50929 1.09806 1 1 1
v 0.322099 4.5058 1.09715 1 1 1
v 0.34162 4.50233 1.09625 1 1 1
v 0.361142 4.49895 1.09537 1 1 1
v 0.368729 4.49771 1.09505 1 1 1
v 0.634438 4.50236 1.09626 1 1 1
v 0.629539 4.49771 1.09505 1 1 1
v -0.614917 4.48367 1.09139 1 1 1
v -0.608957 4.47882 1.09013 1 1 1
v -0.458747 4.48013 1.09047 1 1 1
v -0.466427 4.47882 1.09013 1 1 1
v -0.439226 4.48351 1.09135 1 1 1
v -0.419705 4.48698 1.09225 1 1 1
v -0.400184 4.49042 1.09315 1 1 1
v -0.380663 4.4946 1.09424 1 1 1
v 0.380663 4.4946 1.09424 1 1 1
v 0.400184 4.49042 1.09315 1 1 1
v 0.419705 4.48698 1.09225 1 1 1
v 0.439226 4.48351 1.09135 1 1 1
v 0.458748 4.48013 1.09047 1 1 1
v 0.466427 4.47882 1.09013 1 1 1
v 0.614917 4.48367 1.09139 1 1 1
v 0.608957 4.47882 1.09013 1 1 1
v -0.595396 4.46777 1.08725 1 1 1
v -0.575874 4.4615 1.08562 1 1 1
v -0.556353 4.4615 1.08562 1 1 1
v -0.536832 4.46443 1.08638 1 1 1
v -0.517311 4.46818 1.08736 1 1 1
v -0.49779 4.47169 1.08827 1 1 1
v -0.478269 4.47563 1.0893 1 1 1
v 0.478269 4.47563 1.0893 1 1 1
v 0.49779 4.47169 1.08827 1 1 1
v 0.517311 4.46818 1.08736 1 1 1
v 0.536832 4.46443 1.08638 1 1 1
v 0.556353 4.4615 1.08562 1 1 1
v 0.575874 4.4615 1.08562 1 1 1
v 0.595396 4.46777 1.08725 1 1 1
l 1 2
l 3 1
l 4 3
l 5 4
l 6 5
l 7 6
l 8 7
l 9 8
l 10 9
l 11 10
l 12 11
l 13 12
l 14 13
l 15 14
l 16 15
l 17 16
l 18 17
l 19 18
l 20 19
l 21 20
l 22 21
l 23 22
l 24 23
l 25 24
l 26 25
l 27 26
l 28 27
l 29 28
l 30 29
l 31 32
l 2 31
l 30 33
l 34 33
l 35 36
l 32 35
l 34 37
l 38 37
l 39 40
l 36 39
l 38 41
l 42 41
l 43 44
l 40 43
l 42 45
l 46 45
l 47 48
l 44 47
l 46 49
l 50 49
l 51 52
l 48 51
l 50 53
l 54 53
l 52 55
l 54 56
l 57 58
l 55 57
l 56 59
l 60 59
l 61 62
l 58 61
l 60 63
l 64 63
l 65 66
l 62 65
l 64 67
l 68 67
l 69 70
l 66 69
l 68 71
l 72 71
l 73 74
l 70 73
l 72 75
l 76 75
l 77 78
l 74 77
l 76 79
l 80 79
l 81 82
l 78 81
l 80 83
l 84 83
l 85 86
l 82 85
l 84 87
l 88 87
l 86 89
l 88 90
l 91 92
l 89 91
l 90 93
l 94 93
l 95 96
l 92 95
l 94 97
l 98 97
l 99 100
l 96 99
l 98 101
l 102 101
l 103 104
l 100 103
l 102 105
l 106 105
l 107 108
l 104 107
l 106 109
l 110 109
l 111 112
l 108 111
l 110 113
l 114 113
l 115 116
l 112 115
l 114 117
l 118 117
l 119 120
l 116 119
l 118 121
l 122 121
l 123 124
l 120 123
l 122 125
l 126 125
l 127 128
l 124 127
l 126 129
l 130 129
l 128 131
l 130 132
l 133 134
l 131 133
l 132 135
l 136 135
l 134 137
l 138 137
l 139 140
l 136 139
l 138 141
l 140 142
l 141 143
l 142 144
l 143 145
l 146 147
l 148 146
l 149 148
l 150 149
l 151 150
l 152 151
l 153 152
l 154 153
l 155 154
l 156 155
l 157 156
l 158 157
l 159 158
l 160 159
l 161 160
l 144 162
l 145 163
l 164 163
l 165 166
l 167 165
l 168 167
l 169 168
l 170 169
l 147 170
l 161 171
l 172 171
l 173 172
l 174 173
l 175 174
l 176 175
l 177 178
l 162 177
l 164 179
l 180 181
l 182 180
l 183 182
l 184 183
l 185 184
l 166 185
l 176 186
l 187 186
l 188 187
l 189 188
l 190 189
l 191 190
l 178 192
l 179 193
l 194 195
l 196 194
l 197 196
l 198 197
l 199 198
l 200 199
l 181 200
l 191 201
l 202 201
l 203 202
l 204 203
l 205 204
l 206 205
l 207 206
l 192 208
l 193 209
l 210 209
l 211 212
l 213 211
l 214 213
l 215 214
l 216 215
l 195 216
l 207 217
l 218 217
l 219 218
l 220 219
l 221 220
l 222 221
l 223 224
l 208 223
l 210 225
l 226 225
l 227 228
l 229 227
l 230 229
l 231 230
l 232 231
l 212 232
l 222 233
l 234 233
l 235 234
l 236 235
l 237 236
l 238 237
l 239 240
l 224 239
l 226 241
l 242 241
l 228 242
l 238 243
l 244 243
l 240 244
l 245 246
l 247 245
l 248 247
l 249 248
l 250 249
l 251 250
l 252 251
l 253 252
l 254 253
l 255 254
l 256 255
l 257 256
l 258 257
l 259 258
l 260 259
l 261 260
l 262 261
l 263 262
l 264 263
l 265 264
l 266 265
l 267 266
l 268 267
l 269 268
l 270 269
l 271 270
l 272 271
l 273 274
l 275 273
l 246 275
l 272 276
l 277 276
l 278 277
l 279 280
l 274 279
l 278 281
l 282 281
l 283 284
l 280 283
l 282 285
l 286 285
l 287 288
l 284 287
l 286 289
l 290 289
l 288 291
l 290 292
l 293 294
l 291 293
l 292 295
l 296 295
l 297 298
l 294 297
l 296 299
l 300 299
l 301 302
l 298 301
l 300 303
l 304 303
l 305 306
l 302 305
l 304 307
l 308 307
l 309 310
l 306 309
l 308 311
l 312 311
l 313 314
l 310 313
l 312 315
l 316 315
l 317 318
l 314 317
l 316 319
l 320 319
l 321 322
l 318 321
l 320 323
l 324 323
l 322 325
l 324 326
l 327 328
l 325 327
l 326 329
l 330 329
l 331 332
l 328 331
l 330 333
l 334 333
l 335 336
l 332 335
l 334 337
l 338 337
l 339 340
l 336 339
l 338 341
l 342 341
l 343 344
l 340 343
l 342 345
l 346 345
l 347 348
l 344 347
l 346 349
l 350 349
l 351 352
l 348 351
l 350 353
l 354 353
l 355 356
l 352 355
l 354 357
l 358 357
l 359 360
l 356 359
l 358 361
l 362 361
l 363 364
l 360 363
l 362 365
l 366 365
l 367 368
l 364 367
l 366 369
l 370 369
l 371 372
l 368 371
l 370 373
l 374 373
l 372 375
l 374 376
l 375 377
l 376 378
l 377 379
l 378 380
l 379 381
l 380 382
l 381 383
l 382 384
l 383 385
l 386 385
l 387 388
l 389 387
l 390 389
l 391 390
l 392 391
l 393 392
l 394 393
l 395 394
l 396 395
l 397 396
l 398 397
l 399 398
l 400 399
l 401 400
l 402 401
l 403 404
l 384 403
l 386 405
l 406 407
l 408 406
l 409 408
l 410 409
l 411 410
l 412 411
l 388 412
l 402 413
l 414 413
l 415 414
l 416 415
l 417 416
l 418 417
l 419 418
l 404 420
l 405 421
l 422 423
l 424 422
l 425 424
l 426 425
l 427 426
l 407 427
l 419 428
l 429 428
l 430 429
l 431 430
l 432 431
l 433 432
l 420 434
l 421 435
l 436 437
l 438 436
l 439 438
l 440 439
l 441 440
l 423 441
l 433 442
l 443 442
l 444 443
l 445 444
l 446 445
l 447 446
l 434 448
l 435 449
l 450 449
l 451 452
l 453 451
l 454 453
l 455 454
l 456 455
l 457 456
l 437 457
l 447 458
l 459 458
l 460 459
l 461 460
l 462 461
l 463 462
l 464 463
l 465 466
l 448 465
l 450 467
l 468 467
l 469 468
l 470 469
l 471 470
l 472 471
l 473 472
l 452 473
l 464 474
l 475 474
l 476 475
l 477 476
l 478 477
l 479 478
l 480 479
l 466 480
l 481 482
l 483 481
l 484 483
l 485 484
l 486 485
l 487 486
l 488 487
l 489 488
l 490 489
l 491 490
l 492 491
l 493 492
l 494 493
l 495 494
l 496 495
l 497 496
l 498 497
l 499 498
l 500 499
l 501 500
l 502 501
l 503 502
l 504 503
l 505 504
l 506 505
l 507 506
l 508 507
l 509 510
l 511 509
l 482 511
l 508 512
l 513 512
l 514 513
l 515 516
l 510 515
l 514 517
l 518 517
l 516 519
l 518 520
l 521 522
l 519 521
l 520 523
l 524 523
l 525 526
l 522 525
l 524 527
l 528 527
l 529 530
l 526 529
l 528 531
l 532 531
l 533 534
l 530 533
l 532 535
l 536 535
l 537 538
l 534 537
l 536 539
l 540 539
l 541 542
l 538 541
l 540 543
l 544 543
l 545 546
l 542 545
l 544 547
l 548 547
l 549 550
l 546 549
l 548 551
l 552 551
l 550 553
l 552 554
l 555 556
l 553 555
l 554 557
l 558 557
l 559 560
l 556 559
l 558 561
l 562 561
l 563 564
l 560 563
l 562 565
l 566 565
l 567 568
l 564 567
l 566 569
l 570 569
l 571 572
l 568 571
l 570 573
l 574 573
l 575 576
l 572 575
l 574 577
l 578 577
l 579 580
l 576 579
l 578 581
l 582 581
l 583 584
l 580 583
l 582 585
l 586 585
l 587 588
l 584 587
l 586 589
l 590 589
l 591 592
l 588 591
l 590 593
l 594 593
l 595 596
l 592 595
l 594 597
l 598 597
l 596 599
l 598 600
l 601 602
l 599 601
l 600 603
l 604 603
l 605 606
l 602 605
l 604 607
l 608 607
l 609 610
l 606 609
l 608 611
l 612 611
l 610 613
l 612 614
l 613 615
l 614 616
l 615 617
l 616 618
l 617 619
l 618 620
l 619 621
l 622 621
l 623 624
l 625 623
l 626 625
l 627 626
l 628 627
l 629 628
l 630 629
l 631 630
l 632 631
l 633 632
l 634 633
l 635 634
l 636 635
l 637 636
l 638 637
l 639 638
l 640 639
l 641 642
l 620 641
l 622 643
l 644 645
l 646 644
l 647 646
l 648 647
l 649 648
l 624 649
l 640 650
l 651 650
l 652 651
l 653 652
l 654 653
l 655 654
l 642 656
l 643 657
l 658 659
l 660 658
l 661 660
l 662 661
l 663 662
l 645 663
l 655 664
l 665 664
l 666 665
l 667 666
l 668 667
l 669 668
l 656 670
l 657 671
l 672 671
l 673 674
l 675 673
l 676 675
l 677 676
l 678 677
l 659 678
l 669 679
l 680 679
l 681 680
l 682 681
l 683 682
l 684 683
l 685 686
l 670 685
l 672 687
l 688 689
l 690 688
l 691 690
l 692 691
l 693 692
l 694 693
l 674 694
l 684 695
l 696 695
l 697 696
l 698 697
l 699 698
l 700 699
l 701 700
l 686 702
l 687 703
l 704 703
l 705 704
l 706 705
l 707 706
l 708 707
l 709 708
l 689 709
l 701 710
l 711 710
l 712 711
l 713 712
l 714 713
l 715 714
l 716 715
l 702 716
l 717 718
l 719 717
l 720 719
l 721 720
l 722 721
l 723 722
l 724 723
l 725 724
l 726 725
l 727 726
l 728 727
l 729 728
l 730 729
l 731 730
l 732 731
l 733 732
l 734 733
l 735 734
l 736 735
l 737 736
l 738 737
l 739 738
l 740 739
l 741 740
l 742 741
l 743 744
l 745 743
l 718 745
l 742 746
l 747 746
l 748 747
l 749 750
l 744 749
l 748 751
l 752 751
l 753 754
l 750 753
l 752 755
l 756 755
l 757 758
l 754 757
l 756 759
l 760 759
l 761 762
l 758 761
l 760 763
l 764 763
l 765 766
l 762 765
l 764 767
l 768 767
l 769 770
l 766 769
l 768 771
l 772 771
l 773 774
l 770 773
l 772 775
l 776 775
l 777 778
l 774 777
l 776 779
l 780 779
l 781 782
l 778 781
l 780 783
l 784 783
l 782 785
l 784 786
l 787 788
l 785 787
l 786 789
l 790 789
l 791 792
l 788 791
l 790 793
l 794 793
l 795 796
l 792 795
l 794 797
l 798 797
l 799 800
l 796 799
l 798 801
l 802 801
l 803 804
l 800 803
l 802 805
l 806 805
l 807 808
l 804 807
l 806 809
l 810 809
l 811 812
l 808 811
l 810 813
l 814 813
l 815 816
l 812 815
l 814 817
l 818 817
l 819 820
l 816 819
l 818 821
l 822 821
l 820 823
l 822 824
l 823 825
l 824 826
l 827 828
l 825 827
l 826 829
l 830 829
l 831 832
l 828 831
l 830 833
l 834 833
l 835 836
l 832 835
l 834 837
l 838 837
l 839 840
l 836 839
l 838 841
l 842 841
l 843 844
l 840 843
l 842 845
l 846 845
l 844 847
l 846 848
l 847 849
l 848 850
l 849 851
l 850 852
l 851 853
l 854 853
l 855 856
l 852 855
l 854 857
l 858 859
l 860 858
l 861 860
l 862 861
l 863 862
l 864 863
l 865 864
l 866 865
l 867 866
l 868 867
l 869 868
l 870 869
l 871 870
l 872 871
l 873 872
l 874 873
l 875 874
l 856 876
l 857 877
l 878 879
l 880 878
l 881 880
l 882 881
l 883 882
l 859 883
l 875 884
l 885 884
l 886 885
l 887 886
l 888 887
l 889 888
l 876 890
l 877 891
l 892 893
l 894 892
l 895 894
l 896 895
l 897 896
l 898 897
l 879 898
l 889 899
l 900 899
l 901 900
l 902 901
l 903 902
l 904 903
l 905 904
l 890 906
l 891 907
l 908 907
l 909 910
l 911 909
l 912 911
l 913 912
l 914 913
l 893 914
l 905 915
l 916 915
l 917 916
l 918 917
l 919 918
l 920 919
l 921 922
l 906 921
l 908 923
l 924 925
l 926 924
l 927 926
l 928 927
l 929 928
l 930 929
l 910 930
l 920 931
l 932 931
l 933 932
l 934 933
l 935 934
l 936 935
l 937 936
l 922 938
l 923 939
l 940 939
l 941 940
l 942 941
l 943 942
l 944 943
l 925 944
l 937 945
l 946 945
l 947 946
l 948 947
l 949 948
l 950 949
l 938 950
l 951 952
l 953 951
l 954 953
l 955 954
l 956 955
l 957 956
l 958 957
l 959 958
l 960 959
l 961 960
l 962 961
l 963 962
l 964 963
l 965 964
l 966 965
l 967 966
l 968 967
l 969 970
l 971 969
l 972 971
l 973 972
l 974 973
l 975 974
l 952 975
l 968 976
l 977 976
l 978 977
l 979 978
l 980 979
l 981 980
l 982 981
l 983 984
l 970 983
l 982 985
l 986 985
l 987 988
l 984 987
l 986 989
l 990 989
l 991 992
l 988 991
l 990 993
l 994 993
l 995 996
l 992 995
l 994 997
l 998 997
l 999 1000
l 996 999
l 998 1001
l 1002 1001
l 1003 1004
l 1000 1003
l 1002 1005
l 1006 1005
l 1007 1008
l 1004 1007
l 1006 1009
l 1010 1009
l 1008 1011
l 1010 1012
l 1013 1014
l 1011 1013
l 1012 1015
l 1016 1015
l 1017 1018
l 1014 1017
l 1016 1019
l 1020 1019
l 1021 1022
l 1018 1021
l 1020 1023
l 1024 1023
l 1025 1026
l 1022 1025
l 1024 1027
l 1028 1027
l 1029 1030
l 1026 1029
l 1028 1031
l 1032 1031
l 1033 1034
l 1030 1033
l 1032 1035
l 1036 1035
l 1037 1038
l 1034 1037
l 1036 1039
l 1040 1039
l 1041 1042
l 1038 1041
l 1040 1043
l 1044 1043
l 1045 1046
l 1042 1045
l 1044 1047
l 1048 1047
l 1046 1049
l 1048 1050
l 1051 1052
l 1049 1051
l 1050 1053
l 1054 1053
l 1055 1056
l 1052 1055
l 1054 1057
l 1058 1057
l 1059 1060
l 1056 1059
l 1058 1061
l 1062 1061
l 1063 1064
l 1060 1063
l 1062 1065
l 1066 1065
l 1067 1068
l 1064 1067
l 1066 1069
l 1070 1069
l 1071 1072
l 1068 1071
l 1070 1073
l 1074 1073
l 1075 1076
l 1072 1075
l 1074 1077
l 1078 1077
l 1079 1080
l 1076 1079
l 1078 1081
l 1082 1081
l 1080 1083
l 1082 1084
l 1083 1085
l 1084 1086
l 1085 1087
l 1088 1087
l 1089 1090
l 1086 1089
l 1088 1091
l 1090 1092
l 1091 1093
l 1094 1095
l 1096 1094
l 1097 1096
l 1098 1097
l 1099 1098
l 1100 1099
l 1101 1100
l 1102 1101
l 1103 1102
l 1104 1103
l 1105 1104
l 1106 1105
l 1107 1106
l 1108 1107
l 1109 1108
l 1110 1109
l 1111 1110
l 1112 1111
l 1113 1112
l 1092 1114
l 1093 1115
l 1116 1117
l 1118 1116
l 1119 1118
l 1120 1119
l 1121 1120
l 1095 1121
l 1113 1122
l 1123 1122
l 1124 1123
l 1125 1124
l 1126 1125
l 1127 1126
l 1114 1128
l 1115 1129
l 1130 1129
l 1131 1132
l 1133 1131
l 1134 1133
l 1135 1134
l 1136 1135
l 1117 1136
l 1127 1137
l 1138 1137
l 1139 1138
l 1140 1139
l 1141 1140
l 1142 1141
l 1143 1144
l 1128 1143
l 1130 1145
l 1146 1147
l 1148 1146
l 1149 1148
l 1150 1149
l 1151 1150
l 1132 1151
l 1142 1152
l 1153 1152
l 1154 1153
l 1155 1154
l 1156 1155
l 1157 1156
l 1144 1158
l 1145 1159
l 1160 1159
l 1161 1162
l 1163 1161
l 1164 1163
l 1165 1164
l 1166 1165
l 1167 1166
l 1147 1167
l 1157 1168
l 1169 1168
l 1170 1169
l 1171 1170
l 1172 1171
l 1173 1172
l 1174 1173
l 1175 1176
l 1158 1175
l 1160 1177
l 1178 1177
l 1179 1178
l 1180 1179
l 1181 1180
l 1162 1181
l 1174 1182
l 1183 1182
l 1184 1183
l 1185 1184
l 1186 1185
l 1176 1186
l 1187 1188
l 1189 1187
l 1190 1189
l 1191 1190
l 1192 1191
l 1193 1192
l 1194 1193
l 1195 1194
l 1196 1195
l 1197 1196
l 1198 1197
l 1199 1198
l 1200 1199
l 1201 1200
l 1202 1201
l 1203 1202
l 1204 1203
l 1205 1204
l 1206 1205
l 1207 1206
l 1208 1207
l 1209 1208
l 1210 1209
l 1211 1210
l 1212 1211
l 1213 1212
l 1214 1213
l 1215 1214
l 1216 1215
l 1217 1218
l 1188 1217
l 1216 1219
l 1220 1219
l 1221 1222
l 1218 1221
l 1220 1223
l 1224 1223
l 1225 1226
l 1222 1225
l 1224 1227
l 1228 1227
l 1229 1230
l 1226 1229
l 1228 1231
l 1232 1231
l 1233 1234
l 1230 1233
l 1232 1235
l 1236 1235
l 1237 1238
l 1234 1237
l 1236 1239
l 1240 1239
l 1238 1241
l 1240 1242
l 1243 1244
l 1241 1243
l 1242 1245
l 1246 1245
l 1247 1248
l 1244 1247
l 1246 1249
l 1250 1249
l 1251 1252
l 1248 1251
l 1250 1253
l 1254 1253
l 1255 1256
l 1252 1255
l 1254 1257
l 1258 1257
l 1259 1260
l 1256 1259
l 1258 1261
l 1262 1261
l 1263 1264
l 1260 1263
l 1262 1265
l 1266 1265
l 1267 1268
l 1264 1267
l 1266 1269
l 1270 1269
l 1271 1272
l 1268 1271
l 1270 1273
l 1274 1273
l 1272 1275
l 1274 1276
l 1277 1278
l 1275 1277
l 1276 1279
l 1280 1279
l 1281 1282
l 1278 1281
l 1280 1283
l 1284 1283
l 1285 1286
l 1282 1285
l 1284 1287
l 1288 1287
l 1289 1290
l 1286 1289
l 1288 1291
l 1292 1291
l 1293 1294
l 1290 1293
l 1292 1295
l 1296 1295
l 1297 1298
l 1294 1297
l 1296 1299
l 1300 1299
l 1301 1302
l 1298 1301
l 1300 1303
l 1304 1303
l 1305 1306
l 1302 1305
l 1304 1307
l 1308 1307
l 1309 1310
l 1306 1309
l 1308 1311
l 1312 1311
l 1310 1313
l 1312 1314
l 1315 1316
l 1313 1315
l 1314 1317
l 1318 1317
l 1316 1319
l 1318 1320
l 1319 1321
l 1322 1321
l 1323 1324
l 1320 1323
l 1322 1325
l 1326 1327
l 1328 1326
l 1329 1328
l 1330 1329
l 1331 1330
l 1332 1331
l 1333 1332
l 1324 1334
l 1325 1335
l 1336 1337
l 1338 1336
l 1339 1338
l 1340 1339
l 1341 1340
l 1342 1341
l 1327 1342
l 1333 1343
l 1344 1343
l 1345 1344
l 1346 1345
l 1347 1346
l 1348 1347
l 1349 1348
l 1334 1350
l 1335 1351
l 1352 1353
l 1354 1352
l 1355 1354
l 1356 1355
l 1357 1356
l 1337 1357
l 1349 1358
l 1359 1358
l 1360 1359
l 1361 1360
l 1362 1361
l 1363 1362
l 1350 1364
l 1351 1365
l 1366 1365
l 1367 1368
l 1369 1367
l 1370 1369
l 1371 1370
l 1372 1371
l 1353 1372
l 1363 1373
l 1374 1373
l 1375 1374
l 1376 1375
l 1377 1376
l 1378 1377
l 1379 1380
l 1364 1379
l 1366 1381
l 1382 1383
l 1384 1382
l 1385 1384
l 1386 1385
l 1387 1386
l 1388 1387
l 1368 1388
l 1378 1389
l 1390 1389
l 1391 1390
l 1392 1391
l 1393 1392
l 1394 1393
l 1395 1394
l 1380 1396
l 1381 1397
l 1398 1397
l 1399 1400
l 1401 1399
l 1402 1401
l 1403 1402
l 1404 1403
l 1405 1404
l 1383 1405
l 1395 1406
l 1407 1406
l 1408 1407
l 1409 1408
l 1410 1409
l 1411 1410
l 1412 1411
l 1413 1414
l 1396 1413
l 1398 1415
l 1416 1415
l 1417 1416
l 1418 1417
l 1400 1418
l 1412 1419
l 1420 1419
l 1421 1420
l 1422 1421
l 1414 1422
l 1423 1424
l 1425 1423
l 1426 1425
l 1427 1426
l 1428 1427
l 1429 1428
l 1430 1429
l 1431 1430
l 1432 1431
l 1433 1432
l 1434 1433
l 1435 1434
l 1436 1435
l 1437 1436
l 1438 1437
l 1439 1438
l 1440 1439
l 1441 1440
l 1442 1441
l 1443 1442
l 1444 1443
l 1445 1444
l 1446 1445
l 1447 1446
l 1448 1447
l 1449 1448
l 1450 1449
l 1451 1450
l 1452 1451
l 1453 1454
l 1424 1453
l 1452 1455
l 1456 1455
l 1457 1458
l 1454 1457
l 1456 1459
l 1460 1459
l 1461 1462
l 1458 1461
l 1460 1463
l 1464 1463
l 1465 1466
l 1462 1465
l 1464 1467
l 1468 1467
l 1466 1469
l 1468 1470
l 1471 1472
l 1469 1471
l 1470 1473
l 1474 1473
l 1475 1476
l 1472 1475
l 1474 1477
l 1478 1477
l 1479 1480
l 1476 1479
l 1478 1481
l 1482 1481
l 1483 1484
l 1480 1483
l 1482 1485
l 1486 1485
l 1487 1488
l 1484 1487
l 1486 1489
l 1490 1489
l 1491 1492
l 1488 1491
l 1490 1493
l 1494 1493
l 1495 1496
l 1492 1495
l 1494 1497
l 1498 1497
l 1499 1500
l 1496 1499
l 1498 1501
l 1502 1501
l 1500 1503
l 1502 1504
l 1503 1505
l 1506 1504
l 1507 1508
l 1505 1507
l 1506 1509
l 1510 1509
l 1511 1512
l 1508 1511
l 1510 1513
l 1514 1513
l 1515 1516
l 1512 1515
l 1514 1517
l 1518 1517
l 1519 1520
l 1516 1519
l 1518 1521
l 1522 1521
l 1523 1524
l 1520 1523
l 1522 1525
l 1526 1525
l 1527 1528
l 1524 1527
l 1526 1529
l 1530 1529
l 1531 1532
l 1528 1531
l 1530 1533
l 1534 1533
l 1535 1536
l 1532 1535
l 1534 1537
l 1538 1537
l 1539 1540
l 1536 1539
l 1538 1541
l 1542 1541
l 1543 1544
l 1540 1543
l 1542 1545
l 1546 1545
l 1544 1547
l 1546 1548
l 1549 1550
l 1547 1549
l 1548 1551
l 1552 1551
l 1550 1553
l 1554 1553
l 1555 1556
l 1552 1555
l 1554 1557
l 1556 1558
l 1557 1559
l 1560 1561
l 1562 1560
l 1563 1562
l 1564 1563
l 1565 1564
l 1566 1565
l 1567 1566
l 1568 1567
l 1569 1568
l 1558 1570
l 1559 1571
l 1572 1573
l 1574 1572
l 1575 1574
l 1576 1575
l 1577 1576
l 1578 1577
l 1561 1578
l 1569 1579
l 1580 1579
l 1581 1580
l 1582 1581
l 1583 1582
l 1584 1583
l 1585 1584
l 1570 1586
l 1571 1587
l 1588 1587
l 1589 1590
l 1591 1589
l 1592 1591
l 1593 1592
l 1594 1593
l 1573 1594
l 1585 1595
l 1596 1595
l 1597 1596
l 1598 1597
l 1599 1598
l 1600 1599
l 1601 1602
l 1586 1601
l 1588 1603
l 1604 1605
l 1606 1604
l 1607 1606
l 1608 1607
l 1609 1608
l 1590 1609
l 1600 1610
l 1611 1610
l 1612 1611
l 1613 1612
l 1614 1613
l 1615 1614
l 1602 1616
l 1603 1617
l 1618 1619
l 1620 1618
l 1621 1620
l 1622 1621
l 1623 1622
l 1605 1623
l 1615 1624
l 1625 1624
l 1626 1625
l 1627 1626
l 1628 1627
l 1629 1628
l 1616 1630
l 1617 1631
l 1632 1631
l 1633 1634
l 1635 1633
l 1636 1635
l 1637 1636
l 1638 1637
l 1639 1638
l 1640 1639
l 1619 1640
l 1629 1641
l 1642 1641
l 1643 1642
l 1644 1643
l 1645 1644
l 1646 1645
l 1647 1646
l 1648 1647
l 1649 1650
l 1630 1649
l 1632 1651
l 1652 1651
l 1653 1652
l 1634 1653
l 1648 1654
l 1655 1654
l 1656 1655
l 1650 1656
l 1657 1658
l 1659 1657
l 1660 1659
l 1661 1660
l 1662 1661
l 1663 1662
l 1664 1663
l 1665 1664
l 1666 1665
l 1667 1666
l 1668 1667
l 1669 1668
l 1670 1669
l 1671 1670
l 1672 1671
l 1673 1672
l 1674 1673
l 1675 1674
l 1676 1675
l 1677 1676
l 1678 1677
l 1679 1678
l 1680 1679
l 1681 1680
l 1682 1681
l 1683 1682
l 1684 1683
l 1685 1686
l 1687 1685
l 1658 1687
l 1684 1688
l 1689 1688
l 1690 1689
l 1691 1692
l 1686 1691
l 1690 1693
l 1694 1693
l 1692 1695
l 1694 1696
l 1697 1698
l 1695 1697
l 1696 1699
l 1700 1699
l 1701 1702
l 1698 1701
l 1700 1703
l 1704 1703
l 1705 1706
l 1702 1705
l 1704 1707
l 1708 1707
l 1709 1710
l 1706 1709
l 1708 1711
l 1712 1711
l 1713 1714
l 1710 1713
l 1712 1715
l 1716 1715
l 1717 1718
l 1714 1717
l 1716 1719
l 1720 1719
l 1721 1722
l 1718 1721
l 1720 1723
l 1724 1723
l 1725 1726
l 1722 1725
l 1724 1727
l 1728 1727
l 1729 1730
l 1726 1729
l 1728 1731
l 1732 1731
l 1730 1733
l 1732 1734
l 1735 1736
l 1733 1735
l 1734 1737
l 1738 1737
l 1739 1740
l 1736 1739
l 1738 1741
l 1742 1741
l 1743 1744
l 1740 1743
l 1742 1745
l 1746 1745
l 1747 1748
l 1744 1747
l 1746 1749
l 1750 1749
l 1751 1752
l 1748 1751
l 1750 1753
l 1754 1753
l 1755 1756
l 1752 1755
l 1754 1757
l 1758 1757
l 1759 1760
l 1756 1759
l 1758 1761
l 1762 1761
l 1763 1764
l 1760 1763
l 1762 1765
l 1766 1765
l 1767 1768
l 1764 1767
l 1766 1769
l 1770 1769
l 1771 1772
l 1768 1771
l 1770 1773
l 1774 1773
l 1772 1775
l 1774 1776
l 1777 1778
l 1775 1777
l 1776 1779
l 1780 1779
l 1781 1782
l 1778 1781
l 1780 1783
l 1784 1783
l 1782 1785
l 1784 1786
l 1785 1787
l 1786 1788
l 1787 1789
l 1788 1790
l 1789 1791
l 1792 1793
l 1794 1792
l 1795 1794
l 1796 1795
l 1797 1796
l 1798 1797
l 1799 1798
l 1800 1799
l 1801 1800
l 1790 1802
l 1791 1803
l 1804 1805
l 1806 1804
l 1807 1806
l 1808 1807
l 1809 1808
l 1810 1809
l 1793 1810
l 1801 1811
l 1812 1811
l 1813 1812
l 1814 1813
l 1815 1814
l 1816 1815
l 1817 1816
l 1802 1818
l 1803 1819
l 1820 1819
l 1821 1822
l 1823 1821
l 1824 1823
l 1825 1824
l 1826 1825
l 1805 1826
l 1817 1827
l 1828 1827
l 1829 1828
l 1830 1829
l 1831 1830
l 1832 1831
l 1833 1834
l 1818 1833
l 1820 1835
l 1836 1837
l 1838 1836
l 1839 1838
l 1840 1839
l 1841 1840
l 1822 1841
l 1832 1842
l 1843 1842
l 1844 1843
l 1845 1844
l 1846 1845
l 1847 1846
l 1834 1848
l 1835 1849
l 1850 1851
l 1852 1850
l 1853 1852
l 1854 1853
l 1855 1854
l 1856 1855
l 1837 1856
l 1847 1857
l 1858 1857
l 1859 1858
l 1860 1859
l 1861 1860
l 1862 1861
l 1863 1862
l 1848 1864
l 1849 1865
l 1866 1865
l 1867 1866
l 1868 1869
l 1870 1868
l 1871 1870
l 1872 1871
l 1873 1872
l 1874 1873
l 1875 1874
l 1851 1875
l 1863 1876
l 1877 1876
l 1878 1877
l 1879 1878
l 1880 1879
l 1881 1880
l 1882 1881
l 1883 1882
l 1884 1885
l 1886 1884
l 1864 1886
l 1867 1887
l 1869 1887
l 1883 1888
l 1885 1888
l 1889 1890
l 1891 1889
l 1892 1891
l 1893 1892
l 1894 1893
l 1895 1894
l 1896 1895
l 1897 1896
l 1898 1897
l 1899 1898
l 1900 1899
l 1901 1900
l 1902 1901
l 1903 1902
l 1904 1903
l 1905 1904
l 1906 1905
l 1907 1906
l 1908 1907
l 1909 1908
l 1910 1909
l 1911 1910
l 1912 1911
l 1913 1912
l 1914 1913
l 1915 1914
l 1916 1915
l 1917 1918
l 1890 1917
l 1916 1919
l 1920 1919
l 1921 1922
l 1918 1921
l 1920 1923
l 1924 1923
l 1925 1926
l 1922 1925
l 1924 1927
l 1928 1927
l 1929 1930
l 1926 1929
l 1928 1931
l 1932 1931
l 1933 1934
l 1930 1933
l 1932 1935
l 1936 1935
l 1937 1938
l 1934 1937
l 1936 1939
l 1940 1939
l 1941 1942
l 1938 1941
l 1940 1943
l 1944 1943
l 1945 1946
l 1942 1945
l 1944 1947
l 1948 1947
l 1949 1950
l 1946 1949
l 1948 1951
l 1952 1951
l 1953 1954
l 1950 1953
l 1952 1955
l 1956 1955
l 1954 1957
l 1956 1958
l 1959 1960
l 1957 1959
l 1958 1961
l 1962 1961
l 1963 1964
l 1960 1963
l 1962 1965
l 1966 1965
l 1967 1968
l 1964 1967
l 1966 1969
l 1970 1969
l 1971 1972
l 1968 1971
l 1970 1973
l 1974 1973
l 1975 1976
l 1972 1975
l 1974 1977
l 1978 1977
l 1979 1980
l 1976 1979
l 1978 1981
l 1982 1981
l 1983 1984
l 1980 1983
l 1982 1985
l 1986 1985
l 1987 1988
l 1984 1987
l 1986 1989
l 1990 1989
l 1991 1992
l 1988 1991
l 1990 1993
l 1994 1993
l 1995 1996
l 1992 1995
l 1994 1997
l 1998 1997
l 1996 1999
l 1998 2000
l 2001 2002
l 1999 2001
l 2000 2003
l 2004 2003
l 2005 2006
l 2002 2005
l 2004 2007
l 2008 2007
l 2009 2010
l 2006 2009
l 2008 2011
l 2012 2011
l 2013 2014
l 2010 2013
l 2012 2015
l 2016 2015
l 2014 2017
l 2016 2018
l 2017 2019
l 2018 2020
l 2019 2021
l 2020 2022
l 2021 2023
l 2024 2025
l 2026 2024
l 2027 2026
l 2028 2027
l 2029 2028
l 2030 2029
l 2031 2030
l 2032 2031
l 2033 2032
l 2034 2033
l 2035 2034
l 2022 2036
l 2023 2037
l 2038 2037
l 2039 2040
l 2041 2039
l 2042 2041
l 2043 2042
l 2044 2043
l 2025 2044
l 2035 2045
l 2046 2045
l 2047 2046
l 2048 2047
l 2049 2048
l 2050 2049
l 2051 2052
l 2036 2051
l 2038 2053
l 2054 2055
l 2056 2054
l 2057 2056
l 2058 2057
l 2059 2058
l 2040 2059
l 2050 2060
l 2061 2060
l 2062 2061
l 2063 2062
l 2064 2063
l 2065 2064
l 2052 2066
l 2053 2067
l 2068 2069
l 2070 2068
l 2071 2070
l 2072 2071
l 2073 2072
l 2055 2073
l 2065 2074
l 2075 2074
l 2076 2075
l 2077 2076
l 2078 2077
l 2079 2078
l 2066 2080
l 2067 2081
l 2082 2081
l 2083 2084
l 2085 2083
l 2086 2085
l 2087 2086
l 2088 2087
l 2089 2088
l 2069 2089
l 2079 2090
l 2091 2090
l 2092 2091
l 2093 2092
l 2094 2093
l 2095 2094
l 2096 2095
l 2097 2098
l 2080 2097
l 2082 2099
l 2100 2099
l 2101 2100
l 2102 2101
l 2103 2102
l 2104 2103
l 2105 2104
l 2106 2105
l 2107 2106
l 2084 2107
l 2096 2108
l 2109 2108
l 2110 2109
l 2111 2110
l 2112 2111
l 2113 2112
l 2114 2113
l 2115 2114
l 2116 2115
l 2098 2116
l 2117 2118
l 2119 2117
l 2120 2119
l 2121 2120
l 2122 2121
l 2123 2122
l 2124 2123
l 2125 2124
l 2126 2125
l 2127 2126
l 2128 2127
l 2129 2128
l 2130 2129
l 2131 2130
l 2132 2131
l 2133 2132
l 2134 2133
l 2135 2134
l 2136 2135
l 2137 2136
l 2138 2137
l 2139 2138
l 2140 2139
l 2141 2140
l 2142 2141
l 2143 2142
l 2144 2143
l 2145 2146
l 2118 2145
l 2144 2147
l 2148 2147
l 2149 2150
l 2146 2149
l 2148 2151
l 2152 2151
l 2153 2154
l 2150 2153
l 2152 2155
l 2156 2155
l 2157 2158
l 2154 2157
l 2156 2159
l 2160 2159
l 2161 2162
l 2158 2161
l 2160 2163
l 2164 2163
l 2165 2166
l 2162 2165
l 2164 2167
l 2168 2167
l 2169 2170
l 2166 2169
l 2168 2171
l 2172 2171
l 2173 2174
l 2170 2173
l 2172 2175
l 2176 2175
l 2174 2177
l 2176 2178
l 2179 2180
l 2177 2179
l 2178 2181
l 2182 2181
l 2183 2184
l 2180 2183
l 2182 2185
l 2186 2185
l 2187 2188
l 2184 2187
l 2186 2189
l 2190 2189
l 2191 2192
l 2188 2191
l 2190 2193
l 2194 2193
l 2195 2196
l 2192 2195
l 2194 2197
l 2198 2197
l 2199 2200
l 2196 2199
l 2198 2201
l 2202 2201
l 2203 2204
l 2200 2203
l 2202 2205
l 2206 2205
l 2207 2208
l 2204 2207
l 2206 2209
l 2210 2209
l 2211 2212
l 2208 2211
l 2210 2213
l 2214 2213
l 2212 2215
l 2214 2216
l 2217 2218
l 2215 2217
l 2216 2219
l 2220 2219
l 2221 2222
l 2218 2221
l 2220 2223
l 2224 2223
l 2225 2226
l 2222 2225
l 2224 2227
l 2228 2227
l 2229 2230
l 2226 2229
l 2228 2231
l 2232 2231
l 2233 2234
l 2230 2233
l 2232 2235
l 2236 2235
l 2237 2238
l 2234 2237
l 2236 2239
l 2240 2239
l 2241 2242
l 2238 2241
l 2240 2243
l 2244 2243
l 2242 2245
l 2244 2246
l 2245 2247
l 2246 2248
l 2247 2249
l 2248 2250
l 2249 2251
l 2252 2251
l 2253 2254
l 2255 2253
l 2256 2255
l 2257 2256
l 2258 2257
l 2259 2258
l 2260 2259
l 2261 2260
l 2262 2261
l 2263 2262
l 2264 2263
l 2265 2266
l 2250 2265
l 2252 2267
l 2268 2269
l 2270 2268
l 2271 2270
l 2272 2271
l 2273 2272
l 2274 2273
l 2254 2274
l 2264 2275
l 2276 2275
l 2277 2276
l 2278 2277
l 2279 2278
l 2280 2279
l 2281 2280
l 2266 2282
l 2267 2283
l 2284 2285
l 2286 2284
l 2287 2286
l 2288 2287
l 2289 2288
l 2269 2289
l 2281 2290
l 2291 2290
l 2292 2291
l 2293 2292
l 2294 2293
l 2295 2294
l 2282 2296
l 2283 2297
l 2298 2299
l 2300 2298
l 2301 2300
l 2302 2301
l 2303 2302
l 2285 2303
l 2295 2304
l 2305 2304
l 2306 2305
l 2307 2306
l 2308 2307
l 2309 2308
l 2296 2310
l 2297 2311
l 2312 2311
l 2313 2314
l 2315 2313
l 2316 2315
l 2317 2316
l 2318 2317
l 2319 2318
l 2299 2319
l 2309 2320
l 2321 2320
l 2322 2321
l 2323 2322
l 2324 2323
l 2325 2324
l 2326 2325
l 2327 2328
l 2310 2327
l 2312 2329
l 2330 2329
l 2331 2330
l 2332 2331
l 2333 2332
l 2334 2333
l 2335 2334
l 2336 2335
l 2314 2336
l 2326 2337
l 2338 2337
l 2339 2338
l 2340 2339
l 2341 2340
l 2342 2341
l 2343 2342
l 2344 2343
l 2328 2344
l 2345 2346
l 2347 2345
l 2348 2347
l 2349 2348
l 2350 2349
l 2351 2350
l 2352 2351
l 2353 2352
l 2354 2353
l 2355 2354
l 2356 2355
l 2357 2356
l 2358 2357
l 2359 2358
l 2360 2359
l 2361 2360
l 2362 2361
l 2363 2362
l 2364 2363
l 2365 2364
l 2366 2365
l 2367 2366
l 2368 2367
l 2369 2368
l 2370 2369
l 2371 2372
l 2373 2371
l 2346 2373
l 2370 2374
l 2375 2374
l 2376 2375
l 2377 2378
l 2372 2377
l 2376 2379
l 2380 2379
l 2381 2382
l 2378 2381
l 2380 2383
l 2384 2383
l 2385 2386
l 2382 2385
l 2384 2387
l 2388 2387
l 2389 2390
l 2386 2389
l 2388 2391
l 2392 2391
l 2393 2394
l 2390 2393
l 2392 2395
l 2396 2395
l 2394 2397
l 2396 2398
l 2399 2400
l 2397 2399
l 2398 2401
l 2402 2401
l 2403 2404
l 2400 2403
l 2402 2405
l 2406 2405
l 2407 2408
l 2404 2407
l 2406 2409
l 2410 2409
l 2411 2412
l 2408 2411
l 2410 2413
l 2414 2413
l 2415 2416
l 2412 2415
l 2414 2417
l 2418 2417
l 2419 2420
l 2416 2419
l 2418 2421
l 2422 2421
l 2423 2424
l 2420 2423
l 2422 2425
l 2426 2425
l 2427 2428
l 2424 2427
l 2426 2429
l 2430 2429
l 2431 2432
l 2428 2431
l 2430 2433
l 2434 2433
l 2432 2435
l 2434 2436
l 2437 2438
l 2435 2437
l 2436 2439
l 2440 2439
l 2441 2442
l 2438 2441
l 2440 2443
l 2444 2443
l 2445 2446
l 2442 2445
l 2444 2447
l 2448 2447
l 2449 2450
l 2446 2449
l 2448 2451
l 2452 2451
l 2453 2454
l 2450 2453
l 2452 2455
l 2456 2455
l 2457 2458
l 2454 2457
l 2456 2459
l 2460 2459
l 2461 2462
l 2458 2461
l 2460 2463
l 2464 2463
l 2465 2466
l 2462 2465
l 2464 2467
l 2468 2467
l 2469 2470
l 2466 2469
l 2468 2471
l 2472 2471
l 2470 2473
l 2472 2474
l 2473 2475
l 2474 2476
l 2475 2477
l 2476 2478
l 2477 2479
l 2480 2479
l 2481 2482
l 2483 2481
l 2484 2483
l 2485 2484
l 2486 2485
l 2487 2486
l 2488 2487
l 2489 2488
l 2490 2489
l 2491 2490
l 2492 2491
l 2493 2492
l 2494 2493
l 2495 2496
l 2478 2495
l 2480 2497
l 2498 2499
l 2500 2498
l 2501 2500
l 2502 2501
l 2503 2502
l 2482 2503
l 2494 2504
l 2505 2504
l 2506 2505
l 2507 2506
l 2508 2507
l 2509 2508
l 2496 2510
l 2497 2511
l 2512 2513
l 2514 2512
l 2515 2514
l 2516 2515
l 2517 2516
l 2499 2517
l 2509 2518
l 2519 2518
l 2520 2519
l 2521 2520
l 2522 2521
l 2523 2522
l 2510 2524
l 2511 2525
l 2526 2525
l 2527 2528
l 2529 2527
l 2530 2529
l 2531 2530
l 2532 2531
l 2513 2532
l 2523 2533
l 2534 2533
l 2535 2534
l 2536 2535
l 2537 2536
l 2538 2537
l 2539 2540
l 2524 2539
l 2526 2541
l 2542 2543
l 2544 2542
l 2545 2544
l 2546 2545
l 2547 2546
l 2548 2547
l 2528 2548
l 2538 2549
l 2550 2549
l 2551 2550
l 2552 2551
l 2553 2552
l 2554 2553
l 2555 2554
l 2540 2556
l 2541 2557
l 2558 2557
l 2559 2558
l 2560 2559
l 2561 2560
l 2562 2561
l 2563 2562
l 2564 2563
l 2543 2564
l 2555 2565
l 2566 2565
l 2567 2566
l 2568 2567
l 2569 2568
l 2570 2569
l 2571 2570
l 2572 2571
l 2556 2572
l 2573 2574
l 2575 2573
l 2576 2575
l 2577 2576
l 2578 2577
l 2579 2578
l 2580 2579
l 2581 2580
l 2582 2581
l 2583 2582
l 2584 2583
l 2585 2584
l 2586 2585
l 2587 2586
l 2588 2587
l 2589 2588
l 2590 2589
l 2591 2590
l 2592 2591
l 2593 2592
l 2594 2593
l 2595 2594
l 2596 2595
l 2597 2598
l 2599 2597
l 2600 2599
l 2574 2600
l 2596 2601
l 2602 2601
l 2603 2602
l 2604 2603
l 2605 2606
l 2598 2605
l 2604 2607
l 2608 2607
l 2609 2610
l 2606 2609
l 2608 2611
l 2612 2611
l 2613 2614
l 2610 2613
l 2612 2615
l 2616 2615
l 2614 2617
l 2616 2618
l 2619 2620
l 2617 2619
l 2618 2621
l 2622 2621
l 2623 2624
l 2620 2623
l 2622 2625
l 2626 2625
l 2627 2628
l 2624 2627
l 2626 2629
l 2630 2629
l 2631 2632
l 2628 2631
l 2630 2633
l 2634 2633
l 2635 2636
l 2632 2635
l 2634 2637
l 2638 2637
l 2639 2640
l 2636 2639
l 2638 2641
l 2642 2641
l 2643 2644
l 2640 2643
l 2642 2645
l 2646 2645
l 2647 2648
l 2644 2647
l 2646 2649
l 2650 2649
l 2651 2652
l 2648 2651
l 2650 2653
l 2654 2653
l 2652 2655
l 2654 2656
l 2657 2658
l 2655 2657
l 2656 2659
l 2660 2659
l 2661 2662
l 2658 2661
l 2660 2663
l 2664 2663
l 2665 2666
l 2662 2665
l 2664 2667
l 2668 2667
l 2669 2670
l 2666 2669
l 2668 2671
l 2672 2671
l 2673 2674
l 2670 2673
l 2672 2675
l 2676 2675
l 2677 2678
l 2674 2677
l 2676 2679
l 2680 2679
l 2681 2682
l 2678 2681
l 2680 2683
l 2684 2683
l 2685 2686
l 2682 2685
l 2684 2687
l 2688 2687
l 2689 2690
l 2686 2689
l 2688 2691
l 2692 2691
l 2693 2694
l 2690 2693
l 2692 2695
l 2696 2695
l 2694 2697
l 2696 2698
l 2699 2700
l 2697 2699
l 2698 2701
l 2702 2701
l 2700 2703
l 2702 2704
l 2703 2705
l 2706 2705
l 2707 2708
l 2704 2707
l 2706 2709
l 2710 2711
l 2712 2710
l 2713 2712
l 2714 2713
l 2715 2714
l 2716 2715
l 2717 2716
l 2718 2717
l 2719 2718
l 2720 2719
l 2721 2720
l 2722 2721
l 2723 2722
l 2708 2724
l 2709 2725
l 2726 2727
l 2728 2726
l 2729 2728
l 2730 2729
l 2731 2730
l 2732 2731
l 2711 2732
l 2723 2733
l 2734 2733
l 2735 2734
l 2736 2735
l 2737 2736
l 2738 2737
l 2739 2738
l 2724 2740
l 2725 2741
l 2742 2743
l 2744 2742
l 2745 2744
l 2746 2745
l 2747 2746
l 2727 2747
l 2739 2748
l 2749 2748
l 2750 2749
l 2751 2750
l 2752 2751
l 2753 2752
l 2740 2754
l 2741 2755
l 2756 2755
l 2757 2758
l 2759 2757
l 2760 2759
l 2761 2760
l 2762 2761
l 2743 2762
l 2753 2763
l 2764 2763
l 2765 2764
l 2766 2765
l 2767 2766
l 2768 2767
l 2769 2770
l 2754 2769
l 2756 2771
l 2772 2773
l 2774 2772
l 2775 2774
l 2776 2775
l 2777 2776
l 2778 2777
l 2758 2778
l 2768 2779
l 2780 2779
l 2781 2780
l 2782 2781
l 2783 2782
l 2784 2783
l 2785 2784
l 2770 2786
l 2771 2787
l 2788 2787
l 2789 2788
l 2790 2789
l 2791 2790
l 2792 2791
l 2793 2792
l 2773 2793
l 2785 2794
l 2795 2794
l 2796 2795
l 2797 2796
l 2798 2797
l 2799 2798
l 2800 2799
l 2786 2800
l 2801 2802
l 2803 2801
l 2804 2803
l 2805 2804
l 2806 2805
l 2807 2806
l 2808 2807
l 2809 2808
l 2810 2809
l 2811 2810
l 2812 2811
l 2813 2812
l 2814 2813
l 2815 2814
l 2816 2815
l 2817 2816
l 2818 2817
l 2819 2818
l 2820 2819
l 2821 2820
l 2822 2821
l 2823 2824
l 2825 2823
l 2826 2825
l 2827 2826
l 2802 2827
l 2822 2828
l 2829 2828
l 2830 2829
l 2831 2830
l 2832 2831
l 2833 2834
l 2824 2833
l 2832 2835
l 2836 2835
l 2834 2837
l 2836 2838
l 2839 2840
l 2837 2839
l 2838 2841
l 2842 2841
l 2843 2844
l 2840 2843
l 2842 2845
l 2846 2845
l 2847 2848
l 2844 2847
l 2846 2849
l 2850 2849
l 2851 2852
l 2848 2851
l 2850 2853
l 2854 2853
l 2855 2856
l 2852 2855
l 2854 2857
l 2858 2857
l 2859 2860
l 2856 2859
l 2858 2861
l 2862 2861
l 2863 2864
l 2860 2863
l 2862 2865
l 2866 2865
l 2867 2868
l 2864 2867
l 2866 2869
l 2870 2869
l 2871 2872
l 2868 2871
l 2870 2873
l 2874 2873
l 2872 2875
l 2874 2876
l 2877 2878
l 2875 2877
l 2876 2879
l 2880 2879
l 2881 2882
l 2878 2881
l 2880 2883
l 2884 2883
l 2885 2886
l 2882 2885
l 2884 2887
l 2888 2887
l 2889 2890
l 2886 2889
l 2888 2891
l 2892 2891
l 2893 2894
l 2890 2893
l 2892 2895
l 2896 2895
l 2897 2898
l 2894 2897
l 2896 2899
l 2900 2899
l 2901 2902
l 2898 2901
l 2900 2903
l 2904 2903
l 2905 2906
l 2902 2905
l 2904 2907
l 2908 2907
l 2909 2910
l 2906 2909
l 2908 2911
l 2912 2911
l 2913 2914
l 2910 2913
l 2912 2915
l 2916 2915
l 2914 2917
l 2916 2918
l 2919 2920
l 2917 2919
l 2918 2921
l 2922 2921
l 2923 2924
l 2920 2923
l 2922 2925
l 2926 2925
l 2924 2927
l 2926 2928
l 2927 2929
l 2928 2930
l 2929 2931
l 2930 2932
l 2931 2933
l 2934 2935
l 2936 2934
l 2937 2936
l 2938 2937
l 2939 2938
l 2940 2939
l 2941 2940
l 2942 2941
l 2943 2942
l 2944 2943
l 2945 2944
l 2946 2945
l 2947 2946
l 2948 2947
l 2949 2948
l 2932 2950
l 2933 2951
l 2952 2953
l 2954 2952
l 2955 2954
l 2956 2955
l 2957 2956
l 2935 2957
l 2949 2958
l 2959 2958
l 2960 2959
l 2961 2960
l 2962 2961
l 2963 2962
l 2950 2964
l 2951 2965
l 2966 2965
l 2967 2968
l 2969 2967
l 2970 2969
l 2971 2970
l 2972 2971
l 2953 2972
l 2963 2973
l 2974 2973
l 2975 2974
l 2976 2975
l 2977 2976
l 2978 2977
l 2979 2980
l 2964 2979
l 2966 2981
l 2982 2983
l 2984 2982
l 2985 2984
l 2986 2985
l 2987 2986
l 2968 2987
l 2978 2988
l 2989 2988
l 2990 2989
l 2991 2990
l 2992 2991
l 2993 2992
l 2980 2994
l 2981 2995
l 2996 2995
l 2997 2998
l 2999 2997
l 3000 2999
l 3001 3000
l 3002 3001
l 3003 3002
l 3004 3003
l 2983 3004
l 2993 3005
l 3006 3005
l 3007 3006
l 3008 3007
l 3009 3008
l 3010 3009
l 3011 3010
l 3012 3011
l 3013 3014
l 2994 3013
l 2996 3015
l 3016 3015
l 3017 3016
l 3018 3017
l 3019 3018
l 2998 3019
l 3012 3020
l 3021 3020
l 3022 3021
l 3023 3022
l 3024 3023
l 3014 3024
l 3025 3026
l 3027 3025
l 3028 3027
l 3029 3028
l 3030 3029
l 3031 3030
l 3032 3031
l 3033 3032
l 3034 3033
l 3035 3034
l 3036 3035
l 3037 3036
l 3038 3037
l 3039 3038
l 3040 3039
l 3041 3040
l 3042 3041
l 3043 3044
l 3045 3043
l 3046 3045
l 3047 3046
l 3048 3047
l 3026 3048
l 3042 3049
l 3050 3049
l 3051 3050
l 3052 3051
l 3053 3052
l 3054 3053
l 3055 3056
l 3044 3055
l 3054 3057
l 3058 3057
l 3059 3060
l 3056 3059
l 3058 3061
l 3062 3061
l 3063 3064
l 3060 3063
l 3062 3065
l 3066 3065
l 3067 3068
l 3064 3067
l 3066 3069
l 3070 3069
l 3071 3072
l 3068 3071
l 3070 3073
l 3074 3073
l 3075 3076
l 3072 3075
l 3074 3077
l 3078 3077
l 3079 3080
l 3076 3079
l 3078 3081
l 3082 3081
l 3083 3084
l 3080 3083
l 3082 3085
l 3086 3085
l 3087 3088
l 3084 3087
l 3086 3089
l 3090 3089
l 3088 3091
l 3090 3092
l 3093 3094
l 3091 3093
l 3092 3095
l 3096 3095
l 3097 3098
l 3094 3097
l 3096 3099
l 3100 3099
l 3101 3102
l 3098 3101
l 3100 3103
l 3104 3103
l 3105 3106
l 3102 3105
l 3104 3107
l 3108 3107
l 3109 3110
l 3106 3109
l 3108 3111
l 3112 3111
l 3113 3114
l 3110 3113
l 3112 3115
l 3116 3115
l 3117 3118
l 3114 3117
l 3116 3119
l 3120 3119
l 3121 3122
l 3118 3121
l 3120 3123
l 3124 3123
l 3125 3126
l 3122 3125
l 3124 3127
l 3128 3127
l 3126 3129
l 3128 3130
l 3131 3132
l 3129 3131
l 3130 3133
l 3134 3133
l 3135 3136
l 3132 3135
l 3134 3137
l 3138 3137
l 3139 3140
l 3136 3139
l 3138 3141
l 3142 3141
l 3143 3144
l 3140 3143
l 3142 3145
l 3146 3145
l 3147 3148
l 3144 3147
l 3146 3149
l 3150 3149
l 3148 3151
l 3150 3152
l 3151 3153
l 3152 3154
l 3153 3155
l 3154 3156
l 3155 3157
l 3158 3159
l 3160 3158
l 3161 3160
l 3162 3161
l 3163 3162
l 3164 3163
l 3165 3164
l 3166 3165
l 3167 3166
l 3168 3167
l 3169 3168
l 3170 3169
l 3171 3170
l 3172 3171
l 3173 3172
l 3156 3174
l 3157 3175
l 3176 3177
l 3178 3176
l 3179 3178
l 3180 3179
l 3181 3180
l 3182 3181
l 3159 3182
l 3173 3183
l 3184 3183
l 3185 3184
l 3186 3185
l 3187 3186
l 3188 3187
l 3189 3188
l 3174 3190
l 3175 3191
l 3192 3191
l 3193 3194
l 3195 3193
l 3196 3195
l 3197 3196
l 3177 3197
l 3189 3198
l 3199 3198
l 3200 3199
l 3201 3200
l 3202 3201
l 3203 3204
l 3190 3203
l 3192 3205
l 3206 3207
l 3208 3206
l 3209 3208
l 3210 3209
l 3211 3210
l 3194 3211
l 3202 3212
l 3213 3212
l 3214 3213
l 3215 3214
l 3216 3215
l 3217 3216
l 3204 3218
l 3205 3219
l 3220 3219
l 3221 3222
l 3223 3221
l 3224 3223
l 3225 3224
l 3226 3225
l 3227 3226
l 3228 3227
l 3229 3228
l 3230 3229
l 3207 3230
l 3217 3231
l 3232 3231
l 3233 3232
l 3234 3233
l 3235 3234
l 3236 3235
l 3237 3236
l 3238 3237
l 3239 3238
l 3240 3239
l 3241 3242
l 3218 3241
l 3220 3243
l 3244 3243
l 3245 3244
l 3222 3245
l 3240 3246
l 3247 3246
l 3248 3247
l 3242 3248
l 3249 3250
l 3251 3249
l 3252 3251
l 3253 3252
l 3254 3253
l 3255 3254
l 3256 3255
l 3257 3256
l 3258 3257
l 3259 3258
l 3260 3259
l 3261 3260
l 3262 3261
l 3263 3262
l 3264 3263
l 3265 3264
l 3266 3265
l 3267 3266
l 3268 3267
l 3269 3268
l 3270 3269
l 3271 3270
l 3272 3271
l 3273 3272
l 3274 3273
l 3275 3274
l 3276 3275
l 3277 3278
l 3250 3277
l 3276 3279
l 3280 3279
l 3281 3282
l 3278 3281
l 3280 3283
l 3284 3283
l 3285 3286
l 3282 3285
l 3284 3287
l 3288 3287
l 3289 3290
l 3286 3289
l 3288 3291
l 3292 3291
l 3293 3294
l 3290 3293
l 3292 3295
l 3296 3295
l 3297 3298
l 3294 3297
l 3296 3299
l 3300 3299
l 3298 3301
l 3300 3302
l 3303 3304
l 3301 3303
l 3302 3305
l 3306 3305
l 3307 3308
l 3304 3307
l 3306 3309
l 3310 3309
l 3311 3312
l 3308 3311
l 3310 3313
l 3314 3313
l 3315 3316
l 3312 3315
l 3314 3317
l 3318 3317
l 3319 3320
l 3316 3319
l 3318 3321
l 3322 3321
l 3323 3324
l 3320 3323
l 3322 3325
l 3326 3325
l 3327 3328
l 3324 3327
l 3326 3329
l 3330 3329
l 3331 3332
l 3328 3331
l 3330 3333
l 3334 3333
l 3335 3336
l 3332 3335
l 3334 3337
l 3338 3337
l 3336 3339
l 3338 3340
l 3341 3342
l 3339 3341
l 3340 3343
l 3344 3343
l 3345 3346
l 3342 3345
l 3344 3347
l 3348 3347
l 3349 3350
l 3346 3349
l 3348 3351
l 3352 3351
l 3353 3354
l 3350 3353
l 3352 3355
l 3356 3355
l 3357 3358
l 3354 3357
l 3356 3359
l 3360 3359
l 3361 3362
l 3358 3361
l 3360 3363
l 3364 3363
l 3365 3366
l 3362 3365
l 3364 3367
l 3368 3367
l 3369 3370
l 3366 3369
l 3368 3371
l 3372 3371
l 3370 3373
l 3372 3374
l 3373 3375
l 3374 3376
l 3375 3377
l 3376 3378
l 3377 3379
l 3380 3381
l 3382 3380
l 3383 3382
l 3384 3383
l 3385 3384
l 3386 3385
l 3387 3386
l 3388 3387
l 3389 3388
l 3390 3389
l 3391 3390
l 3392 3391
l 3393 3392
l 3394 3393
l 3395 3394
l 3396 3395
l 3397 3396
l 3378 3398
l 3379 3399
l 3400 3399
l 3401 3402
l 3403 3401
l 3404 3403
l 3405 3404
l 3406 3405
l 3381 3406
l 3397 3407
l 3408 3407
l 3409 3408
l 3410 3409
l 3411 3410
l 3412 3411
l 3413 3414
l 3398 3413
l 3400 3415
l 3416 3417
l 3418 3416
l 3419 3418
l 3420 3419
l 3421 3420
l 3402 3421
l 3412 3422
l 3423 3422
l 3424 3423
l 3425 3424
l 3426 3425
l 3427 3426
l 3414 3428
l 3415 3429
l 3430 3431
l 3432 3430
l 3433 3432
l 3434 3433
l 3435 3434
l 3417 3435
l 3427 3436
l 3437 3436
l 3438 3437
l 3439 3438
l 3440 3439
l 3441 3440
l 3428 3442
l 3429 3443
l 3444 3443
l 3445 3444
l 3446 3445
l 3447 3446
l 3448 3447
l 3449 3448
l 3450 3449
l 3451 3450
l 3452 3451
l 3453 3452
l 3454 3453
l 3431 3454
l 3441 3455
l 3456 3455
l 3457 3456
l 3458 3457
l 3459 3458
l 3460 3459
l 3461 3460
l 3462 3461
l 3463 3462
l 3464 3463
l 3465 3464
l 3466 3465
l 3442 3466
l 3467 3468
l 3469 3467
l 3470 3469
l 3471 3470
l 3472 3471
l 3473 3472
l 3474 3473
l 3475 3474
l 3476 3475
l 3477 3476
l 3478 3477
l 3479 3478
l 3480 3479
l 3481 3480
l 3482 3481
l 3483 3482
l 3484 3483
l 3485 3484
l 3486 3485
l 3487 3486
l 3488 3487
l 3489 3488
l 3490 3489
l 3491 3490
l 3492 3491
l 3493 3492
l 3494 3493
l 3495 3496
l 3468 3495
l 3494 3497
l 3498 3497
l 3499 3500
l 3496 3499
l 3498 3501
l 3502 3501
l 3503 3504
l 3500 3503
l 3502 3505
l 3506 3505
l 3507 3508
l 3504 3507
l 3506 3509
l 3510 3509
l 3508 3511
l 3510 3512
l 3513 3514
l 3511 3513
l 3512 3515
l 3516 3515
l 3517 3518
l 3514 3517
l 3516 3519
l 3520 3519
l 3521 3522
l 3518 3521
l 3520 3523
l 3524 3523
l 3525 3526
l 3522 3525
l 3524 3527
l 3528 3527
l 3529 3530
l 3526 3529
l 3528 3531
l 3532 3531
l 3533 3534
l 3530 3533
l 3532 3535
l 3536 3535
l 3537 3538
l 3534 3537
l 3536 3539
l 3540 3539
l 3541 3542
l 3538 3541
l 3540 3543
l 3544 3543
l 3542 3545
l 3544 3546
l 3547 3548
l 3545 3547
l 3546 3549
l 3550 3549
l 3551 3552
l 3548 3551
l 3550 3553
l 3554 3553
l 3555 3556
l 3552 3555
l 3554 3557
l 3558 3557
l 3559 3560
l 3556 3559
l 3558 3561
l 3562 3561
l 3563 3564
l 3560 3563
l 3562 3565
l 3566 3565
l 3567 3568
l 3564 3567
l 3566 3569
l 3570 3569
l 3571 3572
l 3568 3571
l 3570 3573
l 3574 3573
l 3575 3576
l 3572 3575
l 3574 3577
l 3578 3577
l 3579 3580
l 3576 3579
l 3578 3581
l 3582 3581
l 3583 3584
l 3580 3583
l 3582 3585
l 3586 3585
l 3584 3587
l 3586 3588
l 3589 3590
l 3587 3589
l 3588 3591
l 3592 3591
l 3590 3593
l 3592 3594
l 3593 3595
l 3594 3596
l 3595 3597
l 3598 3597
l 3599 3600
l 3601 3599
l 3602 3601
l 3603 3602
l 3604 3603
l 3605 3604
l 3606 3605
l 3607 3606
l 3608 3607
l 3609 3608
l 3610 3609
l 3611 3610
l 3612 3611
l 3613 3612
l 3614 3613
l 3615 3614
l 3616 3615
l 3617 3616
l 3618 3617
l 3619 3620
l 3596 3619
l 3598 3621
l 3622 3623
l 3624 3622
l 3625 3624
l 3626 3625
l 3627 3626
l 3600 3627
l 3618 3628
l 3629 3628
l 3630 3629
l 3631 3630
l 3632 3631
l 3633 3632
l 3620 3634
l 3621 3635
l 3636 3637
l 3638 3636
l 3639 3638
l 3640 3639
l 3623 3640
l 3633 3641
l 3642 3641
l 3643 3642
l 3644 3643
l 3645 3644
l 3634 3646
l 3635 3647
l 3648 3647
l 3649 3650
l 3651 3649
l 3652 3651
l 3653 3652
l 3654 3653
l 3655 3654
l 3637 3655
l 3645 3656
l 3657 3656
l 3658 3657
l 3659 3658
l 3660 3659
l 3661 3660
l 3662 3661
l 3663 3664
l 3646 3663
l 3648 3665
l 3666 3665
l 3667 3666
l 3668 3667
l 3669 3668
l 3670 3669
l 3671 3670
l 3672 3671
l 3673 3672
l 3674 3673
l 3650 3674
l 3662 3675
l 3676 3675
l 3677 3676
l 3678 3677
l 3679 3678
l 3680 3679
l 3681 3680
l 3682 3681
l 3683 3682
l 3684 3683
l 3664 3684
l 3685 3686
l 3687 3685
l 3688 3687
l 3689 3688
l 3690 3689
l 3691 3690
l 3692 3691
l 3693 3692
l 3694 3693
l 3695 3694
l 3696 3695
l 3697 3696
l 3698 3697
l 3699 3698
l 3700 3699
l 3701 3700
l 3702 3701
l 3703 3702
l 3704 3703
l 3705 3704
l 3706 3705
l 3707 3706
l 3708 3707
l 3709 3708
l 3710 3709
l 3711 3712
l 3713 3711
l 3686 3713
l 3710 3714
l 3715 3714
l 3716 3715
l 3712 3717
l 3716 3718
l 3719 3720
l 3717 3719
l 3718 3721
l 3722 3721
l 3723 3724
l 3720 3723
l 3722 3725
l 3726 3725
l 3727 3728
l 3724 3727
l 3726 3729
l 3730 3729
l 3731 3732
l 3728 3731
l 3730 3733
l 3734 3733
l 3735 3736
l 3732 3735
l 3734 3737
l 3738 3737
l 3739 3740
l 3736 3739
l 3738 3741
l 3742 3741
l 3743 3744
l 3740 3743
l 3742 3745
l 3746 3745
l 3747 3748
l 3744 3747
l 3746 3749
l 3750 3749
l 3751 3752
l 3748 3751
l 3750 3753
l 3754 3753
l 3752 3755
l 3754 3756
l 3757 3758
l 3755 3757
l 3756 3759
l 3760 3759
l 3761 3762
l 3758 3761
l 3760 3763
l 3764 3763
l 3765 3766
l 3762 3765
l 3764 3767
l 3768 3767
l 3769 3770
l 3766 3769
l 3768 3771
l 3772 3771
l 3773 3774
l 3770 3773
l 3772 3775
l 3776 3775
l 3777 3778
l 3774 3777
l 3776 3779
l 3780 3779
l 3781 3782
l 3778 3781
l 3780 3783
l 3784 3783
l 3785 3786
l 3782 3785
l 3784 3787
l 3788 3787
l 3789 3790
l 3786 3789
l 3788 3791
l 3792 3791
l 3790 3793
l 3792 3794
l 3795 3796
l 3793 3795
l 3794 3797
l 3798 3797
l 3799 3800
l 3796 3799
l 3798 3801
l 3802 3801
l 3803 3804
l 3800 3803
l 3802 3805
l 3806 3805
l 3807 3808
l 3804 3807
l 3806 3809
l 3810 3809
l 3808 3811
l 3810 3812
l 3811 3813
l 3814 3813
l 3815 3816
l 3812 3815
l 3814 3817
l 3818 3819
l 3820 3818
l 3821 3820
l 3822 3821
l 3823 3822
l 3824 3823
l 3825 3824
l 3826 3825
l 3827 3826
l 3828 3827
l 3829 3828
l 3830 3829
l 3831 3830
l 3832 3831
l 3833 3832
l 3834 3833
l 3835 3834
l 3836 3835
l 3837 3836
l 3816 3838
l 3817 3839
l 3840 3841
l 3842 3840
l 3843 3842
l 3844 3843
l 3845 3844
l 3819 3845
l 3837 3846
l 3847 3846
l 3848 3847
l 3849 3848
l 3850 3849
l 3851 3850
l 3838 3852
l 3839 3853
l 3854 3855
l 3856 3854
l 3857 3856
l 3858 3857
l 3859 3858
l 3841 3859
l 3851 3860
l 3861 3860
l 3862 3861
l 3863 3862
l 3864 3863
l 3865 3864
l 3852 3866
l 3853 3867
l 3868 3867
l 3869 3870
l 3871 3869
l 3872 3871
l 3873 3872
l 3874 3873
l 3855 3874
l 3865 3875
l 3876 3875
l 3877 3876
l 3878 3877
l 3879 3878
l 3880 3879
l 3881 3882
l 3866 3881
l 3868 3883
l 3884 3883
l 3885 3884
l 3886 3885
l 3887 3886
l 3888 3887
l 3889 3888
l 3890 3889
l 3891 3890
l 3892 3891
l 3870 3892
l 3880 3893
l 3894 3893
l 3895 3894
l 3896 3895
l 3897 3896
l 3898 3897
l 3899 3898
l 3900 3899
l 3901 3900
l 3902 3901
l 3882 3902
l 3903 3904
l 3905 3903
l 3906 3905
l 3907 3906
l 3908 3907
l 3909 3908
l 3910 3909
l 3911 3910
l 3912 3911
l 3913 3912
l 3914 3913
l 3915 3914
l 3916 3915
l 3917 3916
l 3918 3917
l 3919 3918
l 3920 3919
l 3921 3920
l 3922 3921
l 3923 3922
l 3924 3923
l 3925 3924
l 3926 3925
l 3927 3928
l 3929 3927
l 3904 3929
l 3926 3930
l 3931 3930
l 3932 3931
l 3933 3934
l 3928 3933
l 3932 3935
l 3936 3935
l 3937 3938
l 3934 3937
l 3936 3939
l 3940 3939
l 3941 3942
l 3938 3941
l 3940 3943
l 3944 3943
l 3945 3946
l 3942 3945
l 3944 3947
l 3948 3947
l 3949 3950
l 3946 3949
l 3948 3951
l 3952 3951
l 3953 3954
l 3950 3953
l 3952 3955
l 3956 3955
l 3957 3958
l 3954 3957
l 3956 3959
l 3960 3959
l 3958 3961
l 3960 3962
l 3963 3964
l 3961 3963
l 3962 3965
l 3966 3965
l 3967 3968
l 3964 3967
l 3966 3969
l 3970 3969
l 3971 3972
l 3968 3971
l 3970 3973
l 3974 3973
l 3975 3976
l 3972 3975
l 3974 3977
l 3978 3977
l 3979 3980
l 3976 3979
l 3978 3981
l 3982 3981
l 3983 3984
l 3980 3983
l 3982 3985
l 3986 3985
l 3987 3988
l 3984 3987
l 3986 3989
l 3990 3989
l 3991 3992
l 3988 3991
l 3990 3993
l 3994 3993
l 3992 3995
l 3994 3996
l 3997 3998
l 3995 3997
l 3996 3999
l 4000 3999
l 4001 4002
l 3998 4001
l 4000 4003
l 4004 4003
l 4005 4006
l 4002 4005
l 4004 4007
l 4008 4007
l 4009 4010
l 4006 4009
l 4008 4011
l 4012 4011
l 4013 4014
l 4010 4013
l 4012 4015
l 4016 4015
l 4017 4018
l 4014 4017
l 4016 4019
l 4020 4019
l 4021 4022
l 4018 4021
l 4020 4023
l 4024 4023
l 4022 4025
l 4024 4026
l 4025 4027
l 4026 4028
l 4027 4029
l 4028 4030
l 4029 4031
l 4032 4033
l 4034 4032
l 4035 4034
l 4036 4035
l 4037 4036
l 4038 4037
l 4039 4038
l 4040 4039
l 4041 4040
l 4042 4041
l 4043 4042
l 4044 4043
l 4045 4044
l 4046 4045
l 4047 4046
l 4048 4047
l 4049 4048
l 4050 4049
l 4051 4050
l 4052 4051
l 4053 4052
l 4030 4054
l 4031 4055
l 4056 4057
l 4058 4056
l 4059 4058
l 4060 4059
l 4061 4060
l 4033 4061
l 4053 4062
l 4063 4062
l 4064 4063
l 4065 4064
l 4066 4065
l 4067 4066
l 4054 4068
l 4055 4069
l 4070 4069
l 4071 4072
l 4073 4071
l 4074 4073
l 4075 4074
l 4057 4075
l 4067 4076
l 4077 4076
l 4078 4077
l 4079 4078
l 4080 4079
l 4081 4082
l 4068 4081
l 4070 4083
l 4084 4085
l 4086 4084
l 4087 4086
l 4088 4087
l 4089 4088
l 4090 4089
l 4072 4090
l 4080 4091
l 4092 4091
l 4093 4092
l 4094 4093
l 4095 4094
l 4096 4095
l 4097 4096
l 4082 4098
l 4083 4099
l 4100 4099
l 4101 4100
l 4102 4101
l 4103 4102
l 4104 4103
l 4105 4104
l 4106 4105
l 4107 4106
l 4085 4107
l 4097 4108
l 4109 4108
l 4110 4109
l 4111 4110
l 4112 4111
l 4113 4112
l 4114 4113
l 4115 4114
l 4116 4115
l 4098 4116
l 4117 4118
l 4119 4117
l 4120 4119
l 4121 4120
l 4122 4121
l 4123 4122
l 4124 4123
l 4125 4124
l 4126 4125
l 4127 4126
l 4128 4127
l 4129 4128
l 4130 4129
l 4131 4130
l 4132 4131
l 4133 4132
l 4134 4133
l 4135 4134
l 4136 4135
l 4137 4136
l 4138 4137
l 4139 4140
l 4141 4139
l 4142 4141
l 4118 4142
l 4138 4143
l 4144 4143
l 4145 4144
l 4146 4145
l 4147 4148
l 4140 4147
l 4146 4149
l 4150 4149
l 4151 4152
l 4148 4151
l 4150 4153
l 4154 4153
l 4155 4156
l 4152 4155
l 4154 4157
l 4158 4157
l 4156 4159
l 4158 4160
l 4161 4162
l 4159 4161
l 4160 4163
l 4164 4163
l 4165 4166
l 4162 4165
l 4164 4167
l 4168 4167
l 4169 4170
l 4166 4169
l 4168 4171
l 4172 4171
l 4173 4174
l 4170 4173
l 4172 4175
l 4176 4175
l 4177 4178
l 4174 4177
l 4176 4179
l 4180 4179
l 4181 4182
l 4178 4181
l 4180 4183
l 4184 4183
l 4185 4186
l 4182 4185
l 4184 4187
l 4188 4187
l 4189 4190
l 4186 4189
l 4188 4191
l 4192 4191
l 4193 4194
l 4190 4193
l 4192 4195
l 4196 4195
l 4194 4197
l 4196 4198
l 4199 4200
l 4197 4199
l 4198 4201
l 4202 4201
l 4203 4204
l 4200 4203
l 4202 4205
l 4206 4205
l 4207 4208
l 4204 4207
l 4206 4209
l 4210 4209
l 4211 4212
l 4208 4211
l 4210 4213
l 4214 4213
l 4215 4216
l 4212 4215
l 4214 4217
l 4218 4217
l 4219 4220
l 4216 4219
l 4218 4221
l 4222 4221
l 4223 4224
l 4220 4223
l 4222 4225
l 4226 4225
l 4227 4228
l 4224 4227
l 4226 4229
l 4230 4229
l 4231 4232
l 4228 4231
l 4230 4233
l 4234 4233
l 4232 4235
l 4234 4236
l 4237 4238
l 4235 4237
l 4236 4239
l 4240 4239
l 4238 4241
l 4240 4242
l 4241 4243
l 4244 4245
l 4246 4244
l 4247 4246
l 4248 4247
l 4249 4248
l 4250 4249
l 4251 4250
l 4252 4251
l 4253 4252
l 4242 4254
l 4243 4255
l 4256 4257
l 4258 4256
l 4259 4258
l 4260 4259
l 4261 4260
l 4262 4261
l 4263 4262
l 4245 4263
l 4253 4264
l 4265 4264
l 4266 4265
l 4267 4266
l 4268 4267
l 4269 4268
l 4270 4269
l 4271 4270
l 4254 4272
l 4255 4273
l 4274 4273
l 4275 4276
l 4277 4275
l 4278 4277
l 4279 4278
l 4257 4279
l 4271 4280
l 4281 4280
l 4282 4281
l 4283 4282
l 4284 4283
l 4285 4286
l 4272 4285
l 4274 4287
l 4288 4289
l 4290 4288
l 4291 4290
l 4292 4291
l 4293 4292
l 4276 4293
l 4284 4294
l 4295 4294
l 4296 4295
l 4297 4296
l 4298 4297
l 4299 4298
l 4286 4300
l 4287 4301
l 4302 4301
l 4303 4304
l 4305 4303
l 4306 4305
l 4307 4306
l 4308 4307
l 4309 4308
l 4289 4309
l 4299 4310
l 4311 4310
l 4312 4311
l 4313 4312
l 4314 4313
l 4315 4314
l 4316 4315
l 4317 4318
l 4300 4317
l 4302 4319
l 4320 4319
l 4321 4320
l 4322 4321
l 4323 4322
l 4324 4323
l 4325 4324
l 4304 4325
l 4316 4326
l 4327 4326
l 4328 4327
l 4329 4328
l 4330 4329
l 4331 4330
l 4332 4331
l 4318 4332
l 4333 4334
l 4335 4333
l 4336 4335
l 4337 4336
l 4338 4337
l 4339 4338
l 4340 4339
l 4341 4340
l 4342 4341
l 4343 4342
l 4344 4343
l 4345 4344
l 4346 4345
l 4347 4346
l 4348 4347
l 4349 4348
l 4350 4349
l 4351 4352
l 4353 4351
l 4354 4353
l 4355 4354
l 4334 4355
l 4350 4356
l 4357 4356
l 4358 4357
l 4359 4358
l 4360 4359
l 4361 4362
l 4352 4361
l 4360 4363
l 4364 4363
l 4365 4366
l 4362 4365
l 4364 4367
l 4368 4367
l 4369 4370
l 4366 4369
l 4368 4371
l 4372 4371
l 4373 4374
l 4370 4373
l 4372 4375
l 4376 4375
l 4377 4378
l 4374 4377
l 4376 4379
l 4380 4379
l 4381 4382
l 4378 4381
l 4380 4383
l 4384 4383
l 4385 4386
l 4382 4385
l 4384 4387
l 4388 4387
l 4389 4390
l 4386 4389
l 4388 4391
l 4392 4391
l 4393 4394
l 4390 4393
l 4392 4395
l 4396 4395
l 4394 4397
l 4396 4398
l 4399 4400
l 4397 4399
l 4398 4401
l 4402 4401
l 4403 4404
l 4400 4403
l 4402 4405
l 4406 4405
l 4407 4408
l 4404 4407
l 4406 4409
l 4410 4409
l 4411 4412
l 4408 4411
l 4410 4413
l 4414 4413
l 4415 4416
l 4412 4415
l 4414 4417
l 4418 4417
l 4419 4420
l 4416 4419
l 4418 4421
l 4422 4421
l 4423 4424
l 4420 4423
l 4422 4425
l 4426 4425
l 4427 4428
l 4424 4427
l 4426 4429
l 4430 4429
l 4431 4432
l 4428 4431
l 4430 4433
l 4434 4433
l 4432 4435
l 4434 4436
l 4437 4438
l 4435 4437
l 4436 4439
l 4440 4439
l 4441 4442
l 4438 4441
l 4440 4443
l 4444 4443
l 4445 4446
l 4442 4445
l 4444 4447
l 4448 4447
l 4449 4450
l 4446 4449
l 4448 4451
l 4452 4451
l 4453 4454
l 4450 4453
l 4452 4455
l 4456 4455
l 4454 4457
l 4456 4458
l 4457 4459
l 4460 4461
l 4462 4460
l 4463 4462
l 4464 4463
l 4465 4464
l 4466 4465
l 4467 4466
l 4468 4467
l 4469 4468
l 4470 4469
l 4471 4470
l 4458 4472
l 4459 4473
l 4474 4473
l 4475 4476
l 4477 4475
l 4478 4477
l 4479 4478
l 4480 4479
l 4481 4480
l 4461 4481
l 4471 4482
l 4483 4482
l 4484 4483
l 4485 4484
l 4486 4485
l 4487 4486
l 4488 4487
l 4489 4490
l 4472 4489
l 4474 4491
l 4492 4493
l 4494 4492
l 4495 4494
l 4496 4495
l 4497 4496
l 4476 4497
l 4488 4498
l 4499 4498
l 4500 4499
l 4501 4500
l 4502 4501
l 4503 4502
l 4490 4504
l 4491 4505
l 4506 4507
l 4508 4506
l 4509 4508
l 4510 4509
l 4493 4510
l 4503 4511
l 4512 4511
l 4513 4512
l 4514 4513
l 4515 4514
l 4504 4516
l 4505 4517
l 4518 4517
l 4519 4518
l 4520 4519
l 4521 4520
l 4522 4523
l 4524 4522
l 4525 4524
l 4526 4525
l 4527 4526
l 4528 4527
l 4529 4528
l 4530 4529
l 4507 4530
l 4515 4531
l 4532 4531
l 4533 4532
l 4534 4533
l 4535 4534
l 4536 4535
l 4537 4536
l 4538 4537
l 4539 4538
l 4540 4541
l 4542 4540
l 4543 4542
l 4544 4543
l 4516 4544
l 4521 4545
l 4546 4545
l 4523 4546
l 4539 4547
l 4548 4547
l 4541 4548
l 4549 4550
l 4551 4549
l 4552 4551
l 4553 4552
l 4554 4553
l 4555 4554
l 4556 4555
l 4557 4556
l 4558 4557
l 4559 4558
l 4560 4559
l 4561 4562
l 4563 4561
l 4564 4563
l 4565 4564
l 4566 4565
l 4567 4566
l 4568 4567
l 4550 4568
l 4560 4569
l 4570 4569
l 4571 4570
l 4572 4571
l 4573 4572
l 4574 4573
l 4575 4574
l 4576 4575
l 4577 4578
l 4562 4577
l 4576 4579
l 4580 4579
l 4581 4582
l 4578 4581
l 4580 4583
l 4584 4583
l 4585 4586
l 4582 4585
l 4584 4587
l 4588 4587
l 4589 4590
l 4586 4589
l 4588 4591
l 4592 4591
l 4593 4594
l 4590 4593
l 4592 4595
l 4596 4595
l 4594 4597
l 4596 4598
l 4599 4600
l 4597 4599
l 4598 4601
l 4602 4601
l 4603 4604
l 4600 4603
l 4602 4605
l 4606 4605
l 4607 4608
l 4604 4607
l 4606 4609
l 4610 4609
l 4611 4612
l 4608 4611
l 4610 4613
l 4614 4613
l 4615 4616
l 4612 4615
l 4614 4617
l 4618 4617
l 4619 4620
l 4616 4619
l 4618 4621
l 4622 4621
l 4623 4624
l 4620 4623
l 4622 4625
l 4626 4625
l 4627 4628
l 4624 4627
l 4626 4629
l 4630 4629
l 4628 4631
l 4630 4632
l 4633 4634
l 4631 4633
l 4632 4635
l 4636 4635
l 4637 4638
l 4634 4637
l 4636 4639
l 4640 4639
l 4641 4642
l 4638 4641
l 4640 4643
l 4644 4643
l 4645 4646
l 4642 4645
l 4644 4647
l 4648 4647
l 4649 4650
l 4646 4649
l 4648 4651
l 4652 4651
l 4653 4654
l 4650 4653
l 4652 4655
l 4656 4655
l 4657 4658
l 4654 4657
l 4656 4659
l 4660 4659
l 4661 4662
l 4658 4661
l 4660 4663
l 4664 4663
l 4665 4666
l 4662 4665
l 4664 4667
l 4668 4667
l 4666 4669
l 4668 4670
l 4669 4671
l 4670 4672
l 4671 4673
l 4674 4675
l 4676 4674
l 4677 4676
l 4678 4677
l 4679 4678
l 4680 4679
l 4681 4680
l 4682 4681
l 4683 4682
l 4684 4683
l 4685 4684
l 4686 4685
l 4687 4686
l 4672 4688
l 4673 4689
l 4690 4691
l 4692 4690
l 4693 4692
l 4694 4693
l 4695 4694
l 4696 4695
l 4675 4696
l 4687 4697
l 4698 4697
l 4699 4698
l 4700 4699
l 4701 4700
l 4702 4701
l 4703 4702
l 4688 4704
l 4689 4705
l 4706 4707
l 4708 4706
l 4709 4708
l 4710 4709
l 4691 4710
l 4703 4711
l 4712 4711
l 4713 4712
l 4714 4713
l 4715 4714
l 4704 4716
l 4705 4717
l 4718 4717
l 4719 4720
l 4721 4719
l 4722 4721
l 4723 4722
l 4724 4723
l 4707 4724
l 4715 4725
l 4726 4725
l 4727 4726
l 4728 4727
l 4729 4728
l 4730 4729
l 4731 4732
l 4716 4731
l 4718 4733
l 4734 4733
l 4735 4734
l 4736 4735
l 4737 4736
l 4738 4737
l 4739 4738
l 4740 4739
l 4741 4740
l 4742 4741
l 4743 4742
l 4744 4743
l 4720 4744
l 4730 4745
l 4746 4745
l 4747 4746
l 4748 4747
l 4749 4748
l 4750 4749
l 4751 4750
l 4752 4751
l 4753 4752
l 4754 4753
l 4755 4754
l 4756 4755
l 4732 4756
l 4757 4758
l 4759 4757
l 4760 4759
l 4761 4760
l 4762 4761
l 4763 4762
l 4764 4763
l 4765 4764
l 4766 4765
l 4767 4766
l 4768 4767
l 4769 4768
l 4770 4769
l 4771 4770
l 4772 4771
l 4773 4772
l 4774 4773
l 4775 4774
l 4776 4775
l 4777 4776
l 4778 4777
l 4779 4780
l 4781 4779
l 4758 4781
l 4778 4782
l 4783 4782
l 4784 4783
l 4785 4786
l 4780 4785
l 4784 4787
l 4788 4787
l 4789 4790
l 4786 4789
l 4788 4791
l 4792 4791
l 4793 4794
l 4790 4793
l 4792 4795
l 4796 4795
l 4797 4798
l 4794 4797
l 4796 4799
l 4800 4799
l 4801 4802
l 4798 4801
l 4800 4803
l 4804 4803
l 4805 4806
l 4802 4805
l 4804 4807
l 4808 4807
l 4809 4810
l 4806 4809
l 4808 4811
l 4812 4811
l 4813 4814
l 4810 4813
l 4812 4815
l 4816 4815
l 4817 4818
l 4814 4817
l 4816 4819
l 4820 4819
l 4818 4821
l 4820 4822
l 4823 4824
l 4821 4823
l 4822 4825
l 4826 4825
l 4827 4828
l 4824 4827
l 4826 4829
l 4830 4829
l 4831 4832
l 4828 4831
l 4830 4833
l 4834 4833
l 4835 4836
l 4832 4835
l 4834 4837
l 4838 4837
l 4839 4840
l 4836 4839
l 4838 4841
l 4842 4841
l 4843 4844
l 4840 4843
l 4842 4845
l 4846 4845
l 4847 4848
l 4844 4847
l 4846 4849
l 4850 4849
l 4851 4852
l 4848 4851
l 4850 4853
l 4854 4853
l 4855 4856
l 4852 4855
l 4854 4857
l 4858 4857
l 4856 4859
l 4858 4860
l 4861 4862
l 4859 4861
l 4860 4863
l 4864 4863
l 4865 4866
l 4862 4865
l 4864 4867
l 4868 4867
l 4869 4870
l 4866 4869
l 4868 4871
l 4872 4871
l 4873 4874
l 4870 4873
l 4872 4875
l 4876 4875
l 4874 4877
l 4876 4878
l 4877 4879
l 4880 4881
l 4882 4880
l 4883 4882
l 4884 4883
l 4885 4884
l 4886 4885
l 4887 4886
l 4888 4887
l 4889 4888
l 4890 4889
l 4891 4890
l 4892 4891
l 4893 4892
l 4894 4893
l 4895 4894
l 4878 4896
l 4879 4897
l 4898 4899
l 4900 4898
l 4901 4900
l 4902 4901
l 4903 4902
l 4904 4903
l 4881 4904
l 4895 4905
l 4906 4905
l 4907 4906
l 4908 4907
l 4909 4908
l 4910 4909
l 4911 4910
l 4896 4912
l 4897 4913
l 4914 4913
l 4915 4916
l 4917 4915
l 4918 4917
l 4919 4918
l 4899 4919
l 4911 4920
l 4921 4920
l 4922 4921
l 4923 4922
l 4924 4923
l 4925 4926
l 4912 4925
l 4914 4927
l 4928 4927
l 4929 4930
l 4931 4929
l 4932 4931
l 4933 4932
l 4934 4933
l 4916 4934
l 4924 4935
l 4936 4935
l 4937 4936
l 4938 4937
l 4939 4938
l 4940 4939
l 4941 4942
l 4926 4941
l 4928 4943
l 4944 4943
l 4945 4944
l 4946 4945
l 4947 4946
l 4948 4947
l 4949 4948
l 4950 4949
l 4951 4950
l 4952 4951
l 4930 4952
l 4940 4953
l 4954 4953
l 4955 4954
l 4956 4955
l 4957 4956
l 4958 4957
l 4959 4958
l 4960 4959
l 4961 4960
l 4962 4961
l 4942 4962
l 4963 4964
l 4965 4963
l 4966 4965
l 4967 4966
l 4968 4967
l 4969 4968
l 4970 4969
l 4971 4970
l 4972 4971
l 4973 4972
l 4974 4973
l 4975 4974
l 4976 4975
l 4977 4976
l 4978 4977
l 4979 4978
l 4980 4979
l 4981 4980
l 4982 4981
l 4983 4984
l 4985 4983
l 4986 4985
l 4964 4986
l 4982 4987
l 4988 4987
l 4989 4988
l 4990 4989
l 4991 4992
l 4984 4991
l 4990 4993
l 4994 4993
l 4995 4996
l 4992 4995
l 4994 4997
l 4998 4997
l 4999 5000
l 4996 4999
l 4998 5001
l 5002 5001
l 5003 5004
l 5000 5003
l 5002 5005
l 5006 5005
l 5004 5007
l 5006 5008
l 5009 5010
l 5007 5009
l 5008 5011
l 5012 5011
l 5013 5014
l 5010 5013
l 5012 5015
l 5016 5015
l 5017 5018
l 5014 5017
l 5016 5019
l 5020 5019
l 5021 5022
l 5018 5021
l 5020 5023
l 5024 5023
l 5025 5026
l 5022 5025
l 5024 5027
l 5028 5027
l 5029 5030
l 5026 5029
l 5028 5031
l 5032 5031
l 5033 5034
l 5030 5033
l 5032 5035
l 5036 5035
l 5037 5038
l 5034 5037
l 5036 5039
l 5040 5039
l 5038 5041
l 5040 5042
l 5043 5044
l 5041 5043
l 5042 5045
l 5046 5045
l 5047 5048
l 5044 5047
l 5046 5049
l 5050 5049
l 5051 5052
l 5048 5051
l 5050 5053
l 5054 5053
l 5055 5056
l 5052 5055
l 5054 5057
l 5058 5057
l 5059 5060
l 5056 5059
l 5058 5061
l 5062 5061
l 5063 5064
l 5060 5063
l 5062 5065
l 5066 5065
l 5067 5068
l 5064 5067
l 5066 5069
l 5070 5069
l 5071 5072
l 5068 5071
l 5070 5073
l 5074 5073
l 5075 5076
l 5072 5075
l 5074 5077
l 5078 5077
l 5076 5079
l 5078 5080
l 5079 5081
l 5080 5082
l 5081 5083
l 5084 5085
l 5086 5084
l 5087 5086
l 5088 5087
l 5089 5088
l 5090 5089
l 5091 5090
l 5092 5091
l 5093 5092
l 5094 5093
l 5095 5094
l 5096 5095
l 5097 5096
l 5098 5097
l 5099 5098
l 5100 5099
l 5101 5100
l 5102 5101
l 5103 5102
l 5082 5104
l 5083 5105
l 5106 5107
l 5108 5106
l 5109 5108
l 5110 5109
l 5085 5110
l 5103 5111
l 5112 5111
l 5113 5112
l 5114 5113
l 5115 5114
l 5104 5116
l 5105 5117
l 5118 5119
l 5120 5118
l 5121 5120
l 5122 5121
l 5123 5122
l 5107 5123
l 5115 5124
l 5125 5124
l 5126 5125
l 5127 5126
l 5128 5127
l 5129 5128
l 5116 5130
l 5117 5131
l 5132 5131
l 5133 5132
l 5134 5135
l 5136 5134
l 5137 5136
l 5138 5137
l 5139 5138
l 5119 5139
l 5129 5140
l 5141 5140
l 5142 5141
l 5143 5142
l 5144 5143
l 5145 5144
l 5146 5147
l 5148 5146
l 5130 5148
l 5133 5149
l 5150 5149
l 5151 5150
l 5152 5151
l 5153 5152
l 5154 5153
l 5155 5154
l 5156 5155
l 5135 5156
l 5145 5157
l 5158 5157
l 5159 5158
l 5160 5159
l 5161 5160
l 5162 5161
l 5163 5162
l 5164 5163
l 5147 5164
l 5165 5166
l 5167 5165
l 5168 5167
l 5169 5168
l 5170 5169
l 5171 5170
l 5172 5171
l 5173 5172
l 5174 5173
l 5175 5174
l 5176 5175
l 5177 5176
l 5178 5177
l 5179 5178
l 5180 5179
l 5181 5180
l 5182 5181
l 5183 5184
l 5185 5183
l 5186 5185
l 5166 5186
l 5182 5187
l 5188 5187
l 5189 5188
l 5190 5189
l 5191 5192
l 5184 5191
l 5190 5193
l 5194 5193
l 5195 5196
l 5192 5195
l 5194 5197
l 5198 5197
l 5199 5200
l 5196 5199
l 5198 5201
l 5202 5201
l 5203 5204
l 5200 5203
l 5202 5205
l 5206 5205
l 5207 5208
l 5204 5207
l 5206 5209
l 5210 5209
l 5211 5212
l 5208 5211
l 5210 5213
l 5214 5213
l 5215 5216
l 5212 5215
l 5214 5217
l 5218 5217
l 5219 5220
l 5216 5219
l 5218 5221
l 5222 5221
l 5220 5223
l 5222 5224
l 5225 5226
l 5223 5225
l 5224 5227
l 5228 5227
l 5229 5230
l 5226 5229
l 5228 5231
l 5232 5231
l 5233 5234
l 5230 5233
l 5232 5235
l 5236 5235
l 5237 5238
l 5234 5237
l 5236 5239
l 5240 5239
l 5241 5242
l 5238 5241
l 5240 5243
l 5244 5243
l 5245 5246
l 5242 5245
l 5244 5247
l 5248 5247
l 5249 5250
l 5246 5249
l 5248 5251
l 5252 5251
l 5253 5254
l 5250 5253
l 5252 5255
l 5256 5255
l 5257 5258
l 5254 5257
l 5256 5259
l 5260 5259
l 5258 5261
l 5260 5262
l 5263 5264
l 5261 5263
l 5262 5265
l 5266 5265
l 5267 5268
l 5264 5267
l 5266 5269
l 5270 5269
l 5271 5272
l 5268 5271
l 5270 5273
l 5274 5273
l 5275 5276
l 5272 5275
l 5274 5277
l 5278 5277
l 5279 5280
l 5276 5279
l 5278 5281
l 5282 5281
l 5280 5283
l 5282 5284
l 5283 5285
l 5286 5287
l 5288 5286
l 5289 5288
l 5290 5289
l 5291 5290
l 5292 5291
l 5293 5292
l 5294 5293
l 5295 5294
l 5296 5295
l 5297 5296
l 5298 5297
l 5299 5298
l 5300 5299
l 5301 5300
l 5302 5301
l 5303 5302
l 5304 5303
l 5305 5304
l 5306 5305
l 5307 5306
l 5284 5308
l 5285 5309
l 5310 5311
l 5312 5310
l 5313 5312
l 5314 5313
l 5287 5314
l 5307 5315
l 5316 5315
l 5317 5316
l 5318 5317
l 5319 5318
l 5308 5320
l 5309 5321
l 5322 5321
l 5323 5324
l 5325 5323
l 5326 5325
l 5327 5326
l 5328 5327
l 5311 5328
l 5319 5329
l 5330 5329
l 5331 5330
l 5332 5331
l 5333 5332
l 5334 5333
l 5335 5336
l 5320 5335
l 5322 5337
l 5338 5337
l 5339 5338
l 5340 5339
l 5341 5342
l 5343 5341
l 5344 5343
l 5345 5344
l 5346 5345
l 5347 5346
l 5324 5347
l 5334 5348
l 5349 5348
l 5350 5349
l 5351 5350
l 5352 5351
l 5353 5352
l 5354 5353
l 5355 5356
l 5357 5355
l 5358 5357
l 5336 5358
l 5340 5359
l 5360 5359
l 5361 5360
l 5362 5361
l 5342 5362
l 5354 5363
l 5364 5363
l 5365 5364
l 5366 5365
l 5356 5366
l 5367 5368
l 5369 5367
l 5370 5369
l 5371 5370
l 5372 5371
l 5373 5372
l 5374 5373
l 5375 5374
l 5376 5375
l 5377 5376
l 5378 5377
l 5379 5378
l 5380 5379
l 5381 5380
l 5382 5381
l 5383 5382
l 5384 5383
l 5385 5384
l 5386 5385
l 5387 5386
l 5388 5387
l 5389 5390
l 5368 5389
l 5388 5391
l 5392 5391
l 5393 5394
l 5395 5393
l 5390 5395
l 5392 5396
l 5397 5396
l 5398 5397
l 5394 5399
l 5398 5400
l 5401 5402
l 5399 5401
l 5400 5403
l 5404 5403
l 5405 5406
l 5402 5405
l 5404 5407
l 5408 5407
l 5409 5410
l 5406 5409
l 5408 5411
l 5412 5411
l 5413 5414
l 5410 5413
l 5412 5415
l 5416 5415
l 5417 5418
l 5414 5417
l 5416 5419
l 5420 5419
l 5421 5422
l 5418 5421
l 5420 5423
l 5424 5423
l 5425 5426
l 5422 5425
l 5424 5427
l 5428 5427
l 5429 5430
l 5426 5429
l 5428 5431
l 5432 5431
l 5433 5434
l 5430 5433
l 5432 5435
l 5436 5435
l 5434 5437
l 5436 5438
l 5439 5440
l 5437 5439
l 5438 5441
l 5442 5441
l 5443 5444
l 5440 5443
l 5442 5445
l 5446 5445
l 5447 5448
l 5444 5447
l 5446 5449
l 5450 5449
l 5451 5452
l 5448 5451
l 5450 5453
l 5454 5453
l 5455 5456
l 5452 5455
l 5454 5457
l 5458 5457
l 5459 5460
l 5456 5459
l 5458 5461
l 5462 5461
l 5463 5464
l 5460 5463
l 5462 5465
l 5466 5465
l 5467 5468
l 5464 5467
l 5466 5469
l 5470 5469
l 5468 5471
l 5470 5472
l 5473 5474
l 5471 5473
l 5472 5475
l 5476 5475
l 5477 5478
l 5474 5477
l 5476 5479
l 5480 5479
l 5478 5481
l 5480 5482
l 5481 5483
l 5484 5485
l 5486 5484
l 5487 5486
l 5488 5487
l 5489 5488
l 5490 5489
l 5491 5490
l 5492 5491
l 5493 5492
l 5494 5493
l 5495 5494
l 5496 5495
l 5497 5496
l 5498 5497
l 5499 5498
l 5500 5499
l 5501 5500
l 5502 5501
l 5503 5502
l 5504 5503
l 5505 5504
l 5506 5505
l 5507 5506
l 5482 5508
l 5483 5509
l 5510 5511
l 5512 5510
l 5513 5512
l 5514 5513
l 5485 5514
l 5507 5515
l 5516 5515
l 5517 5516
l 5518 5517
l 5519 5518
l 5508 5520
l 5509 5521
l 5522 5521
l 5523 5524
l 5525 5523
l 5526 5525
l 5527 5526
l 5511 5527
l 5519 5528
l 5529 5528
l 5530 5529
l 5531 5530
l 5532 5531
l 5533 5534
l 5520 5533
l 5522 5535
l 5536 5535
l 5537 5536
l 5538 5537
l 5539 5538
l 5540 5539
l 5541 5540
l 5542 5541
l 5543 5542
l 5544 5543
l 5545 5544
l 5546 5545
l 5524 5546
l 5532 5547
l 5548 5547
l 5549 5548
l 5550 5549
l 5551 5550
l 5552 5551
l 5553 5552
l 5554 5553
l 5555 5554
l 5556 5555
l 5557 5556
l 5558 5557
l 5534 5558
l 5559 5560
l 5561 5559
l 5562 5561
l 5563 5562
l 5564 5563
l 5565 5564
l 5566 5565
l 5567 5566
l 5568 5567
l 5569 5568
l 5570 5569
l 5571 5570
l 5572 5571
l 5573 5572
l 5574 5573
l 5575 5574
l 5576 5575
l 5577 5578
l 5579 5577
l 5580 5579
l 5560 5580
l 5576 5581
l 5582 5581
l 5583 5582
l 5584 5583
l 5585 5586
l 5578 5585
l 5584 5587
l 5588 5587
l 5589 5590
l 5586 5589
l 5588 5591
l 5592 5591
l 5593 5594
l 5590 5593
l 5592 5595
l 5596 5595
l 5597 5598
l 5594 5597
l 5596 5599
l 5600 5599
l 5601 5602
l 5598 5601
l 5600 5603
l 5604 5603
l 5602 5605
l 5604 5606
l 5607 5608
l 5605 5607
l 5606 5609
l 5610 5609
l 5611 5612
l 5608 5611
l 5610 5613
l 5614 5613
l 5615 5616
l 5612 5615
l 5614 5617
l 5618 5617
l 5619 5620
l 5616 5619
l 5618 5621
l 5622 5621
l 5623 5624
l 5620 5623
l 5622 5625
l 5626 5625
l 5627 5628
l 5624 5627
l 5626 5629
l 5630 5629
l 5631 5632
l 5628 5631
l 5630 5633
l 5634 5633
l 5635 5636
l 5632 5635
l 5634 5637
l 5638 5637
l 5639 5640
l 5636 5639
l 5638 5641
l 5642 5641
l 5640 5643
l 5642 5644
l 5643 5645
l 5646 5644
l 5647 5648
l 5645 5647
l 5646 5649
l 5650 5649
l 5651 5652
l 5648 5651
l 5650 5653
l 5654 5653
l 5655 5656
l 5652 5655
l 5654 5657
l 5658 5657
l 5659 5660
l 5656 5659
l 5658 5661
l 5662 5661
l 5663 5664
l 5660 5663
l 5662 5665
l 5666 5665
l 5664 5667
l 5666 5668
l 5669 5670
l 5667 5669
l 5671 5672
l 5673 5671
l 5674 5673
l 5675 5674
l 5676 5675
l 5677 5676
l 5678 5677
l 5679 5678
l 5680 5679
l 5681 5680
l 5682 5681
l 5668 5683
l 5684 5683
l 5670 5685
l 5686 5687
l 5688 5686
l 5689 5688
l 5690 5689
l 5691 5690
l 5692 5691
l 5693 5692
l 5672 5693
l 5682 5694
l 5695 5694
l 5696 5695
l 5697 5696
l 5698 5697
l 5699 5698
l 5700 5699
l 5701 5700
l 5684 5702
l 5685 5703
l 5704 5703
l 5705 5706
l 5707 5705
l 5708 5707
l 5709 5708
l 5687 5709
l 5701 5710
l 5711 5710
l 5712 5711
l 5713 5712
l 5714 5713
l 5715 5716
l 5702 5715
l 5704 5717
l 5718 5717
l 5719 5720
l 5721 5719
l 5722 5721
l 5723 5722
l 5706 5723
l 5714 5724
l 5725 5724
l 5726 5725
l 5727 5726
l 5728 5727
l 5729 5730
l 5716 5729
l 5718 5731
l 5732 5731
l 5733 5732
l 5734 5733
l 5735 5734
l 5736 5735
l 5737 5736
l 5738 5737
l 5739 5738
l 5740 5739
l 5720 5740
l 5728 5741
l 5742 5741
l 5743 5742
l 5744 5743
l 5745 5744
l 5746 5745
l 5747 5746
l 5748 5747
l 5749 5748
l 5750 5749
l 5730 5750
l 5751 5752
l 5753 5751
l 5754 5753
l 5755 5754
l 5756 5755
l 5757 5756
l 5758 5757
l 5759 5758
l 5760 5759
l 5761 5760
l 5762 5761
l 5763 5762
l 5764 5763
l 5765 5764
l 5766 5765
l 5767 5768
l 5769 5767
l 5752 5769
l 5766 5770
l 5771 5770
l 5772 5771
l 5773 5774
l 5775 5773
l 5768 5775
l 5772 5776
l 5777 5776
l 5778 5777
l 5779 5780
l 5774 5779
l 5778 5781
l 5782 5781
l 5783 5784
l 5780 5783
l 5782 5785
l 5786 5785
l 5787 5788
l 5784 5787
l 5786 5789
l 5790 5789
l 5791 5792
l 5788 5791
l 5790 5793
l 5794 5793
l 5795 5796
l 5792 5795
l 5794 5797
l 5798 5797
l 5799 5800
l 5796 5799
l 5798 5801
l 5802 5801
l 5803 5804
l 5800 5803
l 5802 5805
l 5806 5805
l 5807 5808
l 5804 5807
l 5806 5809
l 5810 5809
l 5811 5812
l 5808 5811
l 5810 5813
l 5814 5813
l 5815 5816
l 5812 5815
l 5814 5817
l 5818 5817
l 5819 5820
l 5816 5819
l 5818 5821
l 5822 5821
l 5820 5823
l 5822 5824
l 5825 5826
l 5823 5825
l 5824 5827
l 5828 5827
l 5829 5830
l 5826 5829
l 5828 5831
l 5832 5831
l 5833 5834
l 5830 5833
l 5832 5835
l 5836 5835
l 5837 5838
l 5834 5837
l 5836 5839
l 5840 5839
l 5841 5842
l 5838 5841
l 5840 5843
l 5844 5843
l 5842 5845
l 5844 5846
l 5847 5848
l 5845 5847
l 5846 5849
l 5850 5849
l 5851 5852
l 5848 5851
l 5850 5853
l 5854 5853
l 5855 5856
l 5852 5855
l 5854 5857
l 5858 5857
l 5859 5860
l 5856 5859
l 5858 5861
l 5862 5861
l 5860 5863
l 5864 5865
l 5866 5864
l 5867 5866
l 5868 5867
l 5869 5868
l 5870 5869
l 5871 5870
l 5872 5871
l 5873 5872
l 5874 5873
l 5875 5874
l 5876 5875
l 5877 5876
l 5878 5877
l 5879 5878
l 5880 5879
l 5881 5880
l 5862 5882
l 5863 5883
l 5884 5885
l 5886 5884
l 5887 5886
l 5888 5887
l 5889 5888
l 5865 5889
l 5881 5890
l 5891 5890
l 5892 5891
l 5893 5892
l 5894 5893
l 5895 5894
l 5882 5896
l 5883 5897
l 5898 5897
l 5899 5900
l 5901 5899
l 5902 5901
l 5903 5902
l 5885 5903
l 5895 5904
l 5905 5904
l 5906 5905
l 5907 5906
l 5908 5907
l 5909 5910
l 5896 5909
l 5898 5911
l 5912 5911
l 5913 5912
l 5914 5915
l 5916 5914
l 5917 5916
l 5918 5917
l 5919 5918
l 5900 5919
l 5908 5920
l 5921 5920
l 5922 5921
l 5923 5922
l 5924 5923
l 5925 5924
l 5926 5927
l 5928 5926
l 5910 5928
l 5913 5929
l 5930 5929
l 5931 5930
l 5932 5931
l 5933 5932
l 5934 5933
l 5915 5934
l 5925 5935
l 5936 5935
l 5937 5936
l 5938 5937
l 5939 5938
l 5940 5939
l 5927 5940
l 5941 5942
l 5943 5941
l 5944 5943
l 5945 5944
l 5946 5945
l 5947 5946
l 5948 5947
l 5949 5948
l 5950 5949
l 5951 5950
l 5952 5951
l 5953 5952
l 5954 5953
l 5955 5954
l 5956 5955
l 5957 5956
l 5958 5957
l 5959 5960
l 5961 5959
l 5942 5961
l 5958 5962
l 5963 5962
l 5964 5963
l 5965 5966
l 5960 5965
l 5964 5967
l 5968 5967
l 5969 5970
l 5966 5969
l 5968 5971
l 5972 5971
l 5973 5974
l 5970 5973
l 5972 5975
l 5976 5975
l 5977 5978
l 5974 5977
l 5976 5979
l 5980 5979
l 5981 5982
l 5978 5981
l 5980 5983
l 5984 5983
l 5985 5986
l 5982 5985
l 5984 5987
l 5988 5987
l 5989 5990
l 5986 5989
l 5988 5991
l 5992 5991
l 5993 5994
l 5990 5993
l 5992 5995
l 5996 5995
l 5997 5998
l 5994 5997
l 5996 5999
l 6000 5999
l 6001 6002
l 5998 6001
l 6000 6003
l 6004 6003
l 6005 6006
l 6002 6005
l 6004 6007
l 6008 6007
l 6009 6010
l 6006 6009
l 6008 6011
l 6012 6011
l 6013 6014
l 6010 6013
l 6012 6015
l 6016 6015
l 6017 6018
l 6014 6017
l 6016 6019
l 6020 6019
l 6021 6022
l 6018 6021
l 6020 6023
l 6024 6023
l 6022 6025
l 6024 6026
l 6027 6028
l 6025 6027
l 6026 6029
l 6030 6029
l 6031 6032
l 6028 6031
l 6030 6033
l 6034 6033
l 6035 6036
l 6032 6035
l 6034 6037
l 6038 6037
l 6039 6040
l 6036 6039
l 6038 6041
l 6042 6041
l 6040 6043
l 6042 6044
l 6045 6046
l 6043 6045
l 6044 6047
l 6048 6047
l 6046 6049
l 6050 6051
l 6052 6050
l 6053 6052
l 6054 6053
l 6055 6054
l 6056 6055
l 6057 6056
l 6058 6057
l 6059 6058
l 6060 6059
l 6061 6060
l 6062 6061
l 6063 6062
l 6064 6063
l 6065 6064
l 6066 6065
l 6067 6066
l 6068 6067
l 6069 6068
l 6070 6069
l 6071 6070
l 6048 6072
l 6049 6073
l 6074 6075
l 6076 6074
l 6077 6076
l 6078 6077
l 6051 6078
l 6071 6079
l 6080 6079
l 6081 6080
l 6082 6081
l 6083 6082
l 6072 6084
l 6073 6085
l 6086 6085
l 6087 6088
l 6089 6087
l 6090 6089
l 6091 6090
l 6075 6091
l 6083 6092
l 6093 6092
l 6094 6093
l 6095 6094
l 6096 6095
l 6097 6098
l 6084 6097
l 6086 6099
l 6100 6099
l 6101 6100
l 6102 6103
l 6104 6102
l 6105 6104
l 6106 6105
l 6107 6106
l 6108 6107
l 6088 6108
l 6096 6109
l 6110 6109
l 6111 6110
l 6112 6111
l 6113 6112
l 6114 6113
l 6115 6114
l 6116 6117
l 6118 6116
l 6098 6118
l 6101 6119
l 6120 6119
l 6121 6120
l 6103 6121
l 6115 6122
l 6123 6122
l 6124 6123
l 6117 6124
l 6125 6126
l 6127 6125
l 6128 6127
l 6129 6128
l 6130 6129
l 6131 6130
l 6132 6131
l 6133 6132
l 6134 6133
l 6135 6134
l 6136 6135
l 6137 6136
l 6138 6137
l 6139 6138
l 6140 6139
l 6141 6142
l 6143 6141
l 6126 6143
l 6140 6144
l 6145 6144
l 6146 6145
l 6147 6148
l 6149 6147
l 6142 6149
l 6146 6150
l 6151 6150
l 6152 6151
l 6153 6154
l 6148 6153
l 6152 6155
l 6156 6155
l 6157 6158
l 6154 6157
l 6156 6159
l 6160 6159
l 6161 6162
l 6158 6161
l 6160 6163
l 6164 6163
l 6165 6166
l 6162 6165
l 6164 6167
l 6168 6167
l 6169 6170
l 6166 6169
l 6168 6171
l 6172 6171
l 6173 6174
l 6170 6173
l 6172 6175
l 6176 6175
l 6177 6178
l 6174 6177
l 6176 6179
l 6180 6179
l 6181 6182
l 6178 6181
l 6180 6183
l 6184 6183
l 6185 6186
l 6182 6185
l 6184 6187
l 6188 6187
l 6189 6190
l 6186 6189
l 6188 6191
l 6192 6191
l 6193 6194
l 6190 6193
l 6192 6195
l 6196 6195
l 6197 6198
l 6194 6197
l 6196 6199
l 6200 6199
l 6201 6202
l 6198 6201
l 6200 6203
l 6204 6203
l 6205 6206
l 6202 6205
l 6204 6207
l 6208 6207
l 6206 6209
l 6208 6210
l 6211 6212
l 6209 6211
l 6210 6213
l 6214 6213
l 6215 6216
l 6212 6215
l 6214 6217
l 6218 6217
l 6216 6219
l 6218 6220
l 6221 6222
l 6219 6221
l 6220 6223
l 6224 6223
l 6225 6226
l 6222 6225
l 6224 6227
l 6228 6227
l 6226 6229
l 6228 6230
l 6229 6231
l 6232 6233
l 6234 6232
l 6235 6234
l 6236 6235
l 6237 6236
l 6238 6237
l 6239 6238
l 6240 6239
l 6241 6240
l 6242 6241
l 6243 6242
l 6244 6243
l 6245 6244
l 6246 6245
l 6247 6246
l 6248 6247
l 6249 6248
l 6250 6249
l 6251 6250
l 6252 6251
l 6253 6252
l 6254 6253
l 6255 6254
l 6256 6255
l 6257 6256
l 6230 6258
l 6231 6259
l 6260 6261
l 6262 6260
l 6263 6262
l 6233 6263
l 6257 6264
l 6265 6264
l 6266 6265
l 6267 6266
l 6258 6268
l 6259 6269
l 6270 6269
l 6271 6272
l 6273 6271
l 6274 6273
l 6275 6274
l 6261 6275
l 6267 6276
l 6277 6276
l 6278 6277
l 6279 6278
l 6280 6279
l 6281 6282
l 6268 6281
l 6270 6283
l 6284 6283
l 6285 6284
l 6286 6285
l 6287 6286
l 6288 6287
l 6289 6288
l 6290 6289
l 6291 6290
l 6272 6291
l 6280 6292
l 6293 6292
l 6294 6293
l 6295 6294
l 6296 6295
l 6297 6296
l 6298 6297
l 6299 6298
l 6300 6299
l 6282 6300
l 6301 6302
l 6303 6301
l 6304 6303
l 6305 6304
l 6306 6305
l 6307 6306
l 6308 6307
l 6309 6308
l 6310 6309
l 6311 6310
l 6312 6311
l 6313 6312
l 6314 6313
l 6315 6316
l 6317 6315
l 6302 6317
l 6314 6318
l 6319 6318
l 6320 6319
l 6321 6322
l 6323 6321
l 6316 6323
l 6320 6324
l 6325 6324
l 6326 6325
l 6327 6328
l 6322 6327
l 6326 6329
l 6330 6329
l 6331 6332
l 6333 6331
l 6328 6333
l 6330 6334
l 6335 6334
l 6336 6335
l 6337 6338
l 6332 6337
l 6336 6339
l 6340 6339
l 6341 6342
l 6338 6341
l 6340 6343
l 6344 6343
l 6345 6346
l 6342 6345
l 6344 6347
l 6348 6347
l 6349 6350
l 6346 6349
l 6348 6351
l 6352 6351
l 6353 6354
l 6350 6353
l 6352 6355
l 6356 6355
l 6357 6358
l 6354 6357
l 6356 6359
l 6360 6359
l 6361 6362
l 6363 6361
l 6358 6363
l 6360 6364
l 6365 6364
l 6366 6365
l 6367 6368
l 6362 6367
l 6366 6369
l 6370 6369
l 6371 6372
l 6368 6371
l 6370 6373
l 6374 6373
l 6375 6376
l 6372 6375
l 6374 6377
l 6378 6377
l 6376 6379
l 6378 6380
l 6381 6382
l 6379 6381
l 6380 6383
l 6384 6383
l 6382 6385
l 6384 6386
l 6387 6388
l 6385 6387
l 6386 6389
l 6390 6389
l 6391 6392
l 6388 6391
l 6390 6393
l 6394 6393
l 6392 6395
l 6394 6396
l 6397 6398
l 6395 6397
l 6396 6399
l 6400 6399
l 6398 6401
l 6400 6402
l 6403 6404
l 6401 6403
l 6405 6406
l 6407 6405
l 6408 6407
l 6409 6410
l 6411 6409
l 6412 6411
l 6402 6413
l 6414 6413
l 6404 6415
l 6416 6417
l 6418 6416
l 6419 6418
l 6420 6419
l 6421 6420
l 6422 6421
l 6423 6422
l 6424 6423
l 6425 6424
l 6426 6425
l 6406 6426
l 6408 6427
l 6428 6427
l 6410 6428
l 6412 6429
l 6430 6429
l 6431 6430
l 6432 6431
l 6433 6432
l 6434 6433
l 6435 6434
l 6436 6435
l 6437 6436
l 6438 6437
l 6439 6438
l 6414 6440
l 6415 6441
l 6442 6443
l 6444 6442
l 6445 6444
l 6417 6445
l 6439 6446
l 6447 6446
l 6448 6447
l 6449 6448
l 6440 6450
l 6441 6451
l 6452 6451
l 6453 6454
l 6455 6453
l 6456 6455
l 6457 6456
l 6443 6457
l 6449 6458
l 6459 6458
l 6460 6459
l 6461 6460
l 6462 6461
l 6463 6464
l 6450 6463
l 6452 6465
l 6466 6465
l 6467 6466
l 6468 6467
l 6469 6468
l 6470 6469
l 6471 6470
l 6472 6471
l 6454 6472
l 6462 6473
l 6474 6473
l 6475 6474
l 6476 6475
l 6477 6476
l 6478 6477
l 6479 6478
l 6480 6479
l 6464 6480
l 6481 6482
l 6483 6481
l 6484 6483
l 6485 6484
l 6486 6485
l 6487 6486
l 6488 6487
l 6489 6488
l 6490 6489
l 6491 6490
l 6492 6491
l 6493 6492
l 6494 6493
l 6495 6494
l 6496 6495
l 6497 6496
l 6498 6497
l 6499 6500
l 6501 6499
l 6482 6501
l 6498 6502
l 6503 6502
l 6504 6503
l 6505 6506
l 6500 6505
l 6504 6507
l 6508 6507
l 6509 6510
l 6506 6509
l 6508 6511
l 6512 6511
l 6513 6514
l 6515 6513
l 6510 6515
l 6512 6516
l 6517 6516
l 6518 6517
l 6519 6520
l 6514 6519
l 6518 6521
l 6522 6521
l 6523 6524
l 6520 6523
l 6522 6525
l 6526 6525
l 6527 6528
l 6529 6527
l 6524 6529
l 6526 6530
l 6531 6530
l 6532 6531
l 6533 6534
l 6528 6533
l 6532 6535
l 6536 6535
l 6537 6538
l 6534 6537
l 6536 6539
l 6540 6539
l 6541 6542
l 6538 6541
l 6540 6543
l 6544 6543
l 6545 6546
l 6542 6545
l 6544 6547
l 6548 6547
l 6549 6550
l 6551 6549
l 6546 6551
l 6548 6552
l 6553 6552
l 6554 6553
l 6550 6555
l 6554 6556
l 6557 6558
l 6555 6557
l 6556 6559
l 6560 6559
l 6561 6562
l 6558 6561
l 6560 6563
l 6564 6563
l 6562 6565
l 6564 6566
l 6567 6568
l 6565 6567
l 6566 6569
l 6570 6569
l 6568 6571
l 6570 6572
l 6571 6573
l 6572 6574
l 6575 6576
l 6573 6575
l 6574 6577
l 6578 6577
l 6576 6579
l 6578 6580
l 6581 6582
l 6579 6581
l 6583 6584
l 6585 6583
l 6586 6585
l 6587 6586
l 6588 6587
l 6589 6588
l 6590 6589
l 6591 6590
l 6592 6591
l 6593 6592
l 6594 6593
l 6595 6594
l 6596 6595
l 6597 6596
l 6598 6597
l 6580 6599
l 6600 6599
l 6582 6601
l 6602 6603
l 6604 6602
l 6605 6604
l 6606 6605
l 6607 6606
l 6608 6607
l 6584 6608
l 6598 6609
l 6610 6609
l 6611 6610
l 6612 6611
l 6613 6612
l 6614 6613
l 6615 6614
l 6600 6616
l 6601 6617
l 6618 6617
l 6619 6620
l 6621 6619
l 6622 6621
l 6623 6622
l 6603 6623
l 6615 6624
l 6625 6624
l 6626 6625
l 6627 6626
l 6628 6627
l 6629 6630
l 6616 6629
l 6618 6631
l 6632 6633
l 6634 6632
l 6635 6634
l 6620 6635
l 6628 6636
l 6637 6636
l 6638 6637
l 6639 6638
l 6630 6640
l 6631 6641
l 6642 6641
l 6643 6642
l 6644 6643
l 6645 6644
l 6646 6645
l 6647 6646
l 6648 6647
l 6633 6648
l 6639 6649
l 6650 6649
l 6651 6650
l 6652 6651
l 6653 6652
l 6654 6653
l 6655 6654
l 6656 6655
l 6640 6656
l 6657 6658
l 6659 6657
l 6660 6659
l 6661 6660
l 6662 6661
l 6663 6662
l 6664 6663
l 6665 6664
l 6666 6665
l 6667 6666
l 6668 6667
l 6669 6668
l 6670 6669
l 6671 6670
l 6672 6671
l 6673 6672
l 6674 6673
l 6675 6676
l 6658 6675
l 6674 6677
l 6678 6677
l 6679 6680
l 6681 6679
l 6676 6681
l 6678 6682
l 6683 6682
l 6684 6683
l 6685 6686
l 6687 6685
l 6680 6687
l 6684 6688
l 6689 6688
l 6690 6689
l 6691 6692
l 6686 6691
l 6690 6693
l 6694 6693
l 6695 6696
l 6697 6695
l 6692 6697
l 6694 6698
l 6699 6698
l 6700 6699
l 6701 6702
l 6696 6701
l 6700 6703
l 6704 6703
l 6705 6706
l 6702 6705
l 6704 6707
l 6708 6707
l 6709 6710
l 6711 6709
l 6706 6711
l 6708 6712
l 6713 6712
l 6714 6713
l 6715 6716
l 6710 6715
l 6714 6717
l 6718 6717
l 6719 6720
l 6716 6719
l 6718 6721
l 6722 6721
l 6723 6724
l 6725 6723
l 6720 6725
l 6722 6726
l 6727 6726
l 6728 6727
l 6729 6730
l 6724 6729
l 6728 6731
l 6732 6731
l 6733 6734
l 6730 6733
l 6732 6735
l 6736 6735
l 6734 6737
l 6736 6738
l 6739 6740
l 6737 6739
l 6738 6741
l 6742 6741
l 6740 6743
l 6742 6744
l 6743 6745
l 6744 6746
l 6747 6748
l 6745 6747
l 6746 6749
l 6750 6749
l 6748 6751
l 6750 6752
l 6751 6753
l 6752 6754
l 6753 6755
l 6754 6756
l 6757 6758
l 6755 6757
l 6759 6760
l 6761 6759
l 6762 6761
l 6763 6762
l 6764 6763
l 6765 6764
l 6766 6765
l 6767 6766
l 6768 6767
l 6769 6768
l 6770 6769
l 6771 6770
l 6772 6771
l 6773 6772
l 6774 6773
l 6775 6774
l 6776 6775
l 6777 6776
l 6778 6777
l 6756 6779
l 6780 6779
l 6758 6781
l 6782 6783
l 6784 6782
l 6785 6784
l 6786 6785
l 6760 6786
l 6778 6787
l 6788 6787
l 6789 6788
l 6790 6789
l 6791 6790
l 6780 6792
l 6781 6793
l 6794 6793
l 6795 6796
l 6797 6795
l 6798 6797
l 6799 6798
l 6783 6799
l 6791 6800
l 6801 6800
l 6802 6801
l 6803 6802
l 6804 6803
l 6805 6806
l 6792 6805
l 6794 6807
l 6808 6807
l 6809 6810
l 6811 6809
l 6812 6811
l 6796 6812
l 6804 6813
l 6814 6813
l 6815 6814
l 6816 6815
l 6817 6818
l 6806 6817
l 6808 6819
l 6820 6819
l 6821 6820
l 6822 6821
l 6823 6822
l 6824 6823
l 6825 6824
l 6810 6825
l 6816 6826
l 6827 6826
l 6828 6827
l 6829 6828
l 6830 6829
l 6831 6830
l 6832 6831
l 6818 6832
l 6833 6834
l 6835 6833
l 6836 6835
l 6837 6836
l 6838 6837
l 6839 6838
l 6840 6839
l 6841 6840
l 6842 6841
l 6843 6842
l 6844 6843
l 6845 6844
l 6846 6845
l 6847 6846
l 6848 6847
l 6849 6848
l 6850 6849
l 6851 6852
l 6853 6851
l 6834 6853
l 6850 6854
l 6855 6854
l 6856 6855
l 6857 6858
l 6852 6857
l 6856 6859
l 6860 6859
l 6861 6862
l 6863 6861
l 6858 6863
l 6860 6864
l 6865 6864
l 6866 6865
l 6867 6868
l 6869 6867
l 6862 6869
l 6866 6870
l 6871 6870
l 6872 6871
l 6873 6874
l 6875 6873
l 6868 6875
l 6872 6876
l 6877 6876
l 6878 6877
l 6879 6880
l 6874 6879
l 6878 6881
l 6882 6881
l 6883 6884
l 6885 6883
l 6880 6885
l 6882 6886
l 6887 6886
l 6888 6887
l 6889 6890
l 6884 6889
l 6888 6891
l 6892 6891
l 6894 6893
l 6890 6894
l 6892 6895
l 6896 6895
l 6897 6898
l 6893 6897
l 6896 6899
l 6900 6899
l 6901 6902
l 6898 6901
l 6900 6903
l 6904 6903
l 6905 6906
l 6907 6905
l 6902 6907
l 6904 6908
l 6909 6908
l 6910 6909
l 6911 6912
l 6906 6911
l 6910 6913
l 6914 6913
l 6912 6915
l 6914 6916
l 6915 6917
l 6916 6918
l 6917 6919
l 6918 6920
l 6919 6921
l 6920 6922
l 6921 6923
l 6922 6924
l 6925 6926
l 6923 6925
l 6924 6927
l 6928 6927
l 6926 6929
l 6928 6930
l 6929 6931
l 6930 6932
l 6931 6933
l 6934 6935
l 6936 6934
l 6937 6936
l 6938 6937
l 6939 6938
l 6940 6939
l 6941 6940
l 6942 6941
l 6943 6942
l 6944 6943
l 6945 6944
l 6946 6945
l 6947 6946
l 6948 6947
l 6949 6948
l 6950 6949
l 6951 6950
l 6952 6951
l 6953 6952
l 6932 6954
l 6933 6955
l 6956 6957
l 6958 6956
l 6959 6958
l 6960 6959
l 6935 6960
l 6953 6961
l 6962 6961
l 6963 6962
l 6964 6963
l 6965 6964
l 6954 6966
l 6955 6967
l 6968 6967
l 6969 6970
l 6971 6969
l 6972 6971
l 6973 6972
l 6957 6973
l 6965 6974
l 6975 6974
l 6976 6975
l 6977 6976
l 6978 6977
l 6979 6980
l 6966 6979
l 6968 6981
l 6982 6981
l 6983 6984
l 6985 6983
l 6986 6985
l 6987 6986
l 6970 6987
l 6978 6988
l 6989 6988
l 6990 6989
l 6991 6990
l 6992 6991
l 6993 6994
l 6980 6993
l 6982 6995
l 6996 6995
l 6997 6996
l 6998 6997
l 6999 6998
l 7000 6999
l 6984 7000
l 6992 7001
l 7002 7001
l 7003 7002
l 7004 7003
l 7005 7004
l 7006 7005
l 6994 7006
l 7007 7008
l 7009 7007
l 7010 7009
l 7011 7010
l 7012 7011
l 7013 7012
l 7014 7013
l 7015 7014
l 7016 7015
l 7017 7016
l 7018 7017
l 7019 7018
l 7020 7019
l 7021 7020
l 7022 7021
l 7023 7022
l 7024 7023
l 7025 7026
l 7027 7025
l 7008 7027
l 7024 7028
l 7029 7028
l 7030 7029
l 7031 7032
l 7033 7031
l 7026 7033
l 7030 7034
l 7035 7034
l 7036 7035
l 7037 7038
l 7039 7037
l 7032 7039
l 7036 7040
l 7041 7040
l 7042 7041
l 7043 7044
l 7045 7043
l 7038 7045
l 7042 7046
l 7047 7046
l 7048 7047
l 7049 7050
l 7051 7049
l 7044 7051
l 7048 7052
l 7053 7052
l 7054 7053
l 7055 7056
l 7050 7055
l 7054 7057
l 7058 7057
l 7059 7060
l 7061 7059
l 7056 7061
l 7058 7062
l 7063 7062
l 7064 7063
l 7065 7066
l 7067 7065
l 7060 7067
l 7064 7068
l 7069 7068
l 7070 7069
l 7071 7072
l 7066 7071
l 7070 7073
l 7074 7073
l 7075 7076
l 7077 7075
l 7072 7077
l 7074 7078
l 7079 7078
l 7080 7079
l 7081 7082
l 7076 7081
l 7080 7083
l 7084 7083
l 7085 7086
l 7087 7085
l 7082 7087
l 7084 7088
l 7089 7088
l 7090 7089
l 7086 7091
l 7090 7092
l 7091 7093
l 7092 7094
l 7093 7095
l 7094 7096
l 7095 7097
l 7096 7098
l 7097 7099
l 7098 7100
l 7099 7101
l 7100 7102
l 7101 7103
l 7102 7104
l 7103 7105
l 7104 7106
l 7105 7107
l 7106 7108
l 7107 7109
l 7110 7111
l 7112 7110
l 7113 7112
l 7114 7113
l 7115 7114
l 7116 7115
l 7117 7116
l 7118 7117
l 7119 7118
l 7120 7119
l 7121 7120
l 7122 7121
l 7123 7122
l 7124 7123
l 7125 7124
l 7126 7125
l 7127 7126
l 7128 7127
l 7129 7128
l 7108 7130
l 7109 7131
l 7132 7133
l 7134 7132
l 7135 7134
l 7136 7135
l 7137 7136
l 7111 7137
l 7129 7138
l 7139 7138
l 7140 7139
l 7141 7140
l 7142 7141
l 7143 7142
l 7130 7144
l 7131 7145
l 7146 7147
l 7148 7146
l 7149 7148
l 7133 7149
l 7143 7150
l 7151 7150
l 7152 7151
l 7153 7152
l 7144 7154
l 7145 7155
l 7156 7155
l 7157 7156
l 7158 7159
l 7160 7158
l 7161 7160
l 7162 7161
l 7147 7162
l 7153 7163
l 7164 7163
l 7165 7164
l 7166 7165
l 7167 7166
l 7168 7169
l 7170 7168
l 7154 7170
l 7157 7171
l 7172 7171
l 7173 7172
l 7174 7173
l 7175 7174
l 7176 7175
l 7159 7176
l 7167 7177
l 7178 7177
l 7179 7178
l 7180 7179
l 7181 7180
l 7182 7181
l 7169 7182
l 7183 7184
l 7185 7183
l 7186 7185
l 7187 7186
l 7188 7187
l 7189 7188
l 7190 7189
l 7191 7190
l 7192 7191
l 7193 7192
l 7194 7193
l 7195 7194
l 7196 7195
l 7197 7196
l 7198 7197
l 7199 7198
l 7200 7199
l 7201 7202
l 7203 7201
l 7184 7203
l 7200 7204
l 7205 7204
l 7206 7205
l 7207 7208
l 7209 7207
l 7210 7209
l 7202 7210
l 7206 7211
l 7212 7211
l 7213 7212
l 7214 7213
l 7215 7216
l 7217 7215
l 7208 7217
l 7214 7218
l 7219 7218
l 7220 7219
l 7221 7222
l 7223 7221
l 7216 7223
l 7220 7224
l 7225 7224
l 7226 7225
l 7227 7228
l 7229 7227
l 7222 7229
l 7226 7230
l 7231 7230
l 7232 7231
l 7233 7234
l 7235 7233
l 7228 7235
l 7232 7236
l 7237 7236
l 7238 7237
l 7239 7240
l 7241 7239
l 7234 7241
l 7238 7242
l 7243 7242
l 7244 7243
l 7245 7246
l 7240 7245
l 7244 7247
l 7248 7247
l 7249 7250
l 7251 7249
l 7246 7251
l 7248 7252
l 7253 7252
l 7254 7253
l 7255 7256
l 7257 7255
l 7250 7257
l 7254 7258
l 7259 7258
l 7260 7259
l 7261 7262
l 7263 7261
l 7256 7263
l 7260 7264
l 7265 7264
l 7266 7265
l 7267 7268
l 7262 7267
l 7266 7269
l 7270 7269
l 7268 7271
l 7270 7272
l 7271 7273
l 7272 7274
l 7273 7275
l 7274 7276
l 7275 7277
l 7278 7277
l 7279 7280
l 7276 7279
l 7278 7281
l 7280 7282
l 7281 7283
l 7282 7284
l 7283 7285
l 7284 7286
l 7285 7287
l 7286 7288
l 7287 7289
l 7288 7290
l 7289 7291
l 7292 7293
l 7294 7292
l 7295 7294
l 7296 7295
l 7297 7296
l 7298 7297
l 7299 7298
l 7300 7299
l 7301 7300
l 7302 7301
l 7303 7302
l 7304 7303
l 7305 7304
l 7306 7305
l 7307 7306
l 7308 7307
l 7309 7308
l 7310 7309
l 7311 7310
l 7290 7312
l 7291 7313
l 7314 7313
l 7315 7316
l 7317 7315
l 7318 7317
l 7319 7318
l 7320 7319
l 7293 7320
l 7311 7321
l 7322 7321
l 7323 7322
l 7324 7323
l 7325 7324
l 7326 7325
l 7327 7328
l 7312 7327
l 7314 7329
l 7330 7331
l 7332 7330
l 7333 7332
l 7316 7333
l 7326 7334
l 7335 7334
l 7336 7335
l 7337 7336
l 7328 7338
l 7329 7339
l 7340 7339
l 7341 7342
l 7343 7341
l 7344 7343
l 7345 7344
l 7331 7345
l 7337 7346
l 7347 7346
l 7348 7347
l 7349 7348
l 7350 7349
l 7351 7352
l 7338 7351
l 7340 7353
l 7354 7353
l 7355 7354
l 7356 7355
l 7357 7356
l 7358 7357
l 7359 7358
l 7342 7359
l 7350 7360
l 7361 7360
l 7362 7361
l 7363 7362
l 7364 7363
l 7365 7364
l 7366 7365
l 7352 7366
l 7367 7368
l 7369 7367
l 7370 7369
l 7371 7370
l 7372 7371
l 7373 7372
l 7374 7373
l 7375 7374
l 7376 7375
l 7377 7376
l 7378 7377
l 7379 7378
l 7380 7379
l 7381 7380
l 7382 7381
l 7383 7382
l 7384 7383
l 7385 7386
l 7387 7385
l 7388 7387
l 7368 7388
l 7384 7389
l 7390 7389
l 7391 7390
l 7392 7391
l 7393 7394
l 7395 7393
l 7396 7395
l 7386 7396
l 7392 7397
l 7398 7397
l 7399 7398
l 7400 7399
l 7401 7402
l 7403 7401
l 7404 7403
l 7394 7404
l 7400 7405
l 7406 7405
l 7407 7406
l 7408 7407
l 7409 7410
l 7411 7409
l 7402 7411
l 7408 7412
l 7413 7412
l 7414 7413
l 7415 7416
l 7417 7415
l 7410 7417
l 7414 7418
l 7419 7418
l 7420 7419
l 7421 7422
l 7423 7421
l 7416 7423
l 7420 7424
l 7425 7424
l 7426 7425
l 7427 7428
l 7422 7427
l 7426 7429
l 7430 7429
l 7431 7432
l 7433 7431
l 7428 7433
l 7430 7434
l 7435 7434
l 7436 7435
l 7437 7438
l 7439 7437
l 7432 7439
l 7436 7440
l 7441 7440
l 7442 7441
l 7443 7444
l 7445 7443
l 7438 7445
l 7442 7446
l 7447 7446
l 7448 7447
l 7449 7450
l 7451 7449
l 7444 7451
l 7448 7452
l 7453 7452
l 7454 7453
l 7450 7455
l 7454 7456
l 7455 7457
l 7456 7458
l 7457 7459
l 7458 7460
l 7459 7461
l 7460 7462
l 7461 7463
l 7462 7464
l 7463 7465
l 7466 7465
l 7467 7468
l 7464 7467
l 7466 7469
l 7468 7470
l 7469 7471
l 7470 7472
l 7471 7473
l 7472 7474
l 7473 7475
l 7476 7475
l 7477 7478
l 7474 7477
l 7476 7479
l 7480 7481
l 7482 7480
l 7483 7482
l 7484 7483
l 7485 7484
l 7486 7485
l 7487 7486
l 7488 7487
l 7489 7488
l 7490 7489
l 7491 7490
l 7492 7491
l 7493 7492
l 7494 7493
l 7495 7494
l 7496 7495
l 7497 7496
l 7498 7497
l 7499 7498
l 7478 7500
l 7479 7501
l 7502 7503
l 7504 7502
l 7505 7504
l 7506 7505
l 7481 7506
l 7499 7507
l 7508 7507
l 7509 7508
l 7510 7509
l 7511 7510
l 7500 7512
l 7501 7513
l 7514 7513
l 7515 7516
l 7517 7515
l 7518 7517
l 7519 7518
l 7503 7519
l 7511 7520
l 7521 7520
l 7522 7521
l 7523 7522
l 7524 7523
l 7525 7526
l 7512 7525
l 7514 7527
l 7528 7527
l 7529 7530
l 7531 7529
l 7532 7531
l 7533 7532
l 7516 7533
l 7524 7534
l 7535 7534
l 7536 7535
l 7537 7536
l 7538 7537
l 7539 7540
l 7526 7539
l 7528 7541
l 7542 7541
l 7543 7542
l 7544 7543
l 7545 7544
l 7546 7545
l 7547 7546
l 7530 7547
l 7538 7548
l 7549 7548
l 7550 7549
l 7551 7550
l 7552 7551
l 7553 7552
l 7554 7553
l 7540 7554
l 7555 7556
l 7557 7555
l 7558 7557
l 7559 7558
l 7560 7559
l 7561 7560
l 7562 7561
l 7563 7562
l 7564 7563
l 7565 7564
l 7566 7565
l 7567 7566
l 7568 7567
l 7569 7568
l 7570 7569
l 7571 7570
l 7572 7571
l 7573 7572
l 7574 7573
l 7575 7576
l 7577 7575
l 7578 7577
l 7556 7578
l 7574 7579
l 7580 7579
l 7581 7580
l 7582 7581
l 7583 7584
l 7585 7583
l 7586 7585
l 7576 7586
l 7582 7587
l 7588 7587
l 7589 7588
l 7590 7589
l 7591 7592
l 7593 7591
l 7594 7593
l 7584 7594
l 7590 7595
l 7596 7595
l 7597 7596
l 7598 7597
l 7599 7600
l 7601 7599
l 7592 7601
l 7598 7602
l 7603 7602
l 7604 7603
l 7605 7606
l 7607 7605
l 7600 7607
l 7604 7608
l 7609 7608
l 7610 7609
l 7611 7612
l 7613 7611
l 7606 7613
l 7610 7614
l 7615 7614
l 7616 7615
l 7617 7618
l 7619 7617
l 7612 7619
l 7616 7620
l 7621 7620
l 7622 7621
l 7623 7624
l 7625 7623
l 7618 7625
l 7622 7626
l 7627 7626
l 7628 7627
l 7629 7630
l 7631 7629
l 7624 7631
l 7628 7632
l 7633 7632
l 7634 7633
l 7635 7636
l 7637 7635
l 7638 7637
l 7630 7638
l 7634 7639
l 7640 7639
l 7641 7640
l 7642 7641
l 7643 7644
l 7636 7643
l 7642 7645
l 7646 7645
l 7644 7647
l 7646 7648
l 7647 7649
l 7650 7649
l 7651 7652
l 7648 7651
l 7650 7653
l 7652 7654
l 7653 7655
l 7654 7656
l 7655 7657
l 7656 7658
l 7657 7659
l 7660 7659
l 7661 7662
l 7658 7661
l 7660 7663
l 7662 7664
l 7663 7665
l 7664 7666
l 7665 7667
l 7668 7667
l 7669 7670
l 7666 7669
l 7668 7671
l 7670 7672
l 7671 7673
l 7674 7675
l 7676 7674
l 7677 7676
l 7678 7677
l 7679 7678
l 7680 7679
l 7681 7680
l 7682 7681
l 7683 7682
l 7684 7683
l 7685 7684
l 7686 7685
l 7687 7686
l 7688 7687
l 7689 7688
l 7690 7689
l 7691 7690
l 7692 7691
l 7693 7692
l 7672 7694
l 7673 7695
l 7696 7695
l 7697 7698
l 7699 7697
l 7700 7699
l 7701 7700
l 7675 7701
l 7693 7702
l 7703 7702
l 7704 7703
l 7705 7704
l 7706 7705
l 7707 7708
l 7694 7707
l 7696 7709
l 7710 7711
l 7712 7710
l 7713 7712
l 7714 7713
l 7698 7714
l 7706 7715
l 7716 7715
l 7717 7716
l 7718 7717
l 7719 7718
l 7708 7720
l 7709 7721
l 7722 7721
l 7723 7722
l 7724 7725
l 7726 7724
l 7727 7726
l 7728 7727
l 7711 7728
l 7719 7729
l 7730 7729
l 7731 7730
l 7732 7731
l 7733 7732
l 7734 7735
l 7736 7734
l 7720 7736
l 7723 7737
l 7738 7737
l 7739 7738
l 7740 7739
l 7741 7740
l 7742 7741
l 7743 7742
l 7725 7743
l 7733 7744
l 7745 7744
l 7746 7745
l 7747 7746
l 7748 7747
l 7749 7748
l 7750 7749
l 7735 7750
l 7751 7752
l 7753 7751
l 7754 7753
l 7755 7754
l 7756 7755
l 7757 7756
l 7758 7757
l 7759 7758
l 7760 7759
l 7761 7760
l 7762 7761
l 7763 7762
l 7764 7763
l 7765 7764
l 7766 7765
l 7767 7766
l 7768 7767
l 7769 7768
l 7770 7769
l 7771 7770
l 7772 7771
l 7773 7774
l 7775 7773
l 7776 7775
l 7752 7776
l 7772 7777
l 7778 7777
l 7779 7778
l 7780 7779
l 7781 7782
l 7783 7781
l 7784 7783
l 7785 7784
l 7774 7785
l 7780 7786
l 7787 7786
l 7788 7787
l 7789 7788
l 7790 7789
l 7791 7792
l 7793 7791
l 7782 7793
l 7790 7794
l 7795 7794
l 7796 7795
l 7797 7798
l 7799 7797
l 7792 7799
l 7796 7800
l 7801 7800
l 7802 7801
l 7803 7804
l 7805 7803
l 7806 7805
l 7798 7806
l 7802 7807
l 7808 7807
l 7809 7808
l 7810 7809
l 7811 7812
l 7813 7811
l 7804 7813
l 7810 7814
l 7815 7814
l 7816 7815
l 7817 7818
l 7819 7817
l 7812 7819
l 7816 7820
l 7821 7820
l 7822 7821
l 7823 7824
l 7825 7823
l 7818 7825
l 7822 7826
l 7827 7826
l 7828 7827
l 7829 7830
l 7831 7829
l 7832 7831
l 7824 7832
l 7828 7833
l 7834 7833
l 7835 7834
l 7836 7835
l 7837 7838
l 7830 7837
l 7836 7839
l 7840 7839
l 7841 7842
l 7838 7841
l 7840 7843
l 7844 7843
l 7842 7845
l 7844 7846
l 7845 7847
l 7846 7848
l 7847 7849
l 7850 7849
l 7851 7852
l 7848 7851
l 7850 7853
l 7852 7854
l 7853 7855
l 7856 7855
l 7857 7858
l 7854 7857
l 7856 7859
l 7858 7860
l 7859 7861
l 7860 7862
l 7861 7863
l 7864 7863
l 7865 7866
l 7862 7865
l 7864 7867
l 7866 7868
l 7867 7869
l 7870 7869
l 7871 7872
l 7868 7871
l 7870 7873
l 7874 7875
l 7876 7874
l 7877 7876
l 7878 7877
l 7879 7878
l 7880 7879
l 7881 7880
l 7882 7881
l 7883 7882
l 7884 7883
l 7885 7884
l 7886 7885
l 7887 7886
l 7888 7887
l 7889 7888
l 7890 7889
l 7891 7890
l 7872 7892
l 7873 7893
l 7894 7893
l 7895 7896
l 7897 7895
l 7898 7897
l 7899 7898
l 7900 7899
l 7875 7900
l 7891 7901
l 7902 7901
l 7903 7902
l 7904 7903
l 7905 7904
l 7906 7905
l 7907 7908
l 7892 7907
l 7894 7909
l 7910 7911
l 7912 7910
l 7913 7912
l 7914 7913
l 7896 7914
l 7906 7915
l 7916 7915
l 7917 7916
l 7918 7917
l 7919 7918
l 7908 7920
l 7909 7921
l 7922 7921
l 7923 7924
l 7925 7923
l 7926 7925
l 7927 7926
l 7911 7927
l 7919 7928
l 7929 7928
l 7930 7929
l 7931 7930
l 7932 7931
l 7933 7934
l 7920 7933
l 7922 7935
l 7936 7935
l 7937 7936
l 7938 7937
l 7939 7938
l 7940 7939
l 7941 7940
l 7942 7941
l 7924 7942
l 7932 7943
l 7944 7943
l 7945 7944
l 7946 7945
l 7947 7946
l 7948 7947
l 7949 7948
l 7950 7949
l 7934 7950
l 7951 7952
l 7953 7951
l 7954 7953
l 7955 7954
l 7956 7955
l 7957 7956
l 7958 7957
l 7959 7958
l 7960 7959
l 7961 7960
l 7962 7961
l 7963 7962
l 7964 7963
l 7965 7966
l 7967 7965
l 7968 7967
l 7969 7968
l 7952 7969
l 7964 7970
l 7971 7970
l 7972 7971
l 7973 7972
l 7974 7973
l 7975 7976
l 7977 7975
l 7978 7977
l 7979 7978
l 7980 7979
l 7966 7980
l 7974 7981
l 7982 7981
l 7983 7982
l 7984 7983
l 7985 7984
l 7986 7985
l 7987 7988
l 7989 7987
l 7990 7989
l 7976 7990
l 7986 7991
l 7992 7991
l 7993 7992
l 7994 7993
l 7995 7996
l 7997 7995
l 7988 7997
l 7994 7998
l 7999 7998
l 8000 7999
l 8001 8002
l 8003 8001
l 8004 8003
l 7996 8004
l 8000 8005
l 8006 8005
l 8007 8006
l 8008 8007
l 8009 8010
l 8011 8009
l 8002 8011
l 8008 8012
l 8013 8012
l 8014 8013
l 8015 8016
l 8017 8015
l 8018 8017
l 8010 8018
l 8014 8019
l 8020 8019
l 8021 8020
l 8022 8021
l 8023 8024
l 8025 8023
l 8016 8025
l 8022 8026
l 8027 8026
l 8028 8027
l 8029 8030
l 8031 8029
l 8024 8031
l 8028 8032
l 8033 8032
l 8034 8033
l 8035 8036
l 8037 8035
l 8038 8037
l 8030 8038
l 8034 8039
l 8040 8039
l 8041 8040
l 8042 8041
l 8043 8044
l 8036 8043
l 8042 8045
l 8046 8045
l 8044 8047
l 8046 8048
l 8047 8049
l 8048 8050
l 8049 8051
l 8050 8052
l 8051 8053
l 8054 8053
l 8055 8056
l 8052 8055
l 8054 8057
l 8056 8058
l 8057 8059
l 8060 8059
l 8061 8062
l 8058 8061
l 8060 8063
l 8062 8064
l 8063 8065
l 8066 8065
l 8067 8068
l 8064 8067
l 8066 8069
l 8068 8070
l 8069 8071
l 8072 8071
l 8073 8074
l 8070 8073
l 8072 8075
l 8074 8076
l 8075 8077
l 8078 8077
l 8079 8080
l 8081 8079
l 8082 8081
l 8083 8082
l 8084 8083
l 8085 8084
l 8086 8085
l 8087 8086
l 8088 8087
l 8089 8088
l 8090 8089
l 8091 8090
l 8092 8091
l 8093 8092
l 8094 8093
l 8095 8094
l 8096 8095
l 8097 8098
l 8076 8097
l 8078 8099
l 8100 8101
l 8102 8100
l 8103 8102
l 8104 8103
l 8105 8104
l 8080 8105
l 8096 8106
l 8107 8106
l 8108 8107
l 8109 8108
l 8110 8109
l 8111 8110
l 8098 8112
l 8099 8113
l 8114 8113
l 8115 8116
l 8117 8115
l 8118 8117
l 8119 8118
l 8101 8119
l 8111 8120
l 8121 8120
l 8122 8121
l 8123 8122
l 8124 8123
l 8125 8126
l 8112 8125
l 8114 8127
l 8128 8127
l 8129 8130
l 8131 8129
l 8132 8131
l 8133 8132
l 8116 8133
l 8124 8134
l 8135 8134
l 8136 8135
l 8137 8136
l 8138 8137
l 8139 8140
l 8126 8139
l 8128 8141
l 8142 8141
l 8143 8142
l 8144 8143
l 8145 8144
l 8146 8145
l 8147 8146
l 8148 8147
l 8130 8148
l 8138 8149
l 8150 8149
l 8151 8150
l 8152 8151
l 8153 8152
l 8154 8153
l 8155 8154
l 8156 8155
l 8140 8156
l 8157 8158
l 8159 8157
l 8160 8159
l 8161 8160
l 8162 8161
l 8163 8162
l 8164 8163
l 8165 8164
l 8166 8165
l 8167 8166
l 8168 8167
l 8169 8168
l 8170 8169
l 8171 8170
l 8172 8171
l 8173 8174
l 8175 8173
l 8176 8175
l 8177 8176
l 8158 8177
l 8172 8178
l 8179 8178
l 8180 8179
l 8181 8180
l 8182 8181
l 8183 8184
l 8185 8183
l 8186 8185
l 8187 8186
l 8188 8187
l 8174 8188
l 8182 8189
l 8190 8189
l 8191 8190
l 8192 8191
l 8193 8192
l 8194 8193
l 8195 8196
l 8197 8195
l 8198 8197
l 8184 8198
l 8194 8199
l 8200 8199
l 8201 8200
l 8202 8201
l 8203 8204
l 8205 8203
l 8206 8205
l 8196 8206
l 8202 8207
l 8208 8207
l 8209 8208
l 8210 8209
l 8211 8212
l 8213 8211
l 8204 8213
l 8210 8214
l 8215 8214
l 8216 8215
l 8217 8218
l 8219 8217
l 8220 8219
l 8212 8220
l 8216 8221
l 8222 8221
l 8223 8222
l 8224 8223
l 8225 8226
l 8227 8225
l 8218 8227
l 8224 8228
l 8229 8228
l 8230 8229
l 8231 8232
l 8233 8231
l 8234 8233
l 8226 8234
l 8230 8235
l 8236 8235
l 8237 8236
l 8238 8237
l 8239 8240
l 8241 8239
l 8232 8241
l 8238 8242
l 8243 8242
l 8244 8243
l 8245 8246
l 8247 8245
l 8248 8247
l 8240 8248
l 8244 8249
l 8250 8249
l 8251 8250
l 8252 8251
l 8253 8254
l 8246 8253
l 8252 8255
l 8256 8255
l 8254 8257
l 8256 8258
l 8257 8259
l 8260 8259
l 8261 8262
l 8258 8261
l 8260 8263
l 8264 8263
l 8265 8266
l 8262 8265
l 8264 8267
l 8266 8268
l 8267 8269
l 8270 8269
l 8271 8272
l 8268 8271
l 8270 8273
l 8272 8274
l 8273 8275
l 8276 8275
l 8277 8278
l 8274 8277
l 8276 8279
l 8278 8280
l 8279 8281
l 8282 8281
l 8283 8284
l 8280 8283
l 8282 8285
l 8284 8286
l 8285 8287
l 8288 8287
l 8289 8290
l 8286 8289
l 8288 8291
l 8292 8293
l 8294 8292
l 8295 8294
l 8296 8295
l 8297 8296
l 8298 8297
l 8299 8298
l 8300 8299
l 8301 8300
l 8302 8301
l 8303 8302
l 8304 8303
l 8305 8304
l 8306 8305
l 8307 8306
l 8290 8308
l 8291 8309
l 8310 8309
l 8311 8312
l 8313 8311
l 8314 8313
l 8315 8314
l 8316 8315
l 8317 8316
l 8293 8317
l 8307 8318
l 8319 8318
l 8320 8319
l 8321 8320
l 8322 8321
l 8323 8322
l 8324 8323
l 8325 8326
l 8308 8325
l 8310 8327
l 8328 8327
l 8329 8330
l 8331 8329
l 8332 8331
l 8333 8332
l 8312 8333
l 8324 8334
l 8335 8334
l 8336 8335
l 8337 8336
l 8338 8337
l 8339 8340
l 8326 8339
l 8328 8341
l 8342 8341
l 8343 8344
l 8345 8343
l 8346 8345
l 8347 8346
l 8330 8347
l 8338 8348
l 8349 8348
l 8350 8349
l 8351 8350
l 8352 8351
l 8353 8354
l 8340 8353
l 8342 8355
l 8356 8355
l 8357 8356
l 8358 8357
l 8359 8358
l 8360 8359
l 8361 8360
l 8362 8361
l 8344 8362
l 8352 8363
l 8364 8363
l 8365 8364
l 8366 8365
l 8367 8366
l 8368 8367
l 8369 8368
l 8370 8369
l 8354 8370
l 8371 8372
l 8373 8371
l 8374 8373
l 8375 8374
l 8376 8375
l 8377 8376
l 8378 8377
l 8379 8378
l 8380 8379
l 8381 8380
l 8382 8381
l 8383 8382
l 8384 8383
l 8385 8384
l 8386 8385
l 8387 8388
l 8389 8387
l 8390 8389
l 8391 8390
l 8392 8391
l 8372 8392
l 8386 8393
l 8394 8393
l 8395 8394
l 8396 8395
l 8397 8396
l 8398 8397
l 8399 8400
l 8401 8399
l 8402 8401
l 8403 8402
l 8404 8403
l 8388 8404
l 8398 8405
l 8406 8405
l 8407 8406
l 8408 8407
l 8409 8408
l 8410 8409
l 8411 8412
l 8413 8411
l 8414 8413
l 8400 8414
l 8410 8415
l 8416 8415
l 8417 8416
l 8418 8417
l 8419 8420
l 8421 8419
l 8422 8421
l 8412 8422
l 8418 8423
l 8424 8423
l 8425 8424
l 8426 8425
l 8427 8428
l 8429 8427
l 8420 8429
l 8426 8430
l 8431 8430
l 8432 8431
l 8433 8434
l 8435 8433
l 8436 8435
l 8428 8436
l 8432 8437
l 8438 8437
l 8439 8438
l 8440 8439
l 8441 8442
l 8443 8441
l 8444 8443
l 8434 8444
l 8440 8445
l 8446 8445
l 8447 8446
l 8448 8447
l 8449 8450
l 8451 8449
l 8442 8451
l 8448 8452
l 8453 8452
l 8454 8453
l 8455 8456
l 8457 8455
l 8458 8457
l 8450 8458
l 8454 8459
l 8460 8459
l 8461 8460
l 8462 8461
l 8463 8464
l 8465 8463
l 8456 8465
l 8462 8466
l 8467 8466
l 8468 8467
l 8469 8470
l 8464 8469
l 8468 8471
l 8472 8471
l 8470 8473
l 8474 8473
l 8475 8476
l 8472 8475
l 8474 8477
l 8476 8478
l 8477 8479
l 8480 8479
l 8481 8482
l 8478 8481
l 8480 8483
l 8482 8484
l 8483 8485
l 8486 8485
l 8487 8488
l 8484 8487
l 8486 8489
l 8488 8490
l 8489 8491
l 8492 8491
l 8493 8494
l 8490 8493
l 8492 8495
l 8496 8495
l 8497 8498
l 8494 8497
l 8496 8499
l 8498 8500
l 8499 8501
l 8502 8501
l 8503 8504
l 8500 8503
l 8502 8505
l 8504 8506
l 8505 8507
l 8508 8507
l 8509 8510
l 8511 8509
l 8512 8511
l 8513 8512
l 8514 8513
l 8515 8514
l 8516 8515
l 8517 8516
l 8518 8517
l 8519 8518
l 8520 8519
l 8521 8520
l 8522 8521
l 8523 8522
l 8524 8523
l 8525 8526
l 8506 8525
l 8508 8527
l 8528 8527
l 8529 8530
l 8531 8529
l 8532 8531
l 8533 8532
l 8534 8533
l 8535 8534
l 8510 8535
l 8524 8536
l 8537 8536
l 8538 8537
l 8539 8538
l 8540 8539
l 8541 8540
l 8542 8541
l 8543 8544
l 8526 8543
l 8528 8545
l 8546 8547
l 8548 8546
l 8549 8548
l 8550 8549
l 8530 8550
l 8542 8551
l 8552 8551
l 8553 8552
l 8554 8553
l 8555 8554
l 8544 8556
l 8545 8557
l 8558 8557
l 8559 8560
l 8561 8559
l 8562 8561
l 8563 8562
l 8547 8563
l 8555 8564
l 8565 8564
l 8566 8565
l 8567 8566
l 8568 8567
l 8569 8570
l 8556 8569
l 8558 8571
l 8572 8571
l 8573 8572
l 8574 8573
l 8575 8574
l 8576 8575
l 8577 8576
l 8578 8577
l 8579 8578
l 8560 8579
l 8568 8580
l 8581 8580
l 8582 8581
l 8583 8582
l 8584 8583
l 8585 8584
l 8586 8585
l 8587 8586
l 8588 8587
l 8570 8588
l 8589 8590
l 8591 8589
l 8592 8591
l 8593 8592
l 8594 8593
l 8595 8594
l 8596 8595
l 8597 8596
l 8598 8597
l 8599 8598
l 8600 8599
l 8601 8600
l 8602 8601
l 8603 8602
l 8604 8603
l 8605 8604
l 8606 8605
l 8607 8608
l 8609 8607
l 8610 8609
l 8611 8610
l 8612 8611
l 8590 8612
l 8606 8613
l 8614 8613
l 8615 8614
l 8616 8615
l 8617 8616
l 8618 8617
l 8619 8620
l 8621 8619
l 8622 8621
l 8623 8622
l 8624 8623
l 8608 8624
l 8618 8625
l 8626 8625
l 8627 8626
l 8628 8627
l 8629 8628
l 8630 8629
l 8631 8632
l 8633 8631
l 8634 8633
l 8620 8634
l 8630 8635
l 8636 8635
l 8637 8636
l 8638 8637
l 8639 8640
l 8641 8639
l 8642 8641
l 8632 8642
l 8638 8643
l 8644 8643
l 8645 8644
l 8646 8645
l 8647 8648
l 8649 8647
l 8650 8649
l 8640 8650
l 8646 8651
l 8652 8651
l 8653 8652
l 8654 8653
l 8655 8656
l 8657 8655
l 8648 8657
l 8654 8658
l 8659 8658
l 8660 8659
l 8661 8662
l 8663 8661
l 8664 8663
l 8656 8664
l 8660 8665
l 8666 8665
l 8667 8666
l 8668 8667
l 8669 8670
l 8671 8669
l 8672 8671
l 8662 8672
l 8668 8673
l 8674 8673
l 8675 8674
l 8676 8675
l 8677 8678
l 8679 8677
l 8680 8679
l 8670 8680
l 8676 8681
l 8682 8681
l 8683 8682
l 8684 8683
l 8685 8686
l 8678 8685
l 8684 8687
l 8688 8687
l 8689 8690
l 8686 8689
l 8688 8691
l 8692 8691
l 8690 8693
l 8694 8693
l 8695 8696
l 8692 8695
l 8694 8697
l 8696 8698
l 8697 8699
l 8700 8699
l 8701 8702
l 8698 8701
l 8700 8703
l 8704 8703
l 8705 8706
l 8702 8705
l 8704 8707
l 8706 8708
l 8707 8709
l 8710 8709
l 8711 8712
l 8708 8711
l 8710 8713
l 8714 8713
l 8715 8716
l 8712 8715
l 8714 8717
l 8716 8718
l 8717 8719
l 8720 8719
l 8721 8722
l 8718 8721
l 8720 8723
l 8722 8724
l 8723 8725
l 8726 8725
l 8727 8728
l 8724 8727
l 8726 8729
l 8730 8729
l 8731 8732
l 8733 8731
l 8734 8733
l 8735 8734
l 8736 8735
l 8737 8736
l 8738 8737
l 8739 8738
l 8740 8739
l 8741 8740
l 8742 8741
l 8743 8742
l 8744 8743
l 8745 8746
l 8728 8745
l 8730 8747
l 8748 8749
l 8750 8748
l 8751 8750
l 8752 8751
l 8753 8752
l 8754 8753
l 8732 8754
l 8744 8755
l 8756 8755
l 8757 8756
l 8758 8757
l 8759 8758
l 8760 8759
l 8761 8760
l 8746 8762
l 8747 8763
l 8764 8763
l 8765 8766
l 8767 8765
l 8768 8767
l 8769 8768
l 8749 8769
l 8761 8770
l 8771 8770
l 8772 8771
l 8773 8772
l 8774 8773
l 8775 8776
l 8762 8775
l 8764 8777
l 8778 8777
l 8779 8780
l 8781 8779
l 8782 8781
l 8783 8782
l 8766 8783
l 8774 8784
l 8785 8784
l 8786 8785
l 8787 8786
l 8788 8787
l 8789 8790
l 8776 8789
l 8778 8791
l 8792 8791
l 8793 8792
l 8794 8793
l 8795 8794
l 8796 8795
l 8797 8796
l 8798 8797
l 8799 8798
l 8800 8799
l 8780 8800
l 8788 8801
l 8802 8801
l 8803 8802
l 8804 8803
l 8805 8804
l 8806 8805
l 8807 8806
l 8808 8807
l 8809 8808
l 8810 8809
l 8790 8810
l 8811 8812
l 8813 8811
l 8814 8813
l 8815 8814
l 8816 8815
l 8817 8816
l 8818 8817
l 8819 8818
l 8820 8819
l 8821 8820
l 8822 8821
l 8823 8822
l 8824 8823
l 8825 8824
l 8826 8825
l 8827 8826
l 8828 8827
l 8829 8830
l 8831 8829
l 8832 8831
l 8833 8832
l 8834 8833
l 8835 8834
l 8836 8835
l 8812 8836
l 8828 8837
l 8838 8837
l 8839 8838
l 8840 8839
l 8841 8840
l 8842 8841
l 8843 8842
l 8844 8843
l 8845 8846
l 8847 8845
l 8848 8847
l 8849 8848
l 8830 8849
l 8844 8850
l 8851 8850
l 8852 8851
l 8853 8852
l 8854 8853
l 8855 8856
l 8857 8855
l 8858 8857
l 8846 8858
l 8854 8859
l 8860 8859
l 8861 8860
l 8862 8861
l 8863 8864
l 8865 8863
l 8866 8865
l 8856 8866
l 8862 8867
l 8868 8867
l 8869 8868
l 8870 8869
l 8871 8872
l 8873 8871
l 8874 8873
l 8864 8874
l 8870 8875
l 8876 8875
l 8877 8876
l 8878 8877
l 8879 8880
l 8881 8879
l 8882 8881
l 8872 8882
l 8878 8883
l 8884 8883
l 8885 8884
l 8886 8885
l 8887 8888
l 8889 8887
l 8880 8889
l 8886 8890
l 8891 8890
l 8892 8891
l 8893 8894
l 8895 8893
l 8896 8895
l 8888 8896
l 8892 8897
l 8898 8897
l 8899 8898
l 8900 8899
l 8901 8902
l 8903 8901
l 8904 8903
l 8894 8904
l 8900 8905
l 8906 8905
l 8907 8906
l 8908 8907
l 8909 8910
l 8911 8909
l 8902 8911
l 8908 8912
l 8913 8912
l 8914 8913
l 8910 8915
l 8914 8916
l 8915 8917
l 8918 8917
l 8919 8920
l 8916 8919
l 8918 8921
l 8922 8921
l 8923 8924
l 8920 8923
l 8922 8925
l 8924 8926
l 8925 8927
l 8928 8927
l 8929 8930
l 8926 8929
l 8928 8931
l 8932 8931
l 8933 8934
l 8930 8933
l 8932 8935
l 8934 8936
l 8935 8937
l 8938 8937
l 8939 8940
l 8936 8939
l 8938 8941
l 8942 8941
l 8943 8944
l 8940 8943
l 8942 8945
l 8944 8946
l 8945 8947
l 8948 8947
l 8949 8950
l 8946 8949
l 8948 8951
l 8952 8951
l 8953 8954
l 8950 8953
l 8952 8955
l 8956 8955
l 8957 8958
l 8959 8957
l 8960 8959
l 8961 8960
l 8962 8961
l 8963 8962
l 8964 8963
l 8965 8964
l 8966 8965
l 8967 8966
l 8968 8967
l 8969 8968
l 8970 8969
l 8971 8972
l 8954 8971
l 8956 8973
l 8974 8975
l 8976 8974
l 8977 8976
l 8978 8977
l 8979 8978
l 8980 8979
l 8958 8980
l 8970 8981
l 8982 8981
l 8983 8982
l 8984 8983
l 8985 8984
l 8986 8985
l 8987 8986
l 8972 8988
l 8973 8989
l 8990 8989
l 8991 8992
l 8993 8991
l 8994 8993
l 8995 8994
l 8975 8995
l 8987 8996
l 8997 8996
l 8998 8997
l 8999 8998
l 9000 8999
l 9001 9002
l 8988 9001
l 8990 9003
l 9004 9003
l 9005 9006
l 9007 9005
l 9008 9007
l 9009 9008
l 8992 9009
l 9000 9010
l 9011 9010
l 9012 9011
l 9013 9012
l 9014 9013
l 9015 9016
l 9002 9015
l 9004 9017
l 9018 9017
l 9019 9018
l 9020 9019
l 9021 9020
l 9022 9021
l 9023 9022
l 9024 9023
l 9025 9024
l 9026 9025
l 9006 9026
l 9014 9027
l 9028 9027
l 9029 9028
l 9030 9029
l 9031 9030
l 9032 9031
l 9033 9032
l 9034 9033
l 9035 9034
l 9036 9035
l 9016 9036
l 9037 9038
l 9039 9037
l 9040 9039
l 9041 9040
l 9042 9041
l 9043 9042
l 9044 9043
l 9045 9044
l 9046 9045
l 9047 9046
l 9048 9047
l 9049 9048
l 9050 9049
l 9051 9050
l 9052 9051
l 9053 9052
l 9054 9053
l 9055 9054
l 9056 9055
l 9057 9058
l 9059 9057
l 9060 9059
l 9061 9060
l 9062 9061
l 9063 9062
l 9064 9063
l 9038 9064
l 9056 9065
l 9066 9065
l 9067 9066
l 9068 9067
l 9069 9068
l 9070 9069
l 9071 9070
l 9072 9071
l 9073 9074
l 9075 9073
l 9076 9075
l 9077 9076
l 9058 9077
l 9072 9078
l 9079 9078
l 9080 9079
l 9081 9080
l 9082 9081
l 9083 9084
l 9085 9083
l 9086 9085
l 9074 9086
l 9082 9087
l 9088 9087
l 9089 9088
l 9090 9089
l 9091 9092
l 9093 9091
l 9094 9093
l 9084 9094
l 9090 9095
l 9096 9095
l 9097 9096
l 9098 9097
l 9099 9100
l 9101 9099
l 9102 9101
l 9092 9102
l 9098 9103
l 9104 9103
l 9105 9104
l 9106 9105
l 9107 9108
l 9109 9107
l 9110 9109
l 9100 9110
l 9106 9111
l 9112 9111
l 9113 9112
l 9114 9113
l 9115 9116
l 9117 9115
l 9118 9117
l 9108 9118
l 9114 9119
l 9120 9119
l 9121 9120
l 9122 9121
l 9123 9124
l 9125 9123
l 9126 9125
l 9116 9126
l 9122 9127
l 9128 9127
l 9129 9128
l 9130 9129
l 9131 9132
l 9133 9131
l 9134 9133
l 9124 9134
l 9130 9135
l 9136 9135
l 9137 9136
l 9138 9137
l 9139 9140
l 9132 9139
l 9138 9141
l 9142 9141
l 9140 9143
l 9144 9143
l 9145 9146
l 9142 9145
l 9144 9147
l 9146 9148
l 9147 9149
l 9150 9149
l 9151 9152
l 9148 9151
l 9150 9153
l 9154 9153
l 9155 9156
l 9152 9155
l 9154 9157
l 9158 9157
l 9159 9160
l 9156 9159
l 9158 9161
l 9160 9162
l 9161 9163
l 9164 9163
l 9165 9166
l 9162 9165
l 9164 9167
l 9168 9167
l 9169 9170
l 9166 9169
l 9168 9171
l 9170 9172
l 9171 9173
l 9174 9173
l 9175 9176
l 9172 9175
l 9174 9177
l 9178 9177
l 9179 9180
l 9176 9179
l 9178 9181
l 9182 9181
l 9183 9184
l 9180 9183
l 9182 9185
l 9186 9187
l 9188 9186
l 9189 9188
l 9190 9189
l 9191 9190
l 9192 9191
l 9193 9192
l 9194 9193
l 9195 9194
l 9196 9195
l 9197 9196
l 9198 9197
l 9199 9198
l 9184 9200
l 9185 9201
l 9202 9201
l 9203 9204
l 9205 9203
l 9206 9205
l 9207 9206
l 9208 9207
l 9209 9208
l 9187 9209
l 9199 9210
l 9211 9210
l 9212 9211
l 9213 9212
l 9214 9213
l 9215 9214
l 9216 9215
l 9217 9218
l 9200 9217
l 9202 9219
l 9220 9219
l 9221 9222
l 9223 9221
l 9224 9223
l 9225 9224
l 9204 9225
l 9216 9226
l 9227 9226
l 9228 9227
l 9229 9228
l 9230 9229
l 9231 9232
l 9218 9231
l 9220 9233
l 9234 9233
l 9235 9236
l 9237 9235
l 9238 9237
l 9239 9238
l 9222 9239
l 9230 9240
l 9241 9240
l 9242 9241
l 9243 9242
l 9244 9243
l 9245 9246
l 9232 9245
l 9234 9247
l 9248 9247
l 9249 9248
l 9250 9249
l 9251 9250
l 9252 9251
l 9253 9252
l 9254 9253
l 9255 9254
l 9256 9255
l 9236 9256
l 9244 9257
l 9258 9257
l 9259 9258
l 9260 9259
l 9261 9260
l 9262 9261
l 9263 9262
l 9264 9263
l 9265 9264
l 9266 9265
l 9246 9266
l 9267 9268
l 9269 9267
l 9270 9269
l 9271 9270
l 9272 9271
l 9273 9272
l 9274 9273
l 9275 9274
l 9276 9275
l 9277 9276
l 9278 9277
l 9279 9278
l 9280 9279
l 9281 9280
l 9282 9281
l 9283 9282
l 9284 9283
l 9285 9284
l 9286 9285
l 9287 9286
l 9288 9287
l 9289 9290
l 9291 9289
l 9292 9291
l 9293 9292
l 9294 9293
l 9295 9294
l 9296 9295
l 9268 9296
l 9288 9297
l 9298 9297
l 9299 9298
l 9300 9299
l 9301 9300
l 9302 9301
l 9303 9302
l 9304 9303
l 9305 9306
l 9307 9305
l 9308 9307
l 9309 9308
l 9290 9309
l 9304 9310
l 9311 9310
l 9312 9311
l 9313 9312
l 9314 9313
l 9315 9316
l 9317 9315
l 9318 9317
l 9306 9318
l 9314 9319
l 9320 9319
l 9321 9320
l 9322 9321
l 9323 9324
l 9325 9323
l 9326 9325
l 9316 9326
l 9322 9327
l 9328 9327
l 9329 9328
l 9330 9329
l 9331 9332
l 9333 9331
l 9334 9333
l 9324 9334
l 9330 9335
l 9336 9335
l 9337 9336
l 9338 9337
l 9339 9340
l 9341 9339
l 9342 9341
l 9332 9342
l 9338 9343
l 9344 9343
l 9345 9344
l 9346 9345
l 9347 9348
l 9349 9347
l 9350 9349
l 9340 9350
l 9346 9351
l 9352 9351
l 9353 9352
l 9354 9353
l 9355 9356
l 9357 9355
l 9358 9357
l 9348 9358
l 9354 9359
l 9360 9359
l 9361 9360
l 9362 9361
l 9363 9364
l 9365 9363
l 9366 9365
l 9356 9366
l 9362 9367
l 9368 9367
l 9369 9368
l 9370 9369
l 9364 9371
l 9370 9372
l 9371 9373
l 9372 9374
l 9373 9375
l 9376 9375
l 9377 9378
l 9374 9377
l 9376 9379
l 9380 9379
l 9381 9382
l 9378 9381
l 9380 9383
l 9382 9384
l 9383 9385
l 9386 9385
l 9387 9388
l 9384 9387
l 9386 9389
l 9390 9389
l 9391 9392
l 9388 9391
l 9390 9393
l 9394 9393
l 9395 9396
l 9392 9395
l 9394 9397
l 9396 9398
l 9397 9399
l 9400 9399
l 9401 9402
l 9398 9401
l 9400 9403
l 9404 9403
l 9405 9406
l 9402 9405
l 9404 9407
l 9408 9407
l 9409 9410
l 9406 9409
l 9408 9411
l 9410 9412
l 9411 9413
l 9414 9413
l 9415 9416
l 9417 9415
l 9418 9417
l 9419 9418
l 9420 9419
l 9421 9420
l 9422 9421
l 9423 9422
l 9424 9423
l 9425 9424
l 9426 9425
l 9427 9426
l 9428 9427
l 9429 9430
l 9412 9429
l 9414 9431
l 9432 9431
l 9433 9434
l 9435 9433
l 9436 9435
l 9437 9436
l 9438 9437
l 9439 9438
l 9416 9439
l 9428 9440
l 9441 9440
l 9442 9441
l 9443 9442
l 9444 9443
l 9445 9444
l 9446 9445
l 9447 9448
l 9430 9447
l 9432 9449
l 9450 9449
l 9451 9452
l 9453 9451
l 9454 9453
l 9455 9454
l 9434 9455
l 9446 9456
l 9457 9456
l 9458 9457
l 9459 9458
l 9460 9459
l 9461 9462
l 9448 9461
l 9450 9463
l 9464 9463
l 9465 9466
l 9467 9465
l 9468 9467
l 9469 9468
l 9452 9469
l 9460 9470
l 9471 9470
l 9472 9471
l 9473 9472
l 9474 9473
l 9475 9476
l 9462 9475
l 9464 9477
l 9478 9477
l 9479 9480
l 9481 9479
l 9482 9481
l 9483 9482
l 9484 9483
l 9485 9484
l 9486 9485
l 9466 9486
l 9474 9487
l 9488 9487
l 9489 9488
l 9490 9489
l 9491 9490
l 9492 9491
l 9493 9492
l 9494 9493
l 9495 9496
l 9476 9495
l 9478 9497
l 9498 9497
l 9480 9498
l 9494 9499
l 9500 9499
l 9496 9500
l 9501 9502
l 9503 9501
l 9504 9503
l 9505 9504
l 9506 9505
l 9507 9506
l 9508 9507
l 9509 9508
l 9510 9509
l 9511 9510
l 9512 9511
l 9513 9512
l 9514 9513
l 9515 9514
l 9516 9515
l 9517 9516
l 9518 9517
l 9519 9518
l 9520 9519
l 9521 9520
l 9522 9521
l 9523 9522
l 9524 9523
l 9525 9526
l 9527 9525
l 9528 9527
l 9529 9528
l 9530 9529
l 9531 9530
l 9532 9531
l 9502 9532
l 9524 9533
l 9534 9533
l 9535 9534
l 9536 9535
l 9537 9536
l 9538 9537
l 9539 9538
l 9540 9539
l 9541 9542
l 9543 9541
l 9544 9543
l 9526 9544
l 9540 9545
l 9546 9545
l 9547 9546
l 9548 9547
l 9549 9550
l 9551 9549
l 9552 9551
l 9542 9552
l 9548 9553
l 9554 9553
l 9555 9554
l 9556 9555
l 9557 9558
l 9559 9557
l 9560 9559
l 9561 9560
l 9550 9561
l 9556 9562
l 9563 9562
l 9564 9563
l 9565 9564
l 9566 9565
l 9567 9568
l 9569 9567
l 9570 9569
l 9558 9570
l 9566 9571
l 9572 9571
l 9573 9572
l 9574 9573
l 9575 9576
l 9577 9575
l 9578 9577
l 9568 9578
l 9574 9579
l 9580 9579
l 9581 9580
l 9582 9581
l 9583 9584
l 9585 9583
l 9586 9585
l 9576 9586
l 9582 9587
l 9588 9587
l 9589 9588
l 9590 9589
l 9591 9592
l 9593 9591
l 9594 9593
l 9595 9594
l 9584 9595
l 9590 9596
l 9597 9596
l 9598 9597
l 9599 9598
l 9600 9599
l 9601 9602
l 9603 9601
l 9592 9603
l 9600 9604
l 9605 9604
l 9606 9605
l 9602 9607
l 9606 9608
l 9607 9609
l 9608 9610
l 9609 9611
l 9612 9611
l 9613 9614
l 9610 9613
l 9612 9615
l 9616 9615
l 9617 9618
l 9614 9617
l 9616 9619
l 9620 9619
l 9621 9622
l 9618 9621
l 9620 9623
l 9624 9623
l 9625 9626
l 9622 9625
l 9624 9627
l 9626 9628
l 9627 9629
l 9630 9629
l 9631 9632
l 9628 9631
l 9630 9633
l 9634 9633
l 9635 9636
l 9632 9635
l 9634 9637
l 9638 9637
l 9639 9640
l 9636 9639
l 9638 9641
l 9642 9641
l 9643 9644
l 9640 9643
l 9642 9645
l 9644 9646
l 9645 9647
l 9648 9647
l 9649 9650
l 9646 9649
l 9648 9651
l 9652 9651
l 9653 9654
l 9655 9653
l 9656 9655
l 9657 9656
l 9658 9657
l 9659 9658
l 9660 9659
l 9661 9660
l 9662 9661
l 9663 9662
l 9664 9663
l 9665 9666
l 9650 9665
l 9652 9667
l 9668 9667
l 9669 9670
l 9671 9669
l 9672 9671
l 9673 9672
l 9674 9673
l 9675 9674
l 9654 9675
l 9664 9676
l 9677 9676
l 9678 9677
l 9679 9678
l 9680 9679
l 9681 9680
l 9682 9681
l 9683 9684
l 9666 9683
l 9668 9685
l 9686 9685
l 9687 9688
l 9689 9687
l 9690 9689
l 9691 9690
l 9692 9691
l 9670 9692
l 9682 9693
l 9694 9693
l 9695 9694
l 9696 9695
l 9697 9696
l 9698 9697
l 9699 9700
l 9684 9699
l 9686 9701
l 9702 9703
l 9704 9702
l 9705 9704
l 9706 9705
l 9688 9706
l 9698 9707
l 9708 9707
l 9709 9708
l 9710 9709
l 9711 9710
l 9700 9712
l 9701 9713
l 9714 9713
l 9715 9714
l 9716 9717
l 9718 9716
l 9719 9718
l 9720 9719
l 9721 9720
l 9722 9721
l 9723 9722
l 9703 9723
l 9711 9724
l 9725 9724
l 9726 9725
l 9727 9726
l 9728 9727
l 9729 9728
l 9730 9729
l 9731 9730
l 9732 9733
l 9734 9732
l 9712 9734
l 9715 9735
l 9736 9735
l 9717 9736
l 9731 9737
l 9738 9737
l 9733 9738
l 9739 9740
l 9741 9739
l 9742 9741
l 9743 9742
l 9744 9743
l 9745 9744
l 9746 9745
l 9747 9746
l 9748 9747
l 9749 9748
l 9750 9749
l 9751 9750
l 9752 9751
l 9753 9752
l 9754 9753
l 9755 9754
l 9756 9755
l 9757 9756
l 9758 9757
l 9759 9758
l 9760 9759
l 9761 9760
l 9762 9761
l 9763 9762
l 9764 9763
l 9765 9766
l 9767 9765
l 9768 9767
l 9769 9768
l 9770 9769
l 9771 9770
l 9772 9771
l 9740 9772
l 9764 9773
l 9774 9773
l 9775 9774
l 9776 9775
l 9777 9776
l 9778 9777
l 9779 9778
l 9780 9779
l 9781 9782
l 9783 9781
l 9784 9783
l 9766 9784
l 9780 9785
l 9786 9785
l 9787 9786
l 9788 9787
l 9789 9790
l 9791 9789
l 9792 9791
l 9782 9792
l 9788 9793
l 9794 9793
l 9795 9794
l 9796 9795
l 9797 9798
l 9799 9797
l 9800 9799
l 9801 9800
l 9790 9801
l 9796 9802
l 9803 9802
l 9804 9803
l 9805 9804
l 9806 9805
l 9807 9808
l 9809 9807
l 9810 9809
l 9798 9810
l 9806 9811
l 9812 9811
l 9813 9812
l 9814 9813
l 9815 9816
l 9817 9815
l 9818 9817
l 9808 9818
l 9814 9819
l 9820 9819
l 9821 9820
l 9822 9821
l 9823 9824
l 9825 9823
l 9826 9825
l 9827 9826
l 9816 9827
l 9822 9828
l 9829 9828
l 9830 9829
l 9831 9830
l 9832 9831
l 9833 9834
l 9835 9833
l 9836 9835
l 9824 9836
l 9832 9837
l 9838 9837
l 9839 9838
l 9840 9839
l 9841 9842
l 9843 9841
l 9834 9843
l 9840 9844
l 9845 9844
l 9846 9845
l 9842 9847
l 9846 9848
l 9847 9849
l 9850 9849
l 9851 9852
l 9848 9851
l 9850 9853
l 9854 9853
l 9855 9856
l 9852 9855
l 9854 9857
l 9858 9857
l 9859 9860
l 9856 9859
l 9858 9861
l 9860 9862
l 9861 9863
l 9864 9863
l 9865 9866
l 9862 9865
l 9864 9867
l 9868 9867
l 9869 9870
l 9866 9869
l 9868 9871
l 9872 9871
l 9873 9874
l 9870 9873
l 9872 9875
l 9876 9875
l 9877 9878
l 9874 9877
l 9876 9879
l 9880 9879
l 9881 9882
l 9878 9881
l 9880 9883
l 9882 9884
l 9883 9885
l 9886 9885
l 9887 9888
l 9884 9887
l 9886 9889
l 9890 9889
l 9891 9892
l 9888 9891
l 9890 9893
l 9894 9893
l 9895 9896
l 9897 9895
l 9898 9897
l 9899 9898
l 9900 9899
l 9901 9900
l 9902 9901
l 9903 9902
l 9904 9903
l 9905 9904
l 9906 9905
l 9907 9908
l 9892 9907
l 9894 9909
l 9910 9909
l 9911 9912
l 9913 9911
l 9914 9913
l 9915 9914
l 9916 9915
l 9917 9916
l 9896 9917
l 9906 9918
l 9919 9918
l 9920 9919
l 9921 9920
l 9922 9921
l 9923 9922
l 9924 9923
l 9925 9926
l 9908 9925
l 9910 9927
l 9928 9929
l 9930 9928
l 9931 9930
l 9932 9931
l 9933 9932
l 9912 9933
l 9924 9934
l 9935 9934
l 9936 9935
l 9937 9936
l 9938 9937
l 9939 9938
l 9926 9940
l 9927 9941
l 9942 9941
l 9943 9944
l 9945 9943
l 9946 9945
l 9947 9946
l 9929 9947
l 9939 9948
l 9949 9948
l 9950 9949
l 9951 9950
l 9952 9951
l 9953 9954
l 9940 9953
l 9942 9955
l 9956 9955
l 9957 9956
l 9958 9959
l 9960 9958
l 9961 9960
l 9962 9961
l 9963 9962
l 9964 9963
l 9944 9964
l 9952 9965
l 9966 9965
l 9967 9966
l 9968 9967
l 9969 9968
l 9970 9969
l 9971 9970
l 9972 9973
l 9974 9972
l 9954 9974
l 9957 9975
l 9976 9975
l 9977 9976
l 9959 9977
l 9971 9978
l 9979 9978
l 9980 9979
l 9973 9980
l 9981 9982
l 9983 9981
l 9984 9983
l 9985 9984
l 9986 9985
l 9987 9986
l 9988 9987
l 9989 9988
l 9990 9989
l 9991 9990
l 9992 9991
l 9993 9992
l 9994 9993
l 9995 9994
l 9996 9995
l 9997 9996
l 9998 9997
l 9999 9998
l 10000 9999
l 10001 10000
l 10002 10001
l 10003 10002
l 10004 10003
l 10005 10004
l 10006 10005
l 10007 10006
l 10008 10007
l 10009 10010
l 10011 10009
l 10012 10011
l 10013 10012
l 10014 10013
l 10015 10014
l 9982 10015
l 10008 10016
l 10017 10016
l 10018 10017
l 10019 10018
l 10020 10019
l 10021 10020
l 10022 10021
l 10023 10024
l 10025 10023
l 10026 10025
l 10027 10026
l 10010 10027
l 10022 10028
l 10029 10028
l 10030 10029
l 10031 10030
l 10032 10031
l 10033 10034
l 10035 10033
l 10036 10035
l 10024 10036
l 10032 10037
l 10038 10037
l 10039 10038
l 10040 10039
l 10041 10042
l 10043 10041
l 10044 10043
l 10034 10044
l 10040 10045
l 10046 10045
l 10047 10046
l 10048 10047
l 10049 10050
l 10051 10049
l 10052 10051
l 10053 10052
l 10042 10053
l 10048 10054
l 10055 10054
l 10056 10055
l 10057 10056
l 10058 10057
l 10059 10060
l 10061 10059
l 10062 10061
l 10050 10062
l 10058 10063
l 10064 10063
l 10065 10064
l 10066 10065
l 10067 10068
l 10069 10067
l 10070 10069
l 10071 10070
l 10060 10071
l 10066 10072
l 10073 10072
l 10074 10073
l 10075 10074
l 10076 10075
l 10077 10078
l 10079 10077
l 10080 10079
l 10068 10080
l 10076 10081
l 10082 10081
l 10083 10082
l 10084 10083
l 10085 10086
l 10078 10085
l 10084 10087
l 10088 10087
l 10086 10089
l 10088 10090
l 10089 10091
l 10092 10091
l 10093 10094
l 10090 10093
l 10092 10095
l 10094 10096
l 10095 10097
l 10098 10097
l 10099 10100
l 10096 10099
l 10098 10101
l 10102 10101
l 10103 10104
l 10100 10103
l 10102 10105
l 10106 10105
l 10107 10108
l 10104 10107
l 10106 10109
l 10110 10109
l 10111 10112
l 10108 10111
l 10110 10113
l 10114 10113
l 10115 10116
l 10112 10115
l 10114 10117
l 10116 10118
l 10117 10119
l 10120 10119
l 10121 10122
l 10118 10121
l 10120 10123
l 10124 10123
l 10125 10126
l 10122 10125
l 10124 10127
l 10128 10127
l 10129 10130
l 10126 10129
l 10128 10131
l 10132 10131
l 10133 10134
l 10130 10133
l 10132 10135
l 10136 10135
l 10137 10138
l 10139 10137
l 10140 10139
l 10141 10140
l 10142 10141
l 10143 10142
l 10144 10143
l 10145 10144
l 10146 10145
l 10147 10146
l 10148 10147
l 10149 10150
l 10134 10149
l 10136 10151
l 10152 10153
l 10154 10152
l 10155 10154
l 10156 10155
l 10157 10156
l 10158 10157
l 10138 10158
l 10148 10159
l 10160 10159
l 10161 10160
l 10162 10161
l 10163 10162
l 10164 10163
l 10165 10164
l 10150 10166
l 10151 10167
l 10168 10167
l 10169 10170
l 10171 10169
l 10172 10171
l 10173 10172
l 10174 10173
l 10153 10174
l 10165 10175
l 10176 10175
l 10177 10176
l 10178 10177
l 10179 10178
l 10180 10179
l 10181 10182
l 10166 10181
l 10168 10183
l 10184 10183
l 10185 10186
l 10187 10185
l 10188 10187
l 10189 10188
l 10170 10189
l 10180 10190
l 10191 10190
l 10192 10191
l 10193 10192
l 10194 10193
l 10195 10196
l 10182 10195
l 10184 10197
l 10198 10197
l 10199 10200
l 10201 10199
l 10202 10201
l 10203 10202
l 10204 10203
l 10205 10204
l 10186 10205
l 10194 10206
l 10207 10206
l 10208 10207
l 10209 10208
l 10210 10209
l 10211 10210
l 10212 10211
l 10213 10214
l 10196 10213
l 10198 10215
l 10216 10215
l 10217 10216
l 10218 10217
l 10200 10218
l 10212 10219
l 10220 10219
l 10221 10220
l 10222 10221
l 10214 10222
l 10223 10224
l 10225 10223
l 10226 10225
l 10227 10226
l 10228 10227
l 10229 10228
l 10230 10229
l 10231 10230
l 10232 10231
l 10233 10232
l 10234 10233
l 10235 10234
l 10236 10235
l 10237 10236
l 10238 10237
l 10239 10238
l 10240 10239
l 10241 10240
l 10242 10241
l 10243 10242
l 10244 10243
l 10245 10244
l 10246 10245
l 10247 10246
l 10248 10247
l 10249 10248
l 10250 10249
l 10251 10250
l 10252 10251
l 10253 10254
l 10255 10253
l 10256 10255
l 10257 10256
l 10258 10257
l 10259 10258
l 10224 10259
l 10252 10260
l 10261 10260
l 10262 10261
l 10263 10262
l 10264 10263
l 10265 10264
l 10266 10265
l 10267 10268
l 10269 10267
l 10270 10269
l 10254 10270
l 10266 10271
l 10272 10271
l 10273 10272
l 10274 10273
l 10275 10276
l 10277 10275
l 10278 10277
l 10279 10278
l 10268 10279
l 10274 10280
l 10281 10280
l 10282 10281
l 10283 10282
l 10284 10283
l 10285 10286
l 10287 10285
l 10288 10287
l 10276 10288
l 10284 10289
l 10290 10289
l 10291 10290
l 10292 10291
l 10293 10294
l 10295 10293
l 10296 10295
l 10297 10296
l 10286 10297
l 10292 10298
l 10299 10298
l 10300 10299
l 10301 10300
l 10302 10301
l 10303 10304
l 10305 10303
l 10306 10305
l 10294 10306
l 10302 10307
l 10308 10307
l 10309 10308
l 10310 10309
l 10311 10312
l 10313 10311
l 10314 10313
l 10315 10314
l 10304 10315
l 10310 10316
l 10317 10316
l 10318 10317
l 10319 10318
l 10320 10319
l 10321 10322
l 10323 10321
l 10324 10323
l 10312 10324
l 10320 10325
l 10326 10325
l 10327 10326
l 10328 10327
l 10329 10330
l 10322 10329
l 10328 10331
l 10332 10331
l 10330 10333
l 10332 10334
l 10333 10335
l 10336 10335
l 10337 10338
l 10334 10337
l 10336 10339
l 10340 10339
l 10341 10342
l 10338 10341
l 10340 10343
l 10344 10343
l 10345 10346
l 10342 10345
l 10344 10347
l 10348 10347
l 10349 10350
l 10346 10349
l 10348 10351
l 10352 10351
l 10353 10354
l 10350 10353
l 10352 10355
l 10354 10356
l 10355 10357
l 10358 10357
l 10359 10360
l 10356 10359
l 10358 10361
l 10362 10361
l 10363 10364
l 10360 10363
l 10362 10365
l 10366 10365
l 10367 10368
l 10364 10367
l 10366 10369
l 10370 10369
l 10371 10372
l 10368 10371
l 10370 10373
l 10374 10373
l 10375 10376
l 10372 10375
l 10374 10377
l 10378 10377
l 10379 10380
l 10376 10379
l 10378 10381
l 10382 10383
l 10384 10382
l 10385 10384
l 10386 10385
l 10387 10386
l 10388 10387
l 10389 10388
l 10390 10389
l 10391 10390
l 10392 10391
l 10393 10392
l 10380 10394
l 10381 10395
l 10396 10395
l 10397 10398
l 10399 10397
l 10400 10399
l 10401 10400
l 10402 10401
l 10403 10402
l 10383 10403
l 10393 10404
l 10405 10404
l 10406 10405
l 10407 10406
l 10408 10407
l 10409 10408
l 10410 10409
l 10411 10412
l 10394 10411
l 10396 10413
l 10414 10413
l 10415 10416
l 10417 10415
l 10418 10417
l 10419 10418
l 10398 10419
l 10410 10420
l 10421 10420
l 10422 10421
l 10423 10422
l 10424 10423
l 10425 10426
l 10412 10425
l 10414 10427
l 10428 10427
l 10429 10430
l 10431 10429
l 10432 10431
l 10433 10432
l 10434 10433
l 10416 10434
l 10424 10435
l 10436 10435
l 10437 10436
l 10438 10437
l 10439 10438
l 10440 10439
l 10441 10442
l 10426 10441
l 10428 10443
l 10444 10443
l 10445 10446
l 10447 10445
l 10448 10447
l 10449 10448
l 10450 10449
l 10451 10450
l 10430 10451
l 10440 10452
l 10453 10452
l 10454 10453
l 10455 10454
l 10456 10455
l 10457 10456
l 10458 10457
l 10459 10460
l 10442 10459
l 10444 10461
l 10462 10461
l 10463 10462
l 10464 10463
l 10446 10464
l 10458 10465
l 10466 10465
l 10467 10466
l 10468 10467
l 10460 10468
l 10469 10470
l 10471 10469
l 10472 10471
l 10473 10472
l 10474 10473
l 10475 10474
l 10476 10475
l 10477 10476
l 10478 10477
l 10479 10478
l 10480 10479
l 10481 10480
l 10482 10481
l 10483 10482
l 10484 10483
l 10485 10484
l 10486 10485
l 10487 10486
l 10488 10487
l 10489 10488
l 10490 10489
l 10491 10490
l 10492 10491
l 10493 10492
l 10494 10493
l 10495 10494
l 10496 10495
l 10497 10496
l 10498 10497
l 10499 10498
l 10500 10499
l 10501 10502
l 10503 10501
l 10504 10503
l 10505 10504
l 10506 10505
l 10470 10506
l 10500 10507
l 10508 10507
l 10509 10508
l 10510 10509
l 10511 10510
l 10512 10511
l 10513 10514
l 10515 10513
l 10516 10515
l 10517 10516
l 10502 10517
l 10512 10518
l 10519 10518
l 10520 10519
l 10521 10520
l 10522 10521
l 10523 10524
l 10525 10523
l 10526 10525
l 10514 10526
l 10522 10527
l 10528 10527
l 10529 10528
l 10530 10529
l 10531 10532
l 10533 10531
l 10534 10533
l 10535 10534
l 10524 10535
l 10530 10536
l 10537 10536
l 10538 10537
l 10539 10538
l 10540 10539
l 10541 10542
l 10543 10541
l 10544 10543
l 10545 10544
l 10532 10545
l 10540 10546
l 10547 10546
l 10548 10547
l 10549 10548
l 10550 10549
l 10551 10552
l 10553 10551
l 10554 10553
l 10542 10554
l 10550 10555
l 10556 10555
l 10557 10556
l 10558 10557
l 10559 10560
l 10561 10559
l 10562 10561
l 10563 10562
l 10552 10563
l 10558 10564
l 10565 10564
l 10566 10565
l 10567 10566
l 10568 10567
l 10569 10570
l 10571 10569
l 10572 10571
l 10560 10572
l 10568 10573
l 10574 10573
l 10575 10574
l 10576 10575
l 10577 10578
l 10570 10577
l 10576 10579
l 10580 10579
l 10578 10581
l 10582 10581
l 10583 10584
l 10580 10583
l 10582 10585
l 10586 10585
l 10587 10588
l 10584 10587
l 10586 10589
l 10590 10589
l 10591 10592
l 10588 10591
l 10590 10593
l 10592 10594
l 10593 10595
l 10596 10595
l 10597 10598
l 10594 10597
l 10596 10599
l 10600 10599
l 10601 10602
l 10598 10601
l 10600 10603
l 10604 10603
l 10605 10606
l 10602 10605
l 10604 10607
l 10608 10607
l 10609 10610
l 10606 10609
l 10608 10611
l 10612 10611
l 10613 10614
l 10610 10613
l 10612 10615
l 10616 10615
l 10617 10618
l 10614 10617
l 10616 10619
l 10620 10619
l 10621 10622
l 10618 10621
l 10620 10623
l 10624 10623
l 10625 10626
l 10622 10625
l 10624 10627
l 10626 10628
l 10627 10629
l 10630 10629
l 10631 10632
l 10633 10631
l 10634 10633
l 10635 10634
l 10636 10635
l 10637 10636
l 10638 10637
l 10639 10638
l 10640 10639
l 10641 10642
l 10628 10641
l 10630 10643
l 10644 10643
l 10645 10646
l 10647 10645
l 10648 10647
l 10649 10648
l 10650 10649
l 10651 10650
l 10632 10651
l 10640 10652
l 10653 10652
l 10654 10653
l 10655 10654
l 10656 10655
l 10657 10656
l 10658 10657
l 10659 10660
l 10642 10659
l 10644 10661
l 10662 10661
l 10663 10664
l 10665 10663
l 10666 10665
l 10667 10666
l 10668 10667
l 10646 10668
l 10658 10669
l 10670 10669
l 10671 10670
l 10672 10671
l 10673 10672
l 10674 10673
l 10675 10676
l 10660 10675
l 10662 10677
l 10678 10677
l 10679 10680
l 10681 10679
l 10682 10681
l 10683 10682
l 10684 10683
l 10664 10684
l 10674 10685
l 10686 10685
l 10687 10686
l 10688 10687
l 10689 10688
l 10690 10689
l 10691 10692
l 10676 10691
l 10678 10693
l 10694 10693
l 10695 10696
l 10697 10695
l 10698 10697
l 10699 10698
l 10700 10699
l 10680 10700
l 10690 10701
l 10702 10701
l 10703 10702
l 10704 10703
l 10705 10704
l 10706 10705
l 10707 10708
l 10692 10707
l 10694 10709
l 10710 10709
l 10711 10710
l 10712 10711
l 10713 10712
l 10696 10713
l 10706 10714
l 10715 10714
l 10716 10715
l 10717 10716
l 10718 10717
l 10708 10718
l 10719 10720
l 10721 10719
l 10722 10721
l 10723 10722
l 10724 10723
l 10725 10724
l 10726 10725
l 10727 10726
l 10728 10727
l 10729 10728
l 10730 10729
l 10731 10730
l 10732 10731
l 10733 10732
l 10734 10733
l 10735 10734
l 10736 10735
l 10737 10736
l 10738 10737
l 10739 10738
l 10740 10739
l 10741 10740
l 10742 10741
l 10743 10742
l 10744 10743
l 10745 10744
l 10746 10745
l 10747 10746
l 10748 10747
l 10749 10748
l 10750 10749
l 10751 10750
l 10752 10751
l 10753 10752
l 10754 10753
l 10755 10756
l 10757 10755
l 10758 10757
l 10759 10758
l 10720 10759
l 10754 10760
l 10761 10760
l 10762 10761
l 10763 10762
l 10764 10763
l 10765 10766
l 10767 10765
l 10768 10767
l 10756 10768
l 10764 10769
l 10770 10769
l 10771 10770
l 10772 10771
l 10773 10774
l 10775 10773
l 10776 10775
l 10777 10776
l 10766 10777
l 10772 10778
l 10779 10778
l 10780 10779
l 10781 10780
l 10782 10781
l 10783 10784
l 10785 10783
l 10786 10785
l 10787 10786
l 10774 10787
l 10782 10788
l 10789 10788
l 10790 10789
l 10791 10790
l 10792 10791
l 10793 10794
l 10795 10793
l 10796 10795
l 10797 10796
l 10784 10797
l 10792 10798
l 10799 10798
l 10800 10799
l 10801 10800
l 10802 10801
l 10803 10804
l 10805 10803
l 10806 10805
l 10794 10806
l 10802 10807
l 10808 10807
l 10809 10808
l 10810 10809
l 10811 10812
l 10813 10811
l 10814 10813
l 10815 10814
l 10804 10815
l 10810 10816
l 10817 10816
l 10818 10817
l 10819 10818
l 10820 10819
l 10821 10822
l 10823 10821
l 10824 10823
l 10812 10824
l 10820 10825
l 10826 10825
l 10827 10826
l 10828 10827
l 10822 10829
l 10828 10830
l 10829 10831
l 10830 10832
l 10831 10833
l 10834 10833
l 10835 10836
l 10832 10835
l 10834 10837
l 10838 10837
l 10839 10840
l 10836 10839
l 10838 10841
l 10842 10841
l 10843 10844
l 10840 10843
l 10842 10845
l 10846 10845
l 10847 10848
l 10844 10847
l 10846 10849
l 10850 10849
l 10851 10852
l 10848 10851
l 10850 10853
l 10854 10853
l 10855 10856
l 10852 10855
l 10854 10857
l 10858 10857
l 10859 10860
l 10856 10859
l 10858 10861
l 10862 10861
l 10863 10864
l 10860 10863
l 10862 10865
l 10866 10865
l 10867 10868
l 10864 10867
l 10866 10869
l 10868 10870
l 10869 10871
l 10872 10871
l 10873 10874
l 10870 10873
l 10872 10875
l 10876 10875
l 10877 10878
l 10874 10877
l 10876 10879
l 10880 10879
l 10881 10882
l 10883 10881
l 10884 10883
l 10885 10884
l 10886 10885
l 10887 10886
l 10888 10887
l 10889 10888
l 10890 10889
l 10891 10892
l 10878 10891
l 10880 10893
l 10894 10893
l 10895 10896
l 10897 10895
l 10898 10897
l 10899 10898
l 10900 10899
l 10901 10900
l 10882 10901
l 10890 10902
l 10903 10902
l 10904 10903
l 10905 10904
l 10906 10905
l 10907 10906
l 10908 10907
l 10909 10910
l 10892 10909
l 10894 10911
l 10912 10911
l 10913 10914
l 10915 10913
l 10916 10915
l 10917 10916
l 10918 10917
l 10896 10918
l 10908 10919
l 10920 10919
l 10921 10920
l 10922 10921
l 10923 10922
l 10924 10923
l 10925 10926
l 10910 10925
l 10912 10927
l 10928 10927
l 10929 10930
l 10931 10929
l 10932 10931
l 10933 10932
l 10934 10933
l 10914 10934
l 10924 10935
l 10936 10935
l 10937 10936
l 10938 10937
l 10939 10938
l 10940 10939
l 10941 10942
l 10926 10941
l 10928 10943
l 10944 10943
l 10945 10946
l 10947 10945
l 10948 10947
l 10949 10948
l 10950 10949
l 10930 10950
l 10940 10951
l 10952 10951
l 10953 10952
l 10954 10953
l 10955 10954
l 10956 10955
l 10957 10958
l 10942 10957
l 10944 10959
l 10960 10959
l 10961 10960
l 10962 10961
l 10963 10962
l 10946 10963
l 10956 10964
l 10965 10964
l 10966 10965
l 10967 10966
l 10968 10967
l 10958 10968
l 10969 10970
l 10971 10969
l 10972 10971
l 10973 10972
l 10974 10973
l 10975 10974
l 10976 10975
l 10977 10976
l 10978 10977
l 10979 10978
l 10980 10979
l 10981 10980
l 10982 10981
l 10983 10982
l 10984 10983
l 10985 10984
l 10986 10985
l 10987 10986
l 10988 10987
l 10989 10988
l 10990 10989
l 10991 10990
l 10992 10991
l 10993 10992
l 10994 10993
l 10995 10994
l 10996 10995
l 10997 10996
l 10998 10997
l 10999 10998
l 11000 10999
l 11001 11000
l 11002 11001
l 11003 11002
l 11004 11003
l 11005 11004
l 11006 11005
l 11007 11008
l 11009 11007
l 11010 11009
l 10970 11010
l 11006 11011
l 11012 11011
l 11013 11012
l 11014 11013
l 11015 11016
l 11017 11015
l 11018 11017
l 11019 11018
l 11008 11019
l 11014 11020
l 11021 11020
l 11022 11021
l 11023 11022
l 11024 11023
l 11025 11026
l 11027 11025
l 11028 11027
l 11029 11028
l 11016 11029
l 11024 11030
l 11031 11030
l 11032 11031
l 11033 11032
l 11034 11033
l 11035 11036
l 11037 11035
l 11038 11037
l 11039 11038
l 11026 11039
l 11034 11040
l 11041 11040
l 11042 11041
l 11043 11042
l 11044 11043
l 11045 11046
l 11047 11045
l 11048 11047
l 11036 11048
l 11044 11049
l 11050 11049
l 11051 11050
l 11052 11051
l 11053 11054
l 11055 11053
l 11056 11055
l 11057 11056
l 11046 11057
l 11052 11058
l 11059 11058
l 11060 11059
l 11061 11060
l 11062 11061
l 11063 11064
l 11065 11063
l 11066 11065
l 11067 11066
l 11054 11067
l 11062 11068
l 11069 11068
l 11070 11069
l 11071 11070
l 11072 11071
l 11073 11074
l 11075 11073
l 11064 11075
l 11072 11076
l 11077 11076
l 11078 11077
l 11079 11080
l 11074 11079
l 11078 11081
l 11082 11081
l 11080 11083
l 11084 11083
l 11085 11086
l 11082 11085
l 11084 11087
l 11088 11087
l 11089 11090
l 11086 11089
l 11088 11091
l 11092 11091
l 11093 11094
l 11090 11093
l 11092 11095
l 11096 11095
l 11097 11098
l 11094 11097
l 11096 11099
l 11100 11099
l 11101 11102
l 11098 11101
l 11100 11103
l 11104 11103
l 11105 11106
l 11102 11105
l 11104 11107
l 11108 11107
l 11109 11110
l 11106 11109
l 11108 11111
l 11110 11112
l 11111 11113
l 11114 11113
l 11115 11116
l 11112 11115
l 11114 11117
l 11118 11117
l 11119 11120
l 11116 11119
l 11118 11121
l 11122 11121
l 11123 11124
l 11120 11123
l 11122 11125
l 11126 11125
l 11127 11128
l 11124 11127
l 11126 11129
l 11130 11129
l 11131 11132
l 11128 11131
l 11130 11133
l 11134 11133
l 11135 11136
l 11137 11135
l 11138 11137
l 11139 11138
l 11140 11139
l 11141 11140
l 11142 11141
l 11143 11142
l 11144 11143
l 11145 11146
l 11132 11145
l 11134 11147
l 11148 11147
l 11149 11150
l 11151 11149
l 11152 11151
l 11153 11152
l 11154 11153
l 11155 11154
l 11136 11155
l 11144 11156
l 11157 11156
l 11158 11157
l 11159 11158
l 11160 11159
l 11161 11160
l 11162 11161
l 11163 11164
l 11146 11163
l 11148 11165
l 11166 11165
l 11167 11168
l 11169 11167
l 11170 11169
l 11171 11170
l 11172 11171
l 11150 11172
l 11162 11173
l 11174 11173
l 11175 11174
l 11176 11175
l 11177 11176
l 11178 11177
l 11179 11180
l 11164 11179
l 11166 11181
l 11182 11181
l 11183 11184
l 11185 11183
l 11186 11185
l 11187 11186
l 11188 11187
l 11168 11188
l 11178 11189
l 11190 11189
l 11191 11190
l 11192 11191
l 11193 11192
l 11194 11193
l 11195 11196
l 11180 11195
l 11182 11197
l 11198 11197
l 11199 11200
l 11201 11199
l 11202 11201
l 11203 11202
l 11204 11203
l 11184 11204
l 11194 11205
l 11206 11205
l 11207 11206
l 11208 11207
l 11209 11208
l 11210 11209
l 11211 11212
l 11196 11211
l 11198 11213
l 11214 11213
l 11215 11214
l 11216 11215
l 11217 11216
l 11200 11217
l 11210 11218
l 11219 11218
l 11220 11219
l 11221 11220
l 11222 11221
l 11212 11222
l 11223 11224
l 11225 11223
l 11226 11225
l 11227 11226
l 11228 11227
l 11229 11228
l 11230 11229
l 11231 11230
l 11232 11231
l 11233 11232
l 11234 11233
l 11235 11234
l 11236 11235
l 11237 11236
l 11238 11237
l 11239 11238
l 11240 11239
l 11241 11240
l 11242 11241
l 11243 11242
l 11244 11243
l 11245 11244
l 11246 11245
l 11247 11246
l 11248 11247
l 11249 11248
l 11250 11249
l 11251 11250
l 11252 11251
l 11253 11252
l 11254 11253
l 11255 11254
l 11256 11255
l 11257 11256
l 11258 11257
l 11259 11258
l 11260 11259
l 11261 11262
l 11263 11261
l 11264 11263
l 11265 11264
l 11224 11265
l 11260 11266
l 11267 11266
l 11268 11267
l 11269 11268
l 11270 11269
l 11271 11272
l 11273 11271
l 11274 11273
l 11275 11274
l 11262 11275
l 11270 11276
l 11277 11276
l 11278 11277
l 11279 11278
l 11280 11279
l 11281 11282
l 11283 11281
l 11284 11283
l 11285 11284
l 11272 11285
l 11280 11286
l 11287 11286
l 11288 11287
l 11289 11288
l 11290 11289
l 11291 11292
l 11293 11291
l 11294 11293
l 11282 11294
l 11290 11295
l 11296 11295
l 11297 11296
l 11298 11297
l 11299 11300
l 11301 11299
l 11302 11301
l 11303 11302
l 11292 11303
l 11298 11304
l 11305 11304
l 11306 11305
l 11307 11306
l 11308 11307
l 11309 11310
l 11311 11309
l 11312 11311
l 11313 11312
l 11300 11313
l 11308 11314
l 11315 11314
l 11316 11315
l 11317 11316
l 11318 11317
l 11319 11320
l 11321 11319
l 11322 11321
l 11323 11322
l 11310 11323
l 11318 11324
l 11325 11324
l 11326 11325
l 11327 11326
l 11328 11327
l 11329 11330
l 11331 11329
l 11320 11331
l 11328 11332
l 11333 11332
l 11334 11333
l 11330 11335
l 11334 11336
l 11335 11337
l 11338 11337
l 11339 11340
l 11336 11339
l 11338 11341
l 11342 11341
l 11343 11344
l 11340 11343
l 11342 11345
l 11346 11345
l 11347 11348
l 11344 11347
l 11346 11349
l 11350 11349
l 11351 11352
l 11348 11351
l 11350 11353
l 11352 11354
l 11353 11355
l 11356 11355
l 11357 11358
l 11354 11357
l 11356 11359
l 11360 11359
l 11361 11362
l 11358 11361
l 11360 11363
l 11364 11363
l 11365 11366
l 11362 11365
l 11364 11367
l 11368 11367
l 11369 11370
l 11366 11369
l 11368 11371
l 11372 11371
l 11373 11374
l 11370 11373
l 11372 11375
l 11376 11375
l 11377 11378
l 11374 11377
l 11376 11379
l 11380 11379
l 11381 11382
l 11378 11381
l 11380 11383
l 11384 11383
l 11385 11386
l 11382 11385
l 11384 11387
l 11388 11387
l 11389 11390
l 11391 11389
l 11392 11391
l 11393 11392
l 11394 11393
l 11395 11394
l 11396 11395
l 11397 11398
l 11386 11397
l 11388 11399
l 11400 11399
l 11401 11402
l 11403 11401
l 11404 11403
l 11405 11404
l 11406 11405
l 11407 11406
l 11408 11407
l 11390 11408
l 11396 11409
l 11410 11409
l 11411 11410
l 11412 11411
l 11413 11412
l 11414 11413
l 11415 11414
l 11416 11415
l 11417 11418
l 11398 11417
l 11400 11419
l 11420 11419
l 11421 11422
l 11423 11421
l 11424 11423
l 11425 11424
l 11426 11425
l 11402 11426
l 11416 11427
l 11428 11427
l 11429 11428
l 11430 11429
l 11431 11430
l 11432 11431
l 11433 11434
l 11418 11433
l 11420 11435
l 11436 11435
l 11437 11438
l 11439 11437
l 11440 11439
l 11441 11440
l 11422 11441
l 11432 11442
l 11443 11442
l 11444 11443
l 11445 11444
l 11446 11445
l 11447 11448
l 11434 11447
l 11436 11449
l 11450 11449
l 11451 11452
l 11453 11451
l 11454 11453
l 11455 11454
l 11456 11455
l 11457 11456
l 11438 11457
l 11446 11458
l 11459 11458
l 11460 11459
l 11461 11460
l 11462 11461
l 11463 11462
l 11464 11463
l 11465 11466
l 11448 11465
l 11450 11467
l 11468 11467
l 11469 11468
l 11470 11469
l 11471 11470
l 11452 11471
l 11464 11472
l 11473 11472
l 11474 11473
l 11475 11474
l 11476 11475
l 11466 11476
l 11477 11478
l 11479 11477
l 11480 11479
l 11481 11480
l 11482 11481
l 11483 11482
l 11484 11483
l 11485 11484
l 11486 11485
l 11487 11486
l 11488 11487
l 11489 11488
l 11490 11489
l 11491 11490
l 11492 11491
l 11493 11492
l 11494 11493
l 11495 11494
l 11496 11495
l 11497 11496
l 11498 11497
l 11499 11498
l 11500 11499
l 11501 11500
l 11502 11501
l 11503 11502
l 11504 11503
l 11505 11504
l 11506 11505
l 11507 11506
l 11508 11507
l 11509 11508
l 11510 11509
l 11511 11510
l 11512 11511
l 11513 11512
l 11514 11513
l 11515 11514
l 11516 11515
l 11517 11518
l 11519 11517
l 11520 11519
l 11521 11520
l 11478 11521
l 11516 11522
l 11523 11522
l 11524 11523
l 11525 11524
l 11526 11525
l 11527 11528
l 11529 11527
l 11530 11529
l 11518 11530
l 11526 11531
l 11532 11531
l 11533 11532
l 11534 11533
l 11535 11536
l 11537 11535
l 11538 11537
l 11528 11538
l 11539 11534
l 11540 11539
l 11541 11540
l 11542 11541
l 11543 11544
l 11545 11543
l 11546 11545
l 11547 11546
l 11536 11547
l 11542 11548
l 11549 11548
l 11550 11549
l 11551 11550
l 11552 11551
l 11553 11554
l 11555 11553
l 11556 11555
l 11557 11556
l 11544 11557
l 11552 11558
l 11559 11558
l 11560 11559
l 11561 11560
l 11562 11561
l 11563 11564
l 11565 11563
l 11566 11565
l 11567 11566
l 11554 11567
l 11562 11568
l 11569 11568
l 11570 11569
l 11571 11570
l 11572 11571
l 11573 11574
l 11575 11573
l 11576 11575
l 11577 11576
l 11564 11577
l 11572 11578
l 11579 11578
l 11580 11579
l 11581 11580
l 11582 11581
l 11583 11584
l 11585 11583
l 11574 11585
l 11582 11586
l 11587 11586
l 11588 11587
l 11584 11589
l 11590 11589
l 11591 11592
l 11588 11591
l 11590 11593
l 11592 11594
l 11593 11595
l 11596 11595
l 11597 11598
l 11594 11597
l 11596 11599
l 11600 11599
l 11601 11602
l 11598 11601
l 11600 11603
l 11604 11603
l 11605 11606
l 11602 11605
l 11604 11607
l 11608 11607
l 11609 11610
l 11606 11609
l 11608 11611
l 11612 11611
l 11613 11614
l 11610 11613
l 11612 11615
l 11616 11615
l 11617 11618
l 11614 11617
l 11616 11619
l 11620 11619
l 11621 11622
l 11618 11621
l 11620 11623
l 11624 11623
l 11625 11626
l 11622 11625
l 11624 11627
l 11628 11627
l 11629 11630
l 11626 11629
l 11628 11631
l 11632 11631
l 11633 11634
l 11630 11633
l 11632 11635
l 11636 11635
l 11637 11638
l 11634 11637
l 11636 11639
l 11640 11639
l 11641 11642
l 11638 11641
l 11640 11643
l 11644 11643
l 11645 11646
l 11642 11645
l 11644 11647
l 11648 11647
l 11649 11650
l 11651 11649
l 11652 11651
l 11653 11652
l 11654 11653
l 11655 11654
l 11656 11655
l 11657 11656
l 11658 11657
l 11659 11658
l 11660 11659
l 11661 11660
l 11662 11661
l 11663 11662
l 11664 11663
l 11665 11664
l 11666 11665
l 11667 11666
l 11668 11667
l 11669 11668
l 11670 11669
l 11671 11672
l 11646 11671
l 11648 11673
l 11674 11673
l 11675 11676
l 11677 11675
l 11678 11677
l 11679 11678
l 11680 11679
l 11650 11680
l 11670 11681
l 11682 11681
l 11683 11682
l 11684 11683
l 11685 11684
l 11686 11685
l 11687 11688
l 11672 11687
l 11674 11689
l 11690 11691
l 11692 11690
l 11693 11692
l 11694 11693
l 11676 11694
l 11686 11695
l 11696 11695
l 11697 11696
l 11698 11697
l 11699 11698
l 11688 11700
l 11689 11701
l 11702 11701
l 11703 11704
l 11705 11703
l 11706 11705
l 11707 11706
l 11708 11707
l 11709 11708
l 11691 11709
l 11699 11710
l 11711 11710
l 11712 11711
l 11713 11712
l 11714 11713
l 11715 11714
l 11716 11715
l 11717 11718
l 11700 11717
l 11702 11719
l 11720 11719
l 11721 11720
l 11722 11721
l 11723 11722
l 11724 11723
l 11704 11724
l 11716 11725
l 11726 11725
l 11727 11726
l 11728 11727
l 11729 11728
l 11730 11729
l 11718 11730
l 11731 11732
l 11733 11731
l 11734 11733
l 11735 11734
l 11736 11735
l 11737 11736
l 11738 11737
l 11739 11738
l 11740 11739
l 11741 11740
l 11742 11741
l 11743 11742
l 11744 11743
l 11745 11744
l 11746 11745
l 11747 11746
l 11748 11747
l 11749 11748
l 11750 11749
l 11751 11750
l 11752 11751
l 11753 11752
l 11754 11753
l 11755 11754
l 11756 11755
l 11757 11756
l 11758 11757
l 11759 11758
l 11760 11759
l 11761 11760
l 11762 11761
l 11763 11762
l 11764 11763
l 11765 11764
l 11766 11765
l 11767 11766
l 11768 11767
l 11769 11768
l 11770 11769
l 11771 11772
l 11773 11771
l 11774 11773
l 11775 11774
l 11732 11775
l 11770 11776
l 11777 11776
l 11778 11777
l 11779 11778
l 11780 11779
l 11781 11782
l 11783 11781
l 11784 11783
l 11785 11784
l 11772 11785
l 11780 11786
l 11787 11786
l 11788 11787
l 11789 11788
l 11790 11789
l 11791 11792
l 11793 11791
l 11794 11793
l 11795 11794
l 11782 11795
l 11790 11796
l 11797 11796
l 11798 11797
l 11799 11798
l 11800 11799
l 11801 11802
l 11803 11801
l 11804 11803
l 11805 11804
l 11792 11805
l 11800 11806
l 11807 11806
l 11808 11807
l 11809 11808
l 11810 11809
l 11811 11812
l 11813 11811
l 11814 11813
l 11815 11814
l 11802 11815
l 11810 11816
l 11817 11816
l 11818 11817
l 11819 11818
l 11820 11819
l 11821 11822
l 11823 11821
l 11824 11823
l 11825 11824
l 11812 11825
l 11820 11826
l 11827 11826
l 11828 11827
l 11829 11828
l 11830 11829
l 11831 11832
l 11833 11831
l 11834 11833
l 11835 11834
l 11822 11835
l 11830 11836
l 11837 11836
l 11838 11837
l 11839 11838
l 11840 11839
l 11841 11842
l 11832 11841
l 11840 11843
l 11844 11843
l 11842 11845
l 11844 11846
l 11845 11847
l 11848 11847
l 11849 11850
l 11846 11849
l 11848 11851
l 11852 11851
l 11853 11854
l 11850 11853
l 11852 11855
l 11856 11855
l 11857 11858
l 11854 11857
l 11856 11859
l 11860 11859
l 11861 11862
l 11858 11861
l 11860 11863
l 11864 11863
l 11865 11866
l 11862 11865
l 11864 11867
l 11868 11867
l 11869 11870
l 11866 11869
l 11868 11871
l 11872 11871
l 11873 11874
l 11870 11873
l 11872 11875
l 11876 11875
l 11877 11878
l 11874 11877
l 11876 11879
l 11880 11879
l 11881 11882
l 11878 11881
l 11880 11883
l 11884 11883
l 11885 11886
l 11882 11885
l 11884 11887
l 11888 11887
l 11889 11890
l 11886 11889
l 11888 11891
l 11892 11891
l 11893 11894
l 11890 11893
l 11892 11895
l 11896 11895
l 11897 11898
l 11894 11897
l 11896 11899
l 11898 11900
l 11899 11901
l 11902 11903
l 11904 11902
l 11905 11904
l 11906 11905
l 11907 11906
l 11908 11907
l 11909 11908
l 11910 11909
l 11911 11910
l 11912 11911
l 11913 11912
l 11914 11913
l 11915 11914
l 11916 11915
l 11917 11916
l 11918 11917
l 11919 11918
l 11920 11919
l 11921 11920
l 11922 11921
l 11923 11922
l 11900 11924
l 11901 11925
l 11926 11925
l 11927 11928
l 11929 11927
l 11930 11929
l 11931 11930
l 11903 11931
l 11923 11932
l 11933 11932
l 11934 11933
l 11935 11934
l 11936 11935
l 11937 11938
l 11924 11937
l 11926 11939
l 11940 11939
l 11941 11942
l 11943 11941
l 11944 11943
l 11945 11944
l 11946 11945
l 11928 11946
l 11936 11947
l 11948 11947
l 11949 11948
l 11950 11949
l 11951 11950
l 11952 11951
l 11953 11954
l 11938 11953
l 11940 11955
l 11956 11955
l 11957 11958
l 11959 11957
l 11960 11959
l 11961 11960
l 11962 11961
l 11942 11962
l 11952 11963
l 11964 11963
l 11965 11964
l 11966 11965
l 11967 11966
l 11968 11967
l 11969 11970
l 11954 11969
l 11956 11971
l 11972 11971
l 11973 11972
l 11974 11973
l 11975 11974
l 11976 11975
l 11977 11976
l 11958 11977
l 11968 11978
l 11979 11978
l 11980 11979
l 11981 11980
l 11982 11981
l 11983 11982
l 11984 11983
l 11970 11984
l 11985 11986
l 11987 11985
l 11988 11987
l 11989 11988
l 11990 11989
l 11991 11990
l 11992 11991
l 11993 11992
l 11994 11993
l 11995 11994
l 11996 11995
l 11997 11996
l 11998 11997
l 11999 11998
l 12000 11999
l 12001 12000
l 12002 12001
l 12003 12004
l 12005 12003
l 12006 12005
l 12007 12006
l 12008 12007
l 12009 12008
l 12010 12009
l 12011 12010
l 12012 12011
l 12013 12012
l 12014 12013
l 12015 12014
l 11986 12015
l 12002 12016
l 12017 12016
l 12018 12017
l 12019 12018
l 12020 12019
l 12021 12020
l 12022 12021
l 12023 12022
l 12024 12023
l 12025 12024
l 12026 12025
l 12027 12026
l 12028 12027
l 12029 12030
l 12031 12029
l 12032 12031
l 12033 12032
l 12004 12033
l 12028 12034
l 12035 12034
l 12036 12035
l 12037 12036
l 12038 12037
l 12039 12040
l 12041 12039
l 12042 12041
l 12043 12042
l 12030 12043
l 12038 12044
l 12045 12044
l 12046 12045
l 12047 12046
l 12048 12047
l 12049 12050
l 12051 12049
l 12052 12051
l 12053 12052
l 12040 12053
l 12048 12054
l 12055 12054
l 12056 12055
l 12057 12056
l 12058 12057
l 12059 12060
l 12061 12059
l 12062 12061
l 12063 12062
l 12050 12063
l 12058 12064
l 12065 12064
l 12066 12065
l 12067 12066
l 12068 12067
l 12069 12070
l 12071 12069
l 12072 12071
l 12073 12072
l 12060 12073
l 12068 12074
l 12075 12074
l 12076 12075
l 12077 12076
l 12078 12077
l 12079 12080
l 12081 12079
l 12082 12081
l 12083 12082
l 12070 12083
l 12078 12084
l 12085 12084
l 12086 12085
l 12087 12086
l 12088 12087
l 12089 12090
l 12091 12089
l 12092 12091
l 12093 12092
l 12080 12093
l 12088 12094
l 12095 12094
l 12096 12095
l 12097 12096
l 12098 12097
l 12099 12100
l 12090 12099
l 12098 12101
l 12102 12101
l 12100 12103
l 12104 12103
l 12105 12106
l 12102 12105
l 12104 12107
l 12108 12107
l 12109 12110
l 12106 12109
l 12108 12111
l 12112 12111
l 12113 12114
l 12110 12113
l 12112 12115
l 12116 12115
l 12117 12118
l 12114 12117
l 12116 12119
l 12120 12119
l 12121 12122
l 12118 12121
l 12120 12123
l 12124 12123
l 12125 12126
l 12122 12125
l 12124 12127
l 12128 12127
l 12129 12130
l 12126 12129
l 12128 12131
l 12132 12131
l 12133 12134
l 12130 12133
l 12132 12135
l 12136 12135
l 12137 12138
l 12134 12137
l 12136 12139
l 12140 12139
l 12141 12142
l 12138 12141
l 12140 12143
l 12142 12144
l 12143 12145
l 12146 12145
l 12147 12148
l 12144 12147
l 12146 12149
l 12150 12149
l 12151 12152
l 12148 12151
l 12150 12153
l 12154 12153
l 12155 12156
l 12152 12155
l 12154 12157
l 12158 12157
l 12159 12160
l 12156 12159
l 12158 12161
l 12162 12161
l 12163 12164
l 12165 12163
l 12166 12165
l 12167 12166
l 12168 12167
l 12169 12168
l 12170 12169
l 12171 12170
l 12172 12171
l 12173 12172
l 12174 12173
l 12175 12174
l 12176 12175
l 12177 12176
l 12178 12177
l 12179 12178
l 12180 12179
l 12181 12180
l 12182 12181
l 12183 12184
l 12160 12183
l 12162 12185
l 12186 12185
l 12187 12188
l 12189 12187
l 12190 12189
l 12191 12190
l 12192 12191
l 12164 12192
l 12182 12193
l 12194 12193
l 12195 12194
l 12196 12195
l 12197 12196
l 12198 12197
l 12199 12200
l 12184 12199
l 12186 12201
l 12202 12201
l 12203 12204
l 12205 12203
l 12206 12205
l 12207 12206
l 12208 12207
l 12188 12208
l 12198 12209
l 12210 12209
l 12211 12210
l 12212 12211
l 12213 12212
l 12214 12213
l 12215 12216
l 12200 12215
l 12202 12217
l 12218 12217
l 12219 12220
l 12221 12219
l 12222 12221
l 12223 12222
l 12224 12223
l 12204 12224
l 12214 12225
l 12226 12225
l 12227 12226
l 12228 12227
l 12229 12228
l 12230 12229
l 12231 12232
l 12216 12231
l 12218 12233
l 12234 12233
l 12235 12234
l 12236 12235
l 12237 12236
l 12238 12237
l 12239 12238
l 12220 12239
l 12230 12240
l 12241 12240
l 12242 12241
l 12243 12242
l 12244 12243
l 12245 12244
l 12246 12245
l 12232 12246
l 12247 12248
l 12249 12247
l 12250 12249
l 12251 12250
l 12252 12251
l 12253 12252
l 12254 12253
l 12255 12254
l 12256 12255
l 12257 12256
l 12258 12257
l 12259 12258
l 12260 12259
l 12261 12260
l 12262 12261
l 12263 12262
l 12264 12263
l 12265 12264
l 12266 12265
l 12267 12266
l 12268 12267
l 12269 12270
l 12271 12269
l 12272 12271
l 12273 12272
l 12274 12273
l 12275 12274
l 12276 12275
l 12277 12276
l 12278 12277
l 12279 12278
l 12248 12279
l 12268 12280
l 12281 12280
l 12282 12281
l 12283 12282
l 12284 12283
l 12285 12284
l 12286 12285
l 12287 12286
l 12288 12287
l 12289 12288
l 12290 12289
l 12291 12292
l 12293 12291
l 12294 12293
l 12295 12294
l 12296 12295
l 12270 12296
l 12290 12297
l 12298 12297
l 12299 12298
l 12300 12299
l 12301 12300
l 12302 12301
l 12303 12304
l 12305 12303
l 12306 12305
l 12307 12306
l 12292 12307
l 12302 12308
l 12309 12308
l 12310 12309
l 12311 12310
l 12312 12311
l 12313 12314
l 12315 12313
l 12316 12315
l 12317 12316
l 12304 12317
l 12312 12318
l 12319 12318
l 12320 12319
l 12321 12320
l 12322 12321
l 12323 12324
l 12325 12323
l 12326 12325
l 12327 12326
l 12314 12327
l 12322 12328
l 12329 12328
l 12330 12329
l 12331 12330
l 12332 12331
l 12333 12334
l 12335 12333
l 12336 12335
l 12337 12336
l 12324 12337
l 12332 12338
l 12339 12338
l 12340 12339
l 12341 12340
l 12342 12341
l 12343 12344
l 12345 12343
l 12346 12345
l 12347 12346
l 12334 12347
l 12342 12348
l 12349 12348
l 12350 12349
l 12351 12350
l 12352 12351
l 12353 12354
l 12355 12353
l 12356 12355
l 12344 12356
l 12352 12357
l 12358 12357
l 12359 12358
l 12360 12359
l 12361 12362
l 12354 12361
l 12360 12363
l 12364 12363
l 12362 12365
l 12364 12366
l 12365 12367
l 12368 12367
l 12369 12370
l 12366 12369
l 12368 12371
l 12372 12371
l 12373 12374
l 12370 12373
l 12372 12375
l 12376 12375
l 12377 12378
l 12374 12377
l 12376 12379
l 12380 12379
l 12381 12382
l 12378 12381
l 12380 12383
l 12384 12383
l 12385 12386
l 12382 12385
l 12384 12387
l 12388 12387
l 12389 12390
l 12386 12389
l 12388 12391
l 12392 12391
l 12393 12394
l 12390 12393
l 12392 12395
l 12396 12395
l 12397 12398
l 12394 12397
l 12396 12399
l 12400 12399
l 12401 12402
l 12398 12401
l 12400 12403
l 12404 12403
l 12405 12406
l 12402 12405
l 12404 12407
l 12408 12407
l 12409 12410
l 12406 12409
l 12408 12411
l 12412 12411
l 12413 12414
l 12410 12413
l 12412 12415
l 12416 12415
l 12417 12418
l 12414 12417
l 12416 12419
l 12420 12419
l 12421 12422
l 12418 12421
l 12420 12423
l 12424 12423
l 12425 12426
l 12427 12425
l 12428 12427
l 12429 12428
l 12430 12429
l 12431 12430
l 12432 12431
l 12433 12432
l 12434 12433
l 12435 12434
l 12436 12435
l 12437 12436
l 12438 12437
l 12439 12438
l 12440 12439
l 12441 12440
l 12442 12441
l 12443 12442
l 12444 12443
l 12445 12446
l 12422 12445
l 12424 12447
l 12448 12447
l 12449 12450
l 12451 12449
l 12452 12451
l 12453 12452
l 12454 12453
l 12426 12454
l 12444 12455
l 12456 12455
l 12457 12456
l 12458 12457
l 12459 12458
l 12460 12459
l 12461 12462
l 12446 12461
l 12448 12463
l 12464 12463
l 12465 12466
l 12467 12465
l 12468 12467
l 12469 12468
l 12470 12469
l 12450 12470
l 12460 12471
l 12472 12471
l 12473 12472
l 12474 12473
l 12475 12474
l 12476 12475
l 12477 12478
l 12462 12477
l 12464 12479
l 12480 12479
l 12481 12482
l 12483 12481
l 12484 12483
l 12485 12484
l 12486 12485
l 12466 12486
l 12476 12487
l 12488 12487
l 12489 12488
l 12490 12489
l 12491 12490
l 12492 12491
l 12493 12494
l 12478 12493
l 12480 12495
l 12496 12495
l 12497 12496
l 12498 12497
l 12499 12498
l 12500 12499
l 12501 12500
l 12482 12501
l 12492 12502
l 12503 12502
l 12504 12503
l 12505 12504
l 12506 12505
l 12507 12506
l 12508 12507
l 12494 12508
l 12509 12510
l 12511 12509
l 12512 12511
l 12513 12512
l 12514 12513
l 12515 12514
l 12516 12515
l 12517 12516
l 12518 12517
l 12519 12518
l 12520 12519
l 12521 12520
l 12522 12521
l 12523 12522
l 12524 12523
l 12525 12524
l 12526 12525
l 12527 12526
l 12528 12527
l 12529 12528
l 12530 12529
l 12531 12530
l 12532 12531
l 12533 12532
l 12534 12533
l 12535 12534
l 12536 12535
l 12537 12538
l 12539 12537
l 12540 12539
l 12541 12540
l 12542 12541
l 12543 12542
l 12544 12543
l 12545 12544
l 12510 12545
l 12536 12546
l 12547 12546
l 12548 12547
l 12549 12548
l 12550 12549
l 12551 12550
l 12552 12551
l 12553 12552
l 12554 12553
l 12555 12556
l 12557 12555
l 12558 12557
l 12559 12558
l 12538 12559
l 12554 12560
l 12561 12560
l 12562 12561
l 12563 12562
l 12564 12563
l 12565 12566
l 12567 12565
l 12568 12567
l 12569 12568
l 12556 12569
l 12564 12570
l 12571 12570
l 12572 12571
l 12573 12572
l 12574 12573
l 12575 12576
l 12577 12575
l 12578 12577
l 12579 12578
l 12580 12579
l 12566 12580
l 12574 12581
l 12582 12581
l 12583 12582
l 12584 12583
l 12585 12584
l 12586 12585
l 12587 12588
l 12589 12587
l 12590 12589
l 12591 12590
l 12576 12591
l 12586 12592
l 12593 12592
l 12594 12593
l 12595 12594
l 12596 12595
l 12597 12598
l 12599 12597
l 12600 12599
l 12601 12600
l 12588 12601
l 12596 12602
l 12603 12602
l 12604 12603
l 12605 12604
l 12606 12605
l 12607 12608
l 12609 12607
l 12610 12609
l 12611 12610
l 12598 12611
l 12606 12612
l 12613 12612
l 12614 12613
l 12615 12614
l 12616 12615
l 12617 12618
l 12619 12617
l 12620 12619
l 12608 12620
l 12616 12621
l 12622 12621
l 12623 12622
l 12624 12623
l 12618 12625
l 12624 12626
l 12625 12627
l 12626 12628
l 12627 12629
l 12630 12629
l 12631 12632
l 12628 12631
l 12630 12633
l 12634 12633
l 12635 12636
l 12632 12635
l 12634 12637
l 12638 12637
l 12639 12640
l 12636 12639
l 12638 12641
l 12642 12641
l 12643 12644
l 12640 12643
l 12642 12645
l 12646 12645
l 12647 12648
l 12644 12647
l 12646 12649
l 12650 12649
l 12651 12652
l 12648 12651
l 12650 12653
l 12654 12653
l 12655 12656
l 12652 12655
l 12654 12657
l 12658 12657
l 12659 12660
l 12656 12659
l 12658 12661
l 12662 12661
l 12663 12664
l 12660 12663
l 12662 12665
l 12666 12665
l 12667 12668
l 12664 12667
l 12666 12669
l 12670 12669
l 12671 12672
l 12668 12671
l 12670 12673
l 12674 12673
l 12675 12676
l 12672 12675
l 12674 12677
l 12678 12677
l 12679 12680
l 12676 12679
l 12678 12681
l 12682 12681
l 12683 12684
l 12680 12683
l 12682 12685
l 12686 12685
l 12687 12688
l 12689 12687
l 12690 12689
l 12691 12690
l 12692 12691
l 12693 12692
l 12694 12693
l 12695 12694
l 12696 12695
l 12697 12696
l 12698 12697
l 12699 12698
l 12700 12699
l 12701 12700
l 12702 12701
l 12703 12702
l 12704 12703
l 12705 12704
l 12706 12705
l 12707 12708
l 12684 12707
l 12686 12709
l 12710 12709
l 12711 12712
l 12713 12711
l 12714 12713
l 12715 12714
l 12716 12715
l 12688 12716
l 12706 12717
l 12718 12717
l 12719 12718
l 12720 12719
l 12721 12720
l 12722 12721
l 12723 12724
l 12708 12723
l 12710 12725
l 12726 12725
l 12727 12728
l 12729 12727
l 12730 12729
l 12731 12730
l 12732 12731
l 12712 12732
l 12722 12733
l 12734 12733
l 12735 12734
l 12736 12735
l 12737 12736
l 12738 12737
l 12739 12740
l 12724 12739
l 12726 12741
l 12742 12741
l 12743 12744
l 12745 12743
l 12746 12745
l 12747 12746
l 12748 12747
l 12728 12748
l 12738 12749
l 12750 12749
l 12751 12750
l 12752 12751
l 12753 12752
l 12754 12753
l 12755 12756
l 12740 12755
l 12742 12757
l 12758 12757
l 12759 12758
l 12760 12759
l 12761 12760
l 12762 12761
l 12763 12762
l 12744 12763
l 12754 12764
l 12765 12764
l 12766 12765
l 12767 12766
l 12768 12767
l 12769 12768
l 12770 12769
l 12756 12770
l 12771 12772
l 12773 12771
l 12774 12773
l 12775 12774
l 12776 12775
l 12777 12776
l 12778 12777
l 12779 12778
l 12780 12779
l 12781 12780
l 12782 12781
l 12783 12782
l 12784 12783
l 12785 12784
l 12786 12785
l 12787 12786
l 12788 12787
l 12789 12788
l 12790 12789
l 12791 12790
l 12792 12791
l 12793 12792
l 12794 12793
l 12795 12794
l 12796 12795
l 12797 12796
l 12798 12797
l 12799 12798
l 12800 12799
l 12801 12800
l 12802 12801
l 12803 12802
l 12804 12803
l 12805 12804
l 12806 12805
l 12807 12808
l 12809 12807
l 12810 12809
l 12811 12810
l 12812 12811
l 12772 12812
l 12806 12813
l 12814 12813
l 12815 12814
l 12816 12815
l 12817 12816
l 12818 12817
l 12819 12820
l 12821 12819
l 12822 12821
l 12823 12822
l 12808 12823
l 12818 12824
l 12825 12824
l 12826 12825
l 12827 12826
l 12828 12827
l 12829 12830
l 12831 12829
l 12832 12831
l 12833 12832
l 12820 12833
l 12828 12834
l 12835 12834
l 12836 12835
l 12837 12836
l 12838 12837
l 12839 12840
l 12841 12839
l 12842 12841
l 12843 12842
l 12844 12843
l 12830 12844
l 12838 12845
l 12846 12845
l 12847 12846
l 12848 12847
l 12849 12848
l 12850 12849
l 12851 12852
l 12853 12851
l 12854 12853
l 12855 12854
l 12840 12855
l 12850 12856
l 12857 12856
l 12858 12857
l 12859 12858
l 12860 12859
l 12861 12862
l 12863 12861
l 12864 12863
l 12865 12864
l 12852 12865
l 12860 12866
l 12867 12866
l 12868 12867
l 12869 12868
l 12870 12869
l 12871 12872
l 12873 12871
l 12874 12873
l 12875 12874
l 12862 12875
l 12870 12876
l 12877 12876
l 12878 12877
l 12879 12878
l 12880 12879
l 12881 12882
l 12883 12881
l 12884 12883
l 12872 12884
l 12880 12885
l 12886 12885
l 12887 12886
l 12888 12887
l 12882 12889
l 12888 12890
l 12889 12891
l 12892 12891
l 12893 12894
l 12890 12893
l 12892 12895
l 12896 12895
l 12897 12898
l 12894 12897
l 12896 12899
l 12900 12899
l 12901 12902
l 12898 12901
l 12900 12903
l 12904 12903
l 12905 12906
l 12902 12905
l 12904 12907
l 12908 12907
l 12909 12910
l 12906 12909
l 12908 12911
l 12912 12911
l 12913 12914
l 12910 12913
l 12912 12915
l 12916 12915
l 12917 12918
l 12914 12917
l 12916 12919
l 12920 12919
l 12921 12922
l 12918 12921
l 12920 12923
l 12924 12923
l 12925 12926
l 12922 12925
l 12924 12927
l 12928 12927
l 12929 12930
l 12926 12929
l 12928 12931
l 12932 12931
l 12933 12934
l 12930 12933
l 12932 12935
l 12936 12935
l 12937 12938
l 12934 12937
l 12936 12939
l 12940 12939
l 12941 12942
l 12938 12941
l 12940 12943
l 12944 12943
l 12945 12946
l 12942 12945
l 12944 12947
l 12948 12947
l 12949 12950
l 12946 12949
l 12948 12951
l 12952 12951
l 12953 12954
l 12955 12953
l 12956 12955
l 12957 12956
l 12958 12957
l 12959 12958
l 12960 12959
l 12961 12960
l 12962 12961
l 12963 12962
l 12964 12963
l 12965 12964
l 12966 12965
l 12967 12966
l 12968 12967
l 12969 12968
l 12970 12969
l 12971 12970
l 12972 12971
l 12973 12974
l 12950 12973
l 12952 12975
l 12976 12975
l 12977 12978
l 12979 12977
l 12980 12979
l 12981 12980
l 12982 12981
l 12954 12982
l 12972 12983
l 12984 12983
l 12985 12984
l 12986 12985
l 12987 12986
l 12988 12987
l 12989 12990
l 12974 12989
l 12976 12991
l 12992 12991
l 12993 12994
l 12995 12993
l 12996 12995
l 12997 12996
l 12998 12997
l 12978 12998
l 12988 12999
l 13000 12999
l 13001 13000
l 13002 13001
l 13003 13002
l 13004 13003
l 13005 13006
l 12990 13005
l 12992 13007
l 13008 13007
l 13009 13010
l 13011 13009
l 13012 13011
l 13013 13012
l 13014 13013
l 12994 13014
l 13004 13015
l 13016 13015
l 13017 13016
l 13018 13017
l 13019 13018
l 13020 13019
l 13021 13022
l 13006 13021
l 13008 13023
l 13024 13023
l 13025 13024
l 13026 13025
l 13027 13026
l 13028 13027
l 13029 13028
l 13010 13029
l 13020 13030
l 13031 13030
l 13032 13031
l 13033 13032
l 13034 13033
l 13035 13034
l 13036 13035
l 13022 13036
l 13037 13038
l 13039 13037
l 13040 13039
l 13041 13040
l 13042 13041
l 13043 13042
l 13044 13043
l 13045 13044
l 13046 13045
l 13047 13046
l 13048 13047
l 13049 13048
l 13050 13049
l 13051 13050
l 13052 13051
l 13053 13052
l 13054 13053
l 13055 13054
l 13056 13055
l 13057 13056
l 13058 13057
l 13059 13058
l 13060 13059
l 13061 13060
l 13062 13061
l 13063 13062
l 13064 13063
l 13065 13064
l 13066 13065
l 13067 13066
l 13068 13067
l 13069 13068
l 13070 13069
l 13071 13070
l 13072 13071
l 13073 13072
l 13074 13073
l 13075 13076
l 13077 13075
l 13078 13077
l 13079 13078
l 13080 13079
l 13038 13080
l 13074 13081
l 13082 13081
l 13083 13082
l 13084 13083
l 13085 13084
l 13086 13085
l 13087 13088
l 13089 13087
l 13090 13089
l 13091 13090
l 13076 13091
l 13086 13092
l 13093 13092
l 13094 13093
l 13095 13094
l 13096 13095
l 13097 13098
l 13099 13097
l 13100 13099
l 13101 13100
l 13088 13101
l 13096 13102
l 13103 13102
l 13104 13103
l 13105 13104
l 13106 13105
l 13107 13108
l 13109 13107
l 13110 13109
l 13111 13110
l 13112 13111
l 13098 13112
l 13106 13113
l 13114 13113
l 13115 13114
l 13116 13115
l 13117 13116
l 13118 13117
l 13119 13120
l 13121 13119
l 13122 13121
l 13123 13122
l 13108 13123
l 13118 13124
l 13125 13124
l 13126 13125
l 13127 13126
l 13128 13127
l 13129 13130
l 13131 13129
l 13132 13131
l 13133 13132
l 13120 13133
l 13128 13134
l 13135 13134
l 13136 13135
l 13137 13136
l 13138 13137
l 13139 13140
l 13141 13139
l 13142 13141
l 13143 13142
l 13144 13143
l 13130 13144
l 13138 13145
l 13146 13145
l 13147 13146
l 13148 13147
l 13149 13148
l 13150 13149
l 13151 13152
l 13140 13151
l 13150 13153
l 13154 13153
l 13152 13155
l 13154 13156
l 13155 13157
l 13156 13158
l 13157 13159
l 13160 13159
l 13161 13162
l 13158 13161
l 13160 13163
l 13164 13163
l 13165 13166
l 13162 13165
l 13164 13167
l 13168 13167
l 13169 13170
l 13166 13169
l 13168 13171
l 13172 13171
l 13173 13174
l 13170 13173
l 13172 13175
l 13176 13175
l 13177 13178
l 13174 13177
l 13176 13179
l 13180 13179
l 13181 13182
l 13178 13181
l 13180 13183
l 13184 13183
l 13185 13186
l 13182 13185
l 13184 13187
l 13188 13187
l 13189 13190
l 13186 13189
l 13188 13191
l 13192 13191
l 13193 13194
l 13190 13193
l 13192 13195
l 13196 13195
l 13197 13196
l 13198 13199
l 13200 13198
l 13194 13200
l 13197 13201
l 13202 13201
l 13203 13204
l 13199 13203
l 13202 13205
l 13206 13205
l 13207 13208
l 13204 13207
l 13206 13209
l 13210 13209
l 13211 13212
l 13208 13211
l 13210 13213
l 13214 13213
l 13215 13216
l 13212 13215
l 13214 13217
l 13218 13217
l 13219 13220
l 13221 13219
l 13222 13221
l 13223 13222
l 13224 13223
l 13225 13224
l 13226 13225
l 13227 13226
l 13228 13227
l 13229 13228
l 13230 13229
l 13231 13230
l 13232 13231
l 13233 13232
l 13234 13233
l 13235 13234
l 13236 13235
l 13237 13236
l 13238 13237
l 13239 13240
l 13216 13239
l 13218 13241
l 13242 13241
l 13243 13244
l 13245 13243
l 13246 13245
l 13247 13246
l 13248 13247
l 13220 13248
l 13238 13249
l 13250 13249
l 13251 13250
l 13252 13251
l 13253 13252
l 13254 13253
l 13255 13256
l 13240 13255
l 13242 13257
l 13258 13257
l 13259 13260
l 13261 13259
l 13262 13261
l 13263 13262
l 13264 13263
l 13244 13264
l 13254 13265
l 13266 13265
l 13267 13266
l 13268 13267
l 13269 13268
l 13270 13269
l 13271 13272
l 13256 13271
l 13258 13273
l 13274 13273
l 13275 13276
l 13277 13275
l 13278 13277
l 13279 13278
l 13280 13279
l 13260 13280
l 13270 13281
l 13282 13281
l 13283 13282
l 13284 13283
l 13285 13284
l 13286 13285
l 13287 13288
l 13272 13287
l 13274 13289
l 13290 13289
l 13291 13290
l 13292 13291
l 13293 13292
l 13294 13293
l 13295 13294
l 13276 13295
l 13286 13296
l 13297 13296
l 13298 13297
l 13299 13298
l 13300 13299
l 13301 13300
l 13302 13301
l 13288 13302
