v -0.204972 -0.338131 0.071912 1 1 1
v -0.214603 -0.334147 0.0710647 1 1 1
v -0.185451 -0.335722 0.0713996 1 1 1
v -0.16593 -0.33553 0.0713587 1 1 1
v -0.146409 -0.334441 0.0711273 1 1 1
v -0.127433 -0.334147 0.0710647 1 1 1
v -0.107366 -0.33637 0.0715375 1 1 1
v -0.126825 -0.334147 0.0710647 1 1 1
v -0.0878452 -0.335179 0.0712842 1 1 1
v -0.0724285 -0.334147 0.0710647 1 1 1
v -0.0488029 -0.336581 0.0715823 1 1 1
v -0.066564 -0.334147 0.0710647 1 1 1
v -0.0292817 -0.337043 0.0716805 1 1 1
v -0.0132164 -0.334147 0.0710647 1 1 1
v 0.0292817 -0.337043 0.0716805 1 1 1
v 0.0132166 -0.334147 0.0710647 1 1 1
v 0.048803 -0.336581 0.0715823 1 1 1
v 0.0665642 -0.334147 0.0710647 1 1 1
v 0.0878453 -0.335179 0.0712842 1 1 1
v 0.0724284 -0.334147 0.0710647 1 1 1
v 0.107366 -0.33637 0.0715375 1 1 1
v 0.126825 -0.334147 0.0710647 1 1 1
v 0.146409 -0.334441 0.0711273 1 1 1
v 0.127432 -0.334147 0.0710647 1 1 1
v 0.16593 -0.33553 0.0713587 1 1 1
v 0.185451 -0.335722 0.0713996 1 1 1
v 0.204972 -0.338131 0.071912 1 1 1
v 0.214603 -0.334147 0.0710647 1 1 1
v -0.224493 -0.328854 0.0699389 1 1 1
v -0.233262 -0.315053 0.0670039 1 1 1
v -0.126888 -0.334145 0.0710643 1 1 1
v -0.0683241 -0.334085 0.0710515 1 1 1
v -0.0097605 -0.333975 0.071028 1 1 1
v 0.00976062 -0.333975 0.071028 1 1 1
v 0.0683241 -0.334085 0.0710515 1 1 1
v 0.126888 -0.334145 0.0710643 1 1 1
v 0.224494 -0.328853 0.0699389 1 1 1
v 0.233262 -0.315053 0.0670039 1 1 1
v -0.283057 -0.311098 0.0661628 1 1 1
v -0.299236 -0.295959 0.062943 1 1 1
v -0.266445 -0.295959 0.062943 1 1 1
v -0.224493 -0.300078 0.0638191 1 1 1
v -0.223655 -0.295959 0.062943 1 1 1
v 0.224494 -0.300078 0.0638191 1 1 1
v 0.223655 -0.295959 0.062943 1 1 1
v 0.283057 -0.311098 0.0661628 1 1 1
v 0.266445 -0.295959 0.062943 1 1 1
v 0.299236 -0.295959 0.062943 1 1 1
v -0.302578 -0.292394 0.0621849 1 1 1
v -0.315585 -0.276865 0.0588822 1 1 1
v -0.263536 -0.287744 0.0611959 1 1 1
v -0.258879 -0.276865 0.0588822 1 1 1
v -0.220443 -0.276865 0.0588822 1 1 1
v 0.220443 -0.276865 0.0588822 1 1 1
v 0.263536 -0.287744 0.061196 1 1 1
v 0.258879 -0.276865 0.0588822 1 1 1
v 0.302578 -0.292394 0.0621849 1 1 1
v 0.315585 -0.276865 0.0588822 1 1 1
v -0.322099 -0.269633 0.0573442 1 1 1
v -0.333499 -0.257771 0.0548213 1 1 1
v -0.251937 -0.257771 0.0548213 1 1 1
v -0.213166 -0.257771 0.0548213 1 1 1
v 0.213166 -0.257771 0.0548213 1 1 1
v 0.251937 -0.257771 0.0548213 1 1 1
v 0.322099 -0.269633 0.0573442 1 1 1
v 0.3335 -0.257771 0.0548213 1 1 1
v -0.34162 -0.247051 0.0525416 1 1 1
v -0.350126 -0.238677 0.0507605 1 1 1
v -0.247426 -0.238677 0.0507605 1 1 1
v -0.204972 -0.242085 0.0514854 1 1 1
v -0.204444 -0.238677 0.0507605 1 1 1
v 0.204972 -0.242085 0.0514855 1 1 1
v 0.204444 -0.238677 0.0507605 1 1 1
v 0.247426 -0.238677 0.0507605 1 1 1
v 0.34162 -0.247051 0.0525416 1 1 1
v 0.350126 -0.238677 0.0507605 1 1 1
v -0.361142 -0.225745 0.0480104 1 1 1
v -0.366734 -0.219582 0.0466997 1 1 1
v -0.244015 -0.220938 0.046988 1 1 1
v -0.243195 -0.219582 0.0466997 1 1 1
v -0.201198 -0.219582 0.0466997 1 1 1
v 0.201198 -0.219582 0.0466997 1 1 1
v 0.244015 -0.220939 0.0469881 1 1 1
v 0.243195 -0.219582 0.0466997 1 1 1
v 0.361142 -0.225745 0.0480104 1 1 1
v 0.366734 -0.219582 0.0466997 1 1 1
v -0.380663 -0.202733 0.0431161 1 1 1
v -0.383176 -0.200488 0.0426388 1 1 1
v -0.230553 -0.200488 0.0426388 1 1 1
v -0.191048 -0.200488 0.0426388 1 1 1
v 0.191048 -0.200488 0.0426388 1 1 1
v 0.230553 -0.200488 0.0426388 1 1 1
v 0.380663 -0.202733 0.0431161 1 1 1
v 0.383176 -0.200488 0.0426388 1 1 1
v -0.400184 -0.184223 0.0391796 1 1 1
v -0.402616 -0.181394 0.038578 1 1 1
v -0.227101 -0.181394 0.038578 1 1 1
v -0.185451 -0.190628 0.0405418 1 1 1
v -0.183906 -0.181394 0.038578 1 1 1
v 0.185451 -0.190629 0.0405419 1 1 1
v 0.183906 -0.181394 0.038578 1 1 1
v 0.227101 -0.181394 0.038578 1 1 1
v 0.400184 -0.184223 0.0391795 1 1 1
v 0.402616 -0.181394 0.038578 1 1 1
v -0.419705 -0.162637 0.0345889 1 1 1
v -0.420045 -0.1623 0.0345171 1 1 1
v -0.224638 -0.1623 0.0345171 1 1 1
v -0.18187 -0.1623 0.0345171 1 1 1
v 0.18187 -0.1623 0.0345171 1 1 1
v 0.224638 -0.1623 0.0345171 1 1 1
v 0.419705 -0.162637 0.0345889 1 1 1
v 0.420045 -0.1623 0.0345171 1 1 1
v -0.437305 -0.143206 0.0304563 1 1 1
v -0.224493 -0.161824 0.034416 1 1 1
v -0.211017 -0.143206 0.0304563 1 1 1
v -0.17245 -0.143206 0.0304563 1 1 1
v 0.172449 -0.143206 0.0304563 1 1 1
v 0.224494 -0.161824 0.034416 1 1 1
v 0.211017 -0.143206 0.0304563 1 1 1
v 0.437305 -0.143206 0.0304563 1 1 1
v -0.439226 -0.141066 0.0300012 1 1 1
v -0.456455 -0.124112 0.0263955 1 1 1
v -0.207182 -0.124112 0.0263955 1 1 1
v -0.16593 -0.126897 0.0269877 1 1 1
v -0.165489 -0.124112 0.0263955 1 1 1
v 0.16593 -0.126897 0.0269878 1 1 1
v 0.165489 -0.124112 0.0263955 1 1 1
v 0.207182 -0.124112 0.0263955 1 1 1
v 0.439226 -0.141066 0.0300012 1 1 1
v 0.456455 -0.124112 0.0263955 1 1 1
v -0.458747 -0.121698 0.025882 1 1 1
v -0.474644 -0.105018 0.0223346 1 1 1
v -0.204972 -0.108215 0.0230146 1 1 1
v -0.203349 -0.105018 0.0223346 1 1 1
v -0.162132 -0.105018 0.0223346 1 1 1
v 0.162132 -0.105018 0.0223346 1 1 1
v 0.204972 -0.108215 0.0230147 1 1 1
v 0.203349 -0.105018 0.0223346 1 1 1
v 0.458748 -0.121698 0.025882 1 1 1
v 0.474644 -0.105018 0.0223346 1 1 1
v -0.478269 -0.100801 0.0214379 1 1 1
v -0.492944 -0.0859235 0.0182738 1 1 1
v -0.190627 -0.0859235 0.0182738 1 1 1
v -0.152884 -0.0859235 0.0182738 1 1 1
v 0.152884 -0.0859235 0.0182738 1 1 1
v 0.190627 -0.0859235 0.0182738 1 1 1
v 0.478269 -0.100801 0.0214379 1 1 1
v 0.492944 -0.0859235 0.0182738 1 1 1
v -0.49779 -0.0800209 0.0170184 1 1 1
v -0.511566 -0.0668294 0.0142129 1 1 1
v -0.186468 -0.0668294 0.0142129 1 1 1
v -0.146409 -0.0731926 0.0155662 1 1 1
v -0.145296 -0.0668294 0.0142129 1 1 1
v 0.146409 -0.0731928 0.0155663 1 1 1
v 0.145296 -0.0668294 0.0142129 1 1 1
v 0.186468 -0.0668294 0.0142129 1 1 1
v 0.49779 -0.080021 0.0170185 1 1 1
v 0.511566 -0.0668294 0.0142129 1 1 1
v -0.517311 -0.0610276 0.012979 1 1 1
v -0.528493 -0.0477352 0.0101521 1 1 1
v -0.185451 -0.0556608 0.0118377 1 1 1
v -0.182882 -0.0477352 0.0101521 1 1 1
v -0.142288 -0.0477352 0.0101521 1 1 1
v 0.142288 -0.0477352 0.0101521 1 1 1
v 0.185451 -0.0556608 0.0118376 1 1 1
v 0.182882 -0.0477352 0.0101521 1 1 1
v 0.517311 -0.0610274 0.012979 1 1 1
v 0.528493 -0.0477352 0.0101521 1 1 1
v -0.536832 -0.0370149 0.00787214 1 1 1
v -0.545094 -0.0286412 0.00609126 1 1 1
v -0.171856 -0.0286412 0.00609126 1 1 1
v -0.133612 -0.0286412 0.00609126 1 1 1
v 0.133612 -0.0286412 0.00609126 1 1 1
v 0.171856 -0.0286412 0.00609126 1 1 1
v 0.536832 -0.0370147 0.0078721 1 1 1
v 0.545094 -0.0286412 0.00609126 1 1 1
v -0.556353 -0.0158475 0.00337036 1 1 1
v -0.562635 -0.00954698 0.0020304 1 1 1
v -0.167567 -0.00954698 0.0020304 1 1 1
v -0.126888 -0.0111892 0.00237966 1 1 1
v -0.126654 -0.00954698 0.0020304 1 1 1
v 0.126888 -0.0111893 0.00237968 1 1 1
v 0.126655 -0.00954698 0.0020304 1 1 1
v 0.167567 -0.00954698 0.0020304 1 1 1
v 0.556353 -0.0158475 0.00337036 1 1 1
v 0.562635 -0.00954698 0.0020304 1 1 1
v -0.575874 0.00743709 -0.00158168 1 1 1
v -0.577891 0.0095471 -0.00203043 1 1 1
v -0.16593 0.00305795 -0.00065035 1 1 1
v -0.16337 0.0095471 -0.00203043 1 1 1
v -0.124162 0.0095471 -0.00203043 1 1 1
v 0.124162 0.0095471 -0.00203043 1 1 1
v 0.16593 0.00305759 -0.000650273 1 1 1
v 0.16337 0.0095471 -0.00203043 1 1 1
v 0.575874 0.00743738 -0.00158174 1 1 1
v 0.57789 0.0095471 -0.00203043 1 1 1
v -0.595396 0.028487 -0.00605847 1 1 1
v -0.595572 0.0286412 -0.00609126 1 1 1
v -0.15215 0.0286412 -0.00609126 1 1 1
v -0.114602 0.0286412 -0.00609126 1 1 1
v 0.114602 0.0286412 -0.00609126 1 1 1
v 0.15215 0.0286412 -0.00609126 1 1 1
v 0.595396 0.0284875 -0.00605857 1 1 1
v 0.595572 0.0286412 -0.00609126 1 1 1
v -0.614917 0.0459215 -0.00976635 1 1 1
v -0.616603 0.0477354 -0.0101521 1 1 1
v -0.148893 0.0477354 -0.0101521 1 1 1
v -0.109457 0.0477354 -0.0101521 1 1 1
v 0.109457 0.0477354 -0.0101521 1 1 1
v 0.148893 0.0477354 -0.0101521 1 1 1
v 0.614917 0.0459212 -0.00976628 1 1 1
v 0.616603 0.0477354 -0.0101521 1 1 1
v -0.63342 0.0668294 -0.0142129 1 1 1
v -0.146409 0.06196 -0.0131773 1 1 1
v -0.142911 0.0668294 -0.0142129 1 1 1
v -0.107366 0.0557329 -0.011853 1 1 1
v -0.106117 0.0668294 -0.0142129 1 1 1
v 0.107366 0.0557326 -0.0118529 1 1 1
v 0.106117 0.0668294 -0.0142129 1 1 1
v 0.146409 0.0619597 -0.0131773 1 1 1
v 0.142911 0.0668294 -0.0142129 1 1 1
v 0.633421 0.0668294 -0.0142129 1 1 1
v -0.634438 0.0679222 -0.0144453 1 1 1
v -0.652842 0.0859236 -0.0182738 1 1 1
v -0.130436 0.0859236 -0.0182738 1 1 1
v -0.0962788 0.0859236 -0.0182738 1 1 1
v 0.0962788 0.0859236 -0.0182738 1 1 1
v 0.130436 0.0859236 -0.0182738 1 1 1
v 0.634438 0.067922 -0.0144453 1 1 1
v 0.652842 0.0859236 -0.0182738 1 1 1
v -0.653959 0.0871813 -0.0185413 1 1 1
v -0.670078 0.105018 -0.0223346 1 1 1
v -0.128226 0.105018 -0.0223346 1 1 1
v -0.0880091 0.105018 -0.0223346 1 1 1
v 0.0880091 0.105018 -0.0223346 1 1 1
v 0.128226 0.105018 -0.0223346 1 1 1
v 0.653959 0.0871813 -0.0185413 1 1 1
v 0.670078 0.105018 -0.0223346 1 1 1
v -0.67348 0.10881 -0.0231411 1 1 1
v -0.688847 0.124112 -0.0263955 1 1 1
v -0.126888 0.115235 -0.0245075 1 1 1
v -0.122218 0.124112 -0.0263955 1 1 1
v -0.0878452 0.105188 -0.0223708 1 1 1
v -0.0834134 0.124112 -0.0263955 1 1 1
v 0.0878453 0.105188 -0.0223708 1 1 1
v 0.0834135 0.124112 -0.0263955 1 1 1
v 0.126888 0.115234 -0.0245074 1 1 1
v 0.122218 0.124112 -0.0263955 1 1 1
v 0.67348 0.10881 -0.0231411 1 1 1
v 0.688847 0.124112 -0.0263955 1 1 1
v -0.693001 0.129245 -0.0274872 1 1 1
v -0.706265 0.143206 -0.0304563 1 1 1
v -0.11112 0.143206 -0.0304563 1 1 1
v -0.0745353 0.143206 -0.0304563 1 1 1
v 0.0745352 0.143206 -0.0304563 1 1 1
v 0.11112 0.143206 -0.0304563 1 1 1
v 0.693002 0.129245 -0.0274871 1 1 1
v 0.706265 0.143206 -0.0304563 1 1 1
v -0.712523 0.149286 -0.0317493 1 1 1
v -0.725538 0.1623 -0.0345171 1 1 1
v -0.109268 0.1623 -0.0345171 1 1 1
v -0.0683241 0.15623 -0.0332262 1 1 1
v -0.0671461 0.1623 -0.0345171 1 1 1
v 0.0683241 0.15623 -0.0332262 1 1 1
v 0.0671461 0.1623 -0.0345171 1 1 1
v 0.109268 0.1623 -0.0345171 1 1 1
v 0.712523 0.149286 -0.0317493 1 1 1
v 0.725538 0.1623 -0.0345171 1 1 1
v -0.730214 0.181394 -0.038578 1 1 1
v -0.107366 0.172465 -0.036679 1 1 1
v -0.10262 0.181394 -0.038578 1 1 1
v -0.0642964 0.181394 -0.038578 1 1 1
v 0.0642964 0.181394 -0.038578 1 1 1
v 0.107366 0.172465 -0.036679 1 1 1
v 0.10262 0.181394 -0.038578 1 1 1
v 0.730214 0.181394 -0.038578 1 1 1
v -0.727428 0.200488 -0.0426388 1 1 1
v -0.0934151 0.200488 -0.0426388 1 1 1
v -0.0532892 0.200488 -0.0426388 1 1 1
v 0.0532892 0.200488 -0.0426388 1 1 1
v 0.0934152 0.200488 -0.0426388 1 1 1
v 0.727428 0.200488 -0.0426388 1 1 1
v -0.718843 0.219582 -0.0466997 1 1 1
v -0.0924264 0.219582 -0.0466997 1 1 1
v -0.0488029 0.205678 -0.0437426 1 1 1
v -0.0353938 0.219582 -0.0466997 1 1 1
v -0.0097605 0.218831 -0.0465399 1 1 1
v -0.016656 0.219582 -0.0466997 1 1 1
v 0.00976062 0.218831 -0.0465399 1 1 1
v 0.016656 0.219582 -0.0466997 1 1 1
v 0.048803 0.205678 -0.0437426 1 1 1
v 0.0353938 0.219582 -0.0466997 1 1 1
v 0.0924265 0.219582 -0.0466997 1 1 1
v 0.718843 0.219582 -0.0466997 1 1 1
v -0.712523 0.234258 -0.0498208 1 1 1
v -0.711854 0.238677 -0.0507605 1 1 1
v -0.16593 0.238148 -0.050648 1 1 1
v -0.17221 0.238677 -0.0507605 1 1 1
v -0.146409 0.236046 -0.050201 1 1 1
v -0.126888 0.234705 -0.0499159 1 1 1
v -0.107366 0.230037 -0.048923 1 1 1
v -0.0292817 0.223864 -0.0476102 1 1 1
v 0.0292817 0.223864 -0.0476102 1 1 1
v 0.107366 0.230037 -0.048923 1 1 1
v 0.126888 0.234705 -0.0499159 1 1 1
v 0.146409 0.236046 -0.050201 1 1 1
v 0.16593 0.238148 -0.050648 1 1 1
v 0.17221 0.238677 -0.0507605 1 1 1
v 0.712523 0.234258 -0.0498207 1 1 1
v 0.711854 0.238677 -0.0507605 1 1 1
v -0.710681 0.257771 -0.0548213 1 1 1
v -0.263536 0.256305 -0.0545096 1 1 1
v -0.275129 0.257771 -0.0548213 1 1 1
v -0.244015 0.256093 -0.0544646 1 1 1
v -0.224493 0.253236 -0.0538568 1 1 1
v -0.204972 0.247309 -0.0525964 1 1 1
v -0.185451 0.242114 -0.0514915 1 1 1
v 0.185451 0.242114 -0.0514915 1 1 1
v 0.204972 0.247309 -0.0525965 1 1 1
v 0.224494 0.253236 -0.0538569 1 1 1
v 0.244015 0.256093 -0.0544646 1 1 1
v 0.263536 0.256305 -0.0545096 1 1 1
v 0.275129 0.257771 -0.0548213 1 1 1
v 0.710681 0.257771 -0.0548213 1 1 1
v -0.705079 0.276865 -0.0588822 1 1 1
v -0.380663 0.2764 -0.0587834 1 1 1
v -0.385429 0.276865 -0.0588822 1 1 1
v -0.361142 0.275269 -0.0585427 1 1 1
v -0.34162 0.273791 -0.0582285 1 1 1
v -0.322099 0.270455 -0.057519 1 1 1
v -0.302578 0.26504 -0.0563673 1 1 1
v -0.283057 0.260828 -0.0554715 1 1 1
v 0.283057 0.260828 -0.0554715 1 1 1
v 0.302578 0.26504 -0.0563673 1 1 1
v 0.322099 0.270455 -0.057519 1 1 1
v 0.34162 0.273791 -0.0582284 1 1 1
v 0.361142 0.275269 -0.0585427 1 1 1
v 0.380663 0.2764 -0.0587834 1 1 1
v 0.385429 0.276865 -0.0588822 1 1 1
v 0.705079 0.276865 -0.0588822 1 1 1
v -0.695532 0.295959 -0.062943 1 1 1
v -0.478269 0.295245 -0.0627913 1 1 1
v -0.485864 0.295959 -0.062943 1 1 1
v -0.458747 0.293739 -0.0624709 1 1 1
v -0.439226 0.292378 -0.0621814 1 1 1
v -0.419705 0.288553 -0.061368 1 1 1
v -0.400184 0.281792 -0.05993 1 1 1
v 0.400184 0.281792 -0.05993 1 1 1
v 0.419705 0.288553 -0.061368 1 1 1
v 0.439226 0.292378 -0.0621814 1 1 1
v 0.458748 0.293739 -0.0624709 1 1 1
v 0.478269 0.295245 -0.0627913 1 1 1
v 0.485864 0.295959 -0.062943 1 1 1
v 0.695532 0.295959 -0.062943 1 1 1
v -0.693001 0.308791 -0.065672 1 1 1
v -0.692503 0.315053 -0.0670039 1 1 1
v -0.575874 0.31403 -0.0667862 1 1 1
v -0.590178 0.315053 -0.0670039 1 1 1
v -0.556353 0.313262 -0.066623 1 1 1
v -0.536832 0.310289 -0.0659907 1 1 1
v -0.517311 0.305883 -0.0650537 1 1 1
v -0.49779 0.299677 -0.0637337 1 1 1
v 0.49779 0.299677 -0.0637337 1 1 1
v 0.517311 0.305883 -0.0650537 1 1 1
v 0.536832 0.310289 -0.0659907 1 1 1
v 0.556353 0.313262 -0.066623 1 1 1
v 0.575874 0.31403 -0.0667862 1 1 1
v 0.590178 0.315053 -0.0670039 1 1 1
v 0.693002 0.30879 -0.0656719 1 1 1
v 0.692503 0.315053 -0.0670039 1 1 1
v -0.67348 0.333466 -0.0709199 1 1 1
v -0.653959 0.331809 -0.0705675 1 1 1
v -0.634438 0.327353 -0.0696197 1 1 1
v -0.614917 0.32358 -0.0688173 1 1 1
v -0.595396 0.316413 -0.0672932 1 1 1
v 0.595396 0.316413 -0.0672932 1 1 1
v 0.614917 0.32358 -0.0688174 1 1 1
v 0.634438 0.327353 -0.0696197 1 1 1
v 0.653959 0.331809 -0.0705675 1 1 1
v 0.67348 0.333466 -0.0709199 1 1 1
v -0.204972 -0.301129 0.229283 1 1 1
v -0.206386 -0.300525 0.229154 1 1 1
v -0.199279 -0.300525 0.229154 1 1 1
v -0.0292817 -0.301255 0.229309 1 1 1
v -0.0484959 -0.300525 0.229154 1 1 1
v -0.0252307 -0.300525 0.229154 1 1 1
v 0.0292817 -0.301255 0.229309 1 1 1
v 0.0252305 -0.300525 0.229154 1 1 1
v 0.0484949 -0.300525 0.229154 1 1 1
v 0.204972 -0.301129 0.229283 1 1 1
v 0.199279 -0.300525 0.229154 1 1 1
v 0.206386 -0.300525 0.229154 1 1 1
v -0.224493 -0.290587 0.22704 1 1 1
v -0.230361 -0.281431 0.225093 1 1 1
v -0.185451 -0.300169 0.229078 1 1 1
v -0.16593 -0.300123 0.229069 1 1 1
v -0.146409 -0.299906 0.229022 1 1 1
v -0.126888 -0.299851 0.229011 1 1 1
v -0.107366 -0.300436 0.229135 1 1 1
v -0.0878452 -0.300169 0.229078 1 1 1
v -0.0683241 -0.299828 0.229006 1 1 1
v -0.0488029 -0.300522 0.229153 1 1 1
v -0.0097605 -0.299741 0.228987 1 1 1
v 0.00976062 -0.299741 0.228987 1 1 1
v 0.048803 -0.300522 0.229153 1 1 1
v 0.0683241 -0.299828 0.229006 1 1 1
v 0.0878453 -0.300169 0.229078 1 1 1
v 0.107366 -0.300436 0.229135 1 1 1
v 0.126888 -0.299851 0.229011 1 1 1
v 0.146409 -0.299906 0.229022 1 1 1
v 0.16593 -0.300123 0.229069 1 1 1
v 0.185451 -0.300169 0.229078 1 1 1
v 0.224494 -0.290587 0.22704 1 1 1
v 0.230361 -0.281431 0.225093 1 1 1
v -0.283057 -0.274897 0.223704 1 1 1
v -0.296431 -0.262337 0.221032 1 1 1
v -0.269005 -0.262337 0.221032 1 1 1
v -0.224493 -0.271081 0.222892 1 1 1
v -0.22276 -0.262337 0.221032 1 1 1
v 0.224494 -0.271081 0.222892 1 1 1
v 0.22276 -0.262337 0.221032 1 1 1
v 0.283057 -0.274897 0.223704 1 1 1
v 0.269005 -0.262337 0.221032 1 1 1
v 0.296431 -0.262337 0.221032 1 1 1
v -0.302578 -0.255786 0.219639 1 1 1
v -0.313089 -0.243243 0.216972 1 1 1
v -0.263536 -0.247258 0.217826 1 1 1
v -0.261761 -0.243243 0.216972 1 1 1
v -0.218855 -0.243243 0.216972 1 1 1
v 0.218855 -0.243243 0.216972 1 1 1
v 0.263536 -0.247259 0.217826 1 1 1
v 0.261761 -0.243243 0.216972 1 1 1
v 0.302578 -0.255786 0.219639 1 1 1
v 0.313089 -0.243243 0.216972 1 1 1
v -0.322099 -0.233225 0.214841 1 1 1
v -0.330829 -0.224149 0.212911 1 1 1
v -0.253456 -0.224149 0.212911 1 1 1
v -0.210452 -0.224149 0.212911 1 1 1
v 0.210452 -0.224149 0.212911 1 1 1
v 0.253456 -0.224149 0.212911 1 1 1
v 0.322099 -0.233225 0.214841 1 1 1
v 0.330829 -0.224149 0.212911 1 1 1
v -0.34162 -0.209914 0.209883 1 1 1
v -0.346577 -0.205055 0.20885 1 1 1
v -0.24833 -0.205055 0.20885 1 1 1
v -0.204972 -0.212971 0.210534 1 1 1
v -0.20381 -0.205055 0.20885 1 1 1
v 0.204972 -0.212972 0.210534 1 1 1
v 0.203809 -0.205055 0.20885 1 1 1
v 0.24833 -0.205055 0.20885 1 1 1
v 0.34162 -0.209914 0.209883 1 1 1
v 0.346577 -0.205055 0.20885 1 1 1
v -0.361142 -0.188014 0.205226 1 1 1
v -0.362983 -0.185961 0.204789 1 1 1
v -0.24446 -0.185961 0.204789 1 1 1
v -0.200385 -0.185961 0.204789 1 1 1
v 0.200385 -0.185961 0.204789 1 1 1
v 0.24446 -0.185961 0.204789 1 1 1
v 0.361142 -0.188014 0.205226 1 1 1
v 0.362983 -0.185961 0.204789 1 1 1
v -0.379893 -0.166867 0.200728 1 1 1
v -0.244015 -0.184552 0.204489 1 1 1
v -0.231645 -0.166867 0.200728 1 1 1
v -0.189715 -0.166867 0.200728 1 1 1
v 0.189715 -0.166867 0.200728 1 1 1
v 0.244015 -0.184552 0.20449 1 1 1
v 0.231645 -0.166867 0.200728 1 1 1
v 0.379893 -0.166867 0.200728 1 1 1
v -0.380663 -0.166009 0.200546 1 1 1
v -0.399412 -0.147772 0.196667 1 1 1
v -0.22764 -0.147772 0.196667 1 1 1
v -0.185451 -0.159006 0.199057 1 1 1
v -0.183631 -0.147772 0.196667 1 1 1
v 0.185451 -0.159006 0.199057 1 1 1
v 0.183631 -0.147772 0.196667 1 1 1
v 0.22764 -0.147772 0.196667 1 1 1
v 0.380663 -0.166009 0.200546 1 1 1
v 0.399412 -0.147772 0.196667 1 1 1
v -0.400184 -0.146942 0.196491 1 1 1
v -0.417985 -0.128678 0.192607 1 1 1
v -0.224945 -0.128678 0.192607 1 1 1
v -0.18155 -0.128678 0.192607 1 1 1
v 0.18155 -0.128678 0.192607 1 1 1
v 0.224946 -0.128678 0.192607 1 1 1
v 0.400184 -0.146941 0.196491 1 1 1
v 0.417986 -0.128678 0.192607 1 1 1
v -0.419705 -0.126785 0.192204 1 1 1
v -0.435418 -0.109584 0.188546 1 1 1
v -0.224493 -0.127214 0.192295 1 1 1
v -0.211507 -0.109584 0.188546 1 1 1
v -0.172451 -0.109584 0.188546 1 1 1
v 0.17245 -0.109584 0.188546 1 1 1
v 0.224494 -0.127214 0.192295 1 1 1
v 0.211507 -0.109584 0.188546 1 1 1
v 0.419705 -0.126786 0.192204 1 1 1
v 0.435418 -0.109584 0.188546 1 1 1
v -0.439226 -0.10533 0.187641 1 1 1
v -0.454313 -0.0904901 0.184485 1 1 1
v -0.207365 -0.0904901 0.184485 1 1 1
v -0.16593 -0.0916812 0.184738 1 1 1
v -0.165751 -0.0904901 0.184485 1 1 1
v 0.16593 -0.0916812 0.184738 1 1 1
v 0.165751 -0.0904901 0.184485 1 1 1
v 0.207365 -0.0904901 0.184485 1 1 1
v 0.439226 -0.10533 0.187641 1 1 1
v 0.454313 -0.0904901 0.184485 1 1 1
v -0.458747 -0.0858273 0.183493 1 1 1
v -0.472456 -0.0713961 0.180424 1 1 1
v -0.204972 -0.0748731 0.181164 1 1 1
v -0.202697 -0.0713961 0.180424 1 1 1
v -0.162336 -0.0713961 0.180424 1 1 1
v 0.162336 -0.0713961 0.180424 1 1 1
v 0.204972 -0.0748737 0.181164 1 1 1
v 0.202697 -0.0713961 0.180424 1 1 1
v 0.458748 -0.0858273 0.183493 1 1 1
v 0.472456 -0.0713961 0.180424 1 1 1
v -0.478269 -0.0646117 0.178981 1 1 1
v -0.490409 -0.0523019 0.176363 1 1 1
v -0.188322 -0.0523019 0.176363 1 1 1
v -0.152407 -0.0523019 0.176363 1 1 1
v 0.152407 -0.0523019 0.176363 1 1 1
v 0.188322 -0.0523019 0.176363 1 1 1
v 0.478269 -0.0646118 0.178981 1 1 1
v 0.490409 -0.0523019 0.176363 1 1 1
v -0.49779 -0.0433317 0.174455 1 1 1
v -0.508297 -0.0332078 0.172302 1 1 1
v -0.185451 -0.0347476 0.17263 1 1 1
v -0.185057 -0.0332078 0.172302 1 1 1
v -0.146409 -0.0407831 0.173913 1 1 1
v -0.145116 -0.0332078 0.172302 1 1 1
v 0.146409 -0.0407833 0.173913 1 1 1
v 0.145116 -0.0332078 0.172302 1 1 1
v 0.185451 -0.0347479 0.17263 1 1 1
v 0.185057 -0.0332078 0.172302 1 1 1
v 0.49779 -0.0433318 0.174455 1 1 1
v 0.508297 -0.0332078 0.172302 1 1 1
v -0.517311 -0.0240696 0.170359 1 1 1
v -0.525711 -0.0141136 0.168242 1 1 1
v -0.181027 -0.0141136 0.168242 1 1 1
v -0.14204 -0.0141136 0.168242 1 1 1
v 0.14204 -0.0141136 0.168242 1 1 1
v 0.181027 -0.0141136 0.168242 1 1 1
v 0.517311 -0.0240695 0.170359 1 1 1
v 0.525711 -0.0141136 0.168242 1 1 1
v -0.536832 0.000214845 0.165194 1 1 1
v -0.54153 0.00498048 0.164181 1 1 1
v -0.171838 0.00498048 0.164181 1 1 1
v -0.134014 0.00498048 0.164181 1 1 1
v 0.134014 0.00498048 0.164181 1 1 1
v 0.171838 0.00498048 0.164181 1 1 1
v 0.536832 0.000215109 0.165194 1 1 1
v 0.54153 0.00498048 0.164181 1 1 1
v -0.556353 0.0217807 0.160608 1 1 1
v -0.558621 0.0240747 0.16012 1 1 1
v -0.167734 0.0240747 0.16012 1 1 1
v -0.128285 0.0240747 0.16012 1 1 1
v 0.128285 0.0240747 0.16012 1 1 1
v 0.167734 0.0240747 0.16012 1 1 1
v 0.556353 0.0217808 0.160608 1 1 1
v 0.558621 0.0240747 0.16012 1 1 1
v -0.574894 0.0431687 0.156059 1 1 1
v -0.16593 0.0380529 0.157147 1 1 1
v -0.163866 0.0431687 0.156059 1 1 1
v -0.126888 0.0315535 0.158529 1 1 1
v -0.125901 0.0431687 0.156059 1 1 1
v 0.126888 0.0315535 0.158529 1 1 1
v 0.125901 0.0431687 0.156059 1 1 1
v 0.16593 0.0380525 0.157147 1 1 1
v 0.163865 0.0431687 0.156059 1 1 1
v 0.574894 0.0431687 0.156059 1 1 1
v -0.575874 0.0441987 0.15584 1 1 1
v -0.593693 0.0622628 0.151998 1 1 1
v -0.152209 0.0622628 0.151998 1 1 1
v -0.120554 0.0622628 0.151998 1 1 1
v 0.120554 0.0622628 0.151998 1 1 1
v 0.152209 0.0622628 0.151998 1 1 1
v 0.575874 0.0441988 0.15584 1 1 1
v 0.593693 0.0622628 0.151998 1 1 1
v -0.595396 0.0641909 0.151588 1 1 1
v -0.61352 0.081357 0.147937 1 1 1
v -0.148724 0.081357 0.147937 1 1 1
v -0.1187 0.081357 0.147937 1 1 1
v 0.1187 0.081357 0.147937 1 1 1
v 0.148724 0.081357 0.147937 1 1 1
v 0.595396 0.0641911 0.151588 1 1 1
v 0.61352 0.081357 0.147937 1 1 1
v -0.614917 0.0828736 0.147615 1 1 1
v -0.63135 0.100451 0.143876 1 1 1
v -0.146409 0.0931417 0.145431 1 1 1
v -0.137909 0.100451 0.143876 1 1 1
v -0.119418 0.100451 0.143876 1 1 1
v 0.119418 0.100451 0.143876 1 1 1
v 0.146409 0.0931415 0.145431 1 1 1
v 0.137909 0.100451 0.143876 1 1 1
v 0.614917 0.0828734 0.147615 1 1 1
v 0.63135 0.100451 0.143876 1 1 1
v -0.634438 0.103768 0.143171 1 1 1
v -0.650606 0.119545 0.139816 1 1 1
v -0.126888 0.114553 0.140877 1 1 1
v 0.126888 0.114553 0.140877 1 1 1
v 0.634438 0.103768 0.143171 1 1 1
v 0.650606 0.119545 0.139816 1 1 1
v -0.653959 0.123295 0.139018 1 1 1
v -0.66774 0.138639 0.135755 1 1 1
v 0.653959 0.123295 0.139018 1 1 1
v 0.66774 0.138639 0.135755 1 1 1
v -0.67348 0.145085 0.134384 1 1 1
v -0.686178 0.157734 0.131694 1 1 1
v -0.107366 0.141494 0.135148 1 1 1
v -0.113845 0.157734 0.131694 1 1 1
v -0.0878452 0.153246 0.132648 1 1 1
v -0.0862052 0.157734 0.131694 1 1 1
v 0.0878453 0.153246 0.132648 1 1 1
v 0.0862052 0.157734 0.131694 1 1 1
v 0.107366 0.141494 0.135148 1 1 1
v 0.113845 0.157734 0.131694 1 1 1
v 0.67348 0.145085 0.134384 1 1 1
v 0.686178 0.157734 0.131694 1 1 1
v -0.693001 0.166159 0.129902 1 1 1
v -0.703096 0.176828 0.127633 1 1 1
v -0.110342 0.176828 0.127633 1 1 1
v -0.0757623 0.176828 0.127633 1 1 1
v 0.0757622 0.176828 0.127633 1 1 1
v 0.110342 0.176828 0.127633 1 1 1
v 0.693002 0.166159 0.129902 1 1 1
v 0.703097 0.176828 0.127633 1 1 1
v -0.712523 0.186109 0.125659 1 1 1
v -0.722226 0.195922 0.123572 1 1 1
v -0.109415 0.195922 0.123572 1 1 1
v -0.0683241 0.190093 0.124812 1 1 1
v -0.0669963 0.195922 0.123572 1 1 1
v 0.0683241 0.190093 0.124812 1 1 1
v 0.0669962 0.195922 0.123572 1 1 1
v 0.109415 0.195922 0.123572 1 1 1
v 0.712523 0.186109 0.125659 1 1 1
v 0.722226 0.195922 0.123572 1 1 1
v -0.728409 0.215016 0.119511 1 1 1
v -0.107366 0.207047 0.121206 1 1 1
v -0.103201 0.215016 0.119511 1 1 1
v -0.0639303 0.215016 0.119511 1 1 1
v 0.0639303 0.215016 0.119511 1 1 1
v 0.107366 0.207047 0.121206 1 1 1
v 0.103201 0.215016 0.119511 1 1 1
v 0.728409 0.215016 0.119511 1 1 1
v -0.725163 0.23411 0.115451 1 1 1
v -0.0940815 0.23411 0.115451 1 1 1
v -0.0521065 0.23411 0.115451 1 1 1
v 0.0521065 0.23411 0.115451 1 1 1
v 0.0940816 0.23411 0.115451 1 1 1
v 0.725163 0.23411 0.115451 1 1 1
v -0.715001 0.253204 0.11139 1 1 1
v -0.0942326 0.253204 0.11139 1 1 1
v -0.0488029 0.237828 0.11466 1 1 1
v -0.0334642 0.253204 0.11139 1 1 1
v -0.0097605 0.252034 0.111639 1 1 1
v -0.0206254 0.253204 0.11139 1 1 1
v 0.00976062 0.252034 0.111639 1 1 1
v 0.0206255 0.253204 0.11139 1 1 1
v 0.048803 0.237828 0.11466 1 1 1
v 0.0334642 0.253204 0.11139 1 1 1
v 0.0942327 0.253204 0.11139 1 1 1
v 0.715001 0.253204 0.11139 1 1 1
v -0.712523 0.259028 0.110151 1 1 1
v -0.710521 0.272298 0.107329 1 1 1
v -0.16593 0.271202 0.107562 1 1 1
v -0.179464 0.272298 0.107329 1 1 1
v -0.146409 0.269035 0.108023 1 1 1
v -0.126888 0.267537 0.108342 1 1 1
v -0.107366 0.262288 0.109458 1 1 1
v -0.0292817 0.256072 0.11078 1 1 1
v 0.0292817 0.256072 0.11078 1 1 1
v 0.107366 0.262288 0.109458 1 1 1
v 0.126888 0.267537 0.108342 1 1 1
v 0.146409 0.269035 0.108023 1 1 1
v 0.16593 0.271202 0.107562 1 1 1
v 0.179465 0.272298 0.107329 1 1 1
v 0.712523 0.259028 0.110151 1 1 1
v 0.710521 0.272298 0.107329 1 1 1
v -0.708809 0.291392 0.103268 1 1 1
v -0.263536 0.289398 0.103692 1 1 1
v -0.279734 0.291392 0.103268 1 1 1
v -0.244015 0.288958 0.103786 1 1 1
v -0.224493 0.285739 0.10447 1 1 1
v -0.204972 0.279673 0.105761 1 1 1
v -0.185451 0.273776 0.107015 1 1 1
v 0.185451 0.273776 0.107015 1 1 1
v 0.204972 0.279673 0.105761 1 1 1
v 0.224494 0.285739 0.10447 1 1 1
v 0.244015 0.288958 0.103786 1 1 1
v 0.263536 0.289398 0.103692 1 1 1
v 0.279734 0.291392 0.103268 1 1 1
v 0.708809 0.291392 0.103268 1 1 1
v -0.701699 0.310486 0.0992072 1 1 1
v -0.380663 0.309597 0.0993963 1 1 1
v -0.389623 0.310486 0.0992072 1 1 1
v -0.361142 0.308387 0.0996537 1 1 1
v -0.34162 0.306734 0.100005 1 1 1
v -0.322099 0.303087 0.100781 1 1 1
v -0.302578 0.297221 0.102029 1 1 1
v -0.283057 0.292636 0.103004 1 1 1
v 0.283057 0.292636 0.103004 1 1 1
v 0.302578 0.297221 0.102029 1 1 1
v 0.322099 0.303087 0.100781 1 1 1
v 0.34162 0.306734 0.100005 1 1 1
v 0.361142 0.308387 0.0996537 1 1 1
v 0.380663 0.309597 0.0993963 1 1 1
v 0.389623 0.310486 0.0992072 1 1 1
v 0.701699 0.310486 0.0992072 1 1 1
v -0.693001 0.32679 0.09574 1 1 1
v -0.692481 0.329581 0.0951464 1 1 1
v -0.478269 0.328409 0.0953956 1 1 1
v -0.490998 0.329581 0.0951464 1 1 1
v -0.458747 0.326803 0.0957371 1 1 1
v -0.439226 0.32525 0.0960674 1 1 1
v -0.419705 0.3212 0.0969286 1 1 1
v -0.400184 0.314035 0.0984525 1 1 1
v 0.400184 0.314035 0.0984525 1 1 1
v 0.419705 0.3212 0.0969286 1 1 1
v 0.439226 0.32525 0.0960674 1 1 1
v 0.458748 0.326803 0.0957371 1 1 1
v 0.478269 0.328409 0.0953956 1 1 1
v 0.490998 0.329581 0.0951464 1 1 1
v 0.693002 0.326789 0.09574 1 1 1
v 0.692481 0.329581 0.0951464 1 1 1
v -0.690539 0.348675 0.0910855 1 1 1
v -0.595396 0.348206 0.0911851 1 1 1
v -0.598632 0.348675 0.0910855 1 1 1
v -0.575874 0.346831 0.0914777 1 1 1
v -0.556353 0.345923 0.0916709 1 1 1
v -0.536832 0.342825 0.0923296 1 1 1
v -0.517311 0.338238 0.0933051 1 1 1
v -0.49779 0.331635 0.0947095 1 1 1
v 0.49779 0.331635 0.0947095 1 1 1
v 0.517311 0.338238 0.0933051 1 1 1
v 0.536832 0.342825 0.0923296 1 1 1
v 0.556353 0.345923 0.0916709 1 1 1
v 0.575874 0.346831 0.0914777 1 1 1
v 0.595396 0.348206 0.0911851 1 1 1
v 0.598632 0.348675 0.0910855 1 1 1
v 0.690539 0.348675 0.0910855 1 1 1
v -0.67348 0.365266 0.087557 1 1 1
v -0.653959 0.363833 0.0878617 1 1 1
v -0.634438 0.359036 0.088882 1 1 1
v -0.614917 0.354832 0.089776 1 1 1
v 0.614917 0.354832 0.089776 1 1 1
v 0.634438 0.359036 0.088882 1 1 1
v 0.653959 0.363833 0.0878617 1 1 1
v 0.67348 0.365266 0.087557 1 1 1
v -0.224493 -0.252133 0.384266 1 1 1
v -0.227311 -0.247777 0.383337 1 1 1
v -0.204972 -0.265929 0.387207 1 1 1
v -0.185451 -0.265703 0.387159 1 1 1
v -0.16593 -0.265654 0.387148 1 1 1
v -0.146409 -0.265526 0.387121 1 1 1
v -0.126888 -0.265484 0.387112 1 1 1
v -0.107366 -0.266092 0.387242 1 1 1
v -0.0878452 -0.265886 0.387198 1 1 1
v -0.0683241 -0.2655 0.387115 1 1 1
v -0.0488029 -0.266166 0.387257 1 1 1
v -0.0292817 -0.266413 0.38731 1 1 1
v -0.0097605 -0.265436 0.387102 1 1 1
v 0.00976062 -0.265436 0.387102 1 1 1
v 0.0292817 -0.266413 0.38731 1 1 1
v 0.048803 -0.266166 0.387257 1 1 1
v 0.0683241 -0.2655 0.387115 1 1 1
v 0.0878453 -0.265886 0.387198 1 1 1
v 0.107366 -0.266092 0.387242 1 1 1
v 0.126888 -0.265484 0.387112 1 1 1
v 0.146409 -0.265526 0.387121 1 1 1
v 0.16593 -0.265654 0.387148 1 1 1
v 0.185451 -0.265703 0.387159 1 1 1
v 0.204972 -0.265929 0.387207 1 1 1
v 0.224494 -0.252133 0.384266 1 1 1
v 0.227311 -0.247777 0.383337 1 1 1
v -0.283057 -0.238528 0.381365 1 1 1
v -0.293501 -0.228685 0.379267 1 1 1
v -0.27181 -0.228685 0.379267 1 1 1
v -0.224493 -0.242629 0.38224 1 1 1
v -0.221808 -0.228685 0.379267 1 1 1
v 0.224494 -0.242629 0.38224 1 1 1
v 0.221809 -0.228685 0.379267 1 1 1
v 0.283057 -0.238528 0.381365 1 1 1
v 0.27181 -0.228685 0.379267 1 1 1
v 0.293501 -0.228685 0.379267 1 1 1
v -0.302578 -0.219019 0.377206 1 1 1
v -0.310482 -0.209593 0.375197 1 1 1
v -0.264114 -0.209593 0.375197 1 1 1
v -0.217169 -0.209593 0.375197 1 1 1
v 0.217169 -0.209593 0.375197 1 1 1
v 0.264114 -0.209593 0.375197 1 1 1
v 0.302578 -0.219019 0.377206 1 1 1
v 0.310482 -0.209593 0.375197 1 1 1
v -0.322099 -0.196658 0.372439 1 1 1
v -0.328027 -0.1905 0.371127 1 1 1
v -0.263536 -0.207798 0.374814 1 1 1
v -0.255122 -0.1905 0.371127 1 1 1
v -0.207596 -0.1905 0.371127 1 1 1
v 0.207596 -0.1905 0.371127 1 1 1
v 0.263536 -0.207798 0.374814 1 1 1
v 0.255121 -0.1905 0.371127 1 1 1
v 0.322099 -0.196658 0.372439 1 1 1
v 0.328027 -0.1905 0.371127 1 1 1
v -0.34162 -0.172584 0.367307 1 1 1
v -0.342825 -0.171408 0.367056 1 1 1
v -0.249304 -0.171408 0.367056 1 1 1
v -0.204972 -0.184753 0.369901 1 1 1
v -0.203129 -0.171408 0.367056 1 1 1
v 0.204972 -0.184753 0.369901 1 1 1
v 0.203129 -0.171408 0.367056 1 1 1
v 0.249304 -0.171408 0.367056 1 1 1
v 0.34162 -0.172584 0.367307 1 1 1
v 0.342825 -0.171408 0.367056 1 1 1
v -0.360315 -0.152316 0.362986 1 1 1
v -0.245166 -0.152316 0.362986 1 1 1
v -0.199522 -0.152316 0.362986 1 1 1
v 0.199522 -0.152316 0.362986 1 1 1
v 0.245166 -0.152316 0.362986 1 1 1
v 0.360315 -0.152316 0.362986 1 1 1
v -0.361142 -0.151453 0.362802 1 1 1
v -0.378303 -0.133224 0.358916 1 1 1
v -0.244015 -0.148771 0.36223 1 1 1
v -0.232829 -0.133224 0.358916 1 1 1
v -0.18833 -0.133224 0.358916 1 1 1
v 0.18833 -0.133224 0.358916 1 1 1
v 0.244015 -0.148771 0.36223 1 1 1
v 0.232829 -0.133224 0.358916 1 1 1
v 0.361142 -0.151453 0.362802 1 1 1
v 0.378303 -0.133224 0.358916 1 1 1
v -0.380663 -0.130594 0.358355 1 1 1
v -0.397555 -0.114132 0.354846 1 1 1
v -0.228224 -0.114132 0.354846 1 1 1
v -0.185451 -0.127648 0.357727 1 1 1
v -0.183337 -0.114132 0.354846 1 1 1
v 0.185451 -0.127648 0.357727 1 1 1
v 0.183337 -0.114132 0.354846 1 1 1
v 0.228224 -0.114132 0.354846 1 1 1
v 0.380663 -0.130594 0.358355 1 1 1
v 0.397555 -0.114132 0.354846 1 1 1
v -0.400184 -0.111299 0.354242 1 1 1
v -0.416023 -0.0950398 0.350776 1 1 1
v -0.225279 -0.0950398 0.350776 1 1 1
v -0.181212 -0.0950398 0.350776 1 1 1
v 0.181212 -0.0950398 0.350776 1 1 1
v 0.225279 -0.0950398 0.350776 1 1 1
v 0.400184 -0.111299 0.354242 1 1 1
v 0.416023 -0.0950398 0.350776 1 1 1
v -0.419705 -0.0909876 0.349912 1 1 1
v -0.433421 -0.0759476 0.346705 1 1 1
v -0.224493 -0.0925411 0.350243 1 1 1
v -0.212039 -0.0759476 0.346705 1 1 1
v -0.172451 -0.0759476 0.346705 1 1 1
v 0.172451 -0.0759476 0.346705 1 1 1
v 0.224494 -0.0925412 0.350243 1 1 1
v 0.212039 -0.0759476 0.346705 1 1 1
v 0.419705 -0.0909877 0.349912 1 1 1
v 0.433421 -0.0759476 0.346705 1 1 1
v -0.439226 -0.069446 0.345319 1 1 1
v -0.452033 -0.0568555 0.342635 1 1 1
v -0.207562 -0.0568555 0.342635 1 1 1
v -0.166328 -0.0568555 0.342635 1 1 1
v 0.166328 -0.0568555 0.342635 1 1 1
v 0.207562 -0.0568555 0.342635 1 1 1
v 0.439226 -0.069446 0.345319 1 1 1
v 0.452033 -0.0568555 0.342635 1 1 1
v -0.458747 -0.0498071 0.341133 1 1 1
v -0.47015 -0.0377634 0.338565 1 1 1
v -0.204972 -0.0414906 0.33936 1 1 1
v -0.201687 -0.0377634 0.338565 1 1 1
v -0.16593 -0.0559208 0.342436 1 1 1
v -0.162571 -0.0377634 0.338565 1 1 1
v 0.16593 -0.055921 0.342436 1 1 1
v 0.162571 -0.0377634 0.338565 1 1 1
v 0.204972 -0.0414909 0.33936 1 1 1
v 0.201687 -0.0377634 0.338565 1 1 1
v 0.458748 -0.0498071 0.341132 1 1 1
v 0.47015 -0.0377634 0.338565 1 1 1
v -0.478269 -0.0282542 0.336538 1 1 1
v -0.487719 -0.0186712 0.334495 1 1 1
v -0.185642 -0.0186712 0.334495 1 1 1
v -0.151851 -0.0186712 0.334495 1 1 1
v 0.151851 -0.0186712 0.334495 1 1 1
v 0.185642 -0.0186712 0.334495 1 1 1
v 0.478269 -0.0282542 0.336538 1 1 1
v 0.487719 -0.0186712 0.334495 1 1 1
v -0.49779 -0.00646237 0.331892 1 1 1
v -0.504888 0.000420839 0.330425 1 1 1
v -0.185451 -0.0173763 0.334219 1 1 1
v -0.182175 0.000420839 0.330425 1 1 1
v -0.146409 -0.00849748 0.332326 1 1 1
v -0.144926 0.000420839 0.330425 1 1 1
v 0.146409 -0.0084978 0.332326 1 1 1
v 0.144926 0.000420839 0.330425 1 1 1
v 0.185451 -0.0173767 0.334219 1 1 1
v 0.182175 0.000420839 0.330425 1 1 1
v 0.49779 -0.00646245 0.331892 1 1 1
v 0.504888 0.000420839 0.330425 1 1 1
v -0.517311 0.013065 0.327729 1 1 1
v -0.522769 0.019513 0.326354 1 1 1
v -0.179488 0.019513 0.326354 1 1 1
v -0.141784 0.019513 0.326354 1 1 1
v 0.141784 0.019513 0.326354 1 1 1
v 0.179488 0.019513 0.326354 1 1 1
v 0.517311 0.0130651 0.327729 1 1 1
v 0.522769 0.019513 0.326354 1 1 1
v -0.536832 0.0376742 0.322483 1 1 1
v -0.537749 0.0386051 0.322284 1 1 1
v -0.17182 0.0386051 0.322284 1 1 1
v -0.134398 0.0386051 0.322284 1 1 1
v 0.134398 0.0386051 0.322284 1 1 1
v 0.17182 0.0386051 0.322284 1 1 1
v 0.536832 0.0376746 0.322483 1 1 1
v 0.537749 0.0386051 0.322284 1 1 1
v -0.555592 0.0576973 0.318214 1 1 1
v -0.167909 0.0576973 0.318214 1 1 1
v -0.130142 0.0576973 0.318214 1 1 1
v 0.130142 0.0576973 0.318214 1 1 1
v 0.167909 0.0576973 0.318214 1 1 1
v 0.555592 0.0576973 0.318214 1 1 1
v -0.556353 0.0585764 0.318027 1 1 1
v -0.57312 0.0767894 0.314144 1 1 1
v -0.16593 0.073137 0.314922 1 1 1
v -0.164419 0.0767894 0.314144 1 1 1
v -0.128224 0.0767894 0.314144 1 1 1
v 0.128224 0.0767894 0.314144 1 1 1
v 0.16593 0.0731369 0.314922 1 1 1
v 0.164419 0.0767894 0.314144 1 1 1
v 0.556353 0.0585764 0.318027 1 1 1
v 0.57312 0.0767894 0.314144 1 1 1
v -0.575874 0.0796756 0.313528 1 1 1
v -0.591838 0.0958815 0.310074 1 1 1
v -0.152274 0.0958815 0.310074 1 1 1
v -0.126888 0.0818793 0.313059 1 1 1
v -0.124687 0.0958815 0.310074 1 1 1
v 0.126888 0.0818793 0.313059 1 1 1
v 0.124687 0.0958815 0.310074 1 1 1
v 0.152274 0.0958815 0.310074 1 1 1
v 0.575874 0.0796757 0.313528 1 1 1
v 0.591838 0.0958815 0.310074 1 1 1
v -0.595396 0.099903 0.309216 1 1 1
v -0.611317 0.114974 0.306003 1 1 1
v -0.148533 0.114974 0.306003 1 1 1
v -0.124691 0.114974 0.306003 1 1 1
v 0.124691 0.114974 0.306003 1 1 1
v 0.148534 0.114974 0.306003 1 1 1
v 0.595396 0.0999032 0.309216 1 1 1
v 0.611317 0.114974 0.306003 1 1 1
v -0.614917 0.118884 0.30517 1 1 1
v -0.629151 0.134066 0.301933 1 1 1
v -0.146409 0.124591 0.303953 1 1 1
v -0.126888 0.128344 0.303153 1 1 1
v 0.126888 0.128345 0.303153 1 1 1
v 0.146409 0.124591 0.303953 1 1 1
v 0.614917 0.118884 0.30517 1 1 1
v 0.629151 0.134066 0.301933 1 1 1
v -0.634438 0.139746 0.300722 1 1 1
v -0.648217 0.153158 0.297863 1 1 1
v 0.634438 0.139746 0.300722 1 1 1
v 0.648217 0.153158 0.297863 1 1 1
v -0.653959 0.15953 0.296504 1 1 1
v -0.66531 0.17225 0.293793 1 1 1
v 0.653959 0.15953 0.296504 1 1 1
v 0.66531 0.17225 0.293793 1 1 1
v -0.67348 0.181493 0.291822 1 1 1
v -0.683364 0.191342 0.289723 1 1 1
v 0.67348 0.181493 0.291822 1 1 1
v 0.683364 0.191342 0.289723 1 1 1
v -0.693001 0.203231 0.287188 1 1 1
v -0.699789 0.210434 0.285652 1 1 1
v -0.107366 0.197615 0.288385 1 1 1
v -0.109509 0.210434 0.285652 1 1 1
v -0.0878452 0.19491 0.288962 1 1 1
v -0.0770815 0.210434 0.285652 1 1 1
v 0.0878453 0.19491 0.288962 1 1 1
v 0.0770814 0.210434 0.285652 1 1 1
v 0.107366 0.197615 0.288385 1 1 1
v 0.109509 0.210434 0.285652 1 1 1
v 0.693002 0.203231 0.287188 1 1 1
v 0.699789 0.210434 0.285652 1 1 1
v -0.712523 0.223149 0.282942 1 1 1
v -0.718754 0.229526 0.281582 1 1 1
v -0.109572 0.229526 0.281582 1 1 1
v -0.0683241 0.223888 0.282784 1 1 1
v -0.0668357 0.229526 0.281582 1 1 1
v 0.0683241 0.223888 0.282784 1 1 1
v 0.0668357 0.229526 0.281582 1 1 1
v 0.109572 0.229526 0.281582 1 1 1
v 0.712523 0.223149 0.282942 1 1 1
v 0.718754 0.229526 0.281582 1 1 1
v -0.726503 0.248619 0.277512 1 1 1
v -0.107366 0.241715 0.278984 1 1 1
v -0.103824 0.248619 0.277512 1 1 1
v -0.0635386 0.248619 0.277512 1 1 1
v 0.0635386 0.248619 0.277512 1 1 1
v 0.107366 0.241715 0.278984 1 1 1
v 0.103824 0.248619 0.277512 1 1 1
v 0.726503 0.248619 0.277512 1 1 1
v -0.722779 0.267711 0.273442 1 1 1
v -0.0948009 0.267711 0.273442 1 1 1
v -0.0508442 0.267711 0.273442 1 1 1
v 0.0508441 0.267711 0.273442 1 1 1
v 0.0948009 0.267711 0.273442 1 1 1
v 0.722779 0.267711 0.273442 1 1 1
v -0.712523 0.2853 0.269692 1 1 1
v -0.712055 0.286803 0.269372 1 1 1
v -0.0961541 0.286803 0.269372 1 1 1
v -0.0488029 0.269943 0.272966 1 1 1
v -0.0313777 0.286803 0.269372 1 1 1
v -0.0097605 0.28519 0.269715 1 1 1
v -0.0249348 0.286803 0.269372 1 1 1
v 0.00976062 0.28519 0.269715 1 1 1
v 0.0249349 0.286803 0.269372 1 1 1
v 0.048803 0.269943 0.272966 1 1 1
v 0.0313776 0.286803 0.269372 1 1 1
v 0.0961542 0.286803 0.269372 1 1 1
v 0.712523 0.2853 0.269692 1 1 1
v 0.712055 0.286803 0.269372 1 1 1
v -0.709107 0.305895 0.265301 1 1 1
v -0.185451 0.305736 0.265335 1 1 1
v -0.186622 0.305895 0.265301 1 1 1
v -0.16593 0.304196 0.265664 1 1 1
v -0.146409 0.301961 0.26614 1 1 1
v -0.126888 0.300307 0.266493 1 1 1
v -0.107366 0.294462 0.267739 1 1 1
v -0.0292817 0.288207 0.269072 1 1 1
v 0.0292817 0.288207 0.269072 1 1 1
v 0.107366 0.294462 0.267739 1 1 1
v 0.126888 0.300307 0.266493 1 1 1
v 0.146409 0.301961 0.26614 1 1 1
v 0.16593 0.304196 0.265664 1 1 1
v 0.185451 0.305735 0.265335 1 1 1
v 0.186622 0.305895 0.265301 1 1 1
v 0.709107 0.305895 0.265301 1 1 1
v -0.70683 0.324987 0.261231 1 1 1
v -0.283057 0.324795 0.261272 1 1 1
v -0.285335 0.324987 0.261231 1 1 1
v -0.263536 0.322432 0.261776 1 1 1
v -0.244015 0.321751 0.261921 1 1 1
v -0.224493 0.318162 0.262686 1 1 1
v -0.204972 0.311975 0.264005 1 1 1
v 0.204972 0.311975 0.264005 1 1 1
v 0.224494 0.318162 0.262686 1 1 1
v 0.244015 0.321751 0.261921 1 1 1
v 0.263536 0.322432 0.261776 1 1 1
v 0.283057 0.324795 0.261272 1 1 1
v 0.285335 0.324987 0.261231 1 1 1
v 0.70683 0.324987 0.261231 1 1 1
v -0.698201 0.344079 0.257161 1 1 1
v -0.380663 0.34274 0.257446 1 1 1
v -0.393907 0.344079 0.257161 1 1 1
v -0.361142 0.341446 0.257722 1 1 1
v -0.34162 0.339612 0.258113 1 1 1
v -0.322099 0.335633 0.258962 1 1 1
v -0.302578 0.329306 0.260311 1 1 1
v 0.302578 0.329306 0.260311 1 1 1
v 0.322099 0.335633 0.258962 1 1 1
v 0.34162 0.339612 0.258113 1 1 1
v 0.361142 0.341446 0.257722 1 1 1
v 0.380663 0.34274 0.257446 1 1 1
v 0.393907 0.344079 0.257161 1 1 1
v 0.698201 0.344079 0.257161 1 1 1
v -0.693001 0.353928 0.255061 1 1 1
v -0.691271 0.363171 0.253091 1 1 1
v -0.478269 0.361514 0.253444 1 1 1
v -0.496681 0.363171 0.253091 1 1 1
v -0.458747 0.359805 0.253808 1 1 1
v -0.439226 0.358053 0.254182 1 1 1
v -0.419705 0.353769 0.255095 1 1 1
v -0.400184 0.346202 0.256709 1 1 1
v 0.400184 0.346202 0.256709 1 1 1
v 0.419705 0.353769 0.255095 1 1 1
v 0.439226 0.358053 0.254182 1 1 1
v 0.458748 0.359805 0.253808 1 1 1
v 0.478269 0.361514 0.253444 1 1 1
v 0.496681 0.363171 0.253091 1 1 1
v 0.693002 0.353928 0.255061 1 1 1
v 0.691271 0.363171 0.253091 1 1 1
v -0.688467 0.382264 0.249021 1 1 1
v -0.595396 0.380943 0.249302 1 1 1
v -0.604863 0.382264 0.249021 1 1 1
v -0.575874 0.379547 0.2496 1 1 1
v -0.556353 0.378488 0.249825 1 1 1
v -0.536832 0.375273 0.250511 1 1 1
v -0.517311 0.370514 0.251525 1 1 1
v -0.49779 0.363496 0.253022 1 1 1
v 0.49779 0.363496 0.253022 1 1 1
v 0.517311 0.370514 0.251525 1 1 1
v 0.536832 0.375273 0.250511 1 1 1
v 0.556353 0.378488 0.249825 1 1 1
v 0.575874 0.379547 0.2496 1 1 1
v 0.595396 0.380943 0.249302 1 1 1
v 0.604863 0.382264 0.249021 1 1 1
v 0.688468 0.382264 0.249021 1 1 1
v -0.67348 0.396914 0.245897 1 1 1
v -0.653959 0.395731 0.24615 1 1 1
v -0.634438 0.390561 0.247252 1 1 1
v -0.614917 0.385912 0.248243 1 1 1
v 0.614917 0.385912 0.248243 1 1 1
v 0.634438 0.390562 0.247252 1 1 1
v 0.653959 0.395731 0.24615 1 1 1
v 0.67348 0.396914 0.245897 1 1 1
v -0.204972 -0.229674 0.551061 1 1 1
v -0.224318 -0.212801 0.547141 1 1 1
v -0.185451 -0.229796 0.551089 1 1 1
v -0.16593 -0.229742 0.551077 1 1 1
v -0.146409 -0.229708 0.551069 1 1 1
v -0.126888 -0.229685 0.551063 1 1 1
v -0.107366 -0.230313 0.551209 1 1 1
v -0.0878452 -0.23017 0.551176 1 1 1
v -0.0683241 -0.229743 0.551077 1 1 1
v -0.0488029 -0.230377 0.551224 1 1 1
v -0.0292817 -0.230646 0.551287 1 1 1
v -0.0097605 -0.229703 0.551067 1 1 1
v 0.00976062 -0.229703 0.551067 1 1 1
v 0.0292817 -0.230646 0.551287 1 1 1
v 0.048803 -0.230377 0.551224 1 1 1
v 0.0683241 -0.229743 0.551077 1 1 1
v 0.0878453 -0.23017 0.551176 1 1 1
v 0.107366 -0.230313 0.551209 1 1 1
v 0.126888 -0.229685 0.551063 1 1 1
v 0.146409 -0.229708 0.551069 1 1 1
v 0.16593 -0.229742 0.551077 1 1 1
v 0.185451 -0.229796 0.551089 1 1 1
v 0.204972 -0.229674 0.551061 1 1 1
v 0.224318 -0.212801 0.547141 1 1 1
v -0.283057 -0.20074 0.544339 1 1 1
v -0.290436 -0.193787 0.542723 1 1 1
v -0.274898 -0.193787 0.542723 1 1 1
v -0.220793 -0.193787 0.542723 1 1 1
v 0.220793 -0.193787 0.542723 1 1 1
v 0.283057 -0.20074 0.544339 1 1 1
v 0.274898 -0.193787 0.542723 1 1 1
v 0.290436 -0.193787 0.542723 1 1 1
v -0.302578 -0.180921 0.539734 1 1 1
v -0.307757 -0.174772 0.538306 1 1 1
v -0.265523 -0.174772 0.538306 1 1 1
v -0.215377 -0.174772 0.538306 1 1 1
v 0.215377 -0.174772 0.538306 1 1 1
v 0.265523 -0.174772 0.538306 1 1 1
v 0.302578 -0.18092 0.539734 1 1 1
v 0.307757 -0.174772 0.538306 1 1 1
v -0.322099 -0.158842 0.534605 1 1 1
v -0.325084 -0.155757 0.533888 1 1 1
v -0.263536 -0.168774 0.536912 1 1 1
v -0.256956 -0.155757 0.533888 1 1 1
v -0.204972 -0.156117 0.533972 1 1 1
v -0.20488 -0.155757 0.533888 1 1 1
v 0.204972 -0.156117 0.533972 1 1 1
v 0.20488 -0.155757 0.533888 1 1 1
v 0.263536 -0.168774 0.536912 1 1 1
v 0.256956 -0.155757 0.533888 1 1 1
v 0.322099 -0.158842 0.534605 1 1 1
v 0.325084 -0.155757 0.533888 1 1 1
v -0.340544 -0.136742 0.529471 1 1 1
v -0.250357 -0.136742 0.529471 1 1 1
v -0.202396 -0.136742 0.529471 1 1 1
v 0.202396 -0.136742 0.529471 1 1 1
v 0.250357 -0.136742 0.529471 1 1 1
v 0.340544 -0.136742 0.529471 1 1 1
v -0.34162 -0.135509 0.529184 1 1 1
v -0.358645 -0.117727 0.525053 1 1 1
v -0.24593 -0.117727 0.525053 1 1 1
v -0.198603 -0.117727 0.525053 1 1 1
v 0.198603 -0.117727 0.525053 1 1 1
v 0.24593 -0.117727 0.525053 1 1 1
v 0.34162 -0.135509 0.529184 1 1 1
v 0.358645 -0.117727 0.525053 1 1 1
v -0.361142 -0.11512 0.524447 1 1 1
v -0.376611 -0.0987127 0.520636 1 1 1
v -0.244015 -0.112012 0.523725 1 1 1
v -0.234116 -0.0987127 0.520636 1 1 1
v -0.18689 -0.0987127 0.520636 1 1 1
v 0.18689 -0.0987127 0.520636 1 1 1
v 0.244015 -0.112012 0.523725 1 1 1
v 0.234116 -0.0987127 0.520636 1 1 1
v 0.361142 -0.11512 0.524447 1 1 1
v 0.376611 -0.0987127 0.520636 1 1 1
v -0.380663 -0.0942094 0.519589 1 1 1
v -0.395582 -0.0796979 0.516218 1 1 1
v -0.22886 -0.0796979 0.516218 1 1 1
v -0.185451 -0.0957816 0.519955 1 1 1
v -0.183024 -0.0796979 0.516218 1 1 1
v 0.185451 -0.0957821 0.519955 1 1 1
v 0.183024 -0.0796979 0.516218 1 1 1
v 0.22886 -0.0796979 0.516218 1 1 1
v 0.380663 -0.0942094 0.519589 1 1 1
v 0.395582 -0.0796979 0.516218 1 1 1
v -0.400184 -0.0747528 0.515069 1 1 1
v -0.413935 -0.0606831 0.511801 1 1 1
v -0.225642 -0.0606831 0.511801 1 1 1
v -0.180855 -0.0606831 0.511801 1 1 1
v 0.180855 -0.0606831 0.511801 1 1 1
v 0.225642 -0.0606831 0.511801 1 1 1
v 0.400184 -0.0747527 0.515069 1 1 1
v 0.413935 -0.0606831 0.511801 1 1 1
v -0.419705 -0.0543617 0.510332 1 1 1
v -0.431307 -0.0416683 0.507383 1 1 1
v -0.224493 -0.057116 0.510972 1 1 1
v -0.212617 -0.0416683 0.507383 1 1 1
v -0.172452 -0.0416683 0.507383 1 1 1
v 0.172452 -0.0416683 0.507383 1 1 1
v 0.224494 -0.0571161 0.510972 1 1 1
v 0.212617 -0.0416683 0.507383 1 1 1
v 0.419705 -0.0543617 0.510332 1 1 1
v 0.431307 -0.0416683 0.507383 1 1 1
v -0.439226 -0.0328083 0.505325 1 1 1
v -0.449603 -0.0226536 0.502966 1 1 1
v -0.207777 -0.0226536 0.502966 1 1 1
v -0.1674 -0.0226536 0.502966 1 1 1
v 0.1674 -0.0226536 0.502966 1 1 1
v 0.207777 -0.0226536 0.502966 1 1 1
v 0.439226 -0.0328082 0.505325 1 1 1
v 0.449603 -0.0226536 0.502966 1 1 1
v -0.458747 -0.0131074 0.500748 1 1 1
v -0.467716 -0.00363887 0.498548 1 1 1
v -0.204972 -0.00757496 0.499462 1 1 1
v -0.199909 -0.00363887 0.498548 1 1 1
v -0.16593 -0.0191818 0.502159 1 1 1
v -0.162845 -0.00363887 0.498548 1 1 1
v 0.16593 -0.019182 0.502159 1 1 1
v 0.162845 -0.00363887 0.498548 1 1 1
v 0.204972 -0.00757497 0.499462 1 1 1
v 0.199909 -0.00363887 0.498548 1 1 1
v 0.458748 -0.0131073 0.500748 1 1 1
v 0.467716 -0.00363887 0.498548 1 1 1
v -0.478269 0.00871862 0.495677 1 1 1
v -0.484859 0.015376 0.49413 1 1 1
v -0.185451 0.0074557 0.49597 1 1 1
v -0.181167 0.015376 0.49413 1 1 1
v -0.151195 0.015376 0.49413 1 1 1
v 0.151195 0.015376 0.49413 1 1 1
v 0.185451 0.00745576 0.49597 1 1 1
v 0.181167 0.015376 0.49413 1 1 1
v 0.478269 0.00871852 0.495677 1 1 1
v 0.48486 0.015376 0.49413 1 1 1
v -0.49779 0.0309485 0.490513 1 1 1
v -0.50133 0.0343907 0.489713 1 1 1
v -0.179979 0.0343907 0.489713 1 1 1
v -0.146409 0.0240163 0.492123 1 1 1
v -0.144725 0.0343907 0.489713 1 1 1
v 0.146409 0.0240161 0.492123 1 1 1
v 0.144725 0.0343907 0.489713 1 1 1
v 0.179979 0.0343907 0.489713 1 1 1
v 0.49779 0.0309484 0.490513 1 1 1
v 0.50133 0.0343907 0.489713 1 1 1
v -0.517311 0.0506603 0.485933 1 1 1
v -0.519652 0.0534055 0.485295 1 1 1
v -0.178191 0.0534055 0.485295 1 1 1
v -0.14152 0.0534055 0.485295 1 1 1
v 0.14152 0.0534055 0.485295 1 1 1
v 0.178191 0.0534055 0.485295 1 1 1
v 0.517311 0.0506604 0.485933 1 1 1
v 0.519652 0.0534055 0.485295 1 1 1
v -0.535483 0.0724202 0.480878 1 1 1
v -0.171803 0.0724202 0.480878 1 1 1
v -0.134764 0.0724202 0.480878 1 1 1
v 0.134764 0.0724202 0.480878 1 1 1
v 0.171803 0.0724202 0.480878 1 1 1
v 0.535483 0.0724202 0.480878 1 1 1
v -0.536832 0.0738526 0.480545 1 1 1
v -0.553819 0.0914351 0.47646 1 1 1
v -0.168094 0.0914351 0.47646 1 1 1
v -0.131719 0.0914351 0.47646 1 1 1
v 0.131719 0.0914351 0.47646 1 1 1
v 0.168094 0.0914351 0.47646 1 1 1
v 0.536832 0.0738527 0.480545 1 1 1
v 0.553819 0.0914351 0.47646 1 1 1
v -0.556353 0.0943501 0.475783 1 1 1
v -0.571227 0.11045 0.472043 1 1 1
v -0.16593 0.108369 0.472526 1 1 1
v -0.165042 0.11045 0.472043 1 1 1
v -0.131302 0.11045 0.472043 1 1 1
v 0.131302 0.11045 0.472043 1 1 1
v 0.16593 0.108368 0.472526 1 1 1
v 0.165042 0.11045 0.472043 1 1 1
v 0.556353 0.0943501 0.475783 1 1 1
v 0.571227 0.11045 0.472043 1 1 1
v -0.575874 0.11529 0.470918 1 1 1
v -0.589872 0.129465 0.467625 1 1 1
v -0.152346 0.129465 0.467625 1 1 1
v -0.129418 0.129465 0.467625 1 1 1
v 0.129418 0.129465 0.467625 1 1 1
v 0.152346 0.129465 0.467625 1 1 1
v 0.575874 0.11529 0.470918 1 1 1
v 0.589872 0.129465 0.467625 1 1 1
v -0.595396 0.135673 0.466183 1 1 1
v -0.608987 0.148479 0.463208 1 1 1
v -0.148318 0.148479 0.463208 1 1 1
v -0.134138 0.148479 0.463208 1 1 1
v 0.134138 0.148479 0.463208 1 1 1
v 0.148319 0.148479 0.463208 1 1 1
v 0.595396 0.135673 0.466183 1 1 1
v 0.608987 0.148479 0.463208 1 1 1
v -0.614917 0.154897 0.461717 1 1 1
v -0.626811 0.167494 0.45879 1 1 1
v -0.146409 0.156129 0.46143 1 1 1
v 0.146409 0.156129 0.46143 1 1 1
v 0.614917 0.154897 0.461717 1 1 1
v 0.626811 0.167494 0.45879 1 1 1
v -0.634438 0.175658 0.456893 1 1 1
v -0.64566 0.186509 0.454373 1 1 1
v 0.634438 0.175658 0.456893 1 1 1
v 0.64566 0.186509 0.454373 1 1 1
v -0.653959 0.195608 0.452259 1 1 1
v -0.662784 0.205524 0.449955 1 1 1
v 0.653959 0.195608 0.452259 1 1 1
v 0.662784 0.205524 0.449955 1 1 1
v -0.67348 0.217674 0.447132 1 1 1
v -0.680393 0.224538 0.445538 1 1 1
v 0.67348 0.217675 0.447132 1 1 1
v 0.680393 0.224538 0.445538 1 1 1
v -0.693001 0.240017 0.441942 1 1 1
v -0.696333 0.243553 0.44112 1 1 1
v -0.107366 0.239801 0.441992 1 1 1
v -0.108616 0.243553 0.44112 1 1 1
v -0.0878452 0.233511 0.443453 1 1 1
v -0.0785039 0.243553 0.44112 1 1 1
v 0.0878453 0.233511 0.443453 1 1 1
v 0.0785038 0.243553 0.44112 1 1 1
v 0.107366 0.239801 0.441992 1 1 1
v 0.108616 0.243553 0.44112 1 1 1
v 0.693002 0.240017 0.441942 1 1 1
v 0.696333 0.243553 0.44112 1 1 1
v -0.712523 0.259896 0.437323 1 1 1
v -0.715111 0.262568 0.436702 1 1 1
v -0.109741 0.262568 0.436702 1 1 1
v -0.0683241 0.257105 0.437972 1 1 1
v -0.0666633 0.262568 0.436702 1 1 1
v 0.0683241 0.257105 0.437972 1 1 1
v 0.0666632 0.262568 0.436702 1 1 1
v 0.109741 0.262568 0.436702 1 1 1
v 0.712523 0.259896 0.437323 1 1 1
v 0.715111 0.262568 0.436702 1 1 1
v -0.724489 0.281583 0.432285 1 1 1
v -0.107366 0.275891 0.433607 1 1 1
v -0.104492 0.281583 0.432285 1 1 1
v -0.0631185 0.281583 0.432285 1 1 1
v 0.0631185 0.281583 0.432285 1 1 1
v 0.107366 0.275891 0.433607 1 1 1
v 0.104492 0.281583 0.432285 1 1 1
v 0.724489 0.281583 0.432285 1 1 1
v -0.720267 0.300597 0.427867 1 1 1
v -0.0955797 0.300597 0.427867 1 1 1
v -0.0494938 0.300597 0.427867 1 1 1
v 0.0494937 0.300597 0.427867 1 1 1
v 0.0955797 0.300597 0.427867 1 1 1
v 0.720267 0.300597 0.427867 1 1 1
v -0.712523 0.313941 0.424767 1 1 1
v -0.710754 0.319612 0.42345 1 1 1
v -0.0982022 0.319612 0.42345 1 1 1
v -0.0488029 0.301328 0.427698 1 1 1
v -0.0292817 0.319565 0.423461 1 1 1
v -0.0097605 0.317539 0.423932 1 1 1
v 0.00976062 0.317539 0.423932 1 1 1
v 0.0292817 0.319565 0.423461 1 1 1
v 0.048803 0.301328 0.427698 1 1 1
v 0.0982023 0.319612 0.42345 1 1 1
v 0.712523 0.313941 0.424767 1 1 1
v 0.710754 0.319612 0.42345 1 1 1
v -0.707606 0.338627 0.419032 1 1 1
v -0.185451 0.337857 0.419211 1 1 1
v -0.190923 0.338627 0.419032 1 1 1
v -0.16593 0.336295 0.419574 1 1 1
v -0.146409 0.333999 0.420107 1 1 1
v -0.126888 0.332199 0.420526 1 1 1
v -0.107366 0.325767 0.42202 1 1 1
v 0.107366 0.325767 0.42202 1 1 1
v 0.126888 0.332199 0.420526 1 1 1
v 0.146409 0.333999 0.420107 1 1 1
v 0.16593 0.336295 0.419574 1 1 1
v 0.185451 0.337857 0.419211 1 1 1
v 0.190923 0.338627 0.419032 1 1 1
v 0.707606 0.338627 0.419032 1 1 1
v -0.704733 0.357642 0.414615 1 1 1
v -0.283057 0.356871 0.414794 1 1 1
v -0.291951 0.357642 0.414615 1 1 1
v -0.263536 0.354505 0.415343 1 1 1
v -0.244015 0.353569 0.415561 1 1 1
v -0.224493 0.349617 0.416479 1 1 1
v -0.204972 0.343358 0.417933 1 1 1
v 0.204972 0.343358 0.417933 1 1 1
v 0.224494 0.349617 0.416479 1 1 1
v 0.244015 0.353569 0.415561 1 1 1
v 0.263536 0.354505 0.415343 1 1 1
v 0.283057 0.356871 0.414794 1 1 1
v 0.291951 0.357642 0.414615 1 1 1
v 0.704733 0.357642 0.414615 1 1 1
v -0.694577 0.376657 0.410197 1 1 1
v -0.380663 0.374848 0.410617 1 1 1
v -0.398286 0.376657 0.410197 1 1 1
v -0.361142 0.373469 0.410938 1 1 1
v -0.34162 0.371454 0.411406 1 1 1
v -0.322099 0.367139 0.412408 1 1 1
v -0.302578 0.360367 0.413982 1 1 1
v 0.302578 0.360367 0.413982 1 1 1
v 0.322099 0.367139 0.412408 1 1 1
v 0.34162 0.371454 0.411406 1 1 1
v 0.361142 0.373469 0.410938 1 1 1
v 0.380663 0.374848 0.410617 1 1 1
v 0.398286 0.376657 0.410197 1 1 1
v 0.694577 0.376657 0.410197 1 1 1
v -0.693001 0.379662 0.409499 1 1 1
v -0.689983 0.395671 0.40578 1 1 1
v -0.49779 0.395253 0.405877 1 1 1
v -0.500564 0.395671 0.40578 1 1 1
v -0.478269 0.393506 0.406283 1 1 1
v -0.458747 0.391698 0.406703 1 1 1
v -0.439226 0.389747 0.407156 1 1 1
v -0.419705 0.385237 0.408204 1 1 1
v -0.400184 0.3773 0.410048 1 1 1
v 0.400184 0.3773 0.410048 1 1 1
v 0.419705 0.385237 0.408204 1 1 1
v 0.439226 0.389747 0.407156 1 1 1
v 0.458748 0.391698 0.406703 1 1 1
v 0.478269 0.393506 0.406283 1 1 1
v 0.49779 0.395253 0.405877 1 1 1
v 0.500564 0.395671 0.40578 1 1 1
v 0.693002 0.379662 0.409499 1 1 1
v 0.689983 0.395671 0.40578 1 1 1
v -0.686281 0.414686 0.401362 1 1 1
v -0.595396 0.412462 0.401879 1 1 1
v -0.612064 0.414686 0.401362 1 1 1
v -0.575874 0.411056 0.402206 1 1 1
v -0.556353 0.409838 0.402488 1 1 1
v -0.536832 0.406527 0.403258 1 1 1
v -0.517311 0.401626 0.404396 1 1 1
v 0.517311 0.401626 0.404396 1 1 1
v 0.536832 0.406527 0.403258 1 1 1
v 0.556353 0.409838 0.402488 1 1 1
v 0.575874 0.411056 0.402206 1 1 1
v 0.595396 0.412462 0.401879 1 1 1
v 0.612064 0.414686 0.401362 1 1 1
v 0.686281 0.414686 0.401362 1 1 1
v -0.67348 0.427216 0.398451 1 1 1
v -0.653959 0.426316 0.39866 1 1 1
v -0.634438 0.420761 0.399951 1 1 1
v -0.614917 0.415672 0.401133 1 1 1
v 0.614917 0.415672 0.401133 1 1 1
v 0.634438 0.420761 0.399951 1 1 1
v 0.653959 0.426316 0.39866 1 1 1
v 0.67348 0.427216 0.398451 1 1 1
v -0.204972 -0.191646 0.708883 1 1 1
v -0.222795 -0.176073 0.705231 1 1 1
v -0.185451 -0.192144 0.709 1 1 1
v -0.16593 -0.192081 0.708985 1 1 1
v -0.146409 -0.192149 0.709001 1 1 1
v -0.126888 -0.192152 0.709002 1 1 1
v -0.107366 -0.192798 0.709154 1 1 1
v -0.0878452 -0.19272 0.709135 1 1 1
v -0.0683241 -0.192252 0.709026 1 1 1
v -0.0488029 -0.192854 0.709167 1 1 1
v -0.0292817 -0.193145 0.709235 1 1 1
v -0.0097605 -0.192235 0.709022 1 1 1
v 0.00976062 -0.192235 0.709022 1 1 1
v 0.0292817 -0.193145 0.709235 1 1 1
v 0.048803 -0.192854 0.709167 1 1 1
v 0.0683241 -0.192252 0.709026 1 1 1
v 0.0878453 -0.19272 0.709135 1 1 1
v 0.107366 -0.192798 0.709154 1 1 1
v 0.126888 -0.192152 0.709002 1 1 1
v 0.146409 -0.192149 0.709001 1 1 1
v 0.16593 -0.192081 0.708985 1 1 1
v 0.185451 -0.192144 0.709 1 1 1
v 0.204972 -0.191646 0.708883 1 1 1
v 0.222795 -0.176073 0.705231 1 1 1
v -0.283057 -0.161011 0.701698 1 1 1
v -0.287227 -0.157067 0.700773 1 1 1
v -0.278313 -0.157067 0.700773 1 1 1
v -0.219709 -0.157067 0.700773 1 1 1
v 0.219709 -0.157067 0.700773 1 1 1
v 0.283057 -0.161011 0.701698 1 1 1
v 0.278313 -0.157067 0.700773 1 1 1
v 0.287227 -0.157067 0.700773 1 1 1
v -0.302578 -0.140823 0.696964 1 1 1
v -0.304906 -0.138062 0.696316 1 1 1
v -0.26705 -0.138062 0.696316 1 1 1
v -0.213467 -0.138062 0.696316 1 1 1
v 0.213467 -0.138062 0.696316 1 1 1
v 0.26705 -0.138062 0.696316 1 1 1
v 0.302578 -0.140823 0.696964 1 1 1
v 0.304906 -0.138062 0.696316 1 1 1
v -0.322039 -0.119056 0.691859 1 1 1
v -0.263536 -0.127727 0.693892 1 1 1
v -0.258988 -0.119056 0.691859 1 1 1
v -0.204972 -0.122469 0.692659 1 1 1
v -0.204111 -0.119056 0.691859 1 1 1
v 0.204972 -0.122469 0.692659 1 1 1
v 0.204111 -0.119056 0.691859 1 1 1
v 0.263536 -0.127727 0.693892 1 1 1
v 0.258988 -0.119056 0.691859 1 1 1
v 0.322039 -0.119056 0.691859 1 1 1
v -0.322099 -0.118991 0.691843 1 1 1
v -0.338899 -0.100051 0.687401 1 1 1
v -0.251499 -0.100051 0.687401 1 1 1
v -0.201605 -0.100051 0.687401 1 1 1
v 0.201605 -0.100051 0.687401 1 1 1
v 0.251499 -0.100051 0.687401 1 1 1
v 0.322099 -0.118991 0.691843 1 1 1
v 0.338899 -0.100051 0.687401 1 1 1
v -0.34162 -0.0969414 0.686672 1 1 1
v -0.356868 -0.0810456 0.682944 1 1 1
v -0.246759 -0.0810456 0.682944 1 1 1
v -0.197622 -0.0810456 0.682944 1 1 1
v 0.197622 -0.0810456 0.682944 1 1 1
v 0.246759 -0.0810456 0.682944 1 1 1
v 0.34162 -0.0969414 0.686672 1 1 1
v 0.356869 -0.0810456 0.682944 1 1 1
v -0.361142 -0.0765657 0.681893 1 1 1
v -0.374806 -0.0620402 0.678486 1 1 1
v -0.244015 -0.0730909 0.681078 1 1 1
v -0.235522 -0.0620402 0.678486 1 1 1
v -0.185451 -0.0620834 0.678496 1 1 1
v -0.185437 -0.0620402 0.678486 1 1 1
v 0.185451 -0.0620835 0.678496 1 1 1
v 0.185437 -0.0620402 0.678486 1 1 1
v 0.244015 -0.0730912 0.681078 1 1 1
v 0.235522 -0.0620402 0.678486 1 1 1
v 0.361142 -0.0765657 0.681893 1 1 1
v 0.374806 -0.0620402 0.678486 1 1 1
v -0.380663 -0.0555268 0.676959 1 1 1
v -0.393483 -0.0430347 0.674029 1 1 1
v -0.229554 -0.0430347 0.674029 1 1 1
v -0.182687 -0.0430347 0.674029 1 1 1
v 0.182687 -0.0430347 0.674029 1 1 1
v 0.229554 -0.0430347 0.674029 1 1 1
v 0.380663 -0.0555268 0.676959 1 1 1
v 0.393482 -0.0430347 0.674029 1 1 1
v -0.400184 -0.0358274 0.672338 1 1 1
v -0.411712 -0.0240293 0.669571 1 1 1
v -0.226037 -0.0240293 0.669571 1 1 1
v -0.180477 -0.0240293 0.669571 1 1 1
v 0.180477 -0.0240293 0.669571 1 1 1
v 0.226038 -0.0240293 0.669571 1 1 1
v 0.400184 -0.0358272 0.672338 1 1 1
v 0.411712 -0.0240293 0.669571 1 1 1
v -0.419705 -0.0152782 0.667519 1 1 1
v -0.429065 -0.00502376 0.665114 1 1 1
v -0.224493 -0.0193338 0.66847 1 1 1
v -0.213249 -0.00502376 0.665114 1 1 1
v -0.172454 -0.00502376 0.665114 1 1 1
v 0.172453 -0.00502376 0.665114 1 1 1
v 0.224494 -0.0193339 0.66847 1 1 1
v 0.213249 -0.00502376 0.665114 1 1 1
v 0.419705 -0.0152783 0.667519 1 1 1
v 0.429065 -0.00502376 0.665114 1 1 1
v -0.439226 0.00637648 0.66244 1 1 1
v -0.447006 0.0139816 0.660656 1 1 1
v -0.208011 0.0139816 0.660656 1 1 1
v -0.168481 0.0139816 0.660656 1 1 1
v 0.168481 0.0139816 0.660656 1 1 1
v 0.208011 0.0139816 0.660656 1 1 1
v 0.439226 0.0063765 0.66244 1 1 1
v 0.447006 0.0139816 0.660656 1 1 1
v -0.458747 0.0262128 0.657788 1 1 1
v -0.465142 0.032987 0.656199 1 1 1
v -0.204972 0.0288508 0.657169 1 1 1
v -0.195953 0.032987 0.656199 1 1 1
v -0.16593 0.0200596 0.659231 1 1 1
v -0.163169 0.032987 0.656199 1 1 1
v 0.16593 0.0200595 0.659231 1 1 1
v 0.163169 0.032987 0.656199 1 1 1
v 0.204972 0.0288506 0.657169 1 1 1
v 0.195953 0.032987 0.656199 1 1 1
v 0.458748 0.0262128 0.657788 1 1 1
v 0.465142 0.032987 0.656199 1 1 1
v -0.478269 0.0484129 0.652581 1 1 1
v -0.481813 0.0519926 0.651741 1 1 1
v -0.185451 0.0374269 0.655157 1 1 1
v -0.178075 0.0519926 0.651741 1 1 1
v -0.150407 0.0519926 0.651741 1 1 1
v 0.150407 0.0519926 0.651741 1 1 1
v 0.185451 0.0374269 0.655157 1 1 1
v 0.178075 0.0519926 0.651741 1 1 1
v 0.478269 0.0484128 0.652581 1 1 1
v 0.481814 0.0519926 0.651741 1 1 1
v -0.497707 0.0709979 0.647284 1 1 1
v -0.17825 0.0709979 0.647284 1 1 1
v -0.146409 0.0589553 0.650108 1 1 1
v -0.144513 0.0709979 0.647284 1 1 1
v 0.146409 0.0589549 0.650108 1 1 1
v 0.144513 0.0709979 0.647284 1 1 1
v 0.17825 0.0709979 0.647284 1 1 1
v 0.497707 0.0709979 0.647284 1 1 1
v -0.49779 0.0710883 0.647263 1 1 1
v -0.516748 0.0900035 0.642826 1 1 1
v -0.177084 0.0900035 0.642826 1 1 1
v -0.141248 0.0900035 0.642826 1 1 1
v 0.141248 0.0900035 0.642826 1 1 1
v 0.177084 0.0900035 0.642826 1 1 1
v 0.49779 0.0710883 0.647263 1 1 1
v 0.516748 0.0900035 0.642826 1 1 1
v -0.517311 0.0906086 0.642684 1 1 1
v -0.533624 0.109009 0.638369 1 1 1
v -0.171785 0.109009 0.638369 1 1 1
v -0.135114 0.109009 0.638369 1 1 1
v 0.135114 0.109009 0.638369 1 1 1
v 0.171785 0.109009 0.638369 1 1 1
v 0.517311 0.0906087 0.642684 1 1 1
v 0.533624 0.109009 0.638369 1 1 1
v -0.536832 0.112421 0.637569 1 1 1
v -0.551921 0.128014 0.633911 1 1 1
v -0.168288 0.128014 0.633911 1 1 1
v -0.133076 0.128014 0.633911 1 1 1
v 0.133076 0.128014 0.633911 1 1 1
v 0.168288 0.128014 0.633911 1 1 1
v 0.536832 0.112421 0.637569 1 1 1
v 0.551921 0.128014 0.633911 1 1 1
v -0.556353 0.133112 0.632716 1 1 1
v -0.569201 0.14702 0.629454 1 1 1
v -0.16593 0.146605 0.629551 1 1 1
v -0.165747 0.14702 0.629454 1 1 1
v -0.133591 0.14702 0.629454 1 1 1
v 0.133592 0.14702 0.629454 1 1 1
v 0.16593 0.146605 0.629551 1 1 1
v 0.165747 0.14702 0.629454 1 1 1
v 0.556353 0.133112 0.632716 1 1 1
v 0.569201 0.14702 0.629454 1 1 1
v -0.575874 0.153951 0.627828 1 1 1
v -0.587784 0.166025 0.624996 1 1 1
v -0.152426 0.166025 0.624996 1 1 1
v -0.134683 0.166025 0.624996 1 1 1
v 0.134683 0.166025 0.624996 1 1 1
v 0.152427 0.166025 0.624996 1 1 1
v 0.575874 0.153951 0.627828 1 1 1
v 0.587784 0.166025 0.624996 1 1 1
v -0.595396 0.17456 0.622995 1 1 1
v -0.606519 0.185031 0.620539 1 1 1
v -0.148073 0.185031 0.620539 1 1 1
v -0.140169 0.185031 0.620539 1 1 1
v 0.140169 0.185031 0.620539 1 1 1
v 0.148073 0.185031 0.620539 1 1 1
v 0.595396 0.17456 0.622995 1 1 1
v 0.606519 0.185031 0.620539 1 1 1
v -0.614917 0.194118 0.618408 1 1 1
v -0.624315 0.204036 0.616082 1 1 1
v -0.146409 0.190944 0.619152 1 1 1
v 0.146409 0.190944 0.619152 1 1 1
v 0.614917 0.194118 0.618408 1 1 1
v 0.624315 0.204036 0.616082 1 1 1
v -0.634438 0.21487 0.613541 1 1 1
v -0.642917 0.223042 0.611624 1 1 1
v 0.634438 0.21487 0.613541 1 1 1
v 0.642917 0.223042 0.611624 1 1 1
v -0.653959 0.235039 0.60881 1 1 1
v -0.660154 0.242047 0.607167 1 1 1
v 0.653959 0.235039 0.60881 1 1 1
v 0.660154 0.242047 0.607167 1 1 1
v -0.67348 0.257306 0.603588 1 1 1
v -0.677253 0.261052 0.602709 1 1 1
v 0.67348 0.257307 0.603588 1 1 1
v 0.677253 0.261052 0.602709 1 1 1
v -0.692863 0.280058 0.598252 1 1 1
v -0.107366 0.27949 0.598385 1 1 1
v -0.107656 0.280058 0.598252 1 1 1
v -0.0878452 0.273467 0.599798 1 1 1
v -0.0800421 0.280058 0.598252 1 1 1
v 0.0878453 0.273467 0.599798 1 1 1
v 0.080042 0.280058 0.598252 1 1 1
v 0.107366 0.27949 0.598385 1 1 1
v 0.107656 0.280058 0.598252 1 1 1
v 0.692864 0.280058 0.598252 1 1 1
v -0.693001 0.280205 0.598217 1 1 1
v -0.711864 0.299063 0.593794 1 1 1
v -0.109924 0.299063 0.593794 1 1 1
v -0.0683241 0.293729 0.595045 1 1 1
v -0.0664775 0.299063 0.593794 1 1 1
v 0.0683241 0.293729 0.595045 1 1 1
v 0.0664775 0.299063 0.593794 1 1 1
v 0.109924 0.299063 0.593794 1 1 1
v 0.693002 0.280205 0.598217 1 1 1
v 0.711864 0.299063 0.593794 1 1 1
v -0.712523 0.30029 0.593506 1 1 1
v -0.722356 0.318069 0.589337 1 1 1
v -0.107366 0.313709 0.590359 1 1 1
v -0.105212 0.318069 0.589337 1 1 1
v -0.0626667 0.318069 0.589337 1 1 1
v 0.0626667 0.318069 0.589337 1 1 1
v 0.107366 0.313709 0.590359 1 1 1
v 0.105212 0.318069 0.589337 1 1 1
v 0.712523 0.30029 0.593506 1 1 1
v 0.722356 0.318069 0.589337 1 1 1
v -0.717617 0.337074 0.584879 1 1 1
v -0.0964256 0.337074 0.584879 1 1 1
v -0.0488029 0.336578 0.584996 1 1 1
v -0.0485494 0.337074 0.584879 1 1 1
v 0.048803 0.336578 0.584996 1 1 1
v 0.0485495 0.337074 0.584879 1 1 1
v 0.0964257 0.337074 0.584879 1 1 1
v 0.717617 0.337074 0.584879 1 1 1
v -0.712523 0.345929 0.582802 1 1 1
v -0.709365 0.35608 0.580422 1 1 1
v -0.10039 0.35608 0.580422 1 1 1
v -0.0292817 0.355351 0.580593 1 1 1
v -0.0097605 0.35351 0.581024 1 1 1
v 0.00976062 0.35351 0.581024 1 1 1
v 0.0292817 0.355351 0.580593 1 1 1
v 0.10039 0.35608 0.580422 1 1 1
v 0.712523 0.345929 0.582802 1 1 1
v 0.709365 0.35608 0.580422 1 1 1
v -0.706008 0.375085 0.575964 1 1 1
v -0.185451 0.373665 0.576297 1 1 1
v -0.195174 0.375085 0.575964 1 1 1
v -0.16593 0.372073 0.576671 1 1 1
v -0.146409 0.369703 0.577227 1 1 1
v -0.126888 0.367757 0.577683 1 1 1
v -0.107366 0.3607 0.579338 1 1 1
v 0.107366 0.3607 0.579338 1 1 1
v 0.126888 0.367757 0.577683 1 1 1
v 0.146409 0.369703 0.577227 1 1 1
v 0.16593 0.372073 0.576671 1 1 1
v 0.185451 0.373665 0.576297 1 1 1
v 0.195174 0.375085 0.575964 1 1 1
v 0.706008 0.375085 0.575964 1 1 1
v -0.702509 0.394091 0.571507 1 1 1
v -0.283057 0.392706 0.571832 1 1 1
v -0.29852 0.394091 0.571507 1 1 1
v -0.263536 0.390326 0.57239 1 1 1
v -0.244015 0.389115 0.572674 1 1 1
v -0.224493 0.38478 0.57369 1 1 1
v -0.204972 0.378451 0.575175 1 1 1
v 0.204972 0.378451 0.575175 1 1 1
v 0.224494 0.38478 0.57369 1 1 1
v 0.244015 0.389115 0.572674 1 1 1
v 0.263536 0.390326 0.57239 1 1 1
v 0.283057 0.392706 0.571832 1 1 1
v 0.29852 0.394091 0.571507 1 1 1
v 0.702509 0.394091 0.571507 1 1 1
v -0.693001 0.410837 0.567579 1 1 1
v -0.69227 0.413096 0.567049 1 1 1
v -0.400184 0.412851 0.567107 1 1 1
v -0.40165 0.413096 0.567049 1 1 1
v -0.380663 0.410782 0.567592 1 1 1
v -0.361142 0.409309 0.567938 1 1 1
v -0.34162 0.407099 0.568456 1 1 1
v -0.322099 0.40241 0.569556 1 1 1
v -0.302578 0.39516 0.571256 1 1 1
v 0.302578 0.39516 0.571256 1 1 1
v 0.322099 0.40241 0.569556 1 1 1
v 0.34162 0.407099 0.568456 1 1 1
v 0.361142 0.409309 0.567938 1 1 1
v 0.380663 0.410782 0.567592 1 1 1
v 0.400184 0.412851 0.567107 1 1 1
v 0.40165 0.413096 0.567049 1 1 1
v 0.693002 0.410837 0.567579 1 1 1
v 0.69227 0.413096 0.567049 1 1 1
v -0.688607 0.432101 0.562592 1 1 1
v -0.49779 0.43114 0.562817 1 1 1
v -0.50423 0.432101 0.562592 1 1 1
v -0.478269 0.429389 0.563228 1 1 1
v -0.458747 0.427472 0.563678 1 1 1
v -0.439226 0.425309 0.564185 1 1 1
v -0.419705 0.420545 0.565302 1 1 1
v 0.419705 0.420545 0.565302 1 1 1
v 0.439226 0.425309 0.564185 1 1 1
v 0.458748 0.427472 0.563678 1 1 1
v 0.478269 0.429389 0.563228 1 1 1
v 0.49779 0.43114 0.562817 1 1 1
v 0.50423 0.432101 0.562592 1 1 1
v 0.688607 0.432101 0.562592 1 1 1
v -0.68397 0.451107 0.558134 1 1 1
v -0.614917 0.450427 0.558294 1 1 1
v -0.620116 0.451107 0.558134 1 1 1
v -0.595396 0.447909 0.558884 1 1 1
v -0.575874 0.446491 0.559217 1 1 1
v -0.556353 0.445098 0.559544 1 1 1
v -0.536832 0.441691 0.560343 1 1 1
v -0.517311 0.436642 0.561527 1 1 1
v 0.517311 0.436643 0.561527 1 1 1
v 0.536832 0.441691 0.560343 1 1 1
v 0.556353 0.445098 0.559544 1 1 1
v 0.575874 0.446491 0.559217 1 1 1
v 0.595396 0.447909 0.558884 1 1 1
v 0.614917 0.450427 0.558294 1 1 1
v 0.620116 0.451107 0.558134 1 1 1
v 0.68397 0.451107 0.558134 1 1 1
v -0.67348 0.461429 0.555714 1 1 1
v -0.653959 0.460841 0.555851 1 1 1
v -0.634438 0.454842 0.557259 1 1 1
v 0.634438 0.454842 0.557259 1 1 1
v 0.653959 0.460841 0.555851 1 1 1
v 0.67348 0.461429 0.555714 1 1 1
v -0.204972 -0.152912 0.867768 1 1 1
v -0.221167 -0.138746 0.864361 1 1 1
v -0.185451 -0.153817 0.867986 1 1 1
v -0.16593 -0.153743 0.867968 1 1 1
v -0.146409 -0.15392 0.868011 1 1 1
v -0.126888 -0.153957 0.86802 1 1 1
v -0.107366 -0.154617 0.868178 1 1 1
v -0.0878452 -0.154606 0.868176 1 1 1
v -0.0683241 -0.154103 0.868055 1 1 1
v -0.0488029 -0.154668 0.868191 1 1 1
v -0.0292817 -0.15498 0.868266 1 1 1
v -0.0097605 -0.154107 0.868056 1 1 1
v 0.00976062 -0.154107 0.868056 1 1 1
v 0.0292817 -0.15498 0.868266 1 1 1
v 0.048803 -0.154668 0.868191 1 1 1
v 0.0683241 -0.154103 0.868055 1 1 1
v 0.0878453 -0.154606 0.868176 1 1 1
v 0.107366 -0.154617 0.868178 1 1 1
v 0.126888 -0.153957 0.86802 1 1 1
v 0.146409 -0.15392 0.868011 1 1 1
v 0.16593 -0.153743 0.867968 1 1 1
v 0.185451 -0.153817 0.867986 1 1 1
v 0.204972 -0.152912 0.867768 1 1 1
v 0.221167 -0.138746 0.864361 1 1 1
v -0.283057 -0.120531 0.85998 1 1 1
v -0.283863 -0.119766 0.859796 1 1 1
v -0.282111 -0.119766 0.859796 1 1 1
v -0.218547 -0.119766 0.859796 1 1 1
v 0.218547 -0.119766 0.859796 1 1 1
v 0.283057 -0.120531 0.85998 1 1 1
v 0.282111 -0.119766 0.859796 1 1 1
v 0.283863 -0.119766 0.859796 1 1 1
v -0.30203 -0.100786 0.855231 1 1 1
v -0.26871 -0.100786 0.855231 1 1 1
v -0.211428 -0.100786 0.855231 1 1 1
v 0.211428 -0.100786 0.855231 1 1 1
v 0.26871 -0.100786 0.855231 1 1 1
v 0.30203 -0.100786 0.855231 1 1 1
v -0.302578 -0.100375 0.855132 1 1 1
v -0.320246 -0.081806 0.850666 1 1 1
v -0.263536 -0.0859925 0.851673 1 1 1
v -0.261249 -0.081806 0.850666 1 1 1
v -0.204972 -0.0886369 0.852309 1 1 1
v -0.203288 -0.081806 0.850666 1 1 1
v 0.204972 -0.0886372 0.852309 1 1 1
v 0.203287 -0.081806 0.850666 1 1 1
v 0.263536 -0.0859928 0.851673 1 1 1
v 0.261249 -0.081806 0.850666 1 1 1
v 0.302578 -0.100374 0.855132 1 1 1
v 0.320246 -0.081806 0.850666 1 1 1
v -0.322099 -0.0797775 0.850178 1 1 1
v -0.337146 -0.0628261 0.846101 1 1 1
v -0.25274 -0.0628261 0.846101 1 1 1
v -0.200749 -0.0628261 0.846101 1 1 1
v 0.200749 -0.0628261 0.846101 1 1 1
v 0.25274 -0.0628261 0.846101 1 1 1
v 0.322099 -0.0797774 0.850178 1 1 1
v 0.337146 -0.0628261 0.846101 1 1 1
v -0.34162 -0.0577296 0.844875 1 1 1
v -0.354976 -0.0438462 0.841536 1 1 1
v -0.247663 -0.0438462 0.841536 1 1 1
v -0.196574 -0.0438462 0.841536 1 1 1
v 0.196574 -0.0438462 0.841536 1 1 1
v 0.247663 -0.0438462 0.841536 1 1 1
v 0.34162 -0.0577296 0.844875 1 1 1
v 0.354976 -0.0438462 0.841536 1 1 1
v -0.361142 -0.0373612 0.839976 1 1 1
v -0.372877 -0.0248664 0.836971 1 1 1
v -0.244015 -0.0336024 0.839072 1 1 1
v -0.237063 -0.0248664 0.836971 1 1 1
v -0.185451 -0.026106 0.837269 1 1 1
v -0.185055 -0.0248664 0.836971 1 1 1
v 0.185451 -0.0261062 0.837269 1 1 1
v 0.185056 -0.0248664 0.836971 1 1 1
v 0.244015 -0.0336026 0.839072 1 1 1
v 0.237063 -0.0248664 0.836971 1 1 1
v 0.361142 -0.0373611 0.839976 1 1 1
v 0.372877 -0.0248664 0.836971 1 1 1
v -0.380663 -0.0162086 0.834888 1 1 1
v -0.391244 -0.00588641 0.832406 1 1 1
v -0.230314 -0.00588641 0.832406 1 1 1
v -0.182326 -0.00588641 0.832406 1 1 1
v 0.182326 -0.00588641 0.832406 1 1 1
v 0.230314 -0.00588641 0.832406 1 1 1
v 0.380663 -0.0162086 0.834888 1 1 1
v 0.391244 -0.00588641 0.832406 1 1 1
v -0.400184 0.00372972 0.830093 1 1 1
v -0.409338 0.0130934 0.827841 1 1 1
v -0.226471 0.0130934 0.827841 1 1 1
v -0.180075 0.0130934 0.827841 1 1 1
v 0.180075 0.0130934 0.827841 1 1 1
v 0.226471 0.0130934 0.827841 1 1 1
v 0.400184 0.00372988 0.830093 1 1 1
v 0.409338 0.0130934 0.827841 1 1 1
v -0.419705 0.0244248 0.825115 1 1 1
v -0.426681 0.0320734 0.823276 1 1 1
v -0.224493 0.0189668 0.826428 1 1 1
v -0.213942 0.0320734 0.823276 1 1 1
v -0.172455 0.0320734 0.823276 1 1 1
v 0.172455 0.0320734 0.823276 1 1 1
v 0.224494 0.0189667 0.826428 1 1 1
v 0.213942 0.0320734 0.823276 1 1 1
v 0.419705 0.0244247 0.825115 1 1 1
v 0.426681 0.0320734 0.823276 1 1 1
v -0.439226 0.0461768 0.819884 1 1 1
v -0.444224 0.0510532 0.818711 1 1 1
v -0.208267 0.0510532 0.818711 1 1 1
v -0.169572 0.0510532 0.818711 1 1 1
v 0.169572 0.0510532 0.818711 1 1 1
v 0.208267 0.0510532 0.818711 1 1 1
v 0.439226 0.0461768 0.819884 1 1 1
v 0.444224 0.0510532 0.818711 1 1 1
v -0.458747 0.0661348 0.815083 1 1 1
v -0.462417 0.0700331 0.814146 1 1 1
v -0.204972 0.0657189 0.815183 1 1 1
v -0.185451 0.0692593 0.814332 1 1 1
v -0.163557 0.0700331 0.814146 1 1 1
v -0.16593 0.0597987 0.816607 1 1 1
v 0.16593 0.0597989 0.816607 1 1 1
v 0.163557 0.0700331 0.814146 1 1 1
v 0.204972 0.0657189 0.815183 1 1 1
v 0.185451 0.0692594 0.814332 1 1 1
v 0.458748 0.0661349 0.815083 1 1 1
v 0.462417 0.0700331 0.814146 1 1 1
v -0.478269 0.0887164 0.809652 1 1 1
v -0.478563 0.0890131 0.809581 1 1 1
v -0.182782 0.0700331 0.814146 1 1 1
v -0.175872 0.0890131 0.809581 1 1 1
v -0.149446 0.0890131 0.809581 1 1 1
v 0.149446 0.0890131 0.809581 1 1 1
v 0.182783 0.0700331 0.814146 1 1 1
v 0.175872 0.0890131 0.809581 1 1 1
v 0.478269 0.0887163 0.809652 1 1 1
v 0.478563 0.0890131 0.809581 1 1 1
v -0.495865 0.107993 0.805016 1 1 1
v -0.176853 0.107993 0.805016 1 1 1
v -0.146409 0.094078 0.808362 1 1 1
v -0.144288 0.107993 0.805016 1 1 1
v 0.146409 0.0940777 0.808362 1 1 1
v 0.144288 0.107993 0.805016 1 1 1
v 0.176853 0.107993 0.805016 1 1 1
v 0.495865 0.107993 0.805016 1 1 1
v -0.49779 0.110086 0.804512 1 1 1
v -0.514693 0.126973 0.800451 1 1 1
v -0.176126 0.126973 0.800451 1 1 1
v -0.140966 0.126973 0.800451 1 1 1
v 0.140966 0.126973 0.800451 1 1 1
v 0.176126 0.126973 0.800451 1 1 1
v 0.49779 0.110086 0.804512 1 1 1
v 0.514693 0.126973 0.800451 1 1 1
v -0.517311 0.129782 0.799775 1 1 1
v -0.531645 0.145953 0.795886 1 1 1
v -0.171767 0.145953 0.795886 1 1 1
v -0.135449 0.145953 0.795886 1 1 1
v 0.135449 0.145953 0.795886 1 1 1
v 0.171767 0.145953 0.795886 1 1 1
v 0.517311 0.129782 0.799775 1 1 1
v 0.531644 0.145953 0.795886 1 1 1
v -0.536832 0.151477 0.794557 1 1 1
v -0.549886 0.164933 0.79132 1 1 1
v -0.168494 0.164933 0.79132 1 1 1
v -0.134256 0.164933 0.79132 1 1 1
v 0.134256 0.164933 0.79132 1 1 1
v 0.168494 0.164933 0.79132 1 1 1
v 0.536832 0.151477 0.794557 1 1 1
v 0.549886 0.164933 0.79132 1 1 1
v -0.556353 0.172366 0.789533 1 1 1
v -0.567027 0.183913 0.786755 1 1 1
v -0.166064 0.183913 0.786755 1 1 1
v -0.13536 0.183913 0.786755 1 1 1
v 0.135361 0.183913 0.786755 1 1 1
v 0.166064 0.183913 0.786755 1 1 1
v 0.556353 0.172366 0.789533 1 1 1
v 0.567027 0.183913 0.786755 1 1 1
v -0.575874 0.193065 0.784554 1 1 1
v -0.585563 0.202892 0.78219 1 1 1
v -0.16593 0.184353 0.786649 1 1 1
v -0.152517 0.202892 0.78219 1 1 1
v -0.137643 0.202892 0.78219 1 1 1
v 0.137643 0.202892 0.78219 1 1 1
v 0.16593 0.184353 0.786649 1 1 1
v 0.152517 0.202892 0.78219 1 1 1
v 0.575874 0.193066 0.784554 1 1 1
v 0.585563 0.202892 0.78219 1 1 1
v -0.595396 0.213881 0.779547 1 1 1
v -0.603901 0.221872 0.777625 1 1 1
v -0.147791 0.221872 0.777625 1 1 1
v -0.142907 0.221872 0.777625 1 1 1
v 0.142907 0.221872 0.777625 1 1 1
v 0.147791 0.221872 0.777625 1 1 1
v 0.595396 0.213881 0.779547 1 1 1
v 0.603901 0.221872 0.777625 1 1 1
v -0.614917 0.233782 0.774761 1 1 1
v -0.621648 0.240852 0.77306 1 1 1
v -0.146409 0.226213 0.776581 1 1 1
v 0.146409 0.226213 0.776581 1 1 1
v 0.614917 0.233782 0.774761 1 1 1
v 0.621648 0.240852 0.77306 1 1 1
v -0.634438 0.254527 0.769771 1 1 1
v -0.639967 0.259832 0.768495 1 1 1
v 0.634438 0.254527 0.769771 1 1 1
v 0.639967 0.259832 0.768495 1 1 1
v -0.653959 0.274878 0.764876 1 1 1
v -0.657415 0.278812 0.76393 1 1 1
v 0.653959 0.274879 0.764876 1 1 1
v 0.657415 0.278812 0.76393 1 1 1
v -0.67348 0.297348 0.759472 1 1 1
v -0.673928 0.297792 0.759365 1 1 1
v 0.67348 0.297348 0.759472 1 1 1
v 0.673928 0.297792 0.759365 1 1 1
v -0.691002 0.316772 0.7548 1 1 1
v -0.0878452 0.312571 0.75581 1 1 1
v -0.104378 0.316772 0.7548 1 1 1
v -0.0817107 0.316772 0.7548 1 1 1
v 0.0878453 0.312571 0.75581 1 1 1
v 0.0817106 0.316772 0.7548 1 1 1
v 0.104378 0.316772 0.7548 1 1 1
v 0.691002 0.316772 0.7548 1 1 1
v -0.693001 0.318919 0.754284 1 1 1
v -0.709713 0.335752 0.750235 1 1 1
v -0.107366 0.319456 0.754155 1 1 1
v -0.110121 0.335752 0.750235 1 1 1
v -0.0683241 0.33053 0.751491 1 1 1
v -0.0662769 0.335752 0.750235 1 1 1
v 0.0683241 0.33053 0.751491 1 1 1
v 0.0662769 0.335752 0.750235 1 1 1
v 0.107366 0.319456 0.754155 1 1 1
v 0.110121 0.335752 0.750235 1 1 1
v 0.693002 0.318919 0.754284 1 1 1
v 0.709713 0.335752 0.750235 1 1 1
v -0.712523 0.341002 0.748972 1 1 1
v -0.720094 0.354732 0.74567 1 1 1
v -0.107366 0.351879 0.746356 1 1 1
v -0.105989 0.354732 0.74567 1 1 1
v -0.0621796 0.354732 0.74567 1 1 1
v 0.0621795 0.354732 0.74567 1 1 1
v 0.107366 0.351879 0.746356 1 1 1
v 0.105989 0.354732 0.74567 1 1 1
v 0.712523 0.341002 0.748972 1 1 1
v 0.720094 0.354732 0.74567 1 1 1
v -0.714816 0.373711 0.741105 1 1 1
v -0.0973478 0.373711 0.741105 1 1 1
v -0.0488029 0.372224 0.741463 1 1 1
v -0.0480268 0.373711 0.741105 1 1 1
v 0.048803 0.372224 0.741463 1 1 1
v 0.0480269 0.373711 0.741105 1 1 1
v 0.0973479 0.373711 0.741105 1 1 1
v 0.714816 0.373711 0.741105 1 1 1
v -0.712523 0.377733 0.740138 1 1 1
v -0.707876 0.392691 0.73654 1 1 1
v -0.102732 0.392691 0.73654 1 1 1
v -0.0292817 0.391248 0.736887 1 1 1
v -0.0097605 0.389598 0.737284 1 1 1
v 0.00976062 0.389598 0.737284 1 1 1
v 0.0292817 0.391248 0.736887 1 1 1
v 0.102732 0.392691 0.73654 1 1 1
v 0.712523 0.377733 0.740138 1 1 1
v 0.707876 0.392691 0.73654 1 1 1
v -0.704304 0.411671 0.731975 1 1 1
v -0.185451 0.40956 0.732483 1 1 1
v -0.199373 0.411671 0.731975 1 1 1
v -0.16593 0.407935 0.732874 1 1 1
v -0.146409 0.40549 0.733462 1 1 1
v -0.126888 0.403406 0.733963 1 1 1
v -0.107366 0.395713 0.735813 1 1 1
v 0.107366 0.395713 0.735813 1 1 1
v 0.126888 0.403406 0.733963 1 1 1
v 0.146409 0.40549 0.733462 1 1 1
v 0.16593 0.407935 0.732874 1 1 1
v 0.185451 0.40956 0.732483 1 1 1
v 0.199374 0.411671 0.731975 1 1 1
v 0.704304 0.411671 0.731975 1 1 1
v -0.700145 0.430651 0.72741 1 1 1
v -0.302578 0.43045 0.727458 1 1 1
v -0.303854 0.430651 0.72741 1 1 1
v -0.283057 0.428616 0.727899 1 1 1
v -0.263536 0.426221 0.728476 1 1 1
v -0.244015 0.424719 0.728837 1 1 1
v -0.224493 0.419997 0.729972 1 1 1
v -0.204972 0.413632 0.731503 1 1 1
v 0.204972 0.413632 0.731503 1 1 1
v 0.224494 0.419997 0.729972 1 1 1
v 0.244015 0.424719 0.728837 1 1 1
v 0.263536 0.426221 0.728475 1 1 1
v 0.283057 0.428616 0.727899 1 1 1
v 0.302578 0.43045 0.727458 1 1 1
v 0.303854 0.430651 0.72741 1 1 1
v 0.700145 0.430651 0.72741 1 1 1
v -0.693001 0.443248 0.72438 1 1 1
v -0.69093 0.449631 0.722845 1 1 1
v -0.400184 0.448938 0.723012 1 1 1
v -0.404362 0.449631 0.722845 1 1 1
v -0.380663 0.446782 0.72353 1 1 1
v -0.361142 0.445207 0.723909 1 1 1
v -0.34162 0.442799 0.724488 1 1 1
v -0.322099 0.437714 0.725711 1 1 1
v 0.322099 0.437714 0.725711 1 1 1
v 0.34162 0.442799 0.724488 1 1 1
v 0.361142 0.445207 0.723909 1 1 1
v 0.380663 0.446782 0.72353 1 1 1
v 0.400184 0.448938 0.723012 1 1 1
v 0.404362 0.449631 0.722845 1 1 1
v 0.693002 0.443248 0.72438 1 1 1
v 0.69093 0.449631 0.722845 1 1 1
v -0.687136 0.468611 0.71828 1 1 1
v -0.49779 0.467073 0.71865 1 1 1
v -0.508231 0.468611 0.71828 1 1 1
v -0.478269 0.465318 0.719072 1 1 1
v -0.458747 0.46329 0.71956 1 1 1
v -0.439226 0.460909 0.720132 1 1 1
v -0.419705 0.455884 0.721341 1 1 1
v 0.419705 0.455884 0.721341 1 1 1
v 0.439226 0.460909 0.720132 1 1 1
v 0.458748 0.46329 0.71956 1 1 1
v 0.478269 0.465318 0.719072 1 1 1
v 0.49779 0.467073 0.71865 1 1 1
v 0.508231 0.468611 0.71828 1 1 1
v 0.687136 0.468611 0.71828 1 1 1
v -0.681522 0.487591 0.713715 1 1 1
v -0.614917 0.485791 0.714148 1 1 1
v -0.629447 0.487591 0.713715 1 1 1
v -0.595396 0.483351 0.714735 1 1 1
v -0.575874 0.481927 0.715077 1 1 1
v -0.556353 0.480345 0.715458 1 1 1
v -0.536832 0.476858 0.716296 1 1 1
v -0.517311 0.471681 0.717541 1 1 1
v 0.517311 0.471681 0.717541 1 1 1
v 0.536832 0.476858 0.716296 1 1 1
v 0.556353 0.480345 0.715458 1 1 1
v 0.575874 0.481927 0.715077 1 1 1
v 0.595396 0.483351 0.714735 1 1 1
v 0.614917 0.485791 0.714148 1 1 1
v 0.629447 0.487591 0.713715 1 1 1
v 0.681522 0.487591 0.713715 1 1 1
v -0.67348 0.495543 0.711802 1 1 1
v -0.653959 0.495306 0.711859 1 1 1
v -0.634438 0.488821 0.713419 1 1 1
v 0.634438 0.488821 0.713419 1 1 1
v 0.653959 0.495306 0.711859 1 1 1
v 0.67348 0.495543 0.711802 1 1 1
v -0.204972 -0.112382 1.02954 1 1 1
v -0.219422 -0.0997565 1.0263 1 1 1
v -0.185451 -0.113726 1.02989 1 1 1
v -0.16593 -0.113636 1.02987 1 1 1
v -0.146409 -0.11393 1.02994 1 1 1
v -0.126888 -0.114011 1.02996 1 1 1
v -0.107366 -0.114678 1.03013 1 1 1
v -0.0878452 -0.114737 1.03015 1 1 1
v -0.0683241 -0.114205 1.03001 1 1 1
v -0.0488029 -0.114728 1.03015 1 1 1
v -0.0292817 -0.115058 1.03023 1 1 1
v -0.0097605 -0.11423 1.03002 1 1 1
v 0.00976062 -0.11423 1.03002 1 1 1
v 0.0292817 -0.115058 1.03023 1 1 1
v 0.048803 -0.114728 1.03015 1 1 1
v 0.0683241 -0.114205 1.03001 1 1 1
v 0.0878453 -0.114737 1.03015 1 1 1
v 0.107366 -0.114678 1.03013 1 1 1
v 0.126888 -0.114011 1.02996 1 1 1
v 0.146409 -0.11393 1.02994 1 1 1
v 0.16593 -0.113636 1.02987 1 1 1
v 0.185451 -0.113726 1.02989 1 1 1
v 0.204972 -0.112382 1.02954 1 1 1
v 0.219422 -0.0997565 1.0263 1 1 1
v -0.2173 -0.0808491 1.02145 1 1 1
v 0.2173 -0.0808491 1.02145 1 1 1
v -0.283057 -0.0787565 1.02091 1 1 1
v -0.299403 -0.0619415 1.01659 1 1 1
v -0.270521 -0.0619415 1.01659 1 1 1
v -0.209247 -0.0619415 1.01659 1 1 1
v 0.209247 -0.0619415 1.01659 1 1 1
v 0.283057 -0.0787565 1.02091 1 1 1
v 0.270521 -0.0619415 1.01659 1 1 1
v 0.299403 -0.0619415 1.01659 1 1 1
v -0.302578 -0.0595563 1.01598 1 1 1
v -0.31833 -0.043034 1.01173 1 1 1
v -0.263652 -0.043034 1.01173 1 1 1
v -0.204972 -0.0536937 1.01447 1 1 1
v -0.202402 -0.043034 1.01173 1 1 1
v 0.204972 -0.0536939 1.01447 1 1 1
v 0.202402 -0.043034 1.01173 1 1 1
v 0.263652 -0.043034 1.01173 1 1 1
v 0.302578 -0.0595562 1.01598 1 1 1
v 0.31833 -0.043034 1.01173 1 1 1
v -0.322099 -0.0389204 1.01068 1 1 1
v -0.335272 -0.0241264 1.00688 1 1 1
v -0.263536 -0.0427358 1.01166 1 1 1
v -0.254096 -0.0241264 1.00688 1 1 1
v -0.19982 -0.0241264 1.00688 1 1 1
v 0.19982 -0.0241264 1.00688 1 1 1
v 0.263536 -0.042736 1.01166 1 1 1
v 0.254096 -0.0241264 1.00688 1 1 1
v 0.322099 -0.0389204 1.01068 1 1 1
v 0.335272 -0.0241264 1.00688 1 1 1
v -0.34162 -0.0169383 1.00503 1 1 1
v -0.352956 -0.00521889 1.00202 1 1 1
v -0.248652 -0.00521889 1.00202 1 1 1
v -0.19545 -0.00521889 1.00202 1 1 1
v 0.19545 -0.00521889 1.00202 1 1 1
v 0.248652 -0.00521889 1.00202 1 1 1
v 0.34162 -0.0169383 1.00503 1 1 1
v 0.352956 -0.00521889 1.00202 1 1 1
v -0.361142 0.00340109 0.999808 1 1 1
v -0.37081 0.0136886 0.997166 1 1 1
v -0.244015 0.00734016 0.998797 1 1 1
v -0.23876 0.0136886 0.997166 1 1 1
v -0.185451 0.0111081 0.997829 1 1 1
v -0.184646 0.0136886 0.997166 1 1 1
v 0.185451 0.0111079 0.997829 1 1 1
v 0.184646 0.0136886 0.997166 1 1 1
v 0.244015 0.00733991 0.998797 1 1 1
v 0.23876 0.0136886 0.997166 1 1 1
v 0.361142 0.00340115 0.999808 1 1 1
v 0.37081 0.0136886 0.997166 1 1 1
v -0.380663 0.024617 0.994359 1 1 1
v -0.388852 0.0325962 0.99231 1 1 1
v -0.231152 0.0325962 0.99231 1 1 1
v -0.181936 0.0325962 0.99231 1 1 1
v 0.181936 0.0325962 0.99231 1 1 1
v 0.231152 0.0325962 0.99231 1 1 1
v 0.380663 0.0246171 0.994359 1 1 1
v 0.388852 0.0325962 0.99231 1 1 1
v -0.400184 0.0447581 0.989186 1 1 1
v -0.406798 0.0515037 0.987454 1 1 1
v -0.226948 0.0515037 0.987454 1 1 1
v -0.179648 0.0515037 0.987454 1 1 1
v 0.179648 0.0515037 0.987454 1 1 1
v 0.226948 0.0515037 0.987454 1 1 1
v 0.400184 0.0447583 0.989186 1 1 1
v 0.406797 0.0515037 0.987454 1 1 1
v -0.419705 0.065553 0.983846 1 1 1
v -0.424143 0.0704113 0.982598 1 1 1
v -0.224493 0.0585942 0.985633 1 1 1
v -0.214706 0.0704113 0.982598 1 1 1
v -0.172456 0.0704113 0.982598 1 1 1
v 0.172456 0.0704113 0.982598 1 1 1
v 0.224494 0.0585941 0.985633 1 1 1
v 0.214706 0.0704113 0.982598 1 1 1
v 0.419705 0.065553 0.983846 1 1 1
v 0.424144 0.0704113 0.982598 1 1 1
v -0.439226 0.087365 0.978244 1 1 1
v -0.441237 0.0893187 0.977742 1 1 1
v -0.208549 0.0893187 0.977742 1 1 1
v -0.170672 0.0893187 0.977742 1 1 1
v 0.170672 0.0893187 0.977742 1 1 1
v 0.208549 0.0893187 0.977742 1 1 1
v 0.439226 0.087365 0.978244 1 1 1
v 0.441238 0.0893187 0.977742 1 1 1
v -0.458747 0.107398 0.973099 1 1 1
v -0.459527 0.108226 0.972886 1 1 1
v -0.204972 0.103762 0.974032 1 1 1
v -0.185451 0.103864 0.974006 1 1 1
v -0.16403 0.108226 0.972886 1 1 1
v -0.16593 0.100771 0.974801 1 1 1
v 0.16593 0.100771 0.974801 1 1 1
v 0.16403 0.108226 0.972886 1 1 1
v 0.204972 0.103762 0.974032 1 1 1
v 0.185451 0.103864 0.974006 1 1 1
v 0.458748 0.107398 0.973098 1 1 1
v 0.459527 0.108226 0.972886 1 1 1
v -0.476472 0.127134 0.96803 1 1 1
v -0.173945 0.108226 0.972886 1 1 1
v -0.174224 0.127134 0.96803 1 1 1
v -0.148246 0.127134 0.96803 1 1 1
v 0.148246 0.127134 0.96803 1 1 1
v 0.173945 0.108226 0.972886 1 1 1
v 0.174224 0.127134 0.96803 1 1 1
v 0.476472 0.127134 0.96803 1 1 1
v -0.478269 0.12912 0.96752 1 1 1
v -0.493886 0.146041 0.963174 1 1 1
v -0.175701 0.146041 0.963174 1 1 1
v -0.146409 0.130037 0.967284 1 1 1
v -0.144049 0.146041 0.963174 1 1 1
v 0.146409 0.130037 0.967284 1 1 1
v 0.144049 0.146041 0.963174 1 1 1
v 0.175701 0.146041 0.963174 1 1 1
v 0.478269 0.12912 0.96752 1 1 1
v 0.493886 0.146041 0.963174 1 1 1
v -0.49779 0.150277 0.962086 1 1 1
v -0.51249 0.164949 0.958318 1 1 1
v -0.175291 0.164949 0.958318 1 1 1
v -0.140675 0.164949 0.958318 1 1 1
v 0.140675 0.164949 0.958318 1 1 1
v 0.175291 0.164949 0.958318 1 1 1
v 0.49779 0.150277 0.962086 1 1 1
v 0.51249 0.164949 0.958318 1 1 1
v -0.517311 0.170099 0.956995 1 1 1
v -0.529532 0.183856 0.953462 1 1 1
v -0.171749 0.183856 0.953462 1 1 1
v -0.13577 0.183856 0.953462 1 1 1
v 0.13577 0.183856 0.953462 1 1 1
v 0.171749 0.183856 0.953462 1 1 1
v 0.517311 0.170099 0.956995 1 1 1
v 0.529532 0.183856 0.953462 1 1 1
v -0.536832 0.191621 0.951467 1 1 1
v -0.547697 0.202764 0.948605 1 1 1
v -0.168711 0.202764 0.948605 1 1 1
v -0.135291 0.202764 0.948605 1 1 1
v 0.135291 0.202764 0.948605 1 1 1
v 0.168711 0.202764 0.948605 1 1 1
v 0.536832 0.191621 0.951467 1 1 1
v 0.547697 0.202764 0.948605 1 1 1
v -0.556353 0.212682 0.946058 1 1 1
v -0.564689 0.221671 0.943749 1 1 1
v -0.166251 0.221671 0.943749 1 1 1
v -0.136769 0.221671 0.943749 1 1 1
v 0.136769 0.221671 0.943749 1 1 1
v 0.166251 0.221671 0.943749 1 1 1
v 0.556353 0.212682 0.946058 1 1 1
v 0.564689 0.221671 0.943749 1 1 1
v -0.575874 0.233168 0.940797 1 1 1
v -0.583195 0.240579 0.938893 1 1 1
v -0.16593 0.222725 0.943479 1 1 1
v -0.152618 0.240579 0.938893 1 1 1
v -0.139539 0.240579 0.938893 1 1 1
v 0.139539 0.240579 0.938893 1 1 1
v 0.16593 0.222724 0.943479 1 1 1
v 0.152618 0.240579 0.938893 1 1 1
v 0.575874 0.233168 0.940797 1 1 1
v 0.583195 0.240579 0.938893 1 1 1
v -0.595396 0.254133 0.935412 1 1 1
v -0.601119 0.259487 0.934037 1 1 1
v -0.147463 0.259487 0.934037 1 1 1
v -0.14447 0.259487 0.934037 1 1 1
v 0.14447 0.259487 0.934037 1 1 1
v 0.147463 0.259487 0.934037 1 1 1
v 0.595396 0.254133 0.935412 1 1 1
v 0.601119 0.259487 0.934037 1 1 1
v -0.614917 0.274355 0.930219 1 1 1
v -0.618791 0.278394 0.929181 1 1 1
v -0.146409 0.262394 0.93329 1 1 1
v 0.146409 0.262394 0.93329 1 1 1
v 0.614917 0.274354 0.930219 1 1 1
v 0.618791 0.278394 0.929181 1 1 1
v -0.634438 0.295066 0.924899 1 1 1
v -0.636785 0.297302 0.924325 1 1 1
v 0.634438 0.295066 0.924899 1 1 1
v 0.636785 0.297302 0.924325 1 1 1
v -0.653959 0.315522 0.919646 1 1 1
v -0.65456 0.316209 0.919469 1 1 1
v 0.653959 0.315522 0.919645 1 1 1
v 0.65456 0.316209 0.919469 1 1 1
v -0.671717 0.335117 0.914613 1 1 1
v 0.671717 0.335117 0.914613 1 1 1
v -0.67348 0.33702 0.914124 1 1 1
v -0.689009 0.354024 0.909757 1 1 1
v -0.0878452 0.35158 0.910385 1 1 1
v -0.099713 0.354024 0.909757 1 1 1
v -0.0835271 0.354024 0.909757 1 1 1
v 0.0878453 0.35158 0.910385 1 1 1
v 0.0835271 0.354024 0.909757 1 1 1
v 0.0997133 0.354024 0.909757 1 1 1
v 0.67348 0.33702 0.914124 1 1 1
v 0.68901 0.354024 0.909757 1 1 1
v -0.693001 0.35832 0.908654 1 1 1
v -0.707428 0.372932 0.904901 1 1 1
v -0.107366 0.359262 0.908412 1 1 1
v -0.110336 0.372932 0.904901 1 1 1
v -0.0683241 0.36782 0.906214 1 1 1
v -0.0660596 0.372932 0.904901 1 1 1
v 0.0683241 0.367819 0.906214 1 1 1
v 0.0660596 0.372932 0.904901 1 1 1
v 0.107366 0.359262 0.908412 1 1 1
v 0.110336 0.372932 0.904901 1 1 1
v 0.693002 0.35832 0.908654 1 1 1
v 0.707428 0.372932 0.904901 1 1 1
v -0.712523 0.38246 0.902454 1 1 1
v -0.717691 0.391839 0.900045 1 1 1
v -0.107366 0.390704 0.900336 1 1 1
v -0.106831 0.391839 0.900045 1 1 1
v -0.0616527 0.391839 0.900045 1 1 1
v 0.0616526 0.391839 0.900045 1 1 1
v 0.107366 0.390704 0.900337 1 1 1
v 0.106831 0.391839 0.900045 1 1 1
v 0.712523 0.38246 0.902454 1 1 1
v 0.717691 0.391839 0.900045 1 1 1
v -0.712523 0.409019 0.895633 1 1 1
v -0.712178 0.410747 0.895189 1 1 1
v -0.098357 0.410747 0.895189 1 1 1
v -0.0488029 0.408239 0.895833 1 1 1
v -0.0474612 0.410747 0.895189 1 1 1
v 0.048803 0.408239 0.895833 1 1 1
v 0.0474613 0.410747 0.895189 1 1 1
v 0.098357 0.410747 0.895189 1 1 1
v 0.712523 0.409019 0.895633 1 1 1
v 0.712178 0.410747 0.895189 1 1 1
v -0.706278 0.429654 0.890333 1 1 1
v -0.105246 0.429654 0.890333 1 1 1
v -0.0292817 0.427464 0.890895 1 1 1
v -0.0097605 0.426011 0.891268 1 1 1
v 0.00976062 0.426011 0.891268 1 1 1
v 0.0292817 0.427464 0.890895 1 1 1
v 0.105246 0.429654 0.890333 1 1 1
v 0.706279 0.429654 0.890333 1 1 1
v -0.702484 0.448562 0.885477 1 1 1
v -0.185451 0.44572 0.886206 1 1 1
v -0.203524 0.448562 0.885477 1 1 1
v -0.16593 0.444062 0.886632 1 1 1
v -0.146409 0.441545 0.887279 1 1 1
v -0.126888 0.439337 0.887846 1 1 1
v -0.107366 0.431011 0.889984 1 1 1
v 0.107366 0.431011 0.889984 1 1 1
v 0.126888 0.439337 0.887846 1 1 1
v 0.146409 0.441545 0.887279 1 1 1
v 0.16593 0.444062 0.886632 1 1 1
v 0.185451 0.44572 0.886206 1 1 1
v 0.203524 0.448562 0.885477 1 1 1
v 0.702484 0.448562 0.885477 1 1 1
v -0.697627 0.467469 0.880621 1 1 1
v -0.302578 0.466715 0.880814 1 1 1
v -0.307353 0.467469 0.880621 1 1 1
v -0.283057 0.464751 0.881319 1 1 1
v -0.263536 0.462343 0.881937 1 1 1
v -0.244015 0.460534 0.882402 1 1 1
v -0.224493 0.455432 0.883712 1 1 1
v -0.204972 0.449078 0.885344 1 1 1
v 0.204972 0.449078 0.885344 1 1 1
v 0.224494 0.455432 0.883712 1 1 1
v 0.244015 0.460534 0.882402 1 1 1
v 0.263536 0.462343 0.881937 1 1 1
v 0.283057 0.464751 0.881319 1 1 1
v 0.302578 0.466715 0.880814 1 1 1
v 0.307353 0.467469 0.880621 1 1 1
v 0.697627 0.467469 0.880621 1 1 1
v -0.693001 0.475618 0.878528 1 1 1
v -0.689491 0.486377 0.875765 1 1 1
v -0.400184 0.485208 0.876065 1 1 1
v -0.407289 0.486377 0.875765 1 1 1
v -0.380663 0.482967 0.87664 1 1 1
v -0.361142 0.481286 0.877072 1 1 1
v -0.34162 0.478678 0.877742 1 1 1
v -0.322099 0.473183 0.879153 1 1 1
v 0.322099 0.473183 0.879153 1 1 1
v 0.34162 0.478678 0.877742 1 1 1
v 0.361142 0.481286 0.877072 1 1 1
v 0.380663 0.482967 0.87664 1 1 1
v 0.400184 0.485208 0.876065 1 1 1
v 0.407289 0.486377 0.875765 1 1 1
v 0.693002 0.475618 0.878528 1 1 1
v 0.689491 0.486377 0.875765 1 1 1
v -0.685557 0.505284 0.870908 1 1 1
v -0.49779 0.503135 0.87146 1 1 1
v -0.512613 0.505284 0.870908 1 1 1
v -0.478269 0.501382 0.871911 1 1 1
v -0.458747 0.499244 0.87246 1 1 1
v -0.439226 0.496643 0.873128 1 1 1
v -0.419705 0.491359 0.874485 1 1 1
v 0.419705 0.491359 0.874485 1 1 1
v 0.439226 0.496643 0.873128 1 1 1
v 0.458748 0.499244 0.87246 1 1 1
v 0.478269 0.501382 0.871911 1 1 1
v 0.49779 0.503135 0.87146 1 1 1
v 0.512613 0.505284 0.870908 1 1 1
v 0.685557 0.505284 0.870908 1 1 1
v -0.678926 0.524192 0.866052 1 1 1
v -0.634438 0.523539 0.86622 1 1 1
v -0.637574 0.524192 0.866052 1 1 1
v -0.614917 0.521198 0.866821 1 1 1
v -0.595396 0.518844 0.867426 1 1 1
v -0.575874 0.517423 0.867791 1 1 1
v -0.556353 0.515641 0.868249 1 1 1
v -0.536832 0.5121 0.869158 1 1 1
v -0.517311 0.506825 0.870513 1 1 1
v 0.517311 0.506825 0.870513 1 1 1
v 0.536832 0.5121 0.869158 1 1 1
v 0.556353 0.515641 0.868249 1 1 1
v 0.575874 0.517423 0.867791 1 1 1
v 0.595396 0.518844 0.867426 1 1 1
v 0.614917 0.521198 0.866821 1 1 1
v 0.634438 0.523539 0.86622 1 1 1
v 0.637574 0.524192 0.866052 1 1 1
v 0.678926 0.524192 0.866052 1 1 1
v -0.67348 0.529592 0.864666 1 1 1
v -0.653959 0.529748 0.864625 1 1 1
v 0.653959 0.529749 0.864625 1 1 1
v 0.67348 0.529592 0.864666 1 1 1
v -0.204972 -0.0705205 1.18586 1 1 1
v -0.217546 -0.0595043 1.18303 1 1 1
v -0.185451 -0.0723497 1.18634 1 1 1
v -0.16593 -0.0722392 1.18631 1 1 1
v -0.146409 -0.07266 1.18641 1 1 1
v -0.126888 -0.0727969 1.18645 1 1 1
v -0.107366 -0.0734679 1.18662 1 1 1
v -0.0878452 -0.0735983 1.18666 1 1 1
v -0.0683241 -0.0730418 1.18651 1 1 1
v -0.0488029 -0.0735218 1.18664 1 1 1
v -0.0292817 -0.0738687 1.18673 1 1 1
v -0.0097605 -0.0730864 1.18652 1 1 1
v 0.00976062 -0.0730864 1.18652 1 1 1
v 0.0292817 -0.0738687 1.18673 1 1 1
v 0.048803 -0.0735218 1.18664 1 1 1
v 0.0683241 -0.0730417 1.18651 1 1 1
v 0.0878453 -0.0735983 1.18666 1 1 1
v 0.107366 -0.073468 1.18662 1 1 1
v 0.126888 -0.0727969 1.18645 1 1 1
v 0.146409 -0.07266 1.18641 1 1 1
v 0.16593 -0.0722393 1.18631 1 1 1
v 0.185451 -0.0723497 1.18634 1 1 1
v 0.204972 -0.0705205 1.18586 1 1 1
v 0.217546 -0.0595043 1.18303 1 1 1
v -0.215958 -0.0405996 1.17816 1 1 1
v 0.215958 -0.0405996 1.17816 1 1 1
v -0.283057 -0.0356281 1.17688 1 1 1
v -0.296608 -0.0216949 1.17329 1 1 1
v -0.272505 -0.0216949 1.17329 1 1 1
v -0.206907 -0.0216949 1.17329 1 1 1
v 0.206907 -0.0216949 1.17329 1 1 1
v 0.283057 -0.0356281 1.17688 1 1 1
v 0.272505 -0.0216949 1.17329 1 1 1
v 0.296608 -0.0216949 1.17329 1 1 1
v -0.302578 -0.0171887 1.17213 1 1 1
v -0.316281 -0.00279021 1.16843 1 1 1
v -0.264984 -0.00279021 1.16843 1 1 1
v -0.204972 -0.0178408 1.1723 1 1 1
v -0.201448 -0.00279021 1.16843 1 1 1
v 0.204972 -0.0178411 1.1723 1 1 1
v 0.201448 -0.00279021 1.16843 1 1 1
v 0.264983 -0.00279021 1.16843 1 1 1
v 0.302578 -0.0171886 1.17213 1 1 1
v 0.316281 -0.00279021 1.16843 1 1 1
v -0.322099 0.00356737 1.16679 1 1 1
v -0.333264 0.0161145 1.16356 1 1 1
v -0.263536 0.000832558 1.16749 1 1 1
v -0.255581 0.0161145 1.16356 1 1 1
v -0.198807 0.0161145 1.16356 1 1 1
v 0.198807 0.0161145 1.16356 1 1 1
v 0.263536 0.000832349 1.16749 1 1 1
v 0.255581 0.0161145 1.16356 1 1 1
v 0.322099 0.00356746 1.16679 1 1 1
v 0.333264 0.0161145 1.16356 1 1 1
v -0.34162 0.0255525 1.16113 1 1 1
v -0.350794 0.0350192 1.15869 1 1 1
v -0.249738 0.0350192 1.15869 1 1 1
v -0.194244 0.0350192 1.15869 1 1 1
v 0.194244 0.0350192 1.15869 1 1 1
v 0.249738 0.0350192 1.15869 1 1 1
v 0.34162 0.0255525 1.16113 1 1 1
v 0.350794 0.0350192 1.15869 1 1 1
v -0.361142 0.0459724 1.15587 1 1 1
v -0.36859 0.0539239 1.15383 1 1 1
v -0.244015 0.0499962 1.15484 1 1 1
v -0.240637 0.0539239 1.15383 1 1 1
v -0.185451 0.0498132 1.15488 1 1 1
v -0.184204 0.0539239 1.15383 1 1 1
v 0.185451 0.049813 1.15488 1 1 1
v 0.184204 0.0539239 1.15383 1 1 1
v 0.244015 0.049996 1.15484 1 1 1
v 0.240637 0.0539239 1.15383 1 1 1
v 0.361142 0.0459725 1.15587 1 1 1
v 0.36859 0.0539239 1.15383 1 1 1
v -0.380663 0.0673312 1.15037 1 1 1
v -0.38629 0.0728287 1.14896 1 1 1
v -0.232078 0.0728287 1.14896 1 1 1
v -0.181515 0.0728287 1.14896 1 1 1
v 0.181515 0.0728287 1.14896 1 1 1
v 0.232078 0.0728287 1.14896 1 1 1
v 0.380663 0.0673313 1.15037 1 1 1
v 0.38629 0.0728287 1.14896 1 1 1
v -0.400184 0.0877632 1.14511 1 1 1
v -0.404073 0.0917333 1.14409 1 1 1
v -0.227476 0.0917333 1.14409 1 1 1
v -0.179193 0.0917333 1.14409 1 1 1
v 0.179193 0.0917333 1.14409 1 1 1
v 0.227476 0.0917333 1.14409 1 1 1
v 0.400184 0.0877634 1.14511 1 1 1
v 0.404073 0.0917333 1.14409 1 1 1
v -0.419705 0.10874 1.13971 1 1 1
v -0.421436 0.110638 1.13922 1 1 1
v -0.224493 0.100127 1.14193 1 1 1
v -0.215551 0.110638 1.13922 1 1 1
v -0.172457 0.110638 1.13922 1 1 1
v 0.172457 0.110638 1.13922 1 1 1
v 0.224494 0.100127 1.14193 1 1 1
v 0.215551 0.110638 1.13922 1 1 1
v 0.419705 0.108739 1.13971 1 1 1
v 0.421436 0.110638 1.13922 1 1 1
v -0.438499 0.129543 1.13436 1 1 1
v -0.208861 0.129543 1.13436 1 1 1
v -0.171782 0.129543 1.13436 1 1 1
v 0.171782 0.129543 1.13436 1 1 1
v 0.208861 0.129543 1.13436 1 1 1
v 0.438499 0.129543 1.13436 1 1 1
v -0.439226 0.130334 1.13415 1 1 1
v -0.457198 0.148447 1.12949 1 1 1
v -0.204972 0.143831 1.13068 1 1 1
v -0.185451 0.141346 1.13132 1 1 1
v -0.16462 0.148447 1.12949 1 1 1
v -0.16593 0.14381 1.13068 1 1 1
v 0.16593 0.14381 1.13068 1 1 1
v 0.16462 0.148447 1.12949 1 1 1
v 0.204972 0.143831 1.13068 1 1 1
v 0.185451 0.141346 1.13132 1 1 1
v 0.439226 0.130334 1.13415 1 1 1
v 0.457198 0.148447 1.12949 1 1 1
v -0.458747 0.150129 1.12906 1 1 1
v -0.474367 0.167352 1.12462 1 1 1
v -0.169597 0.148447 1.12949 1 1 1
v -0.172944 0.167352 1.12462 1 1 1
v -0.146705 0.167352 1.12462 1 1 1
v 0.146705 0.167352 1.12462 1 1 1
v 0.169597 0.148447 1.12949 1 1 1
v 0.172944 0.167352 1.12462 1 1 1
v 0.458748 0.150129 1.12906 1 1 1
v 0.474368 0.167352 1.12462 1 1 1
v -0.478269 0.17167 1.12351 1 1 1
v -0.491753 0.186257 1.11976 1 1 1
v -0.174735 0.186257 1.11976 1 1 1
v -0.146409 0.167793 1.12451 1 1 1
v -0.143796 0.186257 1.11976 1 1 1
v 0.146409 0.167793 1.12451 1 1 1
v 0.143796 0.186257 1.11976 1 1 1
v 0.174735 0.186257 1.11976 1 1 1
v 0.478269 0.171669 1.12351 1 1 1
v 0.491753 0.186257 1.11976 1 1 1
v -0.49779 0.192815 1.11807 1 1 1
v -0.510124 0.205162 1.11489 1 1 1
v -0.174555 0.205162 1.11489 1 1 1
v -0.140374 0.205162 1.11489 1 1 1
v 0.140374 0.205162 1.11489 1 1 1
v 0.174555 0.205162 1.11489 1 1 1
v 0.49779 0.192815 1.11807 1 1 1
v 0.510124 0.205162 1.11489 1 1 1
v -0.517311 0.212835 1.11291 1 1 1
v -0.527272 0.224066 1.11002 1 1 1
v -0.171731 0.224066 1.11002 1 1 1
v -0.136077 0.224066 1.11002 1 1 1
v 0.136077 0.224066 1.11002 1 1 1
v 0.171731 0.224066 1.11002 1 1 1
v 0.517311 0.212835 1.11291 1 1 1
v 0.527272 0.224066 1.11002 1 1 1
v -0.536832 0.234263 1.1074 1 1 1
v -0.545336 0.242971 1.10516 1 1 1
v -0.168942 0.242971 1.10516 1 1 1
v -0.136206 0.242971 1.10516 1 1 1
v 0.136206 0.242971 1.10516 1 1 1
v 0.168942 0.242971 1.10516 1 1 1
v 0.536832 0.234263 1.1074 1 1 1
v 0.545336 0.242971 1.10516 1 1 1
v -0.556353 0.255601 1.1019 1 1 1
v -0.562168 0.261876 1.10029 1 1 1
v -0.166452 0.261876 1.10029 1 1 1
v -0.137916 0.261876 1.10029 1 1 1
v 0.137916 0.261876 1.10029 1 1 1
v 0.166452 0.261876 1.10029 1 1 1
v 0.556353 0.255601 1.1019 1 1 1
v 0.562168 0.261876 1.10029 1 1 1
v -0.575874 0.27592 1.09667 1 1 1
v -0.580667 0.28078 1.09542 1 1 1
v -0.16593 0.26359 1.09985 1 1 1
v -0.152734 0.28078 1.09542 1 1 1
v -0.140858 0.28078 1.09542 1 1 1
v 0.140859 0.28078 1.09542 1 1 1
v 0.16593 0.26359 1.09985 1 1 1
v 0.152734 0.28078 1.09542 1 1 1
v 0.575874 0.27592 1.09667 1 1 1
v 0.580667 0.28078 1.09542 1 1 1
v -0.595396 0.297105 1.09122 1 1 1
v -0.598156 0.299685 1.09055 1 1 1
v -0.147076 0.299685 1.09055 1 1 1
v -0.145481 0.299685 1.09055 1 1 1
v 0.145481 0.299685 1.09055 1 1 1
v 0.147076 0.299685 1.09055 1 1 1
v 0.595396 0.297105 1.09122 1 1 1
v 0.598156 0.299685 1.09055 1 1 1
v -0.614917 0.317752 1.0859 1 1 1
v -0.615723 0.31859 1.08569 1 1 1
v -0.146409 0.301301 1.09014 1 1 1
v 0.146409 0.301301 1.09014 1 1 1
v 0.614917 0.317752 1.0859 1 1 1
v 0.615723 0.31859 1.08569 1 1 1
v -0.633782 0.337495 1.08082 1 1 1
v 0.633782 0.337495 1.08082 1 1 1
v -0.634438 0.338172 1.08065 1 1 1
v -0.652372 0.356399 1.07595 1 1 1
v 0.634438 0.338172 1.08065 1 1 1
v 0.652372 0.356399 1.07595 1 1 1
v -0.653959 0.358175 1.0755 1 1 1
v -0.669561 0.375304 1.07109 1 1 1
v 0.653959 0.358175 1.0755 1 1 1
v 0.669561 0.375304 1.07109 1 1 1
v -0.67348 0.379545 1.06999 1 1 1
v -0.686872 0.394209 1.06622 1 1 1
v -0.0878452 0.393095 1.06651 1 1 1
v -0.0944 0.394209 1.06622 1 1 1
v -0.0855119 0.394209 1.06622 1 1 1
v 0.0878453 0.393095 1.06651 1 1 1
v 0.085512 0.394209 1.06622 1 1 1
v 0.0944003 0.394209 1.06622 1 1 1
v 0.67348 0.379545 1.06999 1 1 1
v 0.686872 0.394209 1.06622 1 1 1
v -0.693001 0.400844 1.06451 1 1 1
v -0.704994 0.413113 1.06135 1 1 1
v -0.107366 0.401208 1.06442 1 1 1
v -0.110569 0.413113 1.06135 1 1 1
v -0.0683241 0.408079 1.06265 1 1 1
v -0.0658233 0.413113 1.06135 1 1 1
v 0.0683241 0.408079 1.06265 1 1 1
v 0.0658233 0.413113 1.06135 1 1 1
v 0.107366 0.401208 1.06442 1 1 1
v 0.110569 0.413113 1.06135 1 1 1
v 0.693002 0.400844 1.06451 1 1 1
v 0.704994 0.413113 1.06135 1 1 1
v -0.712523 0.427258 1.05771 1 1 1
v -0.715133 0.432018 1.05649 1 1 1
v -0.107468 0.432018 1.05649 1 1 1
v -0.0610811 0.432018 1.05649 1 1 1
v 0.0610811 0.432018 1.05649 1 1 1
v 0.107468 0.432018 1.05649 1 1 1
v 0.712523 0.427259 1.05771 1 1 1
v 0.715133 0.432018 1.05649 1 1 1
v -0.712523 0.440872 1.05421 1 1 1
v -0.71055 0.450923 1.05162 1 1 1
v -0.107366 0.432561 1.05635 1 1 1
v -0.099466 0.450923 1.05162 1 1 1
v -0.0488029 0.447348 1.05254 1 1 1
v -0.0468471 0.450923 1.05162 1 1 1
v 0.048803 0.447348 1.05254 1 1 1
v 0.0468471 0.450923 1.05162 1 1 1
v 0.107366 0.432561 1.05635 1 1 1
v 0.0994661 0.450923 1.05162 1 1 1
v 0.712523 0.440871 1.05421 1 1 1
v 0.71055 0.450923 1.05162 1 1 1
v -0.704559 0.469827 1.04675 1 1 1
v -0.107366 0.469107 1.04694 1 1 1
v -0.107801 0.469827 1.04675 1 1 1
v -0.0292817 0.466843 1.04752 1 1 1
v -0.0097605 0.465586 1.04784 1 1 1
v 0.00976062 0.465586 1.04784 1 1 1
v 0.0292817 0.466843 1.04752 1 1 1
v 0.107366 0.469107 1.04694 1 1 1
v 0.107801 0.469827 1.04675 1 1 1
v 0.704559 0.469827 1.04675 1 1 1
v -0.700534 0.488732 1.04188 1 1 1
v -0.204972 0.488343 1.04198 1 1 1
v -0.207659 0.488732 1.04188 1 1 1
v -0.185451 0.4851 1.04282 1 1 1
v -0.16593 0.483397 1.04326 1 1 1
v -0.146409 0.480795 1.04393 1 1 1
v -0.126888 0.478465 1.04453 1 1 1
v 0.126888 0.478465 1.04453 1 1 1
v 0.146409 0.480795 1.04393 1 1 1
v 0.16593 0.483397 1.04326 1 1 1
v 0.185451 0.4851 1.04282 1 1 1
v 0.204972 0.488343 1.04198 1 1 1
v 0.207659 0.488732 1.04188 1 1 1
v 0.700534 0.488732 1.04188 1 1 1
v -0.69494 0.507637 1.03702 1 1 1
v -0.302578 0.506288 1.03736 1 1 1
v -0.311053 0.507637 1.03702 1 1 1
v -0.283057 0.504181 1.03791 1 1 1
v -0.263536 0.501748 1.03853 1 1 1
v -0.244015 0.499603 1.03909 1 1 1
v -0.224493 0.494097 1.0405 1 1 1
v 0.224494 0.494097 1.0405 1 1 1
v 0.244015 0.499603 1.03909 1 1 1
v 0.263536 0.501748 1.03853 1 1 1
v 0.283057 0.504181 1.03791 1 1 1
v 0.302578 0.506288 1.03736 1 1 1
v 0.311053 0.507637 1.03702 1 1 1
v 0.69494 0.507637 1.03702 1 1 1
v -0.693001 0.511062 1.03614 1 1 1
v -0.687943 0.526542 1.03215 1 1 1
v -0.400184 0.52486 1.03258 1 1 1
v -0.41046 0.526542 1.03215 1 1 1
v -0.380663 0.522519 1.03319 1 1 1
v -0.361142 0.520719 1.03365 1 1 1
v -0.34162 0.517895 1.03438 1 1 1
v -0.322099 0.511937 1.03591 1 1 1
v 0.322099 0.511937 1.03591 1 1 1
v 0.34162 0.517895 1.03438 1 1 1
v 0.361142 0.520719 1.03365 1 1 1
v 0.380663 0.522519 1.03319 1 1 1
v 0.400184 0.52486 1.03258 1 1 1
v 0.41046 0.526542 1.03215 1 1 1
v 0.693002 0.511062 1.03614 1 1 1
v 0.687943 0.526542 1.03215 1 1 1
v -0.68386 0.545446 1.02728 1 1 1
v -0.517311 0.54543 1.02729 1 1 1
v -0.517428 0.545446 1.02728 1 1 1
v -0.49779 0.542637 1.02801 1 1 1
v -0.478269 0.540878 1.02846 1 1 1
v -0.458747 0.538618 1.02904 1 1 1
v -0.439226 0.535781 1.02977 1 1 1
v -0.419705 0.530205 1.03121 1 1 1
v 0.419705 0.530205 1.03121 1 1 1
v 0.439226 0.535781 1.02977 1 1 1
v 0.458748 0.538618 1.02904 1 1 1
v 0.478269 0.540878 1.02846 1 1 1
v 0.49779 0.542637 1.02801 1 1 1
v 0.517311 0.54543 1.02729 1 1 1
v 0.517428 0.545446 1.02728 1 1 1
v 0.68386 0.545446 1.02728 1 1 1
v -0.676168 0.564351 1.02242 1 1 1
v -0.634438 0.562396 1.02292 1 1 1
v -0.644017 0.564351 1.02242 1 1 1
v -0.614917 0.560062 1.02352 1 1 1
v -0.595396 0.557788 1.02411 1 1 1
v -0.575874 0.556372 1.02447 1 1 1
v -0.556353 0.554364 1.02499 1 1 1
v -0.536832 0.550778 1.02591 1 1 1
v 0.536832 0.550778 1.02591 1 1 1
v 0.556353 0.554364 1.02499 1 1 1
v 0.575874 0.556372 1.02447 1 1 1
v 0.595396 0.557788 1.02411 1 1 1
v 0.614917 0.560062 1.02352 1 1 1
v 0.634438 0.562396 1.02292 1 1 1
v 0.644017 0.564351 1.02242 1 1 1
v 0.676168 0.564351 1.02242 1 1 1
v -0.67348 0.567034 1.02172 1 1 1
v -0.653959 0.567635 1.02157 1 1 1
v 0.653959 0.567635 1.02157 1 1 1
v 0.67348 0.567034 1.02172 1 1 1
v -0.204972 -0.0270633 1.34726 1 1 1
v -0.215525 -0.0178302 1.34472 1 1 1
v -0.185451 -0.0294148 1.34791 1 1 1
v -0.16593 -0.0292788 1.34787 1 1 1
v -0.146409 -0.0298352 1.34803 1 1 1
v -0.126888 -0.0300415 1.34808 1 1 1
v -0.107366 -0.030706 1.34827 1 1 1
v -0.0878452 -0.0309101 1.34832 1 1 1
v -0.0683241 -0.0303392 1.34816 1 1 1
v -0.0488029 -0.0307693 1.34828 1 1 1
v -0.0292817 -0.0311281 1.34838 1 1 1
v -0.0097605 -0.030401 1.34818 1 1 1
v 0.00976062 -0.0304011 1.34818 1 1 1
v 0.0292817 -0.0311281 1.34838 1 1 1
v 0.048803 -0.0307693 1.34828 1 1 1
v 0.0683241 -0.0303392 1.34816 1 1 1
v 0.0878453 -0.03091 1.34832 1 1 1
v 0.107366 -0.030706 1.34827 1 1 1
v 0.126888 -0.0300415 1.34808 1 1 1
v 0.146409 -0.0298352 1.34803 1 1 1
v 0.16593 -0.0292788 1.34787 1 1 1
v 0.185451 -0.0294148 1.34791 1 1 1
v 0.204972 -0.0270632 1.34726 1 1 1
v 0.215525 -0.0178302 1.34472 1 1 1
v -0.214508 0.000990957 1.33954 1 1 1
v 0.214508 0.000990957 1.33954 1 1 1
v -0.283057 0.00899443 1.33734 1 1 1
v -0.293629 0.0198122 1.33436 1 1 1
v -0.274689 0.0198122 1.33436 1 1 1
v -0.204972 0.0192547 1.33451 1 1 1
v -0.204748 0.0198122 1.33436 1 1 1
v 0.204972 0.0192546 1.33451 1 1 1
v 0.204748 0.0198122 1.33436 1 1 1
v 0.283057 0.00899446 1.33734 1 1 1
v 0.274689 0.0198122 1.33436 1 1 1
v 0.293629 0.0198122 1.33436 1 1 1
v -0.302578 0.026573 1.3325 1 1 1
v -0.314083 0.0386334 1.32918 1 1 1
v -0.266454 0.0386334 1.32918 1 1 1
v -0.200417 0.0386334 1.32918 1 1 1
v 0.200417 0.0386334 1.32918 1 1 1
v 0.266454 0.0386334 1.32918 1 1 1
v 0.302578 0.0265731 1.3325 1 1 1
v 0.314083 0.0386334 1.32918 1 1 1
v -0.322099 0.0473664 1.32678 1 1 1
v -0.331109 0.0574546 1.324 1 1 1
v -0.263536 0.045696 1.32724 1 1 1
v -0.257217 0.0574546 1.324 1 1 1
v -0.197699 0.0574546 1.324 1 1 1
v 0.197699 0.0574546 1.324 1 1 1
v 0.263536 0.0456958 1.32724 1 1 1
v 0.257217 0.0574546 1.324 1 1 1
v 0.322099 0.0473665 1.32678 1 1 1
v 0.331109 0.0574546 1.324 1 1 1
v -0.34162 0.0692461 1.32075 1 1 1
v -0.348475 0.0762759 1.31882 1 1 1
v -0.250937 0.0762759 1.31882 1 1 1
v -0.192944 0.0762759 1.31882 1 1 1
v 0.192944 0.0762759 1.31882 1 1 1
v 0.250937 0.0762759 1.31882 1 1 1
v 0.34162 0.0692461 1.32075 1 1 1
v 0.348475 0.0762759 1.31882 1 1 1
v -0.361142 0.0897012 1.31512 1 1 1
v -0.3662 0.095097 1.31364 1 1 1
v -0.244015 0.0936641 1.31403 1 1 1
v -0.242726 0.095097 1.31364 1 1 1
v -0.185451 0.0892553 1.31525 1 1 1
v -0.183728 0.095097 1.31364 1 1 1
v 0.185451 0.0892551 1.31525 1 1 1
v 0.183728 0.095097 1.31364 1 1 1
v 0.244015 0.0936639 1.31403 1 1 1
v 0.242726 0.095097 1.31364 1 1 1
v 0.361142 0.0897013 1.31512 1 1 1
v 0.3662 0.095097 1.31364 1 1 1
v -0.380663 0.111112 1.30923 1 1 1
v -0.383539 0.113918 1.30846 1 1 1
v -0.233108 0.113918 1.30846 1 1 1
v -0.181059 0.113918 1.30846 1 1 1
v 0.181059 0.113918 1.30846 1 1 1
v 0.233108 0.113918 1.30846 1 1 1
v 0.380663 0.111112 1.30923 1 1 1
v 0.383539 0.113918 1.30846 1 1 1
v -0.400184 0.131763 1.30355 1 1 1
v -0.401144 0.132739 1.30328 1 1 1
v -0.228063 0.132739 1.30328 1 1 1
v -0.178707 0.132739 1.30328 1 1 1
v 0.178707 0.132739 1.30328 1 1 1
v 0.228063 0.132739 1.30328 1 1 1
v 0.400184 0.131763 1.30355 1 1 1
v 0.401144 0.132739 1.30328 1 1 1
v -0.418848 0.151561 1.2981 1 1 1
v -0.224493 0.142463 1.3006 1 1 1
v -0.216493 0.151561 1.2981 1 1 1
v -0.172458 0.151561 1.2981 1 1 1
v 0.172458 0.151561 1.2981 1 1 1
v 0.224494 0.142463 1.3006 1 1 1
v 0.216493 0.151561 1.2981 1 1 1
v 0.418848 0.151561 1.2981 1 1 1
v -0.419705 0.152441 1.29785 1 1 1
v -0.436412 0.170382 1.29292 1 1 1
v -0.209207 0.170382 1.29292 1 1 1
v -0.172902 0.170382 1.29292 1 1 1
v 0.172902 0.170382 1.29292 1 1 1
v 0.209207 0.170382 1.29292 1 1 1
v 0.419705 0.15244 1.29785 1 1 1
v 0.436412 0.170382 1.29292 1 1 1
v -0.439226 0.17344 1.29207 1 1 1
v -0.454957 0.189203 1.28774 1 1 1
v -0.204972 0.184467 1.28904 1 1 1
v -0.185451 0.179985 1.29027 1 1 1
v -0.165377 0.189203 1.28774 1 1 1
v -0.16593 0.18747 1.28821 1 1 1
v 0.16593 0.187471 1.28821 1 1 1
v 0.165377 0.189203 1.28774 1 1 1
v 0.204972 0.184467 1.28904 1 1 1
v 0.185451 0.179985 1.29027 1 1 1
v 0.439226 0.17344 1.29207 1 1 1
v 0.454957 0.189203 1.28774 1 1 1
v -0.458747 0.193304 1.28661 1 1 1
v -0.472104 0.208024 1.28256 1 1 1
v -0.167012 0.189203 1.28774 1 1 1
v -0.171921 0.208024 1.28256 1 1 1
v -0.146409 0.207179 1.28279 1 1 1
v -0.146137 0.208024 1.28256 1 1 1
v 0.146409 0.207179 1.28279 1 1 1
v 0.146137 0.208024 1.28256 1 1 1
v 0.167012 0.189203 1.28774 1 1 1
v 0.171921 0.208024 1.28256 1 1 1
v 0.458748 0.193304 1.28661 1 1 1
v 0.472104 0.208024 1.28256 1 1 1
v -0.478269 0.214825 1.28068 1 1 1
v -0.489447 0.226846 1.27737 1 1 1
v -0.173913 0.226846 1.27737 1 1 1
v -0.143525 0.226846 1.27737 1 1 1
v 0.143526 0.226846 1.27737 1 1 1
v 0.173913 0.226846 1.27737 1 1 1
v 0.478269 0.214824 1.28068 1 1 1
v 0.489447 0.226846 1.27737 1 1 1
v -0.49779 0.235883 1.27489 1 1 1
v -0.507574 0.245667 1.27219 1 1 1
v -0.173902 0.245667 1.27219 1 1 1
v -0.140062 0.245667 1.27219 1 1 1
v 0.140062 0.245667 1.27219 1 1 1
v 0.173902 0.245667 1.27219 1 1 1
v 0.49779 0.235883 1.27489 1 1 1
v 0.507574 0.245667 1.27219 1 1 1
v -0.517311 0.25601 1.26935 1 1 1
v -0.524849 0.264488 1.26701 1 1 1
v -0.171713 0.264488 1.26701 1 1 1
v -0.136372 0.264488 1.26701 1 1 1
v 0.136372 0.264488 1.26701 1 1 1
v 0.171713 0.264488 1.26701 1 1 1
v 0.517311 0.25601 1.26935 1 1 1
v 0.524849 0.264488 1.26701 1 1 1
v -0.536832 0.277252 1.2635 1 1 1
v -0.542782 0.283309 1.26183 1 1 1
v -0.169186 0.283309 1.26183 1 1 1
v -0.137021 0.283309 1.26183 1 1 1
v 0.137021 0.283309 1.26183 1 1 1
v 0.169186 0.283309 1.26183 1 1 1
v 0.536832 0.277252 1.2635 1 1 1
v 0.542782 0.283309 1.26183 1 1 1
v -0.556353 0.29881 1.25757 1 1 1
v -0.559441 0.30213 1.25665 1 1 1
v -0.166668 0.30213 1.25665 1 1 1
v -0.138869 0.30213 1.25665 1 1 1
v 0.138869 0.30213 1.25665 1 1 1
v 0.166668 0.30213 1.25665 1 1 1
v 0.556353 0.29881 1.25757 1 1 1
v 0.559441 0.30213 1.25665 1 1 1
v -0.575874 0.318842 1.25205 1 1 1
v -0.577959 0.320952 1.25147 1 1 1
v -0.16593 0.304548 1.25599 1 1 1
v -0.152867 0.320952 1.25147 1 1 1
v -0.141829 0.320952 1.25147 1 1 1
v 0.141829 0.320952 1.25147 1 1 1
v 0.16593 0.304547 1.25599 1 1 1
v 0.152867 0.320952 1.25147 1 1 1
v 0.575874 0.318842 1.25205 1 1 1
v 0.577959 0.320952 1.25147 1 1 1
v -0.595131 0.339773 1.24629 1 1 1
v -0.146613 0.339773 1.24629 1 1 1
v -0.146188 0.339773 1.24629 1 1 1
v 0.146188 0.339773 1.24629 1 1 1
v 0.146613 0.339773 1.24629 1 1 1
v 0.595131 0.339773 1.24629 1 1 1
v -0.595396 0.340054 1.24621 1 1 1
v -0.613296 0.358594 1.24111 1 1 1
v -0.146409 0.340204 1.24617 1 1 1
v 0.146409 0.340204 1.24617 1 1 1
v 0.595396 0.340054 1.24621 1 1 1
v 0.613296 0.358594 1.24111 1 1 1
v -0.614917 0.360312 1.24064 1 1 1
v -0.631567 0.377415 1.23593 1 1 1
v 0.614917 0.360312 1.24064 1 1 1
v 0.631567 0.377415 1.23593 1 1 1
v -0.634438 0.38038 1.23511 1 1 1
v -0.65021 0.396237 1.23075 1 1 1
v 0.634438 0.38038 1.23511 1 1 1
v 0.65021 0.396237 1.23075 1 1 1
v -0.653959 0.400405 1.2296 1 1 1
v -0.667251 0.415058 1.22557 1 1 1
v 0.653959 0.400405 1.2296 1 1 1
v 0.667251 0.415058 1.22557 1 1 1
v -0.67348 0.421785 1.22372 1 1 1
v -0.684573 0.433879 1.22039 1 1 1
v -0.0878452 0.433816 1.22041 1 1 1
v -0.0882933 0.433879 1.22039 1 1 1
v -0.0876896 0.433879 1.22039 1 1 1
v 0.0878453 0.433816 1.22041 1 1 1
v 0.0876897 0.433879 1.22039 1 1 1
v 0.0882934 0.433879 1.22039 1 1 1
v 0.67348 0.421785 1.22372 1 1 1
v 0.684573 0.433879 1.22039 1 1 1
v -0.693001 0.443025 1.21787 1 1 1
v -0.702397 0.4527 1.21521 1 1 1
v -0.107366 0.442127 1.21812 1 1 1
v -0.110824 0.4527 1.21521 1 1 1
v -0.0683241 0.447755 1.21657 1 1 1
v -0.0655656 0.4527 1.21521 1 1 1
v 0.0683241 0.447755 1.21657 1 1 1
v 0.0655655 0.4527 1.21521 1 1 1
v 0.107366 0.442127 1.21812 1 1 1
v 0.110824 0.4527 1.21521 1 1 1
v 0.693002 0.443025 1.21787 1 1 1
v 0.702397 0.4527 1.21521 1 1 1
v -0.712441 0.471521 1.21003 1 1 1
v -0.107736 0.471521 1.21003 1 1 1
v -0.0604588 0.471521 1.21003 1 1 1
v 0.0604588 0.471521 1.21003 1 1 1
v 0.107736 0.471521 1.21003 1 1 1
v 0.712441 0.471521 1.21003 1 1 1
v -0.708792 0.490343 1.20485 1 1 1
v -0.107366 0.473656 1.20944 1 1 1
v -0.100691 0.490343 1.20485 1 1 1
v -0.0488029 0.485677 1.20613 1 1 1
v -0.0461778 0.490343 1.20485 1 1 1
v 0.048803 0.485677 1.20613 1 1 1
v 0.0461778 0.490343 1.20485 1 1 1
v 0.107366 0.473656 1.20944 1 1 1
v 0.100691 0.490343 1.20485 1 1 1
v 0.708792 0.490343 1.20485 1 1 1
v -0.702702 0.509164 1.19967 1 1 1
v -0.107366 0.504994 1.20081 1 1 1
v -0.109981 0.509164 1.19967 1 1 1
v -0.0292817 0.505355 1.20072 1 1 1
v -0.0097605 0.504302 1.20101 1 1 1
v 0.00976062 0.504302 1.20101 1 1 1
v 0.0292817 0.505355 1.20072 1 1 1
v 0.107366 0.504994 1.20081 1 1 1
v 0.109981 0.509164 1.19967 1 1 1
v 0.702702 0.509164 1.19967 1 1 1
v -0.698441 0.527985 1.19449 1 1 1
v -0.204972 0.526961 1.19477 1 1 1
v -0.212243 0.527985 1.19449 1 1 1
v -0.185451 0.523523 1.19571 1 1 1
v -0.16593 0.521778 1.1962 1 1 1
v -0.146409 0.519097 1.19693 1 1 1
v -0.126888 0.51667 1.1976 1 1 1
v 0.126888 0.51667 1.1976 1 1 1
v 0.146409 0.519097 1.19693 1 1 1
v 0.16593 0.521778 1.1962 1 1 1
v 0.185451 0.523523 1.19571 1 1 1
v 0.204972 0.526961 1.19477 1 1 1
v 0.212243 0.527985 1.19449 1 1 1
v 0.698441 0.527985 1.19449 1 1 1
v -0.693001 0.544754 1.18987 1 1 1
v -0.692426 0.546806 1.18931 1 1 1
v -0.302578 0.544827 1.18985 1 1 1
v -0.314973 0.546806 1.18931 1 1 1
v -0.283057 0.542581 1.19047 1 1 1
v -0.263536 0.540128 1.19114 1 1 1
v -0.244015 0.537632 1.19183 1 1 1
v -0.224493 0.531742 1.19345 1 1 1
v 0.224494 0.531742 1.19345 1 1 1
v 0.244015 0.537632 1.19183 1 1 1
v 0.263536 0.540128 1.19114 1 1 1
v 0.283057 0.542581 1.19047 1 1 1
v 0.302578 0.544827 1.18985 1 1 1
v 0.314973 0.546806 1.18931 1 1 1
v 0.693002 0.544753 1.18987 1 1 1
v 0.692426 0.546806 1.18931 1 1 1
v -0.686271 0.565628 1.18413 1 1 1
v -0.400184 0.563403 1.18474 1 1 1
v -0.413905 0.565628 1.18413 1 1 1
v -0.380663 0.560969 1.18541 1 1 1
v -0.361142 0.559046 1.18594 1 1 1
v -0.34162 0.556011 1.18677 1 1 1
v -0.322099 0.549583 1.18854 1 1 1
v 0.322099 0.549583 1.18854 1 1 1
v 0.34162 0.556011 1.18677 1 1 1
v 0.361142 0.559046 1.18594 1 1 1
v 0.380663 0.560969 1.18541 1 1 1
v 0.400184 0.563403 1.18474 1 1 1
v 0.413905 0.565628 1.18413 1 1 1
v 0.686271 0.565628 1.18413 1 1 1
v -0.68203 0.584449 1.17895 1 1 1
v -0.517311 0.583731 1.17914 1 1 1
v -0.522586 0.584449 1.17895 1 1 1
v -0.49779 0.580944 1.17991 1 1 1
v -0.478269 0.579187 1.18039 1 1 1
v -0.458747 0.576812 1.18105 1 1 1
v -0.439226 0.573743 1.18189 1 1 1
v -0.419705 0.567885 1.1835 1 1 1
v 0.419705 0.567885 1.1835 1 1 1
v 0.439226 0.573743 1.18189 1 1 1
v 0.458748 0.576812 1.18105 1 1 1
v 0.478269 0.579187 1.18039 1 1 1
v 0.49779 0.580944 1.17991 1 1 1
v 0.517311 0.583731 1.17914 1 1 1
v 0.522586 0.584449 1.17895 1 1 1
v 0.68203 0.584449 1.17895 1 1 1
v -0.67348 0.602931 1.17386 1 1 1
v -0.66938 0.60327 1.17376 1 1 1
v -0.634438 0.59992 1.17469 1 1 1
v -0.651295 0.60327 1.17376 1 1 1
v -0.614917 0.597603 1.17532 1 1 1
v -0.595396 0.595422 1.17592 1 1 1
v -0.575874 0.594027 1.17631 1 1 1
v -0.556353 0.591782 1.17693 1 1 1
v -0.536832 0.588191 1.17791 1 1 1
v 0.536832 0.588191 1.17791 1 1 1
v 0.556353 0.591782 1.17693 1 1 1
v 0.575874 0.594027 1.17631 1 1 1
v 0.595396 0.595422 1.17592 1 1 1
v 0.614917 0.597603 1.17532 1 1 1
v 0.634438 0.59992 1.17469 1 1 1
v 0.651295 0.60327 1.17376 1 1 1
v 0.67348 0.602931 1.17386 1 1 1
v 0.669378 0.60327 1.17376 1 1 1
v -0.653959 0.604121 1.17353 1 1 1
v 0.653959 0.604121 1.17353 1 1 1
v -0.204972 0.018404 1.50504 1 1 1
v -0.21334 0.0257345 1.50296 1 1 1
v -0.185451 0.0154737 1.50587 1 1 1
v -0.16593 0.0156423 1.50582 1 1 1
v -0.146409 0.0149374 1.50602 1 1 1
v -0.126888 0.0146447 1.5061 1 1 1
v -0.107366 0.0139943 1.50629 1 1 1
v -0.0878452 0.0137142 1.50637 1 1 1
v -0.0683241 0.0142904 1.5062 1 1 1
v -0.0488029 0.0139144 1.50631 1 1 1
v -0.0292817 0.013547 1.50642 1 1 1
v -0.0097605 0.0142138 1.50623 1 1 1
v 0.00976062 0.0142138 1.50623 1 1 1
v 0.0292817 0.013547 1.50642 1 1 1
v 0.048803 0.0139144 1.50631 1 1 1
v 0.0683241 0.0142904 1.5062 1 1 1
v 0.0878453 0.0137142 1.50637 1 1 1
v 0.107366 0.0139943 1.50629 1 1 1
v 0.126888 0.0146447 1.5061 1 1 1
v 0.146409 0.0149374 1.50602 1 1 1
v 0.16593 0.0156423 1.50582 1 1 1
v 0.185451 0.0154737 1.50587 1 1 1
v 0.204972 0.0184041 1.50504 1 1 1
v 0.21334 0.0257345 1.50296 1 1 1
v -0.212939 0.0445149 1.49763 1 1 1
v 0.212939 0.0445149 1.49763 1 1 1
v -0.283057 0.0557543 1.49444 1 1 1
v -0.290445 0.0632953 1.49231 1 1 1
v -0.277103 0.0632953 1.49231 1 1 1
v -0.204972 0.0600659 1.49322 1 1 1
v -0.203694 0.0632953 1.49231 1 1 1
v 0.204972 0.0600657 1.49322 1 1 1
v 0.203694 0.0632953 1.49231 1 1 1
v 0.283057 0.0557543 1.49444 1 1 1
v 0.277103 0.0632953 1.49231 1 1 1
v 0.290445 0.0632953 1.49231 1 1 1
v -0.302578 0.0724925 1.4897 1 1 1
v -0.311719 0.0820757 1.48698 1 1 1
v -0.268088 0.0820757 1.48698 1 1 1
v -0.199298 0.0820757 1.48698 1 1 1
v 0.199298 0.0820757 1.48698 1 1 1
v 0.268087 0.0820757 1.48698 1 1 1
v 0.302578 0.0724926 1.4897 1 1 1
v 0.311719 0.0820757 1.48698 1 1 1
v -0.322099 0.0933761 1.48377 1 1 1
v -0.328788 0.100856 1.48165 1 1 1
v -0.263536 0.0927266 1.48396 1 1 1
v -0.259026 0.100856 1.48165 1 1 1
v -0.196481 0.100856 1.48165 1 1 1
v 0.196481 0.100856 1.48165 1 1 1
v 0.263536 0.0927265 1.48396 1 1 1
v 0.259026 0.100856 1.48165 1 1 1
v 0.322099 0.0933762 1.48377 1 1 1
v 0.328788 0.100856 1.48165 1 1 1
v -0.34162 0.115182 1.47759 1 1 1
v -0.345982 0.119636 1.47633 1 1 1
v -0.252267 0.119636 1.47633 1 1 1
v -0.19154 0.119636 1.47633 1 1 1
v 0.19154 0.119636 1.47633 1 1 1
v 0.252267 0.119636 1.47633 1 1 1
v 0.34162 0.115182 1.47759 1 1 1
v 0.345982 0.119636 1.47633 1 1 1
v -0.361142 0.13577 1.47175 1 1 1
v -0.363618 0.138417 1.471 1 1 1
v -0.244479 0.138417 1.471 1 1 1
v -0.185451 0.130564 1.47323 1 1 1
v -0.183211 0.138417 1.471 1 1 1
v 0.185451 0.130563 1.47323 1 1 1
v 0.183211 0.138417 1.471 1 1 1
v 0.244479 0.138417 1.471 1 1 1
v 0.361142 0.13577 1.47175 1 1 1
v 0.363618 0.138417 1.471 1 1 1
v -0.380602 0.157197 1.46567 1 1 1
v -0.244015 0.139544 1.47068 1 1 1
v -0.234261 0.157197 1.46567 1 1 1
v -0.180562 0.157197 1.46567 1 1 1
v 0.180562 0.157197 1.46567 1 1 1
v 0.244015 0.139544 1.47068 1 1 1
v 0.234261 0.157197 1.46567 1 1 1
v 0.380602 0.157197 1.46567 1 1 1
v -0.380663 0.157262 1.46565 1 1 1
v -0.398667 0.175978 1.46035 1 1 1
v -0.22872 0.175978 1.46035 1 1 1
v -0.178187 0.175978 1.46035 1 1 1
v 0.178187 0.175978 1.46035 1 1 1
v 0.22872 0.175978 1.46035 1 1 1
v 0.380663 0.157262 1.46565 1 1 1
v 0.398667 0.175978 1.46035 1 1 1
v -0.400184 0.177656 1.45987 1 1 1
v -0.416544 0.194758 1.45502 1 1 1
v -0.224493 0.187119 1.45719 1 1 1
v -0.217547 0.194758 1.45502 1 1 1
v -0.172459 0.194758 1.45502 1 1 1
v 0.172459 0.194758 1.45502 1 1 1
v 0.224494 0.187119 1.45719 1 1 1
v 0.217547 0.194758 1.45502 1 1 1
v 0.400184 0.177656 1.45987 1 1 1
v 0.416544 0.194758 1.45502 1 1 1
v -0.419705 0.197992 1.4541 1 1 1
v -0.434166 0.213538 1.44969 1 1 1
v -0.209593 0.213538 1.44969 1 1 1
v -0.174032 0.213538 1.44969 1 1 1
v 0.174031 0.213538 1.44969 1 1 1
v 0.209593 0.213538 1.44969 1 1 1
v 0.419705 0.197992 1.4541 1 1 1
v 0.434166 0.213538 1.44969 1 1 1
v -0.439226 0.219039 1.44813 1 1 1
v -0.452527 0.232319 1.44437 1 1 1
v -0.204972 0.227465 1.44574 1 1 1
v -0.185451 0.221387 1.44747 1 1 1
v 0.185451 0.221387 1.44747 1 1 1
v 0.204972 0.227465 1.44574 1 1 1
v 0.439226 0.219039 1.44813 1 1 1
v 0.452527 0.232319 1.44437 1 1 1
v -0.458747 0.239043 1.44246 1 1 1
v -0.469663 0.251099 1.43904 1 1 1
v -0.16593 0.233005 1.44417 1 1 1
v -0.171086 0.251099 1.43904 1 1 1
v -0.146409 0.249173 1.43959 1 1 1
v -0.145791 0.251099 1.43904 1 1 1
v 0.146409 0.249174 1.43959 1 1 1
v 0.145791 0.251099 1.43904 1 1 1
v 0.16593 0.233005 1.44417 1 1 1
v 0.171085 0.251099 1.43904 1 1 1
v 0.458748 0.239044 1.44246 1 1 1
v 0.469663 0.251099 1.43904 1 1 1
v -0.478269 0.260583 1.43635 1 1 1
v -0.486946 0.269879 1.43371 1 1 1
v -0.173206 0.269879 1.43371 1 1 1
v -0.143237 0.269879 1.43371 1 1 1
v 0.143237 0.269879 1.43371 1 1 1
v 0.173206 0.269879 1.43371 1 1 1
v 0.478269 0.260583 1.43635 1 1 1
v 0.486946 0.269879 1.43371 1 1 1
v -0.49779 0.281621 1.43038 1 1 1
v -0.50482 0.28866 1.42839 1 1 1
v -0.173319 0.28866 1.42839 1 1 1
v -0.13974 0.28866 1.42839 1 1 1
v 0.13974 0.28866 1.42839 1 1 1
v 0.173319 0.28866 1.42839 1 1 1
v 0.49779 0.281621 1.43038 1 1 1
v 0.50482 0.28866 1.42839 1 1 1
v -0.517311 0.301891 1.42463 1 1 1
v -0.522245 0.30744 1.42306 1 1 1
v -0.171694 0.30744 1.42306 1 1 1
v -0.136654 0.30744 1.42306 1 1 1
v 0.136655 0.30744 1.42306 1 1 1
v 0.171694 0.30744 1.42306 1 1 1
v 0.517311 0.301891 1.42463 1 1 1
v 0.522245 0.30744 1.42306 1 1 1
v -0.536832 0.322997 1.41865 1 1 1
v -0.540011 0.326221 1.41773 1 1 1
v -0.169446 0.326221 1.41773 1 1 1
v -0.137752 0.326221 1.41773 1 1 1
v 0.137752 0.326221 1.41773 1 1 1
v 0.169446 0.326221 1.41773 1 1 1
v 0.536832 0.322997 1.41865 1 1 1
v 0.540011 0.326221 1.41773 1 1 1
v -0.556353 0.344862 1.41245 1 1 1
v -0.556482 0.345001 1.41241 1 1 1
v -0.166902 0.345001 1.41241 1 1 1
v -0.139673 0.345001 1.41241 1 1 1
v 0.139673 0.345001 1.41241 1 1 1
v 0.166902 0.345001 1.41241 1 1 1
v 0.556353 0.344862 1.41245 1 1 1
v 0.556483 0.345001 1.41241 1 1 1
v -0.575214 0.363781 1.40708 1 1 1
v -0.16593 0.34818 1.4115 1 1 1
v -0.153021 0.363781 1.40708 1 1 1
v -0.142573 0.363781 1.40708 1 1 1
v 0.142573 0.363781 1.40708 1 1 1
v 0.16593 0.34818 1.4115 1 1 1
v 0.153021 0.363781 1.40708 1 1 1
v 0.575214 0.363781 1.40708 1 1 1
v -0.575874 0.364466 1.40689 1 1 1
v -0.592884 0.382562 1.40175 1 1 1
v -0.146409 0.381153 1.40215 1 1 1
v 0.146409 0.381153 1.40215 1 1 1
v 0.575874 0.364467 1.40689 1 1 1
v 0.592883 0.382562 1.40175 1 1 1
v -0.595396 0.385219 1.401 1 1 1
v -0.610985 0.401342 1.39643 1 1 1
v 0.595396 0.38522 1.401 1 1 1
v 0.610985 0.401342 1.39643 1 1 1
v -0.614917 0.40549 1.39525 1 1 1
v -0.629191 0.420123 1.3911 1 1 1
v 0.614917 0.40549 1.39525 1 1 1
v 0.629191 0.420123 1.3911 1 1 1
v -0.634438 0.425552 1.38956 1 1 1
v -0.64784 0.438903 1.38577 1 1 1
v 0.634438 0.425552 1.38956 1 1 1
v 0.64784 0.438903 1.38577 1 1 1
v -0.653959 0.445681 1.38385 1 1 1
v -0.664771 0.457683 1.38045 1 1 1
v 0.653959 0.445681 1.38385 1 1 1
v 0.664771 0.457683 1.38045 1 1 1
v -0.67348 0.467091 1.37778 1 1 1
v -0.682094 0.476464 1.37512 1 1 1
v 0.67348 0.467092 1.37778 1 1 1
v 0.682094 0.476464 1.37512 1 1 1
v -0.693001 0.488362 1.37174 1 1 1
v -0.699621 0.495244 1.36979 1 1 1
v -0.107366 0.485667 1.37251 1 1 1
v -0.111105 0.495244 1.36979 1 1 1
v -0.0878452 0.478392 1.37457 1 1 1
v -0.0683241 0.490368 1.37118 1 1 1
v -0.0652832 0.495244 1.36979 1 1 1
v 0.0683241 0.490368 1.37118 1 1 1
v 0.0652832 0.495244 1.36979 1 1 1
v 0.0878453 0.478392 1.37457 1 1 1
v 0.107366 0.485667 1.37251 1 1 1
v 0.111105 0.495244 1.36979 1 1 1
v 0.693002 0.488362 1.37174 1 1 1
v 0.699621 0.495244 1.36979 1 1 1
v -0.710424 0.514024 1.36447 1 1 1
v -0.108032 0.514024 1.36447 1 1 1
v -0.0597788 0.514024 1.36447 1 1 1
v 0.0597788 0.514024 1.36447 1 1 1
v 0.108032 0.514024 1.36447 1 1 1
v 0.710424 0.514024 1.36447 1 1 1
v -0.70689 0.532805 1.35914 1 1 1
v -0.107366 0.518248 1.36327 1 1 1
v -0.10205 0.532805 1.35914 1 1 1
v -0.0488029 0.527 1.36079 1 1 1
v -0.0454457 0.532805 1.35914 1 1 1
v 0.048803 0.527 1.36079 1 1 1
v 0.0454457 0.532805 1.35914 1 1 1
v 0.107366 0.518248 1.36327 1 1 1
v 0.10205 0.532805 1.35914 1 1 1
v 0.70689 0.532805 1.35914 1 1 1
v -0.700692 0.551585 1.35381 1 1 1
v -0.107366 0.543926 1.35599 1 1 1
v -0.112353 0.551585 1.35381 1 1 1
v -0.0292817 0.5469 1.35514 1 1 1
v -0.0097605 0.546049 1.35538 1 1 1
v 0.00976062 0.546049 1.35538 1 1 1
v 0.0292817 0.5469 1.35514 1 1 1
v 0.107366 0.543926 1.35599 1 1 1
v 0.112353 0.551585 1.35381 1 1 1
v 0.700692 0.551585 1.35381 1 1 1
v -0.696187 0.570366 1.34849 1 1 1
v -0.204972 0.568656 1.34897 1 1 1
v -0.217457 0.570366 1.34849 1 1 1
v -0.185451 0.565004 1.35001 1 1 1
v -0.16593 0.563205 1.35052 1 1 1
v -0.146409 0.560436 1.3513 1 1 1
v -0.126888 0.557923 1.35202 1 1 1
v 0.126888 0.557923 1.35202 1 1 1
v 0.146409 0.560436 1.3513 1 1 1
v 0.16593 0.563205 1.35052 1 1 1
v 0.185451 0.565004 1.35001 1 1 1
v 0.204972 0.568656 1.34897 1 1 1
v 0.217457 0.570366 1.34849 1 1 1
v 0.696187 0.570366 1.34849 1 1 1
v -0.693001 0.580251 1.34568 1 1 1
v -0.69052 0.589146 1.34316 1 1 1
v -0.302578 0.586486 1.34391 1 1 1
v -0.319133 0.589146 1.34316 1 1 1
v -0.283057 0.584091 1.34459 1 1 1
v -0.263536 0.581607 1.3453 1 1 1
v -0.244015 0.578727 1.34611 1 1 1
v -0.224493 0.57244 1.3479 1 1 1
v 0.224494 0.57244 1.3479 1 1 1
v 0.244015 0.578727 1.34611 1 1 1
v 0.263536 0.581607 1.3453 1 1 1
v 0.283057 0.584091 1.34459 1 1 1
v 0.302578 0.586486 1.34391 1 1 1
v 0.319133 0.589146 1.34316 1 1 1
v 0.693002 0.580251 1.34568 1 1 1
v 0.690521 0.589146 1.34316 1 1 1
v -0.684462 0.607926 1.33783 1 1 1
v -0.400184 0.605116 1.33863 1 1 1
v -0.417661 0.607926 1.33783 1 1 1
v -0.380663 0.602576 1.33935 1 1 1
v -0.361142 0.600516 1.33993 1 1 1
v -0.34162 0.597257 1.34086 1 1 1
v -0.322099 0.590306 1.34283 1 1 1
v 0.322099 0.590306 1.34283 1 1 1
v 0.34162 0.597257 1.34086 1 1 1
v 0.361142 0.600516 1.33993 1 1 1
v 0.380663 0.602576 1.33935 1 1 1
v 0.400184 0.605116 1.33863 1 1 1
v 0.417661 0.607926 1.33783 1 1 1
v 0.684462 0.607926 1.33783 1 1 1
v -0.680052 0.626707 1.33251 1 1 1
v -0.517311 0.625232 1.33292 1 1 1
v -0.528557 0.626707 1.33251 1 1 1
v -0.49779 0.622449 1.33371 1 1 1
v -0.478269 0.62069 1.33421 1 1 1
v -0.458747 0.618191 1.33492 1 1 1
v -0.439226 0.614874 1.33586 1 1 1
v -0.419705 0.608709 1.33761 1 1 1
v 0.419705 0.608709 1.33761 1 1 1
v 0.439226 0.614874 1.33586 1 1 1
v 0.458748 0.618191 1.33492 1 1 1
v 0.478269 0.62069 1.33421 1 1 1
v 0.49779 0.622449 1.33371 1 1 1
v 0.517311 0.625232 1.33292 1 1 1
v 0.528557 0.626707 1.33251 1 1 1
v 0.680051 0.626707 1.33251 1 1 1
v -0.67348 0.640864 1.32849 1 1 1
v -0.653959 0.644279 1.32752 1 1 1
v -0.634438 0.640621 1.32856 1 1 1
v -0.614917 0.63832 1.32921 1 1 1
v -0.595396 0.636229 1.32981 1 1 1
v -0.575874 0.634863 1.33019 1 1 1
v -0.556353 0.632352 1.33091 1 1 1
v -0.536832 0.628781 1.33192 1 1 1
v 0.536832 0.628781 1.33192 1 1 1
v 0.556353 0.632352 1.33091 1 1 1
v 0.575874 0.634863 1.33019 1 1 1
v 0.595396 0.636229 1.32981 1 1 1
v 0.614917 0.63832 1.32921 1 1 1
v 0.634438 0.640621 1.32856 1 1 1
v 0.653959 0.644279 1.32752 1 1 1
v 0.67348 0.640864 1.32849 1 1 1
v -0.204972 0.0656459 1.66369 1 1 1
v -0.210972 0.0709032 1.66213 1 1 1
v -0.185451 0.0620806 1.66474 1 1 1
v -0.16593 0.06229 1.66468 1 1 1
v -0.146409 0.0614242 1.66494 1 1 1
v -0.126888 0.0610253 1.66506 1 1 1
v -0.107366 0.060401 1.66524 1 1 1
v -0.0878452 0.0600435 1.66535 1 1 1
v -0.0683241 0.0606114 1.66518 1 1 1
v -0.0488029 0.0602959 1.66527 1 1 1
v -0.0292817 0.0599258 1.66538 1 1 1
v -0.0097605 0.0605235 1.66521 1 1 1
v 0.00976062 0.0605235 1.66521 1 1 1
v 0.0292817 0.0599258 1.66538 1 1 1
v 0.048803 0.0602959 1.66527 1 1 1
v 0.0683241 0.0606114 1.66518 1 1 1
v 0.0878453 0.0600435 1.66535 1 1 1
v 0.107366 0.060401 1.66524 1 1 1
v 0.126888 0.0610253 1.66506 1 1 1
v 0.146409 0.0614242 1.66494 1 1 1
v 0.16593 0.06229 1.66468 1 1 1
v 0.185451 0.0620807 1.66474 1 1 1
v 0.204972 0.065646 1.66369 1 1 1
v 0.210972 0.0709032 1.66213 1 1 1
v -0.211235 0.0896188 1.65658 1 1 1
v 0.211235 0.0896188 1.65658 1 1 1
v -0.283057 0.104288 1.65223 1 1 1
v -0.287036 0.108335 1.65103 1 1 1
v -0.279787 0.108335 1.65103 1 1 1
v -0.204972 0.10209 1.65288 1 1 1
v -0.202544 0.108335 1.65103 1 1 1
v 0.204972 0.10209 1.65288 1 1 1
v 0.202544 0.108335 1.65103 1 1 1
v 0.283057 0.104288 1.65223 1 1 1
v 0.279787 0.108335 1.65103 1 1 1
v 0.287036 0.108335 1.65103 1 1 1
v -0.302578 0.120146 1.64753 1 1 1
v -0.30917 0.12705 1.64548 1 1 1
v -0.269911 0.12705 1.64548 1 1 1
v -0.198082 0.12705 1.64548 1 1 1
v 0.198082 0.12705 1.64548 1 1 1
v 0.269911 0.12705 1.64548 1 1 1
v 0.302578 0.120146 1.64753 1 1 1
v 0.30917 0.12705 1.64548 1 1 1
v -0.322099 0.1411 1.64131 1 1 1
v -0.326282 0.145766 1.63993 1 1 1
v -0.263536 0.141422 1.64122 1 1 1
v -0.261039 0.145766 1.63993 1 1 1
v -0.195137 0.145766 1.63993 1 1 1
v 0.195137 0.145766 1.63993 1 1 1
v 0.263536 0.141421 1.64122 1 1 1
v 0.261039 0.145766 1.63993 1 1 1
v 0.322099 0.1411 1.64131 1 1 1
v 0.326282 0.145766 1.63993 1 1 1
v -0.34162 0.162782 1.63488 1 1 1
v -0.343294 0.164482 1.63438 1 1 1
v -0.25375 0.164482 1.63438 1 1 1
v -0.190019 0.164482 1.63438 1 1 1
v 0.190019 0.164482 1.63438 1 1 1
v 0.25375 0.164482 1.63438 1 1 1
v 0.34162 0.162782 1.63488 1 1 1
v 0.343294 0.164482 1.63438 1 1 1
v -0.360885 0.183197 1.62883 1 1 1
v -0.245647 0.183197 1.62883 1 1 1
v -0.185451 0.173004 1.63185 1 1 1
v -0.18265 0.183197 1.62883 1 1 1
v 0.185451 0.173004 1.63185 1 1 1
v 0.18265 0.183197 1.62883 1 1 1
v 0.245647 0.183197 1.62883 1 1 1
v 0.360885 0.183197 1.62883 1 1 1
v -0.361142 0.183472 1.62875 1 1 1
v -0.378337 0.201913 1.62328 1 1 1
v -0.244015 0.187043 1.62769 1 1 1
v -0.23556 0.201913 1.62328 1 1 1
v -0.18002 0.201913 1.62328 1 1 1
v 0.18002 0.201913 1.62328 1 1 1
v 0.244015 0.187043 1.62769 1 1 1
v 0.235561 0.201913 1.62328 1 1 1
v 0.361142 0.183472 1.62875 1 1 1
v 0.378337 0.201913 1.62328 1 1 1
v -0.380663 0.204389 1.62255 1 1 1
v -0.396316 0.220629 1.61773 1 1 1
v -0.229459 0.220629 1.61773 1 1 1
v -0.17763 0.220629 1.61773 1 1 1
v 0.17763 0.220629 1.61773 1 1 1
v 0.229459 0.220629 1.61773 1 1 1
v 0.380663 0.204389 1.62255 1 1 1
v 0.396316 0.220629 1.61773 1 1 1
v -0.400184 0.224915 1.61646 1 1 1
v -0.414035 0.239345 1.61218 1 1 1
v -0.224493 0.233248 1.61399 1 1 1
v -0.218737 0.239345 1.61218 1 1 1
v -0.17246 0.239345 1.61218 1 1 1
v 0.17246 0.239345 1.61218 1 1 1
v 0.224494 0.233247 1.61399 1 1 1
v 0.218737 0.239345 1.61218 1 1 1
v 0.400184 0.224915 1.61646 1 1 1
v 0.414035 0.239345 1.61218 1 1 1
v -0.419705 0.245117 1.61047 1 1 1
v -0.431744 0.25806 1.60663 1 1 1
v -0.210028 0.25806 1.60663 1 1 1
v -0.175171 0.25806 1.60663 1 1 1
v 0.175171 0.25806 1.60663 1 1 1
v 0.210028 0.25806 1.60663 1 1 1
v 0.419705 0.245117 1.61047 1 1 1
v 0.431744 0.25806 1.60663 1 1 1
v -0.439226 0.266192 1.60422 1 1 1
v -0.449881 0.276776 1.60108 1 1 1
v -0.204972 0.27182 1.60255 1 1 1
v -0.185451 0.264457 1.60474 1 1 1
v 0.185451 0.264457 1.60474 1 1 1
v 0.204972 0.27182 1.60255 1 1 1
v 0.439226 0.266192 1.60422 1 1 1
v 0.449881 0.276776 1.60108 1 1 1
v -0.458747 0.286341 1.59825 1 1 1
v -0.467022 0.295492 1.59553 1 1 1
v -0.16593 0.279039 1.60041 1 1 1
v -0.17039 0.295492 1.59553 1 1 1
v -0.146409 0.292407 1.59645 1 1 1
v -0.145423 0.295492 1.59553 1 1 1
v 0.146409 0.292407 1.59645 1 1 1
v 0.145423 0.295492 1.59553 1 1 1
v 0.16593 0.279039 1.60041 1 1 1
v 0.17039 0.295492 1.59553 1 1 1
v 0.458748 0.286341 1.59825 1 1 1
v 0.467022 0.295492 1.59553 1 1 1
v -0.478269 0.307859 1.59187 1 1 1
v -0.484225 0.314208 1.58998 1 1 1
v -0.17259 0.314208 1.58998 1 1 1
v -0.142929 0.314208 1.58998 1 1 1
v 0.142929 0.314208 1.58998 1 1 1
v 0.17259 0.314208 1.58998 1 1 1
v 0.478269 0.307859 1.59187 1 1 1
v 0.484226 0.314208 1.58998 1 1 1
v -0.49779 0.328872 1.58564 1 1 1
v -0.501834 0.332923 1.58443 1 1 1
v -0.172795 0.332923 1.58443 1 1 1
v -0.139405 0.332923 1.58443 1 1 1
v 0.139405 0.332923 1.58443 1 1 1
v 0.172795 0.332923 1.58443 1 1 1
v 0.49779 0.328872 1.58564 1 1 1
v 0.501834 0.332923 1.58443 1 1 1
v -0.517311 0.349249 1.57959 1 1 1
v -0.519438 0.351639 1.57889 1 1 1
v -0.171676 0.351639 1.57889 1 1 1
v -0.136926 0.351639 1.57889 1 1 1
v 0.136926 0.351639 1.57889 1 1 1
v 0.171676 0.351639 1.57889 1 1 1
v 0.517311 0.34925 1.57959 1 1 1
v 0.519438 0.351639 1.57889 1 1 1
v -0.536832 0.370192 1.57338 1 1 1
v -0.536994 0.370355 1.57334 1 1 1
v -0.169723 0.370355 1.57334 1 1 1
v -0.138411 0.370355 1.57334 1 1 1
v 0.138411 0.370355 1.57334 1 1 1
v 0.169723 0.370355 1.57334 1 1 1
v 0.536832 0.370192 1.57338 1 1 1
v 0.536993 0.370355 1.57334 1 1 1
v -0.554049 0.389071 1.56779 1 1 1
v -0.167156 0.389071 1.56779 1 1 1
v -0.140361 0.389071 1.56779 1 1 1
v 0.140361 0.389071 1.56779 1 1 1
v 0.167156 0.389071 1.56779 1 1 1
v 0.554049 0.389071 1.56779 1 1 1
v -0.556353 0.391542 1.56705 1 1 1
v -0.572682 0.407786 1.56224 1 1 1
v -0.16593 0.39307 1.5666 1 1 1
v -0.153202 0.407786 1.56224 1 1 1
v -0.143161 0.407786 1.56224 1 1 1
v 0.143162 0.407786 1.56224 1 1 1
v 0.16593 0.39307 1.5666 1 1 1
v 0.153202 0.407786 1.56224 1 1 1
v 0.556353 0.391542 1.56705 1 1 1
v 0.572681 0.407786 1.56224 1 1 1
v -0.575874 0.411082 1.56126 1 1 1
v -0.590442 0.426502 1.55669 1 1 1
v -0.146409 0.423053 1.55771 1 1 1
v 0.146409 0.423053 1.55771 1 1 1
v 0.575874 0.411082 1.56126 1 1 1
v 0.590442 0.426502 1.55669 1 1 1
v -0.595396 0.431715 1.55514 1 1 1
v -0.608487 0.445218 1.55114 1 1 1
v 0.595396 0.431715 1.55514 1 1 1
v 0.608487 0.445218 1.55114 1 1 1
v -0.614917 0.45196 1.54914 1 1 1
v -0.626637 0.463934 1.54559 1 1 1
v 0.614917 0.45196 1.54914 1 1 1
v 0.626637 0.463934 1.54559 1 1 1
v -0.634438 0.472016 1.54319 1 1 1
v -0.645231 0.482649 1.54004 1 1 1
v 0.634438 0.472016 1.54319 1 1 1
v 0.645231 0.482649 1.54004 1 1 1
v -0.653959 0.492266 1.53719 1 1 1
v -0.662102 0.501365 1.53449 1 1 1
v 0.653959 0.492266 1.53719 1 1 1
v 0.662101 0.501365 1.53449 1 1 1
v -0.67348 0.513648 1.53085 1 1 1
v -0.679412 0.520081 1.52894 1 1 1
v 0.67348 0.513648 1.53085 1 1 1
v 0.679412 0.520081 1.52894 1 1 1
v -0.693001 0.534972 1.52452 1 1 1
v -0.696645 0.538796 1.52339 1 1 1
v -0.107366 0.530015 1.52599 1 1 1
v -0.111414 0.538796 1.52339 1 1 1
v -0.0878452 0.523726 1.52786 1 1 1
v -0.0683241 0.533989 1.52482 1 1 1
v -0.0649726 0.538796 1.52339 1 1 1
v 0.0683241 0.533989 1.52482 1 1 1
v 0.0649726 0.538796 1.52339 1 1 1
v 0.0878453 0.523726 1.52786 1 1 1
v 0.107366 0.530016 1.52599 1 1 1
v 0.111414 0.538796 1.52339 1 1 1
v 0.693002 0.534972 1.52452 1 1 1
v 0.696646 0.538796 1.52339 1 1 1
v -0.708233 0.557512 1.51784 1 1 1
v -0.10836 0.557512 1.51784 1 1 1
v -0.0590326 0.557512 1.51784 1 1 1
v 0.0590326 0.557512 1.51784 1 1 1
v 0.10836 0.557512 1.51784 1 1 1
v 0.708233 0.557512 1.51784 1 1 1
v -0.704824 0.576228 1.51229 1 1 1
v -0.107366 0.564591 1.51574 1 1 1
v -0.103567 0.576228 1.51229 1 1 1
v -0.0488029 0.569249 1.51436 1 1 1
v -0.0446415 0.576228 1.51229 1 1 1
v 0.048803 0.569249 1.51436 1 1 1
v 0.0446415 0.576228 1.51229 1 1 1
v 0.107366 0.564591 1.51574 1 1 1
v 0.103567 0.576228 1.51229 1 1 1
v 0.704824 0.576228 1.51229 1 1 1
v -0.698509 0.594944 1.50674 1 1 1
v -0.107366 0.58377 1.51005 1 1 1
v -0.114942 0.594944 1.50674 1 1 1
v -0.0292817 0.589339 1.5084 1 1 1
v -0.0097605 0.588691 1.5086 1 1 1
v 0.00976062 0.588691 1.5086 1 1 1
v 0.0292817 0.589339 1.5084 1 1 1
v 0.107366 0.58377 1.51005 1 1 1
v 0.114942 0.594944 1.50674 1 1 1
v 0.698509 0.594944 1.50674 1 1 1
v -0.693755 0.613659 1.50119 1 1 1
v -0.204972 0.61121 1.50192 1 1 1
v -0.223439 0.613659 1.50119 1 1 1
v -0.185451 0.607338 1.50307 1 1 1
v -0.16593 0.60548 1.50362 1 1 1
v -0.146409 0.602621 1.50447 1 1 1
v -0.126888 0.600047 1.50523 1 1 1
v 0.126888 0.600047 1.50523 1 1 1
v 0.146409 0.602621 1.50447 1 1 1
v 0.16593 0.60548 1.50362 1 1 1
v 0.185451 0.607338 1.50307 1 1 1
v 0.204972 0.61121 1.50192 1 1 1
v 0.223439 0.613659 1.50119 1 1 1
v 0.693755 0.613659 1.50119 1 1 1
v -0.693001 0.616011 1.50049 1 1 1
v -0.688455 0.632375 1.49564 1 1 1
v -0.322099 0.632152 1.49571 1 1 1
v -0.323071 0.632375 1.49564 1 1 1
v -0.302578 0.628985 1.49665 1 1 1
v -0.283057 0.62644 1.4974 1 1 1
v -0.263536 0.623922 1.49815 1 1 1
v -0.244015 0.62063 1.49913 1 1 1
v -0.224493 0.613957 1.5011 1 1 1
v 0.224494 0.613957 1.5011 1 1 1
v 0.244015 0.62063 1.49913 1 1 1
v 0.263536 0.623922 1.49815 1 1 1
v 0.283057 0.62644 1.4974 1 1 1
v 0.302578 0.628985 1.49665 1 1 1
v 0.322099 0.632152 1.49571 1 1 1
v 0.323071 0.632375 1.49564 1 1 1
v 0.693002 0.616011 1.50049 1 1 1
v 0.688455 0.632375 1.49564 1 1 1
v -0.682496 0.651091 1.49009 1 1 1
v -0.419705 0.650792 1.49018 1 1 1
v -0.421469 0.651091 1.49009 1 1 1
v -0.400184 0.647652 1.49111 1 1 1
v -0.380663 0.645004 1.4919 1 1 1
v -0.361142 0.642797 1.49255 1 1 1
v -0.34162 0.639313 1.49359 1 1 1
v 0.34162 0.639313 1.49359 1 1 1
v 0.361142 0.642797 1.49255 1 1 1
v 0.380663 0.645004 1.4919 1 1 1
v 0.400184 0.647652 1.49111 1 1 1
v 0.419705 0.650792 1.49018 1 1 1
v 0.421469 0.651091 1.49009 1 1 1
v 0.682496 0.651091 1.49009 1 1 1
v -0.677905 0.669807 1.48454 1 1 1
v -0.517311 0.667514 1.48522 1 1 1
v -0.535549 0.669807 1.48454 1 1 1
v -0.49779 0.664743 1.48604 1 1 1
v -0.478269 0.662984 1.48657 1 1 1
v -0.458747 0.660362 1.48734 1 1 1
v -0.439226 0.656794 1.4884 1 1 1
v 0.439226 0.656794 1.4884 1 1 1
v 0.458748 0.660362 1.48734 1 1 1
v 0.478269 0.662984 1.48657 1 1 1
v 0.49779 0.664743 1.48604 1 1 1
v 0.517311 0.667514 1.48522 1 1 1
v 0.535549 0.669807 1.48454 1 1 1
v 0.677905 0.669807 1.48454 1 1 1
v -0.67348 0.679295 1.48173 1 1 1
v -0.653959 0.68536 1.47993 1 1 1
v -0.634438 0.682016 1.48092 1 1 1
v -0.614917 0.679736 1.4816 1 1 1
v -0.595396 0.677741 1.48219 1 1 1
v -0.575874 0.676421 1.48258 1 1 1
v -0.556353 0.673619 1.48341 1 1 1
v -0.536832 0.670111 1.48445 1 1 1
v 0.536832 0.670111 1.48445 1 1 1
v 0.556353 0.673619 1.48341 1 1 1
v 0.575874 0.676421 1.48258 1 1 1
v 0.595396 0.677741 1.48219 1 1 1
v 0.614917 0.679736 1.4816 1 1 1
v 0.634438 0.682016 1.48092 1 1 1
v 0.653959 0.68536 1.47993 1 1 1
v 0.67348 0.679294 1.48173 1 1 1
v -0.204972 0.115216 1.8225 1 1 1
v -0.208397 0.118215 1.82157 1 1 1
v -0.185451 0.110951 1.82384 1 1 1
v -0.16593 0.111211 1.82376 1 1 1
v -0.146409 0.11017 1.82408 1 1 1
v -0.126888 0.109642 1.82425 1 1 1
v -0.107366 0.109058 1.82443 1 1 1
v -0.0878452 0.108622 1.82456 1 1 1
v -0.0683241 0.109165 1.82439 1 1 1
v -0.0488029 0.108917 1.82447 1 1 1
v -0.0292817 0.108551 1.82459 1 1 1
v -0.0097605 0.10907 1.82442 1 1 1
v 0.00976062 0.10907 1.82442 1 1 1
v 0.0292817 0.108551 1.82459 1 1 1
v 0.048803 0.108917 1.82447 1 1 1
v 0.0683241 0.109165 1.82439 1 1 1
v 0.0878453 0.108622 1.82456 1 1 1
v 0.107366 0.109058 1.82443 1 1 1
v 0.126888 0.109642 1.82425 1 1 1
v 0.146409 0.11017 1.82408 1 1 1
v 0.16593 0.111211 1.82376 1 1 1
v 0.185451 0.110951 1.82384 1 1 1
v 0.204972 0.115216 1.8225 1 1 1
v 0.208397 0.118215 1.82157 1 1 1
v -0.209377 0.136848 1.81574 1 1 1
v 0.209377 0.136848 1.81574 1 1 1
v -0.283057 0.155156 1.81002 1 1 1
v -0.283378 0.155481 1.80992 1 1 1
v -0.282788 0.155481 1.80992 1 1 1
v -0.204972 0.145812 1.81294 1 1 1
v -0.201284 0.155481 1.80992 1 1 1
v 0.204972 0.145812 1.81294 1 1 1
v 0.201284 0.155481 1.80992 1 1 1
v 0.283057 0.155156 1.81002 1 1 1
v 0.282788 0.155481 1.80992 1 1 1
v 0.283378 0.155481 1.80992 1 1 1
v -0.302578 0.170104 1.80535 1 1 1
v -0.306414 0.174114 1.8041 1 1 1
v -0.27196 0.174114 1.8041 1 1 1
v -0.196753 0.174114 1.8041 1 1 1
v 0.196753 0.174114 1.8041 1 1 1
v 0.27196 0.174114 1.8041 1 1 1
v 0.302578 0.170104 1.80535 1 1 1
v 0.306414 0.174114 1.8041 1 1 1
v -0.322099 0.191113 1.79879 1 1 1
v -0.323569 0.192746 1.79828 1 1 1
v -0.263536 0.192338 1.79841 1 1 1
v -0.263292 0.192746 1.79828 1 1 1
v -0.193646 0.192746 1.79828 1 1 1
v 0.193646 0.192746 1.79828 1 1 1
v 0.263536 0.192338 1.79841 1 1 1
v 0.263292 0.192746 1.79828 1 1 1
v 0.322099 0.191113 1.79879 1 1 1
v 0.323569 0.192746 1.79828 1 1 1
v -0.340664 0.211379 1.79246 1 1 1
v -0.255416 0.211379 1.79246 1 1 1
v -0.188365 0.211379 1.79246 1 1 1
v 0.188365 0.211379 1.79246 1 1 1
v 0.255416 0.211379 1.79246 1 1 1
v 0.340664 0.211379 1.79246 1 1 1
v -0.34162 0.212416 1.79213 1 1 1
v -0.358445 0.230012 1.78664 1 1 1
v -0.246978 0.230012 1.78664 1 1 1
v -0.185451 0.217059 1.79068 1 1 1
v -0.182037 0.230012 1.78664 1 1 1
v 0.185451 0.217059 1.79068 1 1 1
v 0.182037 0.230012 1.78664 1 1 1
v 0.246978 0.230012 1.78664 1 1 1
v 0.34162 0.212416 1.79213 1 1 1
v 0.358445 0.230012 1.78664 1 1 1
v -0.361142 0.232879 1.78574 1 1 1
v -0.375892 0.248645 1.78081 1 1 1
v -0.244015 0.236759 1.78453 1 1 1
v -0.237035 0.248645 1.78081 1 1 1
v -0.179426 0.248645 1.78081 1 1 1
v 0.179426 0.248645 1.78081 1 1 1
v 0.244015 0.236758 1.78453 1 1 1
v 0.237035 0.248645 1.78081 1 1 1
v 0.361142 0.232879 1.78574 1 1 1
v 0.375893 0.248645 1.78081 1 1 1
v -0.380663 0.253715 1.77923 1 1 1
v -0.393773 0.267278 1.77499 1 1 1
v -0.230297 0.267278 1.77499 1 1 1
v -0.17703 0.267278 1.77499 1 1 1
v 0.17703 0.267278 1.77499 1 1 1
v 0.230297 0.267278 1.77499 1 1 1
v 0.380663 0.253715 1.77923 1 1 1
v 0.393773 0.267278 1.77499 1 1 1
v -0.400184 0.27439 1.77277 1 1 1
v -0.411292 0.285911 1.76917 1 1 1
v -0.224493 0.281437 1.77057 1 1 1
v -0.220088 0.285911 1.76917 1 1 1
v -0.172462 0.285911 1.76917 1 1 1
v 0.172462 0.285911 1.76917 1 1 1
v 0.224494 0.281437 1.77057 1 1 1
v 0.220088 0.285911 1.76917 1 1 1
v 0.400184 0.27439 1.77277 1 1 1
v 0.411292 0.285911 1.76917 1 1 1
v -0.419705 0.294424 1.76651 1 1 1
v -0.429123 0.304544 1.76335 1 1 1
v -0.21052 0.304544 1.76335 1 1 1
v -0.176321 0.304544 1.76335 1 1 1
v 0.176321 0.304544 1.76335 1 1 1
v 0.21052 0.304544 1.76335 1 1 1
v 0.419705 0.294424 1.76651 1 1 1
v 0.429123 0.304544 1.76335 1 1 1
v -0.439226 0.315511 1.75992 1 1 1
v -0.446991 0.323176 1.75753 1 1 1
v -0.204972 0.318133 1.7591 1 1 1
v -0.185451 0.309722 1.76173 1 1 1
v 0.185451 0.309722 1.76173 1 1 1
v 0.204972 0.318133 1.7591 1 1 1
v 0.439226 0.315511 1.75992 1 1 1
v 0.446991 0.323176 1.75753 1 1 1
v -0.458747 0.335823 1.75358 1 1 1
v -0.464157 0.341809 1.75171 1 1 1
v -0.16593 0.326899 1.75636 1 1 1
v -0.169801 0.341809 1.75171 1 1 1
v -0.146409 0.337479 1.75306 1 1 1
v -0.145028 0.341809 1.75171 1 1 1
v 0.146409 0.337479 1.75306 1 1 1
v 0.145029 0.341809 1.75171 1 1 1
v 0.16593 0.326899 1.75636 1 1 1
v 0.169801 0.341809 1.75171 1 1 1
v 0.458748 0.335823 1.75358 1 1 1
v 0.464157 0.341809 1.75171 1 1 1
v -0.478269 0.357281 1.74687 1 1 1
v -0.481254 0.360442 1.74588 1 1 1
v -0.172049 0.360442 1.74588 1 1 1
v -0.142598 0.360442 1.74588 1 1 1
v 0.142598 0.360442 1.74588 1 1 1
v 0.172049 0.360442 1.74588 1 1 1
v 0.478269 0.357281 1.74687 1 1 1
v 0.481254 0.360442 1.74588 1 1 1
v -0.49779 0.378276 1.74031 1 1 1
v -0.498588 0.379075 1.74006 1 1 1
v -0.172322 0.379075 1.74006 1 1 1
v -0.139058 0.379075 1.74006 1 1 1
v 0.139058 0.379075 1.74006 1 1 1
v 0.172322 0.379075 1.74006 1 1 1
v 0.49779 0.378276 1.74031 1 1 1
v 0.498588 0.379075 1.74006 1 1 1
v -0.516507 0.397708 1.73424 1 1 1
v -0.171658 0.397708 1.73424 1 1 1
v -0.137188 0.397708 1.73424 1 1 1
v 0.137188 0.397708 1.73424 1 1 1
v 0.171658 0.397708 1.73424 1 1 1
v 0.516507 0.397708 1.73424 1 1 1
v -0.517311 0.398595 1.73396 1 1 1
v -0.5341 0.416341 1.72842 1 1 1
v -0.170018 0.416341 1.72842 1 1 1
v -0.139008 0.416341 1.72842 1 1 1
v 0.139008 0.416341 1.72842 1 1 1
v 0.170018 0.416341 1.72842 1 1 1
v 0.517311 0.398595 1.73396 1 1 1
v 0.5341 0.416341 1.72842 1 1 1
v -0.536832 0.419035 1.72758 1 1 1
v -0.551449 0.434974 1.7226 1 1 1
v -0.167431 0.434974 1.7226 1 1 1
v -0.140956 0.434974 1.7226 1 1 1
v 0.140956 0.434974 1.7226 1 1 1
v 0.167431 0.434974 1.7226 1 1 1
v 0.536832 0.419036 1.72758 1 1 1
v 0.551449 0.434974 1.7226 1 1 1
v -0.556353 0.440209 1.72096 1 1 1
v -0.569924 0.453606 1.71678 1 1 1
v -0.16593 0.439858 1.72107 1 1 1
v -0.153417 0.453606 1.71678 1 1 1
v -0.143639 0.453606 1.71678 1 1 1
v 0.143639 0.453606 1.71678 1 1 1
v 0.16593 0.439857 1.72107 1 1 1
v 0.153417 0.453606 1.71678 1 1 1
v 0.556353 0.440209 1.72096 1 1 1
v 0.569924 0.453606 1.71678 1 1 1
v -0.575874 0.459713 1.71487 1 1 1
v -0.587782 0.472239 1.71095 1 1 1
v -0.146409 0.467026 1.71258 1 1 1
v 0.146409 0.467026 1.71258 1 1 1
v 0.575874 0.459713 1.71487 1 1 1
v 0.587782 0.472239 1.71095 1 1 1
v -0.595396 0.480202 1.70847 1 1 1
v -0.605778 0.490872 1.70513 1 1 1
v 0.595396 0.480202 1.70847 1 1 1
v 0.605778 0.490872 1.70513 1 1 1
v -0.614917 0.500384 1.70216 1 1 1
v -0.623883 0.509505 1.69931 1 1 1
v 0.614917 0.500384 1.70216 1 1 1
v 0.623883 0.509505 1.69931 1 1 1
v -0.634438 0.520448 1.69589 1 1 1
v -0.642344 0.528138 1.69349 1 1 1
v 0.634438 0.520448 1.69589 1 1 1
v 0.642344 0.528138 1.69349 1 1 1
v -0.653959 0.540854 1.68952 1 1 1
v -0.65922 0.546771 1.68767 1 1 1
v 0.653959 0.540854 1.68952 1 1 1
v 0.65922 0.546771 1.68767 1 1 1
v -0.67348 0.562141 1.68286 1 1 1
v -0.676502 0.565404 1.68185 1 1 1
v 0.67348 0.562141 1.68286 1 1 1
v 0.676502 0.565404 1.68185 1 1 1
v -0.693001 0.583563 1.67617 1 1 1
v -0.693449 0.584036 1.67602 1 1 1
v -0.107366 0.575908 1.67856 1 1 1
v -0.111757 0.584036 1.67602 1 1 1
v -0.0878452 0.57048 1.68026 1 1 1
v -0.0683241 0.579296 1.6775 1 1 1
v -0.0646292 0.584036 1.67602 1 1 1
v 0.0683241 0.579296 1.6775 1 1 1
v 0.0646292 0.584036 1.67602 1 1 1
v 0.0878453 0.57048 1.68026 1 1 1
v 0.107366 0.575908 1.67856 1 1 1
v 0.111757 0.584036 1.67602 1 1 1
v 0.693002 0.583563 1.67617 1 1 1
v 0.693449 0.584036 1.67602 1 1 1
v -0.705848 0.602669 1.6702 1 1 1
v -0.108727 0.602669 1.6702 1 1 1
v -0.0582101 0.602669 1.6702 1 1 1
v 0.0582101 0.602669 1.6702 1 1 1
v 0.108727 0.602669 1.6702 1 1 1
v 0.705848 0.602669 1.6702 1 1 1
v -0.702573 0.621302 1.66438 1 1 1
v -0.107366 0.613896 1.66669 1 1 1
v -0.105272 0.621302 1.66438 1 1 1
v -0.0488029 0.613114 1.66694 1 1 1
v -0.043754 0.621302 1.66438 1 1 1
v 0.048803 0.613114 1.66694 1 1 1
v 0.043754 0.621302 1.66438 1 1 1
v 0.107366 0.613896 1.66669 1 1 1
v 0.105272 0.621302 1.66438 1 1 1
v 0.702573 0.621302 1.66438 1 1 1
v -0.696129 0.639935 1.65856 1 1 1
v -0.107366 0.625232 1.66315 1 1 1
v -0.11778 0.639935 1.65856 1 1 1
v -0.0292817 0.633365 1.66061 1 1 1
v -0.0097605 0.63292 1.66075 1 1 1
v 0.00976062 0.63292 1.66075 1 1 1
v 0.0292817 0.633365 1.66061 1 1 1
v 0.107366 0.625232 1.66315 1 1 1
v 0.11778 0.639935 1.65856 1 1 1
v 0.696129 0.639935 1.65856 1 1 1
v -0.693001 0.652129 1.65475 1 1 1
v -0.691427 0.658568 1.65274 1 1 1
v -0.224493 0.657859 1.65296 1 1 1
v -0.228124 0.658568 1.65274 1 1 1
v -0.204972 0.65532 1.65375 1 1 1
v -0.185451 0.651218 1.65503 1 1 1
v -0.16593 0.649294 1.65563 1 1 1
v -0.146409 0.646344 1.65656 1 1 1
v -0.126888 0.643738 1.65737 1 1 1
v 0.126888 0.643738 1.65737 1 1 1
v 0.146409 0.646344 1.65656 1 1 1
v 0.16593 0.649294 1.65563 1 1 1
v 0.185451 0.651218 1.65503 1 1 1
v 0.204972 0.65532 1.65375 1 1 1
v 0.224494 0.657859 1.65296 1 1 1
v 0.228125 0.658568 1.65274 1 1 1
v 0.693002 0.652129 1.65475 1 1 1
v 0.691427 0.658568 1.65274 1 1 1
v -0.686208 0.677201 1.64692 1 1 1
v -0.322099 0.676251 1.64721 1 1 1
v -0.32626 0.677201 1.64692 1 1 1
v -0.302578 0.673027 1.64822 1 1 1
v -0.283057 0.670329 1.64906 1 1 1
v -0.263536 0.667771 1.64986 1 1 1
v -0.244015 0.664039 1.65103 1 1 1
v 0.244015 0.664039 1.65103 1 1 1
v 0.263536 0.667771 1.64986 1 1 1
v 0.283057 0.670329 1.64906 1 1 1
v 0.302578 0.673027 1.64822 1 1 1
v 0.322099 0.676251 1.64721 1 1 1
v 0.32626 0.677201 1.64692 1 1 1
v 0.686208 0.677201 1.64692 1 1 1
v -0.680353 0.695834 1.64109 1 1 1
v -0.419705 0.694895 1.64139 1 1 1
v -0.425321 0.695834 1.64109 1 1 1
v -0.400184 0.691721 1.64238 1 1 1
v -0.380663 0.688961 1.64324 1 1 1
v -0.361142 0.686595 1.64398 1 1 1
v -0.34162 0.682883 1.64514 1 1 1
v 0.34162 0.682883 1.64514 1 1 1
v 0.361142 0.686595 1.64398 1 1 1
v 0.380663 0.688961 1.64324 1 1 1
v 0.400184 0.691721 1.64238 1 1 1
v 0.419705 0.694895 1.64139 1 1 1
v 0.425321 0.695834 1.64109 1 1 1
v 0.680353 0.695834 1.64109 1 1 1
v -0.675568 0.714466 1.63527 1 1 1
v -0.536832 0.71364 1.63553 1 1 1
v -0.545259 0.714466 1.63527 1 1 1
v -0.517311 0.71129 1.63626 1 1 1
v -0.49779 0.708541 1.63712 1 1 1
v -0.478269 0.706782 1.63767 1 1 1
v -0.458747 0.704037 1.63853 1 1 1
v -0.439226 0.700215 1.63972 1 1 1
v 0.439226 0.700215 1.63972 1 1 1
v 0.458748 0.704037 1.63853 1 1 1
v 0.478269 0.706782 1.63767 1 1 1
v 0.49779 0.708541 1.63712 1 1 1
v 0.517311 0.71129 1.63626 1 1 1
v 0.536832 0.71364 1.63553 1 1 1
v 0.545259 0.714466 1.63527 1 1 1
v 0.675568 0.714466 1.63527 1 1 1
v -0.67348 0.718918 1.63388 1 1 1
v -0.653959 0.727807 1.6311 1 1 1
v -0.634438 0.724816 1.63204 1 1 1
v -0.614917 0.722563 1.63274 1 1 1
v -0.595396 0.720666 1.63333 1 1 1
v -0.575874 0.719411 1.63373 1 1 1
v -0.556353 0.716291 1.6347 1 1 1
v 0.556353 0.716291 1.6347 1 1 1
v 0.575874 0.719411 1.63373 1 1 1
v 0.595396 0.720666 1.63333 1 1 1
v 0.614917 0.722563 1.63274 1 1 1
v 0.634438 0.724816 1.63204 1 1 1
v 0.653959 0.727807 1.6311 1 1 1
v 0.67348 0.718918 1.63388 1 1 1
v -0.204972 0.16668 1.97854 1 1 1
v -0.205584 0.167217 1.97836 1 1 1
v -0.185451 0.161627 1.98016 1 1 1
v -0.16593 0.16195 1.98006 1 1 1
v -0.146409 0.160715 1.98045 1 1 1
v -0.126888 0.160026 1.98068 1 1 1
v -0.107366 0.159499 1.98085 1 1 1
v -0.0878452 0.158983 1.98101 1 1 1
v -0.0683241 0.159482 1.98085 1 1 1
v -0.0488029 0.159309 1.98091 1 1 1
v -0.0292817 0.158955 1.98102 1 1 1
v -0.0097605 0.159385 1.98088 1 1 1
v 0.00976062 0.159385 1.98088 1 1 1
v 0.0292817 0.158955 1.98102 1 1 1
v 0.048803 0.159309 1.98091 1 1 1
v 0.0683241 0.159482 1.98085 1 1 1
v 0.0878453 0.158983 1.98101 1 1 1
v 0.107366 0.159499 1.98085 1 1 1
v 0.126888 0.160026 1.98068 1 1 1
v 0.146409 0.160715 1.98045 1 1 1
v 0.16593 0.16195 1.98006 1 1 1
v 0.185451 0.161627 1.98016 1 1 1
v 0.204972 0.16668 1.97854 1 1 1
v 0.205584 0.167217 1.97836 1 1 1
v -0.207343 0.185801 1.97239 1 1 1
v 0.207343 0.185801 1.97239 1 1 1
v -0.204972 0.190758 1.9708 1 1 1
v -0.199898 0.204385 1.96641 1 1 1
v 0.204972 0.190757 1.9708 1 1 1
v 0.199898 0.204385 1.96641 1 1 1
v -0.302578 0.222086 1.96072 1 1 1
v -0.303423 0.22297 1.96044 1 1 1
v -0.283057 0.208327 1.96515 1 1 1
v -0.27428 0.22297 1.96044 1 1 1
v -0.195296 0.22297 1.96044 1 1 1
v 0.195296 0.22297 1.96044 1 1 1
v 0.283057 0.208327 1.96515 1 1 1
v 0.27428 0.22297 1.96044 1 1 1
v 0.302578 0.222086 1.96072 1 1 1
v 0.303423 0.22297 1.96044 1 1 1
v -0.320768 0.241554 1.95446 1 1 1
v -0.265303 0.241554 1.95446 1 1 1
v -0.191982 0.241554 1.95446 1 1 1
v 0.191982 0.241554 1.95446 1 1 1
v 0.265303 0.241554 1.95446 1 1 1
v 0.320768 0.241554 1.95446 1 1 1
v -0.322099 0.242903 1.95403 1 1 1
v -0.338195 0.260138 1.94849 1 1 1
v -0.263536 0.245819 1.95309 1 1 1
v -0.2573 0.260138 1.94849 1 1 1
v -0.186561 0.260138 1.94849 1 1 1
v 0.186561 0.260138 1.94849 1 1 1
v 0.263536 0.245819 1.95309 1 1 1
v 0.2573 0.260138 1.94849 1 1 1
v 0.322099 0.242903 1.95403 1 1 1
v 0.338195 0.260138 1.94849 1 1 1
v -0.34162 0.263842 1.9473 1 1 1
v -0.355796 0.278723 1.94251 1 1 1
v -0.248506 0.278723 1.94251 1 1 1
v -0.185451 0.262419 1.94776 1 1 1
v -0.181366 0.278723 1.94251 1 1 1
v 0.185451 0.262419 1.94776 1 1 1
v 0.181366 0.278723 1.94251 1 1 1
v 0.248506 0.278723 1.94251 1 1 1
v 0.34162 0.263842 1.9473 1 1 1
v 0.355796 0.278723 1.94251 1 1 1
v -0.361142 0.284388 1.94069 1 1 1
v -0.373246 0.297307 1.93654 1 1 1
v -0.244015 0.288593 1.93934 1 1 1
v -0.238723 0.297307 1.93654 1 1 1
v -0.178771 0.297307 1.93654 1 1 1
v 0.178771 0.297307 1.93654 1 1 1
v 0.244015 0.288593 1.93934 1 1 1
v 0.238723 0.297307 1.93654 1 1 1
v 0.361142 0.284388 1.94069 1 1 1
v 0.373246 0.297307 1.93654 1 1 1
v -0.380663 0.305193 1.934 1 1 1
v -0.391014 0.315891 1.93056 1 1 1
v -0.231256 0.315891 1.93056 1 1 1
v -0.176384 0.315891 1.93056 1 1 1
v 0.176384 0.315891 1.93056 1 1 1
v 0.231256 0.315891 1.93056 1 1 1
v 0.380663 0.305193 1.934 1 1 1
v 0.391014 0.315891 1.93056 1 1 1
v -0.400184 0.326098 1.92728 1 1 1
v -0.408282 0.334476 1.92459 1 1 1
v -0.224493 0.3317 1.92548 1 1 1
v -0.221638 0.334476 1.92459 1 1 1
v -0.172463 0.334476 1.92459 1 1 1
v 0.172463 0.334476 1.92459 1 1 1
v 0.224494 0.3317 1.92548 1 1 1
v 0.221638 0.334476 1.92459 1 1 1
v 0.400184 0.326098 1.92728 1 1 1
v 0.408282 0.334476 1.92459 1 1 1
v -0.419705 0.345987 1.92089 1 1 1
v -0.426278 0.35306 1.91862 1 1 1
v -0.211083 0.35306 1.91862 1 1 1
v -0.177481 0.35306 1.91862 1 1 1
v 0.177481 0.35306 1.91862 1 1 1
v 0.211083 0.35306 1.91862 1 1 1
v 0.419705 0.345987 1.92089 1 1 1
v 0.426278 0.35306 1.91862 1 1 1
v -0.439226 0.367129 1.91409 1 1 1
v -0.443821 0.371644 1.91264 1 1 1
v -0.204972 0.366512 1.91429 1 1 1
v -0.185451 0.357214 1.91728 1 1 1
v 0.185451 0.357214 1.91728 1 1 1
v 0.204972 0.366512 1.91429 1 1 1
v 0.439226 0.367129 1.91409 1 1 1
v 0.443821 0.371644 1.91264 1 1 1
v -0.458747 0.387687 1.90748 1 1 1
v -0.461037 0.390229 1.90667 1 1 1
v -0.16593 0.376731 1.91101 1 1 1
v -0.169297 0.390229 1.90667 1 1 1
v -0.146409 0.384542 1.90849 1 1 1
v -0.144606 0.390229 1.90667 1 1 1
v 0.146409 0.384542 1.90849 1 1 1
v 0.144606 0.390229 1.90667 1 1 1
v 0.16593 0.376731 1.91101 1 1 1
v 0.169297 0.390229 1.90667 1 1 1
v 0.458748 0.387687 1.90748 1 1 1
v 0.461037 0.390229 1.90667 1 1 1
v -0.478037 0.408813 1.90069 1 1 1
v -0.17157 0.408813 1.90069 1 1 1
v -0.142243 0.408813 1.90069 1 1 1
v 0.142243 0.408813 1.90069 1 1 1
v 0.17157 0.408813 1.90069 1 1 1
v 0.478037 0.408813 1.90069 1 1 1
v -0.478269 0.409073 1.90061 1 1 1
v -0.495501 0.427397 1.89472 1 1 1
v -0.171892 0.427397 1.89472 1 1 1
v -0.138699 0.427397 1.89472 1 1 1
v 0.138699 0.427397 1.89472 1 1 1
v 0.171892 0.427397 1.89472 1 1 1
v 0.478269 0.409073 1.90061 1 1 1
v 0.495501 0.427397 1.89472 1 1 1
v -0.49779 0.429742 1.89396 1 1 1
v -0.513577 0.445982 1.88874 1 1 1
v -0.171639 0.445982 1.88874 1 1 1
v -0.137439 0.445982 1.88874 1 1 1
v 0.137439 0.445982 1.88874 1 1 1
v 0.171639 0.445982 1.88874 1 1 1
v 0.49779 0.429742 1.89396 1 1 1
v 0.513577 0.445982 1.88874 1 1 1
v -0.517311 0.450109 1.88741 1 1 1
v -0.530965 0.464566 1.88277 1 1 1
v -0.170334 0.464566 1.88277 1 1 1
v -0.139551 0.464566 1.88277 1 1 1
v 0.139551 0.464566 1.88277 1 1 1
v 0.170334 0.464566 1.88277 1 1 1
v 0.517311 0.450109 1.88741 1 1 1
v 0.530965 0.464566 1.88277 1 1 1
v -0.536832 0.470327 1.88091 1 1 1
v -0.548621 0.48315 1.87679 1 1 1
v -0.167732 0.48315 1.87679 1 1 1
v -0.141475 0.48315 1.87679 1 1 1
v 0.141475 0.48315 1.87679 1 1 1
v 0.167732 0.48315 1.87679 1 1 1
v 0.536832 0.470327 1.88091 1 1 1
v 0.548621 0.48315 1.87679 1 1 1
v -0.556353 0.491378 1.87415 1 1 1
v -0.566909 0.501734 1.87082 1 1 1
v -0.16593 0.489006 1.87491 1 1 1
v -0.153677 0.501734 1.87082 1 1 1
v -0.144033 0.501734 1.87082 1 1 1
v 0.144033 0.501734 1.87082 1 1 1
v 0.16593 0.489006 1.87491 1 1 1
v 0.153677 0.501734 1.87082 1 1 1
v 0.556353 0.491378 1.87415 1 1 1
v 0.566909 0.501734 1.87082 1 1 1
v -0.575874 0.510897 1.86787 1 1 1
v -0.584871 0.520319 1.86484 1 1 1
v -0.146409 0.513554 1.86702 1 1 1
v 0.146409 0.513554 1.86702 1 1 1
v 0.575874 0.510897 1.86787 1 1 1
v 0.584871 0.520319 1.86484 1 1 1
v -0.595396 0.531275 1.86132 1 1 1
v -0.602831 0.538903 1.85887 1 1 1
v 0.595396 0.531275 1.86132 1 1 1
v 0.602831 0.538903 1.85887 1 1 1
v -0.614917 0.551411 1.85485 1 1 1
v -0.620906 0.557487 1.85289 1 1 1
v 0.614917 0.551411 1.85485 1 1 1
v 0.620906 0.557487 1.85289 1 1 1
v -0.634438 0.571559 1.84837 1 1 1
v -0.639133 0.576072 1.84692 1 1 1
v 0.634438 0.571559 1.84837 1 1 1
v 0.639133 0.576072 1.84692 1 1 1
v -0.653959 0.592225 1.84172 1 1 1
v -0.656101 0.594656 1.84094 1 1 1
v 0.653959 0.592225 1.84172 1 1 1
v 0.656101 0.594656 1.84094 1 1 1
v -0.673338 0.61324 1.83497 1 1 1
v 0.673338 0.61324 1.83497 1 1 1
v -0.67348 0.613386 1.83492 1 1 1
v -0.690378 0.631825 1.82899 1 1 1
v -0.107366 0.624222 1.83144 1 1 1
v -0.11214 0.631825 1.82899 1 1 1
v -0.0878452 0.619537 1.83294 1 1 1
v -0.0683241 0.627138 1.8305 1 1 1
v -0.0642477 0.631825 1.82899 1 1 1
v 0.0683241 0.627138 1.8305 1 1 1
v 0.0642477 0.631825 1.82899 1 1 1
v 0.0878453 0.619537 1.83294 1 1 1
v 0.107366 0.624222 1.83144 1 1 1
v 0.11214 0.631825 1.82899 1 1 1
v 0.67348 0.613386 1.83492 1 1 1
v 0.690378 0.631825 1.82899 1 1 1
v -0.693001 0.635089 1.82794 1 1 1
v -0.703239 0.650409 1.82302 1 1 1
v -0.109138 0.650409 1.82302 1 1 1
v -0.0572989 0.650409 1.82302 1 1 1
v 0.0572989 0.650409 1.82302 1 1 1
v 0.109138 0.650409 1.82302 1 1 1
v 0.693002 0.635089 1.82794 1 1 1
v 0.703239 0.650409 1.82302 1 1 1
v -0.70011 0.668993 1.81704 1 1 1
v -0.107366 0.668281 1.81727 1 1 1
v -0.107201 0.668993 1.81704 1 1 1
v -0.0488029 0.659534 1.82008 1 1 1
v -0.0427695 0.668993 1.81704 1 1 1
v 0.048803 0.659534 1.82008 1 1 1
v 0.0427695 0.668993 1.81704 1 1 1
v 0.107366 0.66828 1.81727 1 1 1
v 0.107201 0.668993 1.81704 1 1 1
v 0.70011 0.668993 1.81704 1 1 1
v -0.693524 0.687578 1.81107 1 1 1
v -0.107366 0.669286 1.81695 1 1 1
v -0.120906 0.687578 1.81107 1 1 1
v -0.0292817 0.679973 1.81351 1 1 1
v -0.0097605 0.679727 1.81359 1 1 1
v 0.00976062 0.679727 1.81359 1 1 1
v 0.0292817 0.679973 1.81351 1 1 1
v 0.107366 0.669286 1.81695 1 1 1
v 0.120906 0.687578 1.81107 1 1 1
v 0.693525 0.687578 1.81107 1 1 1
v -0.693001 0.689645 1.8104 1 1 1
v -0.689023 0.706162 1.80509 1 1 1
v -0.224493 0.704543 1.80561 1 1 1
v -0.232788 0.706162 1.80509 1 1 1
v -0.204972 0.702039 1.80642 1 1 1
v -0.185451 0.697686 1.80782 1 1 1
v -0.16593 0.695682 1.80846 1 1 1
v -0.146409 0.692631 1.80944 1 1 1
v -0.126888 0.690021 1.81028 1 1 1
v 0.126888 0.690021 1.81028 1 1 1
v 0.146409 0.692631 1.80944 1 1 1
v 0.16593 0.695682 1.80846 1 1 1
v 0.185451 0.697686 1.80782 1 1 1
v 0.204972 0.702039 1.80642 1 1 1
v 0.224494 0.704543 1.80561 1 1 1
v 0.232788 0.706162 1.80509 1 1 1
v 0.693002 0.689644 1.8104 1 1 1
v 0.689023 0.706162 1.80509 1 1 1
v -0.683755 0.724746 1.79912 1 1 1
v -0.322099 0.723013 1.79968 1 1 1
v -0.329738 0.724746 1.79912 1 1 1
v -0.302578 0.719715 1.80074 1 1 1
v -0.283057 0.716855 1.80166 1 1 1
v -0.263536 0.714244 1.80249 1 1 1
v -0.244015 0.710026 1.80385 1 1 1
v 0.244015 0.710026 1.80385 1 1 1
v 0.263536 0.714244 1.80249 1 1 1
v 0.283057 0.716855 1.80166 1 1 1
v 0.302578 0.719715 1.80074 1 1 1
v 0.322099 0.723013 1.79968 1 1 1
v 0.329738 0.724746 1.79912 1 1 1
v 0.683755 0.724746 1.79912 1 1 1
v -0.678009 0.743331 1.79314 1 1 1
v -0.419705 0.7417 1.79367 1 1 1
v -0.42957 0.743331 1.79314 1 1 1
v -0.400184 0.73848 1.7947 1 1 1
v -0.380663 0.735596 1.79563 1 1 1
v -0.361142 0.733051 1.79645 1 1 1
v -0.34162 0.7291 1.79772 1 1 1
v 0.34162 0.7291 1.79772 1 1 1
v 0.361142 0.733051 1.79645 1 1 1
v 0.380663 0.735596 1.79563 1 1 1
v 0.400184 0.73848 1.7947 1 1 1
v 0.419705 0.7417 1.79367 1 1 1
v 0.42957 0.743331 1.79314 1 1 1
v 0.678009 0.743331 1.79314 1 1 1
v -0.67348 0.760307 1.78769 1 1 1
v -0.672682 0.761915 1.78717 1 1 1
v -0.556353 0.761719 1.78723 1 1 1
v -0.557785 0.761915 1.78717 1 1 1
v -0.536832 0.76001 1.78778 1 1 1
v -0.517311 0.757768 1.7885 1 1 1
v -0.49779 0.755044 1.78938 1 1 1
v -0.478269 0.753283 1.78994 1 1 1
v -0.458747 0.750407 1.79087 1 1 1
v -0.439226 0.746317 1.79218 1 1 1
v 0.439226 0.746317 1.79218 1 1 1
v 0.458748 0.750407 1.79087 1 1 1
v 0.478269 0.753283 1.78994 1 1 1
v 0.49779 0.755044 1.78938 1 1 1
v 0.517311 0.757768 1.7885 1 1 1
v 0.536832 0.76001 1.78778 1 1 1
v 0.556353 0.761719 1.78723 1 1 1
v 0.557785 0.761915 1.78717 1 1 1
v 0.67348 0.760306 1.78769 1 1 1
v 0.672682 0.761915 1.78717 1 1 1
v -0.653959 0.772856 1.78365 1 1 1
v -0.634438 0.770256 1.78449 1 1 1
v -0.614917 0.768029 1.7852 1 1 1
v -0.595396 0.76623 1.78578 1 1 1
v -0.575874 0.765059 1.78616 1 1 1
v 0.575874 0.765059 1.78616 1 1 1
v 0.595396 0.76623 1.78578 1 1 1
v 0.614917 0.768029 1.7852 1 1 1
v 0.634438 0.770256 1.78449 1 1 1
v 0.653959 0.772857 1.78365 1 1 1
v -0.185451 0.215187 2.14027 1 1 1
v -0.199139 0.218935 2.13897 1 1 1
v -0.16593 0.215587 2.14013 1 1 1
v -0.146409 0.214144 2.14063 1 1 1
v -0.126888 0.213262 2.14093 1 1 1
v -0.107366 0.212815 2.14109 1 1 1
v -0.0878452 0.212223 2.14129 1 1 1
v -0.0683241 0.212649 2.14115 1 1 1
v -0.0488029 0.212561 2.14118 1 1 1
v -0.0292817 0.212232 2.14129 1 1 1
v -0.0097605 0.212558 2.14118 1 1 1
v 0.00976062 0.212558 2.14118 1 1 1
v 0.0292817 0.212232 2.14129 1 1 1
v 0.048803 0.212561 2.14118 1 1 1
v 0.0683241 0.212649 2.14115 1 1 1
v 0.0878453 0.212223 2.14129 1 1 1
v 0.107366 0.212815 2.14109 1 1 1
v 0.126888 0.213262 2.14093 1 1 1
v 0.146409 0.214144 2.14063 1 1 1
v 0.16593 0.215587 2.14013 1 1 1
v 0.185451 0.215187 2.14027 1 1 1
v 0.199139 0.218935 2.13897 1 1 1
v -0.204972 0.236203 2.133 1 1 1
v -0.205107 0.237382 2.13259 1 1 1
v 0.204972 0.236204 2.133 1 1 1
v 0.205107 0.237382 2.13259 1 1 1
v -0.204972 0.237672 2.13249 1 1 1
v -0.198365 0.25583 2.1262 1 1 1
v 0.204972 0.237672 2.13249 1 1 1
v 0.198365 0.25583 2.1262 1 1 1
v -0.283057 0.264378 2.12325 1 1 1
v -0.297411 0.274278 2.11982 1 1 1
v -0.276928 0.274278 2.11982 1 1 1
v -0.193692 0.274278 2.11982 1 1 1
v 0.193692 0.274278 2.11982 1 1 1
v 0.283057 0.264378 2.12325 1 1 1
v 0.276928 0.274278 2.11982 1 1 1
v 0.297411 0.274278 2.11982 1 1 1
v -0.302578 0.276522 2.11904 1 1 1
v -0.317875 0.292726 2.11344 1 1 1
v -0.267576 0.292726 2.11344 1 1 1
v -0.190114 0.292726 2.11344 1 1 1
v 0.190114 0.292726 2.11344 1 1 1
v 0.267576 0.292726 2.11344 1 1 1
v 0.302578 0.276522 2.11904 1 1 1
v 0.317875 0.292726 2.11344 1 1 1
v -0.322099 0.296995 2.11196 1 1 1
v -0.335468 0.311174 2.10705 1 1 1
v -0.263536 0.302074 2.1102 1 1 1
v -0.259448 0.311174 2.10705 1 1 1
v -0.185451 0.308879 2.10785 1 1 1
v -0.184999 0.311174 2.10705 1 1 1
v 0.185451 0.308879 2.10785 1 1 1
v 0.184999 0.311174 2.10705 1 1 1
v 0.263536 0.302074 2.1102 1 1 1
v 0.259448 0.311174 2.10705 1 1 1
v 0.322099 0.296995 2.11196 1 1 1
v 0.335468 0.311174 2.10705 1 1 1
v -0.34162 0.317776 2.10477 1 1 1
v -0.352909 0.329622 2.10067 1 1 1
v -0.25028 0.329622 2.10067 1 1 1
v -0.180628 0.329622 2.10067 1 1 1
v 0.180628 0.329622 2.10067 1 1 1
v 0.25028 0.329622 2.10067 1 1 1
v 0.34162 0.317776 2.10477 1 1 1
v 0.352909 0.329622 2.10067 1 1 1
v -0.361142 0.338279 2.09768 1 1 1
v -0.370371 0.34807 2.09429 1 1 1
v -0.244015 0.342797 2.09611 1 1 1
v -0.240675 0.34807 2.09429 1 1 1
v -0.178047 0.34807 2.09429 1 1 1
v 0.178047 0.34807 2.09429 1 1 1
v 0.244015 0.342797 2.09611 1 1 1
v 0.240675 0.34807 2.09429 1 1 1
v 0.361142 0.338279 2.09768 1 1 1
v 0.370371 0.34807 2.09429 1 1 1
v -0.380663 0.358966 2.09052 1 1 1
v -0.38801 0.366518 2.0879 1 1 1
v -0.232364 0.366518 2.0879 1 1 1
v -0.175685 0.366518 2.0879 1 1 1
v 0.175685 0.366518 2.0879 1 1 1
v 0.232364 0.366518 2.0879 1 1 1
v 0.380663 0.358966 2.09052 1 1 1
v 0.38801 0.366518 2.0879 1 1 1
v -0.400184 0.380058 2.08322 1 1 1
v -0.404963 0.384966 2.08152 1 1 1
v -0.224493 0.383989 2.08186 1 1 1
v -0.223433 0.384966 2.08152 1 1 1
v -0.172464 0.384966 2.08152 1 1 1
v 0.172464 0.384966 2.08152 1 1 1
v 0.224494 0.383989 2.08186 1 1 1
v 0.223433 0.384966 2.08152 1 1 1
v 0.400184 0.380059 2.08322 1 1 1
v 0.404963 0.384966 2.08152 1 1 1
v -0.419705 0.399686 2.07643 1 1 1
v -0.423179 0.403414 2.07514 1 1 1
v -0.211731 0.403414 2.07514 1 1 1
v -0.178652 0.403414 2.07514 1 1 1
v 0.178652 0.403414 2.07514 1 1 1
v 0.211731 0.403414 2.07514 1 1 1
v 0.419705 0.399686 2.07643 1 1 1
v 0.423179 0.403414 2.07514 1 1 1
v -0.439226 0.420791 2.06912 1 1 1
v -0.440327 0.421862 2.06875 1 1 1
v -0.204972 0.416673 2.07055 1 1 1
v -0.185451 0.406673 2.07401 1 1 1
v 0.185451 0.406673 2.07401 1 1 1
v 0.204972 0.416673 2.07055 1 1 1
v 0.439226 0.420791 2.06912 1 1 1
v 0.440327 0.421862 2.06875 1 1 1
v -0.457656 0.44031 2.06237 1 1 1
v -0.16593 0.428192 2.06656 1 1 1
v -0.168861 0.44031 2.06237 1 1 1
v -0.146409 0.433183 2.06484 1 1 1
v -0.144151 0.44031 2.06237 1 1 1
v 0.146409 0.433183 2.06484 1 1 1
v 0.144151 0.44031 2.06237 1 1 1
v 0.16593 0.428193 2.06656 1 1 1
v 0.168861 0.44031 2.06237 1 1 1
v 0.457656 0.44031 2.06237 1 1 1
v -0.458747 0.441364 2.062 1 1 1
v -0.475013 0.458758 2.05599 1 1 1
v -0.171144 0.458758 2.05599 1 1 1
v -0.14186 0.458758 2.05599 1 1 1
v 0.14186 0.458758 2.05599 1 1 1
v 0.171144 0.458758 2.05599 1 1 1
v 0.458748 0.441364 2.062 1 1 1
v 0.475013 0.458758 2.05599 1 1 1
v -0.478269 0.462399 2.05473 1 1 1
v -0.492272 0.477206 2.0496 1 1 1
v -0.1715 0.477206 2.0496 1 1 1
v -0.138325 0.477206 2.0496 1 1 1
v 0.138325 0.477206 2.0496 1 1 1
v 0.1715 0.477206 2.0496 1 1 1
v 0.478269 0.462399 2.05473 1 1 1
v 0.492272 0.477206 2.0496 1 1 1
v -0.49779 0.482815 2.04766 1 1 1
v -0.510374 0.495654 2.04322 1 1 1
v -0.17162 0.495654 2.04322 1 1 1
v -0.137682 0.495654 2.04322 1 1 1
v 0.137682 0.495654 2.04322 1 1 1
v 0.17162 0.495654 2.04322 1 1 1
v 0.49779 0.482815 2.04766 1 1 1
v 0.510374 0.495654 2.04322 1 1 1
v -0.517311 0.503308 2.04057 1 1 1
v -0.527532 0.514102 2.03684 1 1 1
v -0.170672 0.514102 2.03684 1 1 1
v -0.140048 0.514102 2.03684 1 1 1
v 0.140048 0.514102 2.03684 1 1 1
v 0.170672 0.514102 2.03684 1 1 1
v 0.517311 0.503308 2.04057 1 1 1
v 0.527532 0.514102 2.03684 1 1 1
v -0.536832 0.523149 2.0337 1 1 1
v -0.545537 0.532549 2.03045 1 1 1
v -0.168062 0.532549 2.03045 1 1 1
v -0.141933 0.532549 2.03045 1 1 1
v 0.141933 0.532549 2.03045 1 1 1
v 0.168062 0.532549 2.03045 1 1 1
v 0.536832 0.523149 2.0337 1 1 1
v 0.545537 0.532549 2.03045 1 1 1
v -0.556353 0.543967 2.0265 1 1 1
v -0.563599 0.550997 2.02407 1 1 1
v -0.16593 0.539437 2.02807 1 1 1
v -0.153998 0.550997 2.02407 1 1 1
v -0.144365 0.550997 2.02407 1 1 1
v 0.144365 0.550997 2.02407 1 1 1
v 0.16593 0.539437 2.02807 1 1 1
v 0.153998 0.550997 2.02407 1 1 1
v 0.556353 0.543967 2.0265 1 1 1
v 0.563599 0.550997 2.02407 1 1 1
v -0.575874 0.56343 2.01977 1 1 1
v -0.581672 0.569445 2.01768 1 1 1
v -0.146409 0.561351 2.02049 1 1 1
v 0.146409 0.561351 2.02049 1 1 1
v 0.575874 0.563431 2.01977 1 1 1
v 0.581672 0.569445 2.01768 1 1 1
v -0.595396 0.583594 2.01279 1 1 1
v -0.599613 0.587893 2.0113 1 1 1
v 0.595396 0.583595 2.01279 1 1 1
v 0.599613 0.587893 2.0113 1 1 1
v -0.614917 0.603562 2.00588 1 1 1
v -0.617676 0.606341 2.00492 1 1 1
v 0.614917 0.603561 2.00588 1 1 1
v 0.617676 0.606341 2.00492 1 1 1
v -0.634438 0.623748 1.99889 1 1 1
v -0.63554 0.624789 1.99853 1 1 1
v 0.634438 0.623748 1.99889 1 1 1
v 0.63554 0.624789 1.99853 1 1 1
v -0.652849 0.643237 1.99215 1 1 1
v 0.652849 0.643237 1.99215 1 1 1
v -0.653959 0.644537 1.9917 1 1 1
v -0.669978 0.661685 1.98577 1 1 1
v 0.653959 0.644537 1.9917 1 1 1
v 0.669978 0.661685 1.98577 1 1 1
v -0.67348 0.665261 1.98453 1 1 1
v -0.687078 0.680133 1.97938 1 1 1
v -0.107366 0.673006 1.98185 1 1 1
v -0.112569 0.680133 1.97938 1 1 1
v -0.0878452 0.668994 1.98324 1 1 1
v -0.0683241 0.675517 1.98098 1 1 1
v -0.0638212 0.680133 1.97938 1 1 1
v 0.0683241 0.675517 1.98098 1 1 1
v 0.0638212 0.680133 1.97938 1 1 1
v 0.0878453 0.668994 1.98324 1 1 1
v 0.107366 0.673006 1.98185 1 1 1
v 0.112569 0.680133 1.97938 1 1 1
v 0.67348 0.665261 1.98453 1 1 1
v 0.687078 0.680133 1.97938 1 1 1
v -0.693001 0.687526 1.97683 1 1 1
v -0.700374 0.698581 1.973 1 1 1
v -0.109604 0.698581 1.973 1 1 1
v -0.056284 0.698581 1.973 1 1 1
v 0.056284 0.698581 1.973 1 1 1
v 0.109604 0.698581 1.973 1 1 1
v 0.693002 0.687526 1.97683 1 1 1
v 0.700375 0.698581 1.973 1 1 1
v -0.697403 0.717029 1.96662 1 1 1
v -0.108166 0.717029 1.96662 1 1 1
v -0.0488029 0.706298 1.97033 1 1 1
v -0.0416712 0.717029 1.96662 1 1 1
v 0.048803 0.706298 1.97033 1 1 1
v 0.0416712 0.717029 1.96662 1 1 1
v 0.108166 0.717029 1.96662 1 1 1
v 0.697403 0.717029 1.96662 1 1 1
v -0.693001 0.729352 1.96235 1 1 1
v -0.690828 0.735477 1.96023 1 1 1
v -0.124364 0.735477 1.96023 1 1 1
v -0.0292817 0.726812 1.96323 1 1 1
v -0.0097605 0.726763 1.96325 1 1 1
v 0.00976062 0.726763 1.96325 1 1 1
v 0.0292817 0.726812 1.96323 1 1 1
v 0.124364 0.735477 1.96023 1 1 1
v 0.693002 0.729352 1.96235 1 1 1
v 0.690828 0.735477 1.96023 1 1 1
v -0.68639 0.753925 1.95385 1 1 1
v -0.224493 0.751329 1.95475 1 1 1
v -0.237856 0.753925 1.95385 1 1 1
v -0.204972 0.748867 1.9556 1 1 1
v -0.185451 0.744271 1.95719 1 1 1
v -0.16593 0.742183 1.95791 1 1 1
v -0.146409 0.73904 1.959 1 1 1
v -0.126888 0.736478 1.95989 1 1 1
v 0.126888 0.736478 1.95989 1 1 1
v 0.146409 0.73904 1.959 1 1 1
v 0.16593 0.742183 1.95791 1 1 1
v 0.185451 0.744271 1.95719 1 1 1
v 0.204972 0.748867 1.9556 1 1 1
v 0.224494 0.751329 1.95475 1 1 1
v 0.237856 0.753925 1.95385 1 1 1
v 0.68639 0.753925 1.95385 1 1 1
v -0.681068 0.772373 1.94747 1 1 1
v -0.322099 0.769803 1.94835 1 1 1
v -0.333547 0.772373 1.94747 1 1 1
v -0.302578 0.766436 1.94952 1 1 1
v -0.283057 0.763424 1.95056 1 1 1
v -0.263536 0.760762 1.95148 1 1 1
v -0.244015 0.756034 1.95312 1 1 1
v 0.244015 0.756034 1.95312 1 1 1
v 0.263536 0.760762 1.95148 1 1 1
v 0.283057 0.763424 1.95056 1 1 1
v 0.302578 0.766436 1.94952 1 1 1
v 0.322099 0.769803 1.94835 1 1 1
v 0.333547 0.772373 1.94747 1 1 1
v 0.681067 0.772373 1.94747 1 1 1
v -0.675432 0.790821 1.94108 1 1 1
v -0.419705 0.788451 1.9419 1 1 1
v -0.434283 0.790821 1.94108 1 1 1
v -0.400184 0.785193 1.94303 1 1 1
v -0.380663 0.782191 1.94407 1 1 1
v -0.361142 0.779461 1.94501 1 1 1
v -0.34162 0.775286 1.94646 1 1 1
v 0.34162 0.775286 1.94646 1 1 1
v 0.361142 0.779461 1.94501 1 1 1
v 0.380663 0.782191 1.94407 1 1 1
v 0.400184 0.785193 1.94303 1 1 1
v 0.419705 0.788451 1.9419 1 1 1
v 0.434283 0.790821 1.94108 1 1 1
v 0.675432 0.790821 1.94108 1 1 1
v -0.67348 0.798068 1.93857 1 1 1
v -0.667935 0.809268 1.9347 1 1 1
v -0.556353 0.807695 1.93524 1 1 1
v -0.568625 0.809268 1.9347 1 1 1
v -0.536832 0.80619 1.93576 1 1 1
v -0.517311 0.804082 1.93649 1 1 1
v -0.49779 0.801406 1.93742 1 1 1
v -0.478269 0.799652 1.93803 1 1 1
v -0.458747 0.796657 1.93906 1 1 1
v -0.439226 0.792311 1.94057 1 1 1
v 0.439226 0.792311 1.94057 1 1 1
v 0.458748 0.796657 1.93906 1 1 1
v 0.478269 0.799652 1.93803 1 1 1
v 0.49779 0.801406 1.93742 1 1 1
v 0.517311 0.804082 1.93649 1 1 1
v 0.536832 0.80619 1.93576 1 1 1
v 0.556353 0.807695 1.93524 1 1 1
v 0.568625 0.809268 1.9347 1 1 1
v 0.67348 0.798067 1.93857 1 1 1
v 0.667935 0.809268 1.9347 1 1 1
v -0.653959 0.817522 1.93184 1 1 1
v -0.634438 0.815373 1.93259 1 1 1
v -0.614917 0.813189 1.93334 1 1 1
v -0.595396 0.811496 1.93393 1 1 1
v -0.575874 0.810444 1.93429 1 1 1
v 0.575874 0.810444 1.93429 1 1 1
v 0.595396 0.811496 1.93393 1 1 1
v 0.614917 0.813189 1.93334 1 1 1
v 0.634438 0.815373 1.93259 1 1 1
v 0.653959 0.817522 1.93184 1 1 1
v -0.185451 0.271016 2.29515 1 1 1
v -0.191651 0.272775 2.29452 1 1 1
v -0.16593 0.271514 2.29497 1 1 1
v -0.146409 0.269834 2.29557 1 1 1
v -0.126888 0.268713 2.29597 1 1 1
v -0.107366 0.268371 2.29609 1 1 1
v -0.0878452 0.2677 2.29633 1 1 1
v -0.0683241 0.268023 2.29622 1 1 1
v -0.0488029 0.268031 2.29621 1 1 1
v -0.0292817 0.267738 2.29632 1 1 1
v -0.0097605 0.267946 2.29625 1 1 1
v 0.00976062 0.267946 2.29625 1 1 1
v 0.0292817 0.267738 2.29632 1 1 1
v 0.048803 0.268031 2.29621 1 1 1
v 0.0683241 0.268023 2.29622 1 1 1
v 0.0878453 0.2677 2.29633 1 1 1
v 0.107366 0.268371 2.29609 1 1 1
v 0.126888 0.268713 2.29597 1 1 1
v 0.146409 0.269834 2.29557 1 1 1
v 0.16593 0.271514 2.29497 1 1 1
v 0.185451 0.271016 2.29515 1 1 1
v 0.191651 0.272775 2.29452 1 1 1
v -0.202786 0.291163 2.28797 1 1 1
v 0.202786 0.291163 2.28797 1 1 1
v -0.19666 0.309551 2.28142 1 1 1
v 0.19666 0.309551 2.28142 1 1 1
v -0.283057 0.323119 2.27658 1 1 1
v -0.289967 0.327939 2.27486 1 1 1
v -0.279979 0.327939 2.27486 1 1 1
v -0.191916 0.327939 2.27486 1 1 1
v 0.191916 0.327939 2.27486 1 1 1
v 0.283057 0.323119 2.27658 1 1 1
v 0.279979 0.327939 2.27486 1 1 1
v 0.289967 0.327939 2.27486 1 1 1
v -0.302578 0.33349 2.27288 1 1 1
v -0.314711 0.346327 2.26831 1 1 1
v -0.270255 0.346327 2.26831 1 1 1
v -0.188001 0.346327 2.26831 1 1 1
v 0.188001 0.346327 2.26831 1 1 1
v 0.270255 0.346327 2.26831 1 1 1
v 0.302578 0.33349 2.27288 1 1 1
v 0.314711 0.346327 2.26831 1 1 1
v -0.322099 0.353809 2.26564 1 1 1
v -0.33244 0.364715 2.26175 1 1 1
v -0.263536 0.361222 2.263 1 1 1
v -0.261919 0.364715 2.26175 1 1 1
v -0.185451 0.355876 2.2649 1 1 1
v -0.18386 0.364715 2.26175 1 1 1
v 0.185451 0.355876 2.2649 1 1 1
v 0.18386 0.364715 2.26175 1 1 1
v 0.263536 0.361222 2.263 1 1 1
v 0.261919 0.364715 2.26175 1 1 1
v 0.322099 0.353809 2.26564 1 1 1
v 0.33244 0.364715 2.26175 1 1 1
v -0.34162 0.374534 2.25825 1 1 1
v -0.34975 0.383103 2.2552 1 1 1
v -0.252365 0.383103 2.2552 1 1 1
v -0.179812 0.383103 2.2552 1 1 1
v 0.179812 0.383103 2.2552 1 1 1
v 0.252365 0.383103 2.2552 1 1 1
v 0.34162 0.374534 2.25825 1 1 1
v 0.349751 0.383103 2.2552 1 1 1
v -0.361142 0.395036 2.25095 1 1 1
v -0.367238 0.401491 2.24865 1 1 1
v -0.244015 0.399891 2.24922 1 1 1
v -0.242958 0.401491 2.24865 1 1 1
v -0.177241 0.401491 2.24865 1 1 1
v 0.177241 0.401491 2.24865 1 1 1
v 0.244015 0.399891 2.24922 1 1 1
v 0.242958 0.401491 2.24865 1 1 1
v 0.361142 0.395036 2.25095 1 1 1
v 0.367238 0.401491 2.24865 1 1 1
v -0.380663 0.415708 2.24358 1 1 1
v -0.384726 0.419879 2.24209 1 1 1
v -0.233659 0.419879 2.24209 1 1 1
v -0.174927 0.419879 2.24209 1 1 1
v 0.174927 0.419879 2.24209 1 1 1
v 0.233659 0.419879 2.24209 1 1 1
v 0.380663 0.415708 2.24358 1 1 1
v 0.384726 0.419879 2.24209 1 1 1
v -0.400184 0.43714 2.23594 1 1 1
v -0.401285 0.438267 2.23554 1 1 1
v -0.224873 0.438267 2.23554 1 1 1
v -0.172466 0.438267 2.23554 1 1 1
v 0.172466 0.438267 2.23554 1 1 1
v 0.224873 0.438267 2.23554 1 1 1
v 0.400184 0.437141 2.23594 1 1 1
v 0.401285 0.438267 2.23554 1 1 1
v -0.419705 0.456564 2.22902 1 1 1
v -0.41979 0.456655 2.22898 1 1 1
v -0.224493 0.439118 2.23523 1 1 1
v -0.212488 0.456655 2.22898 1 1 1
v -0.179833 0.456655 2.22898 1 1 1
v 0.179833 0.456655 2.22898 1 1 1
v 0.224494 0.439118 2.23523 1 1 1
v 0.212488 0.456655 2.22898 1 1 1
v 0.419705 0.456564 2.22902 1 1 1
v 0.41979 0.456655 2.22898 1 1 1
v -0.436732 0.475043 2.22243 1 1 1
v -0.204972 0.469784 2.2243 1 1 1
v -0.185451 0.459155 2.22809 1 1 1
v 0.185451 0.459155 2.22809 1 1 1
v 0.204972 0.469784 2.2243 1 1 1
v 0.436732 0.475043 2.22243 1 1 1
v -0.439226 0.477778 2.22146 1 1 1
v -0.454019 0.493432 2.21588 1 1 1
v -0.16593 0.482555 2.21975 1 1 1
v -0.168479 0.493432 2.21588 1 1 1
v -0.146409 0.484706 2.21899 1 1 1
v -0.143661 0.493432 2.21588 1 1 1
v 0.146409 0.484706 2.21899 1 1 1
v 0.143661 0.493432 2.21588 1 1 1
v 0.16593 0.482555 2.21975 1 1 1
v 0.168479 0.493432 2.21588 1 1 1
v 0.439226 0.477778 2.22146 1 1 1
v 0.454019 0.493432 2.21588 1 1 1
v -0.458747 0.49799 2.21425 1 1 1
v -0.471704 0.51182 2.20932 1 1 1
v -0.170761 0.51182 2.20932 1 1 1
v -0.141446 0.51182 2.20932 1 1 1
v 0.141446 0.51182 2.20932 1 1 1
v 0.170761 0.51182 2.20932 1 1 1
v 0.458748 0.49799 2.21425 1 1 1
v 0.471704 0.51182 2.20932 1 1 1
v -0.478269 0.519165 2.2067 1 1 1
v -0.488726 0.530208 2.20277 1 1 1
v -0.171141 0.530208 2.20277 1 1 1
v -0.137937 0.530208 2.20277 1 1 1
v 0.137937 0.530208 2.20277 1 1 1
v 0.171141 0.530208 2.20277 1 1 1
v 0.478269 0.519165 2.2067 1 1 1
v 0.488726 0.530208 2.20277 1 1 1
v -0.49779 0.539386 2.1995 1 1 1
v -0.506855 0.548596 2.19621 1 1 1
v -0.171601 0.548596 2.19621 1 1 1
v -0.137915 0.548596 2.19621 1 1 1
v 0.137915 0.548596 2.19621 1 1 1
v 0.171601 0.548596 2.19621 1 1 1
v 0.49779 0.539386 2.1995 1 1 1
v 0.506855 0.548596 2.19621 1 1 1
v -0.517311 0.560166 2.19209 1 1 1
v -0.523754 0.566984 2.18966 1 1 1
v -0.171036 0.566984 2.18966 1 1 1
v -0.140504 0.566984 2.18966 1 1 1
v 0.140504 0.566984 2.18966 1 1 1
v 0.171036 0.566984 2.18966 1 1 1
v 0.517311 0.560166 2.19209 1 1 1
v 0.523754 0.566984 2.18966 1 1 1
v -0.536832 0.579638 2.18515 1 1 1
v -0.542159 0.585372 2.18311 1 1 1
v -0.168424 0.585372 2.18311 1 1 1
v -0.142339 0.585372 2.18311 1 1 1
v 0.142339 0.585372 2.18311 1 1 1
v 0.168424 0.585372 2.18311 1 1 1
v 0.536832 0.579638 2.18515 1 1 1
v 0.542158 0.585372 2.18311 1 1 1
v -0.556353 0.600297 2.17779 1 1 1
v -0.559949 0.60376 2.17655 1 1 1
v -0.16593 0.59342 2.18024 1 1 1
v -0.154404 0.60376 2.17655 1 1 1
v -0.144648 0.60376 2.17655 1 1 1
v 0.144648 0.60376 2.17655 1 1 1
v 0.16593 0.59342 2.18024 1 1 1
v 0.154404 0.60376 2.17655 1 1 1
v 0.556353 0.600297 2.17779 1 1 1
v 0.559949 0.60376 2.17655 1 1 1
v -0.575874 0.61981 2.17083 1 1 1
v -0.578141 0.622148 2.17 1 1 1
v -0.146409 0.61285 2.17331 1 1 1
v 0.146409 0.61285 2.17331 1 1 1
v 0.575874 0.61981 2.17083 1 1 1
v 0.578141 0.622148 2.17 1 1 1
v -0.595396 0.639836 2.16369 1 1 1
v -0.596084 0.640536 2.16344 1 1 1
v 0.595396 0.639836 2.16369 1 1 1
v 0.596084 0.640536 2.16344 1 1 1
v -0.614176 0.658924 2.15689 1 1 1
v 0.614176 0.658924 2.15689 1 1 1
v -0.614917 0.659724 2.1566 1 1 1
v -0.631771 0.677312 2.15034 1 1 1
v 0.614917 0.659724 2.1566 1 1 1
v 0.631771 0.677312 2.15034 1 1 1
v -0.634438 0.679864 2.14943 1 1 1
v -0.649558 0.6957 2.14378 1 1 1
v 0.634438 0.679864 2.14943 1 1 1
v 0.649558 0.6957 2.14378 1 1 1
v -0.653959 0.700909 2.14193 1 1 1
v -0.666249 0.714088 2.13723 1 1 1
v 0.653959 0.700909 2.14193 1 1 1
v 0.666249 0.714088 2.13723 1 1 1
v -0.67348 0.721493 2.13459 1 1 1
v -0.683449 0.732476 2.13067 1 1 1
v -0.107366 0.725729 2.13308 1 1 1
v -0.113054 0.732476 2.13067 1 1 1
v -0.0878452 0.722296 2.1343 1 1 1
v -0.0683241 0.727909 2.1323 1 1 1
v -0.0633413 0.732476 2.13067 1 1 1
v 0.0683241 0.727908 2.1323 1 1 1
v 0.0633413 0.732476 2.13067 1 1 1
v 0.0878453 0.722296 2.1343 1 1 1
v 0.107366 0.725729 2.13308 1 1 1
v 0.113054 0.732476 2.13067 1 1 1
v 0.67348 0.721493 2.13459 1 1 1
v 0.683449 0.732476 2.13067 1 1 1
v -0.693001 0.744503 2.12639 1 1 1
v -0.697215 0.750865 2.12412 1 1 1
v -0.110135 0.750865 2.12412 1 1 1
v -0.0551464 0.750865 2.12412 1 1 1
v 0.0551463 0.750865 2.12412 1 1 1
v 0.110135 0.750865 2.12412 1 1 1
v 0.693002 0.744503 2.12639 1 1 1
v 0.697215 0.750865 2.12412 1 1 1
v -0.694416 0.769252 2.11757 1 1 1
v -0.109134 0.769252 2.11757 1 1 1
v -0.0488029 0.757158 2.12188 1 1 1
v -0.0404382 0.769252 2.11757 1 1 1
v 0.048803 0.757158 2.12188 1 1 1
v 0.0404382 0.769252 2.11757 1 1 1
v 0.109134 0.769252 2.11757 1 1 1
v 0.694416 0.769252 2.11757 1 1 1
v -0.693001 0.773219 2.11615 1 1 1
v -0.687912 0.787641 2.11101 1 1 1
v -0.126888 0.787231 2.11116 1 1 1
v -0.130906 0.787641 2.11101 1 1 1
v -0.0292817 0.777815 2.11451 1 1 1
v -0.0097605 0.777955 2.11446 1 1 1
v 0.00976062 0.777955 2.11446 1 1 1
v 0.0292817 0.777815 2.11451 1 1 1
v 0.126888 0.787231 2.11116 1 1 1
v 0.130906 0.787641 2.11101 1 1 1
v 0.693002 0.773219 2.11615 1 1 1
v 0.687912 0.787641 2.11101 1 1 1
v -0.683493 0.806029 2.10446 1 1 1
v -0.224493 0.802362 2.10576 1 1 1
v -0.243381 0.806029 2.10446 1 1 1
v -0.204972 0.799925 2.10663 1 1 1
v -0.185451 0.795051 2.10837 1 1 1
v -0.16593 0.792856 2.10915 1 1 1
v -0.146409 0.789604 2.11031 1 1 1
v 0.146409 0.789604 2.11031 1 1 1
v 0.16593 0.792856 2.10915 1 1 1
v 0.185451 0.795051 2.10837 1 1 1
v 0.204972 0.799925 2.10663 1 1 1
v 0.224494 0.802362 2.10576 1 1 1
v 0.243381 0.806029 2.10446 1 1 1
v 0.683493 0.806029 2.10446 1 1 1
v -0.678109 0.824417 2.0979 1 1 1
v -0.322099 0.82093 2.09915 1 1 1
v -0.337737 0.824417 2.0979 1 1 1
v -0.302578 0.817468 2.10038 1 1 1
v -0.283057 0.814289 2.10151 1 1 1
v -0.263536 0.811551 2.10249 1 1 1
v -0.244015 0.806245 2.10438 1 1 1
v 0.244015 0.806246 2.10438 1 1 1
v 0.263536 0.811551 2.10249 1 1 1
v 0.283057 0.814289 2.10151 1 1 1
v 0.302578 0.817468 2.10038 1 1 1
v 0.322099 0.82093 2.09915 1 1 1
v 0.337737 0.824417 2.0979 1 1 1
v 0.678108 0.824417 2.0979 1 1 1
v -0.67348 0.839698 2.09246 1 1 1
v -0.672548 0.842805 2.09135 1 1 1
v -0.439226 0.842755 2.09137 1 1 1
v -0.439531 0.842805 2.09135 1 1 1
v -0.419705 0.839625 2.09248 1 1 1
v -0.400184 0.836307 2.09367 1 1 1
v -0.380663 0.833167 2.09478 1 1 1
v -0.361142 0.830219 2.09584 1 1 1
v -0.34162 0.825802 2.09741 1 1 1
v 0.34162 0.825802 2.09741 1 1 1
v 0.361142 0.830219 2.09584 1 1 1
v 0.380663 0.833167 2.09478 1 1 1
v 0.400184 0.836307 2.09367 1 1 1
v 0.419705 0.839625 2.09248 1 1 1
v 0.439226 0.842755 2.09137 1 1 1
v 0.439531 0.842805 2.09135 1 1 1
v 0.67348 0.839698 2.09246 1 1 1
v 0.672548 0.842805 2.09135 1 1 1
v -0.662824 0.861193 2.0848 1 1 1
v -0.595396 0.861141 2.08481 1 1 1
v -0.596127 0.861193 2.0848 1 1 1
v -0.575874 0.860434 2.08507 1 1 1
v -0.556353 0.8581 2.0859 1 1 1
v -0.536832 0.856808 2.08636 1 1 1
v -0.517311 0.854842 2.08706 1 1 1
v -0.49779 0.852218 2.08799 1 1 1
v -0.478269 0.850461 2.08862 1 1 1
v -0.458747 0.847337 2.08973 1 1 1
v 0.458748 0.847337 2.08973 1 1 1
v 0.478269 0.850461 2.08862 1 1 1
v 0.49779 0.852218 2.08799 1 1 1
v 0.517311 0.854842 2.08706 1 1 1
v 0.536832 0.856808 2.08636 1 1 1
v 0.556353 0.8581 2.0859 1 1 1
v 0.575874 0.860434 2.08507 1 1 1
v 0.595396 0.861141 2.08481 1 1 1
v 0.596126 0.861193 2.0848 1 1 1
v 0.662824 0.861193 2.0848 1 1 1
v -0.653959 0.866514 2.0829 1 1 1
v -0.634438 0.864868 2.08349 1 1 1
v -0.614917 0.862725 2.08425 1 1 1
v 0.614917 0.862725 2.08425 1 1 1
v 0.634438 0.864869 2.08349 1 1 1
v 0.653959 0.866514 2.0829 1 1 1
v -0.146409 0.328789 2.45426 1 1 1
v -0.155692 0.329682 2.45392 1 1 1
v -0.126888 0.327381 2.4548 1 1 1
v -0.107366 0.327178 2.45488 1 1 1
v -0.0878452 0.326436 2.45516 1 1 1
v -0.0683241 0.326613 2.45509 1 1 1
v -0.0488029 0.32673 2.45505 1 1 1
v -0.0292817 0.326492 2.45514 1 1 1
v -0.0097605 0.326561 2.45511 1 1 1
v 0.00976062 0.326561 2.45511 1 1 1
v 0.0292817 0.326492 2.45514 1 1 1
v 0.048803 0.32673 2.45505 1 1 1
v 0.0683241 0.326613 2.45509 1 1 1
v 0.0878453 0.326436 2.45516 1 1 1
v 0.107366 0.327178 2.45488 1 1 1
v 0.126888 0.32738 2.4548 1 1 1
v 0.146409 0.328789 2.45426 1 1 1
v 0.155692 0.329682 2.45392 1 1 1
v -0.185451 0.330278 2.45369 1 1 1
v -0.200232 0.34791 2.44693 1 1 1
v -0.16593 0.330521 2.45359 1 1 1
v 0.16593 0.330521 2.45359 1 1 1
v 0.185451 0.330278 2.45369 1 1 1
v 0.200232 0.34791 2.44693 1 1 1
v -0.194754 0.366138 2.43994 1 1 1
v 0.194754 0.366138 2.43994 1 1 1
v -0.18994 0.384365 2.43295 1 1 1
v 0.18994 0.384365 2.43295 1 1 1
v -0.302578 0.393492 2.42945 1 1 1
v -0.311237 0.402593 2.42597 1 1 1
v -0.283057 0.385249 2.43261 1 1 1
v -0.27346 0.402593 2.42597 1 1 1
v -0.185592 0.402593 2.42597 1 1 1
v 0.185592 0.402593 2.42597 1 1 1
v 0.283057 0.385249 2.43261 1 1 1
v 0.27346 0.402593 2.42597 1 1 1
v 0.302578 0.393492 2.42945 1 1 1
v 0.311237 0.402593 2.42597 1 1 1
v -0.322099 0.413563 2.42176 1 1 1
v -0.32906 0.420821 2.41898 1 1 1
v -0.264666 0.420821 2.41898 1 1 1
v -0.185451 0.403171 2.42574 1 1 1
v -0.182592 0.420821 2.41898 1 1 1
v 0.185451 0.403171 2.42574 1 1 1
v 0.182592 0.420821 2.41898 1 1 1
v 0.264666 0.420821 2.41898 1 1 1
v 0.322099 0.413563 2.42176 1 1 1
v 0.32906 0.420821 2.41898 1 1 1
v -0.34162 0.434137 2.41387 1 1 1
v -0.346281 0.439049 2.41199 1 1 1
v -0.263536 0.423252 2.41805 1 1 1
v -0.254849 0.439049 2.41199 1 1 1
v -0.178905 0.439049 2.41199 1 1 1
v 0.178905 0.439049 2.41199 1 1 1
v 0.263536 0.423252 2.41805 1 1 1
v 0.254849 0.439049 2.41199 1 1 1
v 0.34162 0.434137 2.41387 1 1 1
v 0.346281 0.439049 2.41199 1 1 1
v -0.361142 0.454472 2.40608 1 1 1
v -0.363809 0.457276 2.405 1 1 1
v -0.245109 0.457276 2.405 1 1 1
v -0.176339 0.457276 2.405 1 1 1
v 0.176339 0.457276 2.405 1 1 1
v 0.245109 0.457276 2.405 1 1 1
v 0.361142 0.454472 2.40608 1 1 1
v 0.363809 0.457276 2.405 1 1 1
v -0.380663 0.475035 2.39819 1 1 1
v -0.381122 0.475504 2.39801 1 1 1
v -0.244015 0.459539 2.40414 1 1 1
v -0.235191 0.475504 2.39801 1 1 1
v -0.174101 0.475504 2.39801 1 1 1
v 0.174101 0.475504 2.39801 1 1 1
v 0.244015 0.459539 2.40414 1 1 1
v 0.235191 0.475504 2.39801 1 1 1
v 0.380663 0.475035 2.39819 1 1 1
v 0.381122 0.475504 2.39801 1 1 1
v -0.397516 0.493732 2.39103 1 1 1
v -0.225777 0.493732 2.39103 1 1 1
v -0.172467 0.493732 2.39103 1 1 1
v 0.172467 0.493732 2.39103 1 1 1
v 0.225777 0.493732 2.39103 1 1 1
v 0.397516 0.493732 2.39103 1 1 1
v -0.400184 0.49643 2.38999 1 1 1
v -0.416057 0.511959 2.38404 1 1 1
v -0.224493 0.496478 2.38997 1 1 1
v -0.213381 0.511959 2.38404 1 1 1
v -0.181025 0.511959 2.38404 1 1 1
v 0.181025 0.511959 2.38404 1 1 1
v 0.224494 0.496478 2.38997 1 1 1
v 0.213381 0.511959 2.38404 1 1 1
v 0.400184 0.49643 2.38999 1 1 1
v 0.416057 0.511959 2.38404 1 1 1
v -0.419705 0.515936 2.38252 1 1 1
v -0.432881 0.530187 2.37705 1 1 1
v -0.204972 0.524892 2.37908 1 1 1
v -0.185451 0.513784 2.38334 1 1 1
v 0.185451 0.513784 2.38334 1 1 1
v 0.204972 0.524892 2.37908 1 1 1
v 0.419705 0.515936 2.38252 1 1 1
v 0.432881 0.530187 2.37705 1 1 1
v -0.439226 0.537075 2.37441 1 1 1
v -0.450023 0.548415 2.37006 1 1 1
v -0.16593 0.538756 2.37377 1 1 1
v -0.168142 0.548415 2.37006 1 1 1
v -0.146409 0.537995 2.37406 1 1 1
v -0.143131 0.548415 2.37006 1 1 1
v 0.146409 0.537995 2.37406 1 1 1
v 0.143131 0.548415 2.37006 1 1 1
v 0.16593 0.538756 2.37377 1 1 1
v 0.168142 0.548415 2.37006 1 1 1
v 0.439226 0.537075 2.37441 1 1 1
v 0.450023 0.548415 2.37006 1 1 1
v -0.458747 0.556765 2.36686 1 1 1
v -0.468068 0.566643 2.36308 1 1 1
v -0.170416 0.566643 2.36308 1 1 1
v -0.140997 0.566643 2.36308 1 1 1
v 0.140997 0.566643 2.36308 1 1 1
v 0.170416 0.566643 2.36308 1 1 1
v 0.458748 0.556765 2.36686 1 1 1
v 0.468068 0.566643 2.36308 1 1 1
v -0.478269 0.578002 2.35872 1 1 1
v -0.484817 0.58487 2.35609 1 1 1
v -0.170811 0.58487 2.35609 1 1 1
v -0.137533 0.58487 2.35609 1 1 1
v 0.137533 0.58487 2.35609 1 1 1
v 0.170812 0.58487 2.35609 1 1 1
v 0.478269 0.578002 2.35872 1 1 1
v 0.484817 0.58487 2.35609 1 1 1
v -0.49779 0.597883 2.3511 1 1 1
v -0.502973 0.603098 2.3491 1 1 1
v -0.171582 0.603098 2.3491 1 1 1
v -0.13814 0.603098 2.3491 1 1 1
v 0.13814 0.603098 2.3491 1 1 1
v 0.171582 0.603098 2.3491 1 1 1
v 0.49779 0.597883 2.3511 1 1 1
v 0.502973 0.603098 2.3491 1 1 1
v -0.517311 0.618933 2.34303 1 1 1
v -0.519579 0.621326 2.34211 1 1 1
v -0.171429 0.621326 2.34211 1 1 1
v -0.140924 0.621326 2.34211 1 1 1
v 0.140924 0.621326 2.34211 1 1 1
v 0.171429 0.621326 2.34211 1 1 1
v 0.517311 0.618933 2.34303 1 1 1
v 0.519579 0.621326 2.34211 1 1 1
v -0.536832 0.637835 2.33578 1 1 1
v -0.538442 0.639553 2.33513 1 1 1
v -0.168825 0.639553 2.33513 1 1 1
v -0.142702 0.639553 2.33513 1 1 1
v 0.142702 0.639553 2.33513 1 1 1
v 0.168825 0.639553 2.33513 1 1 1
v 0.536832 0.637836 2.33578 1 1 1
v 0.538442 0.639553 2.33513 1 1 1
v -0.555899 0.657781 2.32814 1 1 1
v -0.16593 0.648833 2.33157 1 1 1
v -0.154934 0.657781 2.32814 1 1 1
v -0.144892 0.657781 2.32814 1 1 1
v 0.144892 0.657781 2.32814 1 1 1
v 0.16593 0.648833 2.33157 1 1 1
v 0.154934 0.657781 2.32814 1 1 1
v 0.555899 0.657781 2.32814 1 1 1
v -0.556353 0.65822 2.32797 1 1 1
v -0.574219 0.676009 2.32115 1 1 1
v -0.146409 0.665696 2.3251 1 1 1
v 0.146409 0.665696 2.3251 1 1 1
v 0.556353 0.65822 2.32797 1 1 1
v 0.574219 0.676009 2.32115 1 1 1
v -0.575874 0.67771 2.3205 1 1 1
v -0.592163 0.694236 2.31416 1 1 1
v 0.575874 0.67771 2.3205 1 1 1
v 0.592163 0.694236 2.31416 1 1 1
v -0.595396 0.697447 2.31293 1 1 1
v -0.610357 0.712464 2.30718 1 1 1
v 0.595396 0.697447 2.31293 1 1 1
v 0.610357 0.712464 2.30718 1 1 1
v -0.614917 0.717338 2.30531 1 1 1
v -0.627726 0.730692 2.30019 1 1 1
v 0.614917 0.717338 2.30531 1 1 1
v 0.627726 0.730692 2.30019 1 1 1
v -0.634438 0.737021 2.29776 1 1 1
v -0.64595 0.74892 2.2932 1 1 1
v 0.634438 0.737021 2.29776 1 1 1
v 0.64595 0.74892 2.2932 1 1 1
v -0.653959 0.758459 2.28954 1 1 1
v -0.662087 0.767147 2.28621 1 1 1
v 0.653959 0.758459 2.28954 1 1 1
v 0.662087 0.767147 2.28621 1 1 1
v -0.67348 0.778791 2.28175 1 1 1
v -0.679437 0.785375 2.27923 1 1 1
v -0.107366 0.778991 2.28167 1 1 1
v -0.113607 0.785375 2.27923 1 1 1
v -0.0878452 0.776088 2.28279 1 1 1
v -0.0683241 0.780877 2.28095 1 1 1
v -0.0627973 0.785375 2.27923 1 1 1
v 0.0683241 0.780877 2.28095 1 1 1
v 0.0627973 0.785375 2.27923 1 1 1
v 0.0878453 0.776088 2.28279 1 1 1
v 0.107366 0.778991 2.28167 1 1 1
v 0.113607 0.785375 2.27923 1 1 1
v 0.67348 0.778791 2.28175 1 1 1
v 0.679437 0.785375 2.27923 1 1 1
v -0.693001 0.802528 2.27265 1 1 1
v -0.693711 0.803603 2.27224 1 1 1
v -0.110747 0.803603 2.27224 1 1 1
v -0.0538624 0.803603 2.27224 1 1 1
v 0.0538624 0.803603 2.27224 1 1 1
v 0.110747 0.803603 2.27224 1 1 1
v 0.693002 0.802528 2.27265 1 1 1
v 0.693711 0.803603 2.27224 1 1 1
v -0.693001 0.808475 2.27037 1 1 1
v -0.691082 0.82183 2.26525 1 1 1
v -0.110223 0.82183 2.26525 1 1 1
v -0.0488029 0.808389 2.2704 1 1 1
v -0.039044 0.82183 2.26525 1 1 1
v 0.048803 0.808389 2.2704 1 1 1
v 0.039044 0.82183 2.26525 1 1 1
v 0.110223 0.82183 2.26525 1 1 1
v 0.693002 0.808474 2.27037 1 1 1
v 0.691082 0.82183 2.26525 1 1 1
v -0.684705 0.840058 2.25826 1 1 1
v -0.126888 0.838347 2.25892 1 1 1
v -0.144646 0.840058 2.25826 1 1 1
v -0.0292817 0.829054 2.26248 1 1 1
v -0.0097605 0.82937 2.26236 1 1 1
v 0.00976062 0.82937 2.26236 1 1 1
v 0.0292817 0.829054 2.26248 1 1 1
v 0.126888 0.838347 2.25892 1 1 1
v 0.144646 0.840058 2.25826 1 1 1
v 0.684705 0.840058 2.25826 1 1 1
v -0.680292 0.858286 2.25128 1 1 1
v -0.244015 0.857221 2.25168 1 1 1
v -0.249035 0.858286 2.25128 1 1 1
v -0.224493 0.853473 2.25312 1 1 1
v -0.204972 0.851066 2.25404 1 1 1
v -0.185451 0.845926 2.25601 1 1 1
v -0.16593 0.843617 2.2569 1 1 1
v -0.146409 0.840269 2.25818 1 1 1
v 0.146409 0.840269 2.25818 1 1 1
v 0.16593 0.843617 2.2569 1 1 1
v 0.185451 0.845926 2.25601 1 1 1
v 0.204972 0.851066 2.25404 1 1 1
v 0.224494 0.853473 2.25312 1 1 1
v 0.244015 0.857221 2.25168 1 1 1
v 0.249035 0.858286 2.25128 1 1 1
v 0.680292 0.858286 2.25128 1 1 1
v -0.674835 0.876513 2.24429 1 1 1
v -0.34162 0.876345 2.24435 1 1 1
v -0.342609 0.876513 2.24429 1 1 1
v -0.322099 0.872053 2.246 1 1 1
v -0.302578 0.868497 2.24736 1 1 1
v -0.283057 0.865167 2.24864 1 1 1
v -0.263536 0.862353 2.24972 1 1 1
v 0.263536 0.862353 2.24972 1 1 1
v 0.283057 0.865167 2.24864 1 1 1
v 0.302578 0.868497 2.24736 1 1 1
v 0.322099 0.872053 2.246 1 1 1
v 0.34162 0.876345 2.24435 1 1 1
v 0.342609 0.876513 2.24429 1 1 1
v 0.674835 0.876513 2.24429 1 1 1
v -0.67348 0.880913 2.2426 1 1 1
v -0.669265 0.894741 2.2373 1 1 1
v -0.439226 0.893774 2.23767 1 1 1
v -0.445259 0.894741 2.2373 1 1 1
v -0.419705 0.8907 2.23885 1 1 1
v -0.400184 0.887328 2.24014 1 1 1
v -0.380663 0.884059 2.24139 1 1 1
v -0.361142 0.880886 2.24261 1 1 1
v 0.361142 0.880886 2.24261 1 1 1
v 0.380663 0.884059 2.24139 1 1 1
v 0.400184 0.887328 2.24014 1 1 1
v 0.419705 0.8907 2.23885 1 1 1
v 0.439226 0.893774 2.23767 1 1 1
v 0.445259 0.894741 2.2373 1 1 1
v 0.67348 0.880913 2.2426 1 1 1
v 0.669265 0.894741 2.2373 1 1 1
v -0.657306 0.912969 2.23031 1 1 1
v -0.614917 0.912016 2.23068 1 1 1
v -0.624817 0.912969 2.23031 1 1 1
v -0.595396 0.910834 2.23113 1 1 1
v -0.575874 0.910367 2.23131 1 1 1
v -0.556353 0.908219 2.23213 1 1 1
v -0.536832 0.907162 2.23254 1 1 1
v -0.517311 0.905371 2.23322 1 1 1
v -0.49779 0.902828 2.2342 1 1 1
v -0.478269 0.90108 2.23487 1 1 1
v -0.458747 0.897845 2.23611 1 1 1
v 0.458748 0.897845 2.23611 1 1 1
v 0.478269 0.90108 2.23487 1 1 1
v 0.49779 0.902828 2.2342 1 1 1
v 0.517311 0.905371 2.23322 1 1 1
v 0.536832 0.907162 2.23254 1 1 1
v 0.556353 0.908219 2.23213 1 1 1
v 0.575874 0.910367 2.23131 1 1 1
v 0.595396 0.910834 2.23113 1 1 1
v 0.614917 0.912016 2.23068 1 1 1
v 0.624817 0.912969 2.23031 1 1 1
v 0.657306 0.912969 2.23031 1 1 1
v -0.653959 0.915004 2.22953 1 1 1
v -0.634438 0.913943 2.22994 1 1 1
v 0.634438 0.913943 2.22994 1 1 1
v 0.653959 0.915004 2.22953 1 1 1
v -0.126888 0.389266 2.61042 1 1 1
v -0.131627 0.389671 2.61025 1 1 1
v -0.107366 0.389244 2.61043 1 1 1
v -0.0878452 0.388436 2.61075 1 1 1
v -0.0683241 0.388415 2.61076 1 1 1
v -0.0488029 0.388655 2.61066 1 1 1
v -0.0292817 0.388493 2.61073 1 1 1
v -0.0097605 0.388402 2.61077 1 1 1
v 0.00976062 0.388402 2.61077 1 1 1
v 0.0292817 0.388493 2.61073 1 1 1
v 0.048803 0.388655 2.61066 1 1 1
v 0.0683241 0.388415 2.61076 1 1 1
v 0.0878453 0.388436 2.61075 1 1 1
v 0.107366 0.389244 2.61043 1 1 1
v 0.126888 0.389266 2.61042 1 1 1
v 0.131627 0.389671 2.61025 1 1 1
v -0.185451 0.393616 2.60866 1 1 1
v -0.197398 0.407769 2.60294 1 1 1
v -0.16593 0.392551 2.60909 1 1 1
v -0.146409 0.390776 2.60981 1 1 1
v 0.146409 0.390776 2.60981 1 1 1
v 0.16593 0.392551 2.60909 1 1 1
v 0.185451 0.393616 2.60866 1 1 1
v 0.197398 0.407769 2.60294 1 1 1
v -0.192609 0.425868 2.59562 1 1 1
v 0.192609 0.425868 2.59562 1 1 1
v -0.187728 0.443966 2.5883 1 1 1
v 0.187728 0.443966 2.5883 1 1 1
v -0.302578 0.457016 2.58303 1 1 1
v -0.307404 0.462064 2.58099 1 1 1
v -0.283057 0.452328 2.58492 1 1 1
v -0.277361 0.462064 2.58099 1 1 1
v -0.185451 0.453943 2.58427 1 1 1
v -0.183784 0.462064 2.58099 1 1 1
v 0.185451 0.453943 2.58427 1 1 1
v 0.183784 0.462064 2.58099 1 1 1
v 0.283057 0.452328 2.58492 1 1 1
v 0.277361 0.462064 2.58099 1 1 1
v 0.302578 0.457016 2.58303 1 1 1
v 0.307404 0.462064 2.58099 1 1 1
v -0.322099 0.476898 2.57499 1 1 1
v -0.325262 0.480163 2.57367 1 1 1
v -0.267721 0.480163 2.57367 1 1 1
v -0.181172 0.480163 2.57367 1 1 1
v 0.181172 0.480163 2.57367 1 1 1
v 0.267721 0.480163 2.57367 1 1 1
v 0.322099 0.476898 2.57499 1 1 1
v 0.325262 0.480163 2.57367 1 1 1
v -0.34162 0.497383 2.56671 1 1 1
v -0.342452 0.498261 2.56636 1 1 1
v -0.263536 0.488652 2.57024 1 1 1
v -0.25786 0.498261 2.56636 1 1 1
v -0.177891 0.498261 2.56636 1 1 1
v 0.177891 0.498261 2.56636 1 1 1
v 0.263536 0.488652 2.57024 1 1 1
v 0.25786 0.498261 2.56636 1 1 1
v 0.34162 0.497383 2.56671 1 1 1
v 0.342452 0.498261 2.56636 1 1 1
v -0.359949 0.516359 2.55904 1 1 1
v -0.247242 0.516359 2.55904 1 1 1
v -0.175323 0.516359 2.55904 1 1 1
v 0.175323 0.516359 2.55904 1 1 1
v 0.247242 0.516359 2.55904 1 1 1
v 0.359949 0.516359 2.55904 1 1 1
v -0.361142 0.517565 2.55855 1 1 1
v -0.377138 0.534457 2.55172 1 1 1
v -0.244015 0.522649 2.5565 1 1 1
v -0.237033 0.534457 2.55172 1 1 1
v -0.1732 0.534457 2.55172 1 1 1
v 0.1732 0.534457 2.55172 1 1 1
v 0.244015 0.522649 2.5565 1 1 1
v 0.237033 0.534457 2.55172 1 1 1
v 0.361142 0.517565 2.55855 1 1 1
v 0.377138 0.534457 2.55172 1 1 1
v -0.380663 0.538283 2.55018 1 1 1
v -0.393487 0.552556 2.54441 1 1 1
v -0.226856 0.552556 2.54441 1 1 1
v -0.172468 0.552556 2.54441 1 1 1
v 0.172468 0.552556 2.54441 1 1 1
v 0.226857 0.552556 2.54441 1 1 1
v 0.380663 0.538283 2.55018 1 1 1
v 0.393487 0.552556 2.54441 1 1 1
v -0.400184 0.559254 2.5417 1 1 1
v -0.411951 0.570654 2.53709 1 1 1
v -0.224493 0.557367 2.54246 1 1 1
v -0.214451 0.570654 2.53709 1 1 1
v -0.182227 0.570654 2.53709 1 1 1
v 0.182227 0.570654 2.53709 1 1 1
v 0.224494 0.557367 2.54246 1 1 1
v 0.214451 0.570654 2.53709 1 1 1
v 0.400184 0.559254 2.5417 1 1 1
v 0.411951 0.570654 2.53709 1 1 1
v -0.419705 0.579133 2.53366 1 1 1
v -0.428611 0.588752 2.52978 1 1 1
v -0.204972 0.583419 2.53193 1 1 1
v -0.185451 0.571892 2.53659 1 1 1
v 0.185451 0.571892 2.53659 1 1 1
v 0.204972 0.583419 2.53193 1 1 1
v 0.419705 0.579133 2.53366 1 1 1
v 0.428611 0.588752 2.52978 1 1 1
v -0.439226 0.60018 2.52516 1 1 1
v -0.445614 0.606851 2.52246 1 1 1
v -0.16593 0.598313 2.52591 1 1 1
v -0.167843 0.606851 2.52246 1 1 1
v -0.146409 0.594557 2.52743 1 1 1
v -0.142557 0.606851 2.52246 1 1 1
v 0.146409 0.594557 2.52743 1 1 1
v 0.142557 0.606851 2.52246 1 1 1
v 0.16593 0.598314 2.52591 1 1 1
v 0.167843 0.606851 2.52246 1 1 1
v 0.439226 0.60018 2.52516 1 1 1
v 0.445614 0.606851 2.52246 1 1 1
v -0.458747 0.619355 2.5174 1 1 1
v -0.464055 0.624949 2.51514 1 1 1
v -0.170103 0.624949 2.51514 1 1 1
v -0.140509 0.624949 2.51514 1 1 1
v 0.140509 0.624949 2.51514 1 1 1
v 0.170103 0.624949 2.51514 1 1 1
v 0.458748 0.619355 2.5174 1 1 1
v 0.464055 0.624949 2.51514 1 1 1
v -0.478269 0.640735 2.50876 1 1 1
v -0.480484 0.643047 2.50783 1 1 1
v -0.170507 0.643047 2.50783 1 1 1
v -0.137113 0.643047 2.50783 1 1 1
v 0.137113 0.643047 2.50783 1 1 1
v 0.170507 0.643047 2.50783 1 1 1
v 0.478269 0.640735 2.50876 1 1 1
v 0.480484 0.643047 2.50783 1 1 1
v -0.49779 0.66027 2.50086 1 1 1
v -0.498667 0.661146 2.50051 1 1 1
v -0.171563 0.661146 2.50051 1 1 1
v -0.138357 0.661146 2.50051 1 1 1
v 0.138357 0.661146 2.50051 1 1 1
v 0.171563 0.661146 2.50051 1 1 1
v 0.49779 0.66027 2.50086 1 1 1
v 0.498668 0.661146 2.50051 1 1 1
v -0.515092 0.679244 2.49319 1 1 1
v -0.171853 0.679244 2.49319 1 1 1
v -0.141312 0.679244 2.49319 1 1 1
v 0.141312 0.679244 2.49319 1 1 1
v 0.171853 0.679244 2.49319 1 1 1
v 0.515092 0.679244 2.49319 1 1 1
v -0.517311 0.681593 2.49224 1 1 1
v -0.533915 0.697342 2.48588 1 1 1
v -0.169271 0.697342 2.48588 1 1 1
v -0.143028 0.697342 2.48588 1 1 1
v 0.143028 0.697342 2.48588 1 1 1
v 0.169271 0.697342 2.48588 1 1 1
v 0.517311 0.681593 2.49224 1 1 1
v 0.533915 0.697342 2.48588 1 1 1
v -0.536832 0.700244 2.4847 1 1 1
v -0.551355 0.715441 2.47856 1 1 1
v -0.16593 0.708 2.48157 1 1 1
v -0.155656 0.715441 2.47856 1 1 1
v -0.145105 0.715441 2.47856 1 1 1
v 0.145105 0.715441 2.47856 1 1 1
v 0.16593 0.708 2.48157 1 1 1
v 0.155657 0.715441 2.47856 1 1 1
v 0.536832 0.700244 2.4847 1 1 1
v 0.551355 0.715441 2.47856 1 1 1
v -0.556353 0.720212 2.47663 1 1 1
v -0.569865 0.733539 2.47125 1 1 1
v -0.146409 0.722315 2.47578 1 1 1
v 0.146409 0.722315 2.47578 1 1 1
v 0.556353 0.720212 2.47663 1 1 1
v 0.569865 0.733539 2.47125 1 1 1
v -0.575874 0.739659 2.46877 1 1 1
v -0.587805 0.751637 2.46393 1 1 1
v 0.575874 0.739659 2.46877 1 1 1
v 0.587805 0.751637 2.46393 1 1 1
v -0.595396 0.759152 2.46089 1 1 1
v -0.606057 0.769736 2.45661 1 1 1
v 0.595396 0.759152 2.46089 1 1 1
v 0.606057 0.769736 2.45661 1 1 1
v -0.614917 0.779127 2.45282 1 1 1
v -0.623256 0.787834 2.4493 1 1 1
v 0.614917 0.779126 2.45282 1 1 1
v 0.623256 0.787834 2.4493 1 1 1
v -0.634438 0.798234 2.44509 1 1 1
v -0.641976 0.805932 2.44198 1 1 1
v 0.634438 0.798234 2.44509 1 1 1
v 0.641976 0.805932 2.44198 1 1 1
v -0.653959 0.820343 2.43616 1 1 1
v -0.657411 0.824031 2.43466 1 1 1
v 0.653959 0.820343 2.43616 1 1 1
v 0.657411 0.824031 2.43466 1 1 1
v -0.67348 0.840462 2.42802 1 1 1
v -0.674978 0.842129 2.42735 1 1 1
v -0.107366 0.836053 2.4298 1 1 1
v -0.114242 0.842129 2.42735 1 1 1
v -0.0878452 0.833617 2.43079 1 1 1
v -0.0683241 0.83769 2.42914 1 1 1
v -0.0621755 0.842129 2.42735 1 1 1
v 0.0683241 0.83769 2.42914 1 1 1
v 0.0621756 0.842129 2.42735 1 1 1
v 0.0878453 0.833617 2.43079 1 1 1
v 0.107366 0.836053 2.4298 1 1 1
v 0.114242 0.842129 2.42735 1 1 1
v 0.67348 0.840463 2.42802 1 1 1
v 0.674978 0.842129 2.42735 1 1 1
v -0.689293 0.860227 2.42003 1 1 1
v -0.111458 0.860227 2.42003 1 1 1
v -0.0524022 0.860227 2.42003 1 1 1
v 0.0524021 0.860227 2.42003 1 1 1
v 0.111458 0.860227 2.42003 1 1 1
v 0.689293 0.860227 2.42003 1 1 1
v -0.687372 0.878326 2.41272 1 1 1
v -0.111458 0.878326 2.41272 1 1 1
v -0.0488029 0.863468 2.41872 1 1 1
v -0.0374548 0.878326 2.41272 1 1 1
v 0.048803 0.863468 2.41872 1 1 1
v 0.0374548 0.878326 2.41272 1 1 1
v 0.111458 0.878326 2.41272 1 1 1
v 0.687372 0.878326 2.41272 1 1 1
v -0.681159 0.896424 2.4054 1 1 1
v -0.146409 0.895421 2.40581 1 1 1
v -0.155356 0.896424 2.4054 1 1 1
v -0.126888 0.893295 2.40666 1 1 1
v -0.0292817 0.884149 2.41036 1 1 1
v -0.0097605 0.884626 2.41017 1 1 1
v 0.00976062 0.884626 2.41017 1 1 1
v 0.0292817 0.884149 2.41036 1 1 1
v 0.126888 0.893295 2.40666 1 1 1
v 0.146409 0.895421 2.40581 1 1 1
v 0.155356 0.896424 2.4054 1 1 1
v 0.681159 0.896424 2.4054 1 1 1
v -0.676734 0.914522 2.39808 1 1 1
v -0.244015 0.91215 2.39904 1 1 1
v -0.254858 0.914522 2.39808 1 1 1
v -0.224493 0.908449 2.40054 1 1 1
v -0.204972 0.906055 2.40151 1 1 1
v -0.185451 0.900628 2.4037 1 1 1
v -0.16593 0.898179 2.40469 1 1 1
v 0.16593 0.898179 2.40469 1 1 1
v 0.185451 0.900628 2.4037 1 1 1
v 0.204972 0.906055 2.40151 1 1 1
v 0.224494 0.908449 2.40054 1 1 1
v 0.244015 0.91215 2.39904 1 1 1
v 0.254858 0.914522 2.39808 1 1 1
v 0.676734 0.914522 2.39808 1 1 1
v -0.67348 0.925326 2.39372 1 1 1
v -0.671457 0.932621 2.39077 1 1 1
v -0.34162 0.931306 2.3913 1 1 1
v -0.349282 0.932621 2.39077 1 1 1
v -0.322099 0.927092 2.393 1 1 1
v -0.302578 0.923419 2.39449 1 1 1
v -0.283057 0.919934 2.3959 1 1 1
v -0.263536 0.91702 2.39707 1 1 1
v 0.263536 0.91702 2.39707 1 1 1
v 0.283057 0.919934 2.3959 1 1 1
v 0.302578 0.923419 2.39449 1 1 1
v 0.322099 0.927092 2.393 1 1 1
v 0.34162 0.931306 2.3913 1 1 1
v 0.349282 0.932621 2.39077 1 1 1
v 0.67348 0.925326 2.39372 1 1 1
v 0.671457 0.932621 2.39077 1 1 1
v -0.66562 0.950719 2.38345 1 1 1
v -0.439226 0.948756 2.38424 1 1 1
v -0.451739 0.950719 2.38345 1 1 1
v -0.419705 0.945733 2.38547 1 1 1
v -0.400184 0.942289 2.38686 1 1 1
v -0.380663 0.938878 2.38824 1 1 1
v -0.361142 0.935446 2.38963 1 1 1
v 0.361142 0.935446 2.38963 1 1 1
v 0.380663 0.938878 2.38824 1 1 1
v 0.400184 0.942289 2.38686 1 1 1
v 0.419705 0.945733 2.38547 1 1 1
v 0.439226 0.948756 2.38424 1 1 1
v 0.451739 0.950719 2.38345 1 1 1
v 0.66562 0.950719 2.38345 1 1 1
v -0.653959 0.966694 2.37699 1 1 1
v -0.634438 0.966893 2.37691 1 1 1
v -0.614917 0.965348 2.37754 1 1 1
v -0.595396 0.964385 2.37793 1 1 1
v -0.575874 0.96418 2.37801 1 1 1
v -0.556353 0.962223 2.3788 1 1 1
v -0.536832 0.961418 2.37913 1 1 1
v -0.517311 0.959824 2.37977 1 1 1
v -0.49779 0.957382 2.38076 1 1 1
v -0.478269 0.955639 2.38146 1 1 1
v -0.458747 0.952292 2.38282 1 1 1
v 0.458748 0.952292 2.38282 1 1 1
v 0.478269 0.955639 2.38146 1 1 1
v 0.49779 0.957382 2.38076 1 1 1
v 0.517311 0.959824 2.37977 1 1 1
v 0.536832 0.961418 2.37913 1 1 1
v 0.556353 0.962223 2.3788 1 1 1
v 0.575874 0.96418 2.37801 1 1 1
v 0.595396 0.964385 2.37793 1 1 1
v 0.614917 0.965348 2.37754 1 1 1
v 0.634438 0.966893 2.37691 1 1 1
v 0.653959 0.966694 2.37699 1 1 1
v -0.185451 0.46003 2.76204 1 1 1
v -0.194234 0.470362 2.75765 1 1 1
v -0.16593 0.457544 2.7631 1 1 1
v -0.146409 0.455538 2.76395 1 1 1
v -0.126888 0.453939 2.76463 1 1 1
v -0.107366 0.453929 2.76463 1 1 1
v -0.0878452 0.453243 2.76492 1 1 1
v -0.0683241 0.453075 2.765 1 1 1
v -0.0488029 0.453324 2.76489 1 1 1
v -0.0292817 0.453306 2.7649 1 1 1
v -0.0097605 0.453085 2.76499 1 1 1
v 0.00976062 0.453085 2.76499 1 1 1
v 0.0292817 0.453306 2.7649 1 1 1
v 0.048803 0.453324 2.76489 1 1 1
v 0.0683241 0.453075 2.765 1 1 1
v 0.0878453 0.453243 2.76492 1 1 1
v 0.107366 0.453929 2.76463 1 1 1
v 0.126888 0.453939 2.76463 1 1 1
v 0.146409 0.455538 2.76395 1 1 1
v 0.16593 0.457544 2.7631 1 1 1
v 0.185451 0.46003 2.76204 1 1 1
v 0.194234 0.470362 2.75765 1 1 1
v -0.190175 0.48833 2.75002 1 1 1
v 0.190175 0.48833 2.75002 1 1 1
v -0.185451 0.505628 2.74268 1 1 1
v -0.185253 0.506298 2.74239 1 1 1
v 0.185451 0.505628 2.74268 1 1 1
v 0.185253 0.506298 2.74239 1 1 1
v -0.302578 0.523668 2.73501 1 1 1
v -0.303153 0.524266 2.73476 1 1 1
v -0.283057 0.522914 2.73533 1 1 1
v -0.282213 0.524266 2.73476 1 1 1
v -0.181805 0.524266 2.73476 1 1 1
v 0.181805 0.524266 2.73476 1 1 1
v 0.283057 0.522914 2.73533 1 1 1
v 0.282213 0.524266 2.73476 1 1 1
v 0.302578 0.523668 2.73501 1 1 1
v 0.303153 0.524266 2.73476 1 1 1
v -0.320854 0.542234 2.72713 1 1 1
v -0.27139 0.542234 2.72713 1 1 1
v -0.179571 0.542234 2.72713 1 1 1
v 0.179571 0.542234 2.72713 1 1 1
v 0.27139 0.542234 2.72713 1 1 1
v 0.320854 0.542234 2.72713 1 1 1
v -0.322099 0.543493 2.72659 1 1 1
v -0.337973 0.560201 2.7195 1 1 1
v -0.263536 0.557157 2.72079 1 1 1
v -0.261585 0.560201 2.7195 1 1 1
v -0.17675 0.560201 2.7195 1 1 1
v 0.17675 0.560201 2.7195 1 1 1
v 0.263536 0.557157 2.72079 1 1 1
v 0.261585 0.560201 2.7195 1 1 1
v 0.322099 0.543493 2.72659 1 1 1
v 0.337973 0.560201 2.7195 1 1 1
v -0.34162 0.563985 2.71789 1 1 1
v -0.355389 0.578169 2.71187 1 1 1
v -0.249811 0.578169 2.71187 1 1 1
v -0.174169 0.578169 2.71187 1 1 1
v 0.174169 0.578169 2.71187 1 1 1
v 0.249811 0.578169 2.71187 1 1 1
v 0.34162 0.563985 2.71789 1 1 1
v 0.355389 0.578169 2.71187 1 1 1
v -0.361142 0.583939 2.70942 1 1 1
v -0.372716 0.596137 2.70424 1 1 1
v -0.244015 0.588734 2.70738 1 1 1
v -0.23929 0.596137 2.70424 1 1 1
v -0.17221 0.596137 2.70424 1 1 1
v 0.17221 0.596137 2.70424 1 1 1
v 0.244015 0.588734 2.70738 1 1 1
v 0.23929 0.596137 2.70424 1 1 1
v 0.361142 0.583939 2.70942 1 1 1
v 0.372716 0.596137 2.70424 1 1 1
v -0.380663 0.604776 2.70057 1 1 1
v -0.389025 0.614105 2.6966 1 1 1
v -0.228169 0.614105 2.6966 1 1 1
v -0.17247 0.614105 2.6966 1 1 1
v 0.17247 0.614105 2.6966 1 1 1
v 0.228169 0.614105 2.6966 1 1 1
v 0.380663 0.604776 2.70057 1 1 1
v 0.389025 0.614105 2.6966 1 1 1
v -0.400184 0.625139 2.69192 1 1 1
v -0.407414 0.632073 2.68897 1 1 1
v -0.224493 0.621176 2.6936 1 1 1
v -0.215758 0.632073 2.68897 1 1 1
v -0.183441 0.632073 2.68897 1 1 1
v 0.183441 0.632073 2.68897 1 1 1
v 0.224494 0.621176 2.6936 1 1 1
v 0.215758 0.632073 2.68897 1 1 1
v 0.400184 0.62514 2.69192 1 1 1
v 0.407414 0.632073 2.68897 1 1 1
v -0.419705 0.645569 2.68324 1 1 1
v -0.423848 0.65004 2.68134 1 1 1
v -0.204972 0.644674 2.68362 1 1 1
v -0.185451 0.632794 2.68867 1 1 1
v 0.185451 0.632794 2.68867 1 1 1
v 0.204972 0.644675 2.68362 1 1 1
v 0.419705 0.645569 2.68324 1 1 1
v 0.423848 0.65004 2.68134 1 1 1
v -0.439226 0.666454 2.67437 1 1 1
v -0.440723 0.668008 2.67371 1 1 1
v -0.16593 0.660521 2.67689 1 1 1
v -0.167575 0.668008 2.67371 1 1 1
v -0.146409 0.65365 2.67981 1 1 1
v -0.141931 0.668008 2.67371 1 1 1
v 0.146409 0.653651 2.67981 1 1 1
v 0.141932 0.668008 2.67371 1 1 1
v 0.16593 0.660521 2.67689 1 1 1
v 0.167575 0.668008 2.67371 1 1 1
v 0.439226 0.666454 2.67437 1 1 1
v 0.440724 0.668008 2.67371 1 1 1
v -0.458747 0.685081 2.66646 1 1 1
v -0.459601 0.685976 2.66608 1 1 1
v -0.169818 0.685976 2.66608 1 1 1
v -0.139976 0.685976 2.66608 1 1 1
v 0.139976 0.685976 2.66608 1 1 1
v 0.169818 0.685976 2.66608 1 1 1
v 0.458748 0.685081 2.66646 1 1 1
v 0.459602 0.685976 2.66608 1 1 1
v -0.475652 0.703944 2.65845 1 1 1
v -0.170226 0.703944 2.65845 1 1 1
v -0.136676 0.703944 2.65845 1 1 1
v 0.136676 0.703944 2.65845 1 1 1
v 0.170226 0.703944 2.65845 1 1 1
v 0.475652 0.703944 2.65845 1 1 1
v -0.478269 0.706836 2.65722 1 1 1
v -0.493417 0.721912 2.65082 1 1 1
v -0.171544 0.721912 2.65082 1 1 1
v -0.138567 0.721912 2.65082 1 1 1
v 0.138567 0.721912 2.65082 1 1 1
v 0.171544 0.721912 2.65082 1 1 1
v 0.478269 0.706836 2.65722 1 1 1
v 0.493418 0.721912 2.65082 1 1 1
v -0.49779 0.726117 2.64903 1 1 1
v -0.510295 0.73988 2.64319 1 1 1
v -0.172312 0.73988 2.64319 1 1 1
v -0.141671 0.73988 2.64319 1 1 1
v 0.141672 0.73988 2.64319 1 1 1
v 0.172312 0.73988 2.64319 1 1 1
v 0.49779 0.726117 2.64903 1 1 1
v 0.510295 0.73988 2.64319 1 1 1
v -0.517311 0.747283 2.64004 1 1 1
v -0.528564 0.757847 2.63556 1 1 1
v -0.16977 0.757847 2.63556 1 1 1
v -0.143323 0.757847 2.63556 1 1 1
v 0.143323 0.757847 2.63556 1 1 1
v 0.16977 0.757847 2.63556 1 1 1
v 0.517311 0.747283 2.64004 1 1 1
v 0.528564 0.757847 2.63556 1 1 1
v -0.536832 0.766003 2.63209 1 1 1
v -0.546285 0.775815 2.62792 1 1 1
v -0.16593 0.770038 2.63038 1 1 1
v -0.156697 0.775815 2.62792 1 1 1
v -0.145292 0.775815 2.62792 1 1 1
v 0.145292 0.775815 2.62792 1 1 1
v 0.16593 0.770038 2.63038 1 1 1
v 0.156697 0.775815 2.62792 1 1 1
v 0.536832 0.766003 2.63209 1 1 1
v 0.546285 0.775815 2.62792 1 1 1
v -0.556353 0.785316 2.62389 1 1 1
v -0.565023 0.793783 2.62029 1 1 1
v -0.146409 0.781752 2.6254 1 1 1
v 0.146409 0.781753 2.6254 1 1 1
v 0.556353 0.785316 2.62389 1 1 1
v 0.565023 0.793783 2.62029 1 1 1
v -0.575874 0.804734 2.61564 1 1 1
v -0.58294 0.811751 2.61266 1 1 1
v 0.575874 0.804734 2.61564 1 1 1
v 0.58294 0.811751 2.61266 1 1 1
v -0.595396 0.824044 2.60744 1 1 1
v -0.601179 0.829719 2.60503 1 1 1
v 0.595396 0.824044 2.60744 1 1 1
v 0.601179 0.829719 2.60503 1 1 1
v -0.614917 0.844153 2.5989 1 1 1
v -0.618293 0.847686 2.5974 1 1 1
v 0.614917 0.844152 2.5989 1 1 1
v 0.618293 0.847686 2.5974 1 1 1
v -0.634438 0.862487 2.59111 1 1 1
v -0.637578 0.865654 2.58977 1 1 1
v 0.634438 0.862487 2.59111 1 1 1
v 0.637578 0.865654 2.58977 1 1 1
v -0.652429 0.883622 2.58214 1 1 1
v 0.652429 0.883622 2.58214 1 1 1
v -0.653959 0.885393 2.58139 1 1 1
v -0.66987 0.90159 2.57451 1 1 1
v -0.107366 0.895786 2.57697 1 1 1
v -0.114981 0.90159 2.57451 1 1 1
v -0.0878452 0.893769 2.57783 1 1 1
v -0.0683241 0.897208 2.57637 1 1 1
v -0.0614578 0.90159 2.57451 1 1 1
v 0.0683241 0.897208 2.57637 1 1 1
v 0.0614578 0.90159 2.57451 1 1 1
v 0.0878453 0.893769 2.57783 1 1 1
v 0.107366 0.895786 2.57697 1 1 1
v 0.114981 0.90159 2.57451 1 1 1
v 0.653959 0.885393 2.58139 1 1 1
v 0.66987 0.90159 2.57451 1 1 1
v -0.67348 0.905835 2.5727 1 1 1
v -0.684309 0.919558 2.56687 1 1 1
v -0.112296 0.919558 2.56687 1 1 1
v -0.0507263 0.919558 2.56687 1 1 1
v 0.0507262 0.919558 2.56687 1 1 1
v 0.112296 0.919558 2.56687 1 1 1
v 0.67348 0.905836 2.5727 1 1 1
v 0.684309 0.919558 2.56687 1 1 1
v -0.683247 0.937525 2.55924 1 1 1
v -0.11287 0.937525 2.55924 1 1 1
v -0.0488029 0.921199 2.56618 1 1 1
v -0.0356267 0.937525 2.55924 1 1 1
v 0.048803 0.921198 2.56618 1 1 1
v 0.0356267 0.937525 2.55924 1 1 1
v 0.11287 0.937525 2.55924 1 1 1
v 0.683247 0.937525 2.55924 1 1 1
v -0.677218 0.955493 2.55161 1 1 1
v -0.16593 0.955336 2.55168 1 1 1
v -0.167411 0.955493 2.55161 1 1 1
v -0.146409 0.953243 2.55257 1 1 1
v -0.126888 0.950813 2.5536 1 1 1
v -0.0292817 0.941863 2.5574 1 1 1
v -0.0097605 0.942479 2.55714 1 1 1
v 0.00976062 0.942479 2.55714 1 1 1
v 0.0292817 0.941863 2.5574 1 1 1
v 0.126888 0.950813 2.5536 1 1 1
v 0.146409 0.953243 2.55257 1 1 1
v 0.16593 0.955336 2.55168 1 1 1
v 0.167411 0.955493 2.55161 1 1 1
v 0.677218 0.955493 2.55161 1 1 1
v -0.67348 0.970629 2.54518 1 1 1
v -0.672783 0.973461 2.54398 1 1 1
v -0.244015 0.969641 2.5456 1 1 1
v -0.260888 0.973461 2.54398 1 1 1
v -0.224493 0.966001 2.54715 1 1 1
v -0.204972 0.963606 2.54817 1 1 1
v -0.185451 0.957877 2.5506 1 1 1
v 0.185451 0.957877 2.5506 1 1 1
v 0.204972 0.963606 2.54817 1 1 1
v 0.224494 0.966001 2.54715 1 1 1
v 0.244015 0.969641 2.5456 1 1 1
v 0.260888 0.973461 2.54398 1 1 1
v 0.67348 0.970628 2.54518 1 1 1
v 0.672782 0.973461 2.54398 1 1 1
v -0.667845 0.991429 2.53635 1 1 1
v -0.34162 0.988861 2.53744 1 1 1
v -0.356453 0.991429 2.53635 1 1 1
v -0.322099 0.984732 2.53919 1 1 1
v -0.302578 0.980918 2.54081 1 1 1
v -0.283057 0.977282 2.54236 1 1 1
v -0.263536 0.974245 2.54365 1 1 1
v 0.263536 0.974245 2.54365 1 1 1
v 0.283057 0.977282 2.54236 1 1 1
v 0.302578 0.980918 2.54081 1 1 1
v 0.322099 0.984732 2.53919 1 1 1
v 0.34162 0.988861 2.53744 1 1 1
v 0.356453 0.991429 2.53635 1 1 1
v 0.667845 0.991429 2.53635 1 1 1
v -0.66155 1.0094 2.52872 1 1 1
v -0.458747 1.00933 2.52875 1 1 1
v -0.459168 1.0094 2.52872 1 1 1
v -0.439226 1.00635 2.53002 1 1 1
v -0.419705 1.00338 2.53128 1 1 1
v -0.400184 0.999843 2.53278 1 1 1
v -0.380663 0.996282 2.53429 1 1 1
v -0.361142 0.992558 2.53587 1 1 1
v 0.361142 0.992558 2.53587 1 1 1
v 0.380663 0.996282 2.53429 1 1 1
v 0.400184 0.999843 2.53278 1 1 1
v 0.419705 1.00338 2.53128 1 1 1
v 0.439226 1.00635 2.53002 1 1 1
v 0.458748 1.00933 2.52875 1 1 1
v 0.459167 1.0094 2.52872 1 1 1
v 0.66155 1.0094 2.52872 1 1 1
v -0.653959 1.01985 2.52428 1 1 1
v -0.634438 1.02225 2.52326 1 1 1
v -0.614917 1.02107 2.52376 1 1 1
v -0.595396 1.02038 2.52405 1 1 1
v -0.575874 1.02046 2.52402 1 1 1
v -0.556353 1.01871 2.52476 1 1 1
v -0.536832 1.01818 2.52499 1 1 1
v -0.517311 1.01681 2.52557 1 1 1
v -0.49779 1.0145 2.52655 1 1 1
v -0.478269 1.01276 2.52729 1 1 1
v 0.478269 1.01276 2.52729 1 1 1
v 0.49779 1.0145 2.52655 1 1 1
v 0.517311 1.01681 2.52557 1 1 1
v 0.536832 1.01818 2.52499 1 1 1
v 0.556353 1.01871 2.52476 1 1 1
v 0.575874 1.02046 2.52402 1 1 1
v 0.595396 1.02038 2.52405 1 1 1
v 0.614917 1.02107 2.52376 1 1 1
v 0.634438 1.02225 2.52326 1 1 1
v 0.653959 1.01985 2.52428 1 1 1
v -0.185451 0.531545 2.91838 1 1 1
v -0.190678 0.537607 2.91556 1 1 1
v -0.16593 0.527535 2.92024 1 1 1
v -0.146409 0.52529 2.92128 1 1 1
v -0.126888 0.523566 2.92208 1 1 1
v -0.107366 0.523493 2.92211 1 1 1
v -0.0878452 0.522841 2.92242 1 1 1
v -0.0683241 0.522643 2.92251 1 1 1
v -0.0488029 0.522789 2.92244 1 1 1
v -0.0292817 0.522956 2.92236 1 1 1
v -0.0097605 0.522609 2.92252 1 1 1
v 0.00976062 0.522609 2.92252 1 1 1
v 0.0292817 0.522956 2.92236 1 1 1
v 0.048803 0.522789 2.92244 1 1 1
v 0.0683241 0.522643 2.92251 1 1 1
v 0.0878453 0.522841 2.92242 1 1 1
v 0.107366 0.523493 2.92211 1 1 1
v 0.126888 0.523566 2.92208 1 1 1
v 0.146409 0.52529 2.92128 1 1 1
v 0.16593 0.527535 2.92024 1 1 1
v 0.185451 0.531545 2.91838 1 1 1
v 0.190678 0.537607 2.91556 1 1 1
v -0.187392 0.555313 2.90734 1 1 1
v 0.187392 0.555313 2.90734 1 1 1
v -0.185451 0.562914 2.90381 1 1 1
v -0.182648 0.573019 2.89912 1 1 1
v 0.185451 0.562914 2.90381 1 1 1
v 0.182648 0.573019 2.89912 1 1 1
v -0.179559 0.590724 2.8909 1 1 1
v 0.179559 0.590724 2.8909 1 1 1
v -0.302578 0.595295 2.88878 1 1 1
v -0.315555 0.60843 2.88268 1 1 1
v -0.283057 0.597632 2.88769 1 1 1
v -0.27588 0.60843 2.88268 1 1 1
v -0.177752 0.60843 2.88268 1 1 1
v 0.177752 0.60843 2.88268 1 1 1
v 0.283057 0.597632 2.88769 1 1 1
v 0.27588 0.60843 2.88268 1 1 1
v 0.302578 0.595295 2.88878 1 1 1
v 0.315555 0.60843 2.88268 1 1 1
v -0.322099 0.61499 2.87963 1 1 1
v -0.332852 0.626135 2.87445 1 1 1
v -0.265519 0.626135 2.87445 1 1 1
v -0.175457 0.626135 2.87445 1 1 1
v 0.175457 0.626135 2.87445 1 1 1
v 0.265519 0.626135 2.87445 1 1 1
v 0.322099 0.614991 2.87963 1 1 1
v 0.332852 0.626135 2.87445 1 1 1
v -0.34162 0.635097 2.87029 1 1 1
v -0.350233 0.643841 2.86623 1 1 1
v -0.263536 0.629332 2.87297 1 1 1
v -0.252961 0.643841 2.86623 1 1 1
v -0.172847 0.643841 2.86623 1 1 1
v 0.172847 0.643841 2.86623 1 1 1
v 0.263536 0.629332 2.87297 1 1 1
v 0.252961 0.643841 2.86623 1 1 1
v 0.34162 0.635097 2.87029 1 1 1
v 0.350233 0.643841 2.86623 1 1 1
v -0.361142 0.654611 2.86123 1 1 1
v -0.367782 0.661547 2.85801 1 1 1
v -0.244015 0.658847 2.85927 1 1 1
v -0.24212 0.661547 2.85801 1 1 1
v -0.17112 0.661547 2.85801 1 1 1
v 0.17112 0.661547 2.85801 1 1 1
v 0.244015 0.658847 2.85927 1 1 1
v 0.24212 0.661547 2.85801 1 1 1
v 0.361142 0.654611 2.86123 1 1 1
v 0.367782 0.661547 2.85801 1 1 1
v -0.380663 0.675483 2.85154 1 1 1
v -0.384054 0.679252 2.84979 1 1 1
v -0.229799 0.679252 2.84979 1 1 1
v -0.172471 0.679252 2.84979 1 1 1
v 0.172471 0.679252 2.84979 1 1 1
v 0.229799 0.679252 2.84979 1 1 1
v 0.380663 0.675483 2.85154 1 1 1
v 0.384054 0.679252 2.84979 1 1 1
v -0.400184 0.694894 2.84253 1 1 1
v -0.402375 0.696958 2.84157 1 1 1
v -0.224493 0.688743 2.84538 1 1 1
v -0.21739 0.696958 2.84157 1 1 1
v -0.184666 0.696958 2.84157 1 1 1
v 0.184666 0.696958 2.84157 1 1 1
v 0.224494 0.688743 2.84538 1 1 1
v 0.21739 0.696958 2.84157 1 1 1
v 0.400184 0.694895 2.84253 1 1 1
v 0.402375 0.696958 2.84157 1 1 1
v -0.418436 0.714663 2.83335 1 1 1
v -0.204972 0.70931 2.83583 1 1 1
v -0.185451 0.69722 2.84145 1 1 1
v 0.185451 0.69722 2.84145 1 1 1
v 0.204972 0.70931 2.83583 1 1 1
v 0.418436 0.714663 2.83335 1 1 1
v -0.419705 0.716002 2.83273 1 1 1
v -0.435166 0.732369 2.82513 1 1 1
v -0.16593 0.725914 2.82813 1 1 1
v -0.167334 0.732369 2.82513 1 1 1
v -0.146409 0.715844 2.8328 1 1 1
v -0.141248 0.732369 2.82513 1 1 1
v 0.146409 0.715844 2.8328 1 1 1
v 0.141248 0.732369 2.82513 1 1 1
v 0.16593 0.725914 2.82813 1 1 1
v 0.167334 0.732369 2.82513 1 1 1
v 0.419705 0.716001 2.83273 1 1 1
v 0.435166 0.732369 2.82513 1 1 1
v -0.439226 0.736476 2.82322 1 1 1
v -0.453713 0.750075 2.81691 1 1 1
v -0.169557 0.750075 2.81691 1 1 1
v -0.139392 0.750075 2.81691 1 1 1
v 0.139392 0.750075 2.81691 1 1 1
v 0.169557 0.750075 2.81691 1 1 1
v 0.439226 0.736476 2.82322 1 1 1
v 0.453714 0.750075 2.81691 1 1 1
v -0.458747 0.75499 2.81462 1 1 1
v -0.470222 0.76778 2.80869 1 1 1
v -0.169965 0.76778 2.80869 1 1 1
v -0.13622 0.76778 2.80869 1 1 1
v 0.13622 0.76778 2.80869 1 1 1
v 0.169965 0.76778 2.80869 1 1 1
v 0.458748 0.75499 2.81462 1 1 1
v 0.470222 0.76778 2.80869 1 1 1
v -0.478269 0.776628 2.80458 1 1 1
v -0.487303 0.785486 2.80046 1 1 1
v -0.171525 0.785486 2.80046 1 1 1
v -0.13877 0.785486 2.80046 1 1 1
v 0.13877 0.785486 2.80046 1 1 1
v 0.171525 0.785486 2.80046 1 1 1
v 0.478269 0.776628 2.80458 1 1 1
v 0.487303 0.785486 2.80046 1 1 1
v -0.49779 0.795325 2.7959 1 1 1
v -0.504987 0.803192 2.79224 1 1 1
v -0.172812 0.803192 2.79224 1 1 1
v -0.142006 0.803192 2.79224 1 1 1
v 0.142006 0.803192 2.79224 1 1 1
v 0.172812 0.803192 2.79224 1 1 1
v 0.49779 0.795325 2.7959 1 1 1
v 0.504987 0.803192 2.79224 1 1 1
v -0.517311 0.816069 2.78626 1 1 1
v -0.522548 0.820897 2.78402 1 1 1
v -0.170331 0.820897 2.78402 1 1 1
v -0.143591 0.820897 2.78402 1 1 1
v 0.143591 0.820897 2.78402 1 1 1
v 0.170331 0.820897 2.78402 1 1 1
v 0.517311 0.816069 2.78626 1 1 1
v 0.522548 0.820897 2.78402 1 1 1
v -0.536832 0.83476 2.77759 1 1 1
v -0.540592 0.838603 2.7758 1 1 1
v -0.16593 0.834706 2.77761 1 1 1
v -0.158326 0.838603 2.7758 1 1 1
v -0.145457 0.838603 2.7758 1 1 1
v 0.145458 0.838603 2.7758 1 1 1
v 0.16593 0.834706 2.77761 1 1 1
v 0.158326 0.838603 2.7758 1 1 1
v 0.536832 0.83476 2.77759 1 1 1
v 0.540592 0.838603 2.7758 1 1 1
v -0.556353 0.853188 2.76903 1 1 1
v -0.559605 0.856308 2.76758 1 1 1
v -0.146409 0.843655 2.77345 1 1 1
v 0.146409 0.843655 2.77345 1 1 1
v 0.556353 0.853188 2.76903 1 1 1
v 0.559605 0.856308 2.76758 1 1 1
v -0.575874 0.872454 2.76008 1 1 1
v -0.577475 0.874014 2.75936 1 1 1
v 0.575874 0.872454 2.76008 1 1 1
v 0.577475 0.874014 2.75936 1 1 1
v -0.595396 0.891526 2.75123 1 1 1
v -0.595597 0.89172 2.75114 1 1 1
v 0.595396 0.891526 2.75123 1 1 1
v 0.595597 0.89172 2.75114 1 1 1
v -0.612816 0.909425 2.74292 1 1 1
v 0.612816 0.909425 2.74292 1 1 1
v -0.614917 0.911815 2.74181 1 1 1
v -0.632054 0.927131 2.73469 1 1 1
v 0.614917 0.911815 2.74181 1 1 1
v 0.632054 0.927131 2.73469 1 1 1
v -0.634438 0.929107 2.73378 1 1 1
v -0.64755 0.944836 2.72647 1 1 1
v 0.634438 0.929107 2.73378 1 1 1
v 0.64755 0.944836 2.72647 1 1 1
v -0.653959 0.952281 2.72302 1 1 1
v -0.664106 0.962542 2.71825 1 1 1
v -0.107366 0.957023 2.72082 1 1 1
v -0.115848 0.962542 2.71825 1 1 1
v -0.0878452 0.955392 2.72157 1 1 1
v -0.0683241 0.958246 2.72025 1 1 1
v -0.0606203 0.962542 2.71825 1 1 1
v 0.0683241 0.958246 2.72025 1 1 1
v 0.0606203 0.962542 2.71825 1 1 1
v 0.0878453 0.955392 2.72157 1 1 1
v 0.107366 0.957023 2.72082 1 1 1
v 0.115848 0.962542 2.71825 1 1 1
v 0.653959 0.952281 2.72302 1 1 1
v 0.664106 0.962542 2.71825 1 1 1
v -0.67348 0.973497 2.71317 1 1 1
v -0.67881 0.980248 2.71003 1 1 1
v -0.113298 0.980248 2.71003 1 1 1
v -0.0488029 0.980228 2.71004 1 1 1
v -0.0487931 0.980248 2.71003 1 1 1
v 0.048803 0.980228 2.71004 1 1 1
v 0.0487931 0.980248 2.71003 1 1 1
v 0.113298 0.980248 2.71003 1 1 1
v 0.67348 0.973497 2.71317 1 1 1
v 0.67881 0.980248 2.71003 1 1 1
v -0.678632 0.997953 2.70181 1 1 1
v -0.114499 0.997953 2.70181 1 1 1
v -0.0335014 0.997953 2.70181 1 1 1
v 0.0335014 0.997953 2.70181 1 1 1
v 0.114499 0.997953 2.70181 1 1 1
v 0.678632 0.997953 2.70181 1 1 1
v -0.67348 1.01358 2.69456 1 1 1
v -0.672783 1.01566 2.69359 1 1 1
v -0.16593 1.01403 2.69435 1 1 1
v -0.182388 1.01566 2.69359 1 1 1
v -0.146409 1.01205 2.69527 1 1 1
v -0.126888 1.00932 2.69653 1 1 1
v -0.0292817 1.00069 2.70054 1 1 1
v -0.0097605 1.00141 2.7002 1 1 1
v 0.00976062 1.00141 2.7002 1 1 1
v 0.0292817 1.00069 2.70054 1 1 1
v 0.126888 1.00932 2.69653 1 1 1
v 0.146409 1.01205 2.69527 1 1 1
v 0.16593 1.01403 2.69435 1 1 1
v 0.182389 1.01566 2.69359 1 1 1
v 0.67348 1.01358 2.69456 1 1 1
v 0.672783 1.01566 2.69359 1 1 1
v -0.66845 1.03336 2.68537 1 1 1
v -0.263536 1.03251 2.68577 1 1 1
v -0.269508 1.03336 2.68537 1 1 1
v -0.244015 1.02797 2.68787 1 1 1
v -0.224493 1.02444 2.68951 1 1 1
v -0.204972 1.02204 2.69063 1 1 1
v -0.185451 1.01603 2.69341 1 1 1
v 0.185451 1.01603 2.69341 1 1 1
v 0.204972 1.02204 2.69063 1 1 1
v 0.224494 1.02444 2.68951 1 1 1
v 0.244015 1.02797 2.68787 1 1 1
v 0.263536 1.03251 2.68577 1 1 1
v 0.269508 1.03336 2.68537 1 1 1
v 0.66845 1.03336 2.68537 1 1 1
v -0.663763 1.05107 2.67715 1 1 1
v -0.361142 1.05054 2.67739 1 1 1
v -0.3642 1.05107 2.67715 1 1 1
v -0.34162 1.04715 2.67897 1 1 1
v -0.322099 1.04315 2.68083 1 1 1
v -0.302578 1.03919 2.68266 1 1 1
v -0.283057 1.03544 2.6844 1 1 1
v 0.283057 1.03544 2.6844 1 1 1
v 0.302578 1.03919 2.68266 1 1 1
v 0.322099 1.04315 2.68083 1 1 1
v 0.34162 1.04715 2.67897 1 1 1
v 0.361142 1.05054 2.67739 1 1 1
v 0.3642 1.05107 2.67715 1 1 1
v 0.663763 1.05107 2.67715 1 1 1
v -0.656976 1.06878 2.66893 1 1 1
v -0.458747 1.06737 2.66958 1 1 1
v -0.468593 1.06878 2.66893 1 1 1
v -0.439226 1.06456 2.67088 1 1 1
v -0.419705 1.06167 2.67223 1 1 1
v -0.400184 1.05805 2.6739 1 1 1
v -0.380663 1.05436 2.67562 1 1 1
v 0.380663 1.05436 2.67562 1 1 1
v 0.400184 1.05805 2.6739 1 1 1
v 0.419705 1.06167 2.67223 1 1 1
v 0.439226 1.06456 2.67088 1 1 1
v 0.458748 1.06737 2.66958 1 1 1
v 0.468593 1.06878 2.66893 1 1 1
v 0.656976 1.06878 2.66893 1 1 1
v -0.653959 1.07293 2.667 1 1 1
v -0.634438 1.07784 2.66472 1 1 1
v -0.614917 1.07707 2.66507 1 1 1
v -0.595396 1.07672 2.66524 1 1 1
v -0.575874 1.07712 2.66505 1 1 1
v -0.556353 1.07559 2.66576 1 1 1
v -0.536832 1.07535 2.66587 1 1 1
v -0.517311 1.07427 2.66637 1 1 1
v -0.49779 1.07214 2.66736 1 1 1
v -0.478269 1.07042 2.66816 1 1 1
v 0.478269 1.07042 2.66816 1 1 1
v 0.49779 1.07214 2.66736 1 1 1
v 0.517311 1.07427 2.66637 1 1 1
v 0.536832 1.07535 2.66587 1 1 1
v 0.556353 1.07559 2.66576 1 1 1
v 0.575874 1.07712 2.66505 1 1 1
v 0.595396 1.07672 2.66524 1 1 1
v 0.614917 1.07707 2.66507 1 1 1
v 0.634438 1.07784 2.66472 1 1 1
v 0.653959 1.07293 2.667 1 1 1
v -0.185451 0.607058 3.06863 1 1 1
v -0.186655 0.608441 3.06795 1 1 1
v -0.16593 0.60137 3.07142 1 1 1
v -0.146409 0.59885 3.07265 1 1 1
v -0.126888 0.596971 3.07358 1 1 1
v -0.107366 0.596791 3.07366 1 1 1
v -0.0878452 0.596197 3.07396 1 1 1
v -0.0683241 0.595977 3.07406 1 1 1
v -0.0488029 0.595984 3.07406 1 1 1
v -0.0292817 0.596373 3.07387 1 1 1
v -0.0097605 0.595864 3.07412 1 1 1
v 0.00976062 0.595864 3.07412 1 1 1
v 0.0292817 0.596373 3.07387 1 1 1
v 0.048803 0.595984 3.07406 1 1 1
v 0.0683241 0.595977 3.07406 1 1 1
v 0.0878453 0.596197 3.07396 1 1 1
v 0.107366 0.596791 3.07366 1 1 1
v 0.126888 0.596971 3.07358 1 1 1
v 0.146409 0.59885 3.07265 1 1 1
v 0.16593 0.60137 3.07142 1 1 1
v 0.185451 0.607058 3.06863 1 1 1
v 0.186655 0.608441 3.06795 1 1 1
v -0.185451 0.616369 3.06406 1 1 1
v -0.184077 0.625968 3.05936 1 1 1
v 0.185451 0.616369 3.06406 1 1 1
v 0.184078 0.625968 3.05936 1 1 1
v -0.179614 0.643495 3.05076 1 1 1
v 0.179614 0.643495 3.05076 1 1 1
v -0.176989 0.661022 3.04217 1 1 1
v 0.176989 0.661022 3.04217 1 1 1
v -0.302578 0.671442 3.03706 1 1 1
v -0.309597 0.67855 3.03357 1 1 1
v -0.283057 0.676424 3.03461 1 1 1
v -0.281502 0.67855 3.03357 1 1 1
v -0.175667 0.67855 3.03357 1 1 1
v 0.175667 0.67855 3.03357 1 1 1
v 0.283057 0.676424 3.03461 1 1 1
v 0.281502 0.67855 3.03357 1 1 1
v 0.302578 0.671442 3.03706 1 1 1
v 0.309597 0.67855 3.03357 1 1 1
v -0.322099 0.691037 3.02745 1 1 1
v -0.327015 0.696077 3.02497 1 1 1
v -0.269735 0.696077 3.02497 1 1 1
v -0.173978 0.696077 3.02497 1 1 1
v 0.173978 0.696077 3.02497 1 1 1
v 0.269735 0.696077 3.02497 1 1 1
v 0.322099 0.691037 3.02745 1 1 1
v 0.327015 0.696077 3.02497 1 1 1
v -0.34162 0.710853 3.01773 1 1 1
v -0.344357 0.713604 3.01638 1 1 1
v -0.263536 0.7053 3.02045 1 1 1
v -0.256918 0.713604 3.01638 1 1 1
v -0.171318 0.713604 3.01638 1 1 1
v 0.171318 0.713604 3.01638 1 1 1
v 0.263536 0.7053 3.02045 1 1 1
v 0.256918 0.713604 3.01638 1 1 1
v 0.34162 0.710853 3.01773 1 1 1
v 0.344357 0.713604 3.01638 1 1 1
v -0.361142 0.729988 3.00834 1 1 1
v -0.362239 0.731131 3.00778 1 1 1
v -0.245501 0.731131 3.00778 1 1 1
v -0.169912 0.731131 3.00778 1 1 1
v 0.169912 0.731131 3.00778 1 1 1
v 0.245501 0.731131 3.00778 1 1 1
v 0.361142 0.729988 3.00834 1 1 1
v 0.362239 0.731131 3.00778 1 1 1
v -0.378239 0.748658 2.99919 1 1 1
v -0.244015 0.733068 3.00683 1 1 1
v -0.231877 0.748658 2.99919 1 1 1
v -0.172473 0.748658 2.99919 1 1 1
v 0.172473 0.748658 2.99919 1 1 1
v 0.244015 0.733068 3.00683 1 1 1
v 0.231877 0.748658 2.99919 1 1 1
v 0.378239 0.748658 2.99919 1 1 1
v -0.380663 0.75103 2.99803 1 1 1
v -0.396401 0.766185 2.99059 1 1 1
v -0.224493 0.760854 2.99321 1 1 1
v -0.219484 0.766185 2.99059 1 1 1
v -0.185451 0.765736 2.99081 1 1 1
v -0.186007 0.766185 2.99059 1 1 1
v 0.185451 0.765736 2.99081 1 1 1
v 0.186007 0.766185 2.99059 1 1 1
v 0.224494 0.760854 2.99321 1 1 1
v 0.219484 0.766185 2.99059 1 1 1
v 0.380663 0.75103 2.99803 1 1 1
v 0.396401 0.766185 2.99059 1 1 1
v -0.400184 0.770395 2.98853 1 1 1
v -0.412037 0.783712 2.982 1 1 1
v -0.204972 0.77835 2.98463 1 1 1
v -0.146409 0.782602 2.98254 1 1 1
v -0.148195 0.783712 2.982 1 1 1
v -0.145873 0.783712 2.982 1 1 1
v 0.146409 0.782602 2.98254 1 1 1
v 0.145873 0.783712 2.982 1 1 1
v 0.148195 0.783712 2.982 1 1 1
v 0.204972 0.778351 2.98463 1 1 1
v 0.400184 0.770395 2.98853 1 1 1
v 0.412037 0.783712 2.982 1 1 1
v -0.419705 0.791726 2.97807 1 1 1
v -0.428791 0.801239 2.9734 1 1 1
v -0.16593 0.795715 2.97611 1 1 1
v -0.167116 0.801239 2.9734 1 1 1
v -0.140499 0.801239 2.9734 1 1 1
v 0.140499 0.801239 2.9734 1 1 1
v 0.16593 0.795715 2.97611 1 1 1
v 0.167116 0.801239 2.9734 1 1 1
v 0.419705 0.791725 2.97807 1 1 1
v 0.428792 0.801239 2.9734 1 1 1
v -0.439226 0.811759 2.96824 1 1 1
v -0.446741 0.818766 2.96481 1 1 1
v -0.169318 0.818766 2.96481 1 1 1
v -0.138748 0.818766 2.96481 1 1 1
v 0.138748 0.818766 2.96481 1 1 1
v 0.169318 0.818766 2.96481 1 1 1
v 0.439226 0.811759 2.96824 1 1 1
v 0.446741 0.818766 2.96481 1 1 1
v -0.458747 0.830367 2.95912 1 1 1
v -0.464076 0.836293 2.95621 1 1 1
v -0.169722 0.836293 2.95621 1 1 1
v -0.135744 0.836293 2.95621 1 1 1
v 0.135744 0.836293 2.95621 1 1 1
v 0.169722 0.836293 2.95621 1 1 1
v 0.458748 0.830367 2.95912 1 1 1
v 0.464076 0.836293 2.95621 1 1 1
v -0.478269 0.851914 2.94855 1 1 1
v -0.480233 0.85382 2.94762 1 1 1
v -0.171505 0.85382 2.94762 1 1 1
v -0.138966 0.85382 2.94762 1 1 1
v 0.138966 0.85382 2.94762 1 1 1
v 0.171505 0.85382 2.94762 1 1 1
v 0.478269 0.851913 2.94855 1 1 1
v 0.480233 0.85382 2.94762 1 1 1
v -0.49779 0.869939 2.93971 1 1 1
v -0.499079 0.871347 2.93902 1 1 1
v -0.173359 0.871347 2.93902 1 1 1
v -0.142317 0.871347 2.93902 1 1 1
v 0.142317 0.871347 2.93902 1 1 1
v 0.173359 0.871347 2.93902 1 1 1
v 0.49779 0.869939 2.93971 1 1 1
v 0.499079 0.871347 2.93902 1 1 1
v -0.515696 0.888874 2.93043 1 1 1
v -0.170968 0.888874 2.93043 1 1 1
v -0.143836 0.888874 2.93043 1 1 1
v 0.143836 0.888874 2.93043 1 1 1
v 0.170968 0.888874 2.93043 1 1 1
v 0.515696 0.888874 2.93043 1 1 1
v -0.517311 0.890438 2.92966 1 1 1
v -0.533915 0.906401 2.92183 1 1 1
v -0.16593 0.904574 2.92273 1 1 1
v -0.161239 0.906401 2.92183 1 1 1
v -0.145605 0.906401 2.92183 1 1 1
v 0.145605 0.906401 2.92183 1 1 1
v 0.16593 0.904573 2.92273 1 1 1
v 0.161238 0.906401 2.92183 1 1 1
v 0.517311 0.890438 2.92966 1 1 1
v 0.533915 0.906401 2.92183 1 1 1
v -0.536832 0.908994 2.92056 1 1 1
v -0.553208 0.923928 2.91324 1 1 1
v -0.146409 0.910678 2.91973 1 1 1
v 0.146409 0.910678 2.91973 1 1 1
v 0.536832 0.908994 2.92056 1 1 1
v 0.553208 0.923928 2.91324 1 1 1
v -0.556353 0.927348 2.91156 1 1 1
v -0.570482 0.941455 2.90464 1 1 1
v 0.556353 0.927348 2.91156 1 1 1
v 0.570482 0.941455 2.90464 1 1 1
v -0.575874 0.946315 2.90226 1 1 1
v -0.588807 0.958982 2.89604 1 1 1
v 0.575874 0.946315 2.90226 1 1 1
v 0.588807 0.958982 2.89604 1 1 1
v -0.595396 0.964942 2.89312 1 1 1
v -0.606815 0.976509 2.88745 1 1 1
v 0.595396 0.964943 2.89312 1 1 1
v 0.606815 0.976509 2.88745 1 1 1
v -0.614917 0.985811 2.88289 1 1 1
v -0.624323 0.994036 2.87885 1 1 1
v 0.614917 0.985811 2.88289 1 1 1
v 0.624323 0.994036 2.87885 1 1 1
v -0.634438 1.00218 2.87486 1 1 1
v -0.642194 1.01156 2.87026 1 1 1
v 0.634438 1.00218 2.87486 1 1 1
v 0.642194 1.01156 2.87026 1 1 1
v -0.653959 1.02537 2.86349 1 1 1
v -0.657637 1.02909 2.86166 1 1 1
v -0.107366 1.0238 2.86426 1 1 1
v -0.116884 1.02909 2.86166 1 1 1
v -0.0878452 1.02251 2.86489 1 1 1
v -0.0683241 1.02486 2.86374 1 1 1
v -0.0596303 1.02909 2.86166 1 1 1
v 0.0683241 1.02486 2.86374 1 1 1
v 0.0596303 1.02909 2.86166 1 1 1
v 0.0878453 1.02251 2.86489 1 1 1
v 0.107366 1.0238 2.86426 1 1 1
v 0.116884 1.02909 2.86166 1 1 1
v 0.653959 1.02537 2.86349 1 1 1
v 0.657637 1.02909 2.86166 1 1 1
v -0.672619 1.04662 2.85307 1 1 1
v -0.114517 1.04662 2.85307 1 1 1
v -0.0488029 1.04447 2.85412 1 1 1
v -0.0476293 1.04662 2.85307 1 1 1
v 0.048803 1.04447 2.85412 1 1 1
v 0.0476294 1.04662 2.85307 1 1 1
v 0.114517 1.04662 2.85307 1 1 1
v 0.672619 1.04662 2.85307 1 1 1
v -0.673432 1.06414 2.84447 1 1 1
v -0.1164 1.06414 2.84447 1 1 1
v -0.0310001 1.06414 2.84447 1 1 1
v 0.031 1.06414 2.84447 1 1 1
v 0.1164 1.06414 2.84447 1 1 1
v 0.673431 1.06414 2.84447 1 1 1
v -0.667599 1.08167 2.83588 1 1 1
v -0.185451 1.0803 2.83655 1 1 1
v -0.190881 1.08167 2.83588 1 1 1
v -0.16593 1.07839 2.83749 1 1 1
v -0.146409 1.07653 2.8384 1 1 1
v -0.126888 1.07347 2.8399 1 1 1
v -0.0292817 1.0652 2.84396 1 1 1
v -0.0097605 1.06599 2.84357 1 1 1
v 0.00976062 1.06599 2.84357 1 1 1
v 0.0292817 1.0652 2.84396 1 1 1
v 0.126888 1.07347 2.8399 1 1 1
v 0.146409 1.07653 2.8384 1 1 1
v 0.16593 1.07839 2.83749 1 1 1
v 0.185451 1.0803 2.83655 1 1 1
v 0.190881 1.08167 2.83588 1 1 1
v 0.667599 1.08167 2.83588 1 1 1
v -0.663514 1.0992 2.82728 1 1 1
v -0.263536 1.09669 2.82851 1 1 1
v -0.281709 1.0992 2.82728 1 1 1
v -0.244015 1.09202 2.8308 1 1 1
v -0.224493 1.0886 2.83248 1 1 1
v -0.204972 1.08615 2.83368 1 1 1
v 0.204972 1.08615 2.83368 1 1 1
v 0.224494 1.0886 2.83248 1 1 1
v 0.244015 1.09202 2.8308 1 1 1
v 0.263536 1.09669 2.82851 1 1 1
v 0.281709 1.0992 2.82728 1 1 1
v 0.663514 1.0992 2.82728 1 1 1
v -0.659116 1.11673 2.81869 1 1 1
v -0.361142 1.11473 2.81967 1 1 1
v -0.37268 1.11673 2.81869 1 1 1
v -0.34162 1.11131 2.82134 1 1 1
v -0.322099 1.10741 2.82325 1 1 1
v -0.302578 1.10326 2.82529 1 1 1
v -0.283057 1.09939 2.82719 1 1 1
v 0.283057 1.09939 2.82719 1 1 1
v 0.302578 1.10326 2.82529 1 1 1
v 0.322099 1.10741 2.82325 1 1 1
v 0.34162 1.11131 2.82134 1 1 1
v 0.361142 1.11473 2.81967 1 1 1
v 0.37268 1.11673 2.81869 1 1 1
v 0.659116 1.11673 2.81869 1 1 1
v -0.653959 1.12944 2.81245 1 1 1
v -0.648467 1.13425 2.81009 1 1 1
v -0.478269 1.13405 2.81019 1 1 1
v -0.480819 1.13425 2.81009 1 1 1
v -0.458747 1.13135 2.81151 1 1 1
v -0.439226 1.12874 2.81279 1 1 1
v -0.419705 1.12591 2.81418 1 1 1
v -0.400184 1.12218 2.81601 1 1 1
v -0.380663 1.11833 2.8179 1 1 1
v 0.380663 1.11833 2.8179 1 1 1
v 0.400184 1.12218 2.81601 1 1 1
v 0.419705 1.12591 2.81418 1 1 1
v 0.439226 1.12874 2.81279 1 1 1
v 0.458748 1.13135 2.81151 1 1 1
v 0.478269 1.13405 2.81019 1 1 1
v 0.480819 1.13425 2.81009 1 1 1
v 0.653959 1.12944 2.81245 1 1 1
v 0.648467 1.13425 2.81009 1 1 1
v -0.634438 1.13911 2.80771 1 1 1
v -0.614917 1.13879 2.80787 1 1 1
v -0.595396 1.13885 2.80784 1 1 1
v -0.575874 1.1396 2.80747 1 1 1
v -0.556353 1.13831 2.8081 1 1 1
v -0.536832 1.13838 2.80807 1 1 1
v -0.517311 1.13763 2.80843 1 1 1
v -0.49779 1.13572 2.80937 1 1 1
v 0.49779 1.13572 2.80937 1 1 1
v 0.517311 1.13763 2.80843 1 1 1
v 0.536832 1.13838 2.80807 1 1 1
v 0.556353 1.13831 2.8081 1 1 1
v 0.575874 1.1396 2.80747 1 1 1
v 0.595396 1.13885 2.80784 1 1 1
v 0.614917 1.13879 2.80787 1 1 1
v 0.634438 1.13911 2.80771 1 1 1
v -0.16593 0.679906 3.2228 1 1 1
v -0.177449 0.683574 3.22087 1 1 1
v -0.146409 0.677094 3.22428 1 1 1
v -0.126888 0.67504 3.22537 1 1 1
v -0.107366 0.674694 3.22555 1 1 1
v -0.0878452 0.674196 3.22581 1 1 1
v -0.0683241 0.673971 3.22593 1 1 1
v -0.0488029 0.673791 3.22602 1 1 1
v -0.0292817 0.674447 3.22568 1 1 1
v -0.0097605 0.673731 3.22606 1 1 1
v 0.00976062 0.673731 3.22606 1 1 1
v 0.0292817 0.674447 3.22568 1 1 1
v 0.048803 0.673791 3.22602 1 1 1
v 0.0683241 0.673971 3.22593 1 1 1
v 0.0878453 0.674196 3.22581 1 1 1
v 0.107366 0.674694 3.22555 1 1 1
v 0.126888 0.67504 3.22537 1 1 1
v 0.146409 0.677094 3.22428 1 1 1
v 0.16593 0.679906 3.2228 1 1 1
v 0.177449 0.683574 3.22087 1 1 1
v -0.18008 0.700845 3.21177 1 1 1
v 0.18008 0.700845 3.21177 1 1 1
v -0.176037 0.718115 3.20267 1 1 1
v 0.176037 0.718115 3.20267 1 1 1
v -0.174018 0.735386 3.19357 1 1 1
v 0.174018 0.735386 3.19357 1 1 1
v -0.302578 0.752382 3.18462 1 1 1
v -0.30285 0.752657 3.18447 1 1 1
v -0.301487 0.752657 3.18447 1 1 1
v -0.173253 0.752657 3.18447 1 1 1
v 0.173253 0.752657 3.18447 1 1 1
v 0.302578 0.752382 3.18462 1 1 1
v 0.301487 0.752657 3.18447 1 1 1
v 0.30285 0.752657 3.18447 1 1 1
v -0.320204 0.769927 3.17537 1 1 1
v -0.283057 0.759275 3.18098 1 1 1
v -0.275072 0.769927 3.17537 1 1 1
v -0.172272 0.769927 3.17537 1 1 1
v 0.172272 0.769927 3.17537 1 1 1
v 0.283057 0.759275 3.18098 1 1 1
v 0.275072 0.769927 3.17537 1 1 1
v 0.320204 0.769927 3.17537 1 1 1
v -0.322099 0.771596 3.17449 1 1 1
v -0.337873 0.787198 3.16627 1 1 1
v -0.263536 0.78551 3.16716 1 1 1
v -0.262036 0.787198 3.16627 1 1 1
v -0.169529 0.787198 3.16627 1 1 1
v 0.169529 0.787198 3.16627 1 1 1
v 0.263536 0.78551 3.16716 1 1 1
v 0.262036 0.787198 3.16627 1 1 1
v 0.322099 0.771596 3.17449 1 1 1
v 0.337873 0.787198 3.16627 1 1 1
v -0.34162 0.791261 3.16413 1 1 1
v -0.355313 0.804469 3.15717 1 1 1
v -0.249639 0.804469 3.15717 1 1 1
v -0.168566 0.804469 3.15717 1 1 1
v 0.168566 0.804469 3.15717 1 1 1
v 0.249639 0.804469 3.15717 1 1 1
v 0.34162 0.791261 3.16413 1 1 1
v 0.355313 0.804469 3.15717 1 1 1
v -0.361142 0.810675 3.1539 1 1 1
v -0.371177 0.821739 3.14807 1 1 1
v -0.244015 0.81096 3.15375 1 1 1
v -0.234617 0.821739 3.14807 1 1 1
v -0.172474 0.821739 3.14807 1 1 1
v 0.172474 0.821739 3.14807 1 1 1
v 0.244015 0.81096 3.15375 1 1 1
v 0.234617 0.821739 3.14807 1 1 1
v 0.361142 0.810675 3.1539 1 1 1
v 0.371177 0.821739 3.14807 1 1 1
v -0.380663 0.830912 3.14324 1 1 1
v -0.389246 0.83901 3.13897 1 1 1
v -0.224493 0.836878 3.1401 1 1 1
v -0.222269 0.83901 3.13897 1 1 1
v -0.185451 0.837441 3.1398 1 1 1
v -0.187345 0.83901 3.13897 1 1 1
v 0.185451 0.837442 3.1398 1 1 1
v 0.187345 0.83901 3.13897 1 1 1
v 0.224494 0.836878 3.1401 1 1 1
v 0.222269 0.83901 3.13897 1 1 1
v 0.380663 0.830912 3.14324 1 1 1
v 0.389246 0.83901 3.13897 1 1 1
v -0.400184 0.851179 3.13256 1 1 1
v -0.404694 0.85628 3.12987 1 1 1
v -0.204972 0.85094 3.13269 1 1 1
v -0.146409 0.853058 3.13157 1 1 1
v -0.150445 0.85628 3.12987 1 1 1
v -0.144766 0.85628 3.12987 1 1 1
v 0.146409 0.853058 3.13157 1 1 1
v 0.144766 0.85628 3.12987 1 1 1
v 0.150445 0.85628 3.12987 1 1 1
v 0.204972 0.85094 3.13269 1 1 1
v 0.400184 0.851179 3.13256 1 1 1
v 0.404694 0.85628 3.12987 1 1 1
v -0.419705 0.871758 3.12172 1 1 1
v -0.421445 0.873551 3.12077 1 1 1
v -0.16593 0.868919 3.12321 1 1 1
v -0.166918 0.873551 3.12077 1 1 1
v -0.139674 0.873551 3.12077 1 1 1
v 0.139674 0.873551 3.12077 1 1 1
v 0.16593 0.868919 3.12321 1 1 1
v 0.166918 0.873551 3.12077 1 1 1
v 0.419705 0.871757 3.12172 1 1 1
v 0.421446 0.873551 3.12077 1 1 1
v -0.438747 0.890822 3.11167 1 1 1
v -0.169098 0.890822 3.11167 1 1 1
v -0.138036 0.890822 3.11167 1 1 1
v 0.138036 0.890822 3.11167 1 1 1
v 0.169098 0.890822 3.11167 1 1 1
v 0.438747 0.890822 3.11167 1 1 1
v -0.439226 0.891323 3.11141 1 1 1
v -0.45696 0.908092 3.10257 1 1 1
v -0.169495 0.908092 3.10257 1 1 1
v -0.135247 0.908092 3.10257 1 1 1
v 0.135247 0.908092 3.10257 1 1 1
v 0.169495 0.908092 3.10257 1 1 1
v 0.439226 0.891323 3.11141 1 1 1
v 0.45696 0.908092 3.10257 1 1 1
v -0.458747 0.909896 3.10162 1 1 1
v -0.472896 0.925363 3.09348 1 1 1
v -0.171486 0.925363 3.09348 1 1 1
v -0.139155 0.925363 3.09348 1 1 1
v 0.139155 0.925363 3.09348 1 1 1
v 0.171486 0.925363 3.09348 1 1 1
v 0.458748 0.909896 3.10162 1 1 1
v 0.472896 0.925363 3.09348 1 1 1
v -0.478269 0.930739 3.09064 1 1 1
v -0.491597 0.942634 3.08438 1 1 1
v -0.173957 0.942634 3.08438 1 1 1
v -0.142608 0.942634 3.08438 1 1 1
v 0.142608 0.942634 3.08438 1 1 1
v 0.173957 0.942634 3.08438 1 1 1
v 0.478269 0.930739 3.09064 1 1 1
v 0.491597 0.942634 3.08438 1 1 1
v -0.49779 0.949457 3.08078 1 1 1
v -0.507586 0.959904 3.07528 1 1 1
v -0.171696 0.959904 3.07528 1 1 1
v -0.14406 0.959904 3.07528 1 1 1
v 0.14406 0.959904 3.07528 1 1 1
v 0.171696 0.959904 3.07528 1 1 1
v 0.49779 0.949457 3.08078 1 1 1
v 0.507586 0.959904 3.07528 1 1 1
v -0.517311 0.96915 3.07041 1 1 1
v -0.525792 0.977175 3.06618 1 1 1
v -0.16608 0.977175 3.06618 1 1 1
v -0.145738 0.977175 3.06618 1 1 1
v 0.145738 0.977175 3.06618 1 1 1
v 0.16608 0.977175 3.06618 1 1 1
v 0.517311 0.96915 3.07041 1 1 1
v 0.525792 0.977175 3.06618 1 1 1
v -0.536832 0.986741 3.06114 1 1 1
v -0.545461 0.994445 3.05708 1 1 1
v -0.16593 0.978057 3.06571 1 1 1
v -0.146409 0.980733 3.0643 1 1 1
v 0.146409 0.980734 3.0643 1 1 1
v 0.16593 0.978056 3.06571 1 1 1
v 0.536832 0.986741 3.06114 1 1 1
v 0.545461 0.994445 3.05708 1 1 1
v -0.556353 1.00628 3.05084 1 1 1
v -0.561877 1.01172 3.04798 1 1 1
v 0.556353 1.00628 3.05084 1 1 1
v 0.561877 1.01172 3.04798 1 1 1
v -0.575874 1.02398 3.04152 1 1 1
v -0.581031 1.02899 3.03888 1 1 1
v 0.575874 1.02398 3.04152 1 1 1
v 0.581031 1.02899 3.03888 1 1 1
v -0.595396 1.0416 3.03223 1 1 1
v -0.600087 1.04626 3.02978 1 1 1
v 0.595396 1.0416 3.03223 1 1 1
v 0.600087 1.04626 3.02978 1 1 1
v -0.614917 1.06341 3.02074 1 1 1
v -0.615061 1.06353 3.02068 1 1 1
v 0.614917 1.06341 3.02074 1 1 1
v 0.615061 1.06353 3.02068 1 1 1
v -0.634438 1.07855 3.01277 1 1 1
v -0.636286 1.0808 3.01158 1 1 1
v 0.634438 1.07855 3.01277 1 1 1
v 0.636286 1.0808 3.01158 1 1 1
v -0.650127 1.09807 3.00248 1 1 1
v -0.107366 1.09301 3.00514 1 1 1
v -0.11814 1.09807 3.00248 1 1 1
v -0.0878452 1.09203 3.00566 1 1 1
v -0.0683241 1.09392 3.00467 1 1 1
v -0.0584416 1.09807 3.00248 1 1 1
v 0.0683241 1.09392 3.00467 1 1 1
v 0.0584416 1.09807 3.00248 1 1 1
v 0.0878453 1.09203 3.00566 1 1 1
v 0.107366 1.09301 3.00514 1 1 1
v 0.11814 1.09807 3.00248 1 1 1
v 0.650127 1.09807 3.00248 1 1 1
v -0.653959 1.10249 3.00015 1 1 1
v -0.664886 1.11534 2.99338 1 1 1
v -0.116032 1.11534 2.99338 1 1 1
v -0.0488029 1.11092 2.99571 1 1 1
v -0.0461945 1.11534 2.99338 1 1 1
v 0.048803 1.11092 2.99571 1 1 1
v 0.0461945 1.11534 2.99338 1 1 1
v 0.116032 1.11534 2.99338 1 1 1
v 0.653959 1.10249 3.00015 1 1 1
v 0.664886 1.11534 2.99338 1 1 1
v -0.667045 1.13261 2.98428 1 1 1
v -0.118648 1.13261 2.98428 1 1 1
v -0.0292817 1.13169 2.98477 1 1 1
v -0.0117784 1.13261 2.98428 1 1 1
v 0.0292817 1.13169 2.98477 1 1 1
v 0.0117788 1.13261 2.98428 1 1 1
v 0.118648 1.13261 2.98428 1 1 1
v 0.667045 1.13261 2.98428 1 1 1
v -0.661703 1.14988 2.97518 1 1 1
v -0.185451 1.1467 2.97686 1 1 1
v -0.19784 1.14988 2.97518 1 1 1
v -0.16593 1.14476 2.97788 1 1 1
v -0.146409 1.14303 2.97879 1 1 1
v -0.126888 1.13966 2.98057 1 1 1
v -0.0097605 1.13269 2.98424 1 1 1
v 0.00976062 1.13269 2.98424 1 1 1
v 0.126888 1.13966 2.98057 1 1 1
v 0.146409 1.14303 2.97879 1 1 1
v 0.16593 1.14476 2.97788 1 1 1
v 0.185451 1.1467 2.97686 1 1 1
v 0.19784 1.14988 2.97518 1 1 1
v 0.661703 1.14988 2.97518 1 1 1
v -0.65784 1.16715 2.96608 1 1 1
v -0.283057 1.16554 2.96693 1 1 1
v -0.292006 1.16715 2.96608 1 1 1
v -0.263536 1.16277 2.96839 1 1 1
v -0.244015 1.15799 2.97091 1 1 1
v -0.224493 1.15474 2.97262 1 1 1
v -0.204972 1.15222 2.97395 1 1 1
v 0.204972 1.15222 2.97395 1 1 1
v 0.224494 1.15474 2.97262 1 1 1
v 0.244015 1.15799 2.97091 1 1 1
v 0.263536 1.16277 2.96839 1 1 1
v 0.283057 1.16554 2.96693 1 1 1
v 0.292006 1.16715 2.96608 1 1 1
v 0.65784 1.16715 2.96608 1 1 1
v -0.653959 1.18361 2.95741 1 1 1
v -0.653678 1.18442 2.95698 1 1 1
v -0.380663 1.18421 2.95709 1 1 1
v -0.381894 1.18442 2.95698 1 1 1
v -0.361142 1.18079 2.9589 1 1 1
v -0.34162 1.17738 2.96069 1 1 1
v -0.322099 1.17361 2.96268 1 1 1
v -0.302578 1.16925 2.96498 1 1 1
v 0.302578 1.16925 2.96498 1 1 1
v 0.322099 1.17361 2.96268 1 1 1
v 0.34162 1.17738 2.96069 1 1 1
v 0.361142 1.18079 2.9589 1 1 1
v 0.380663 1.18421 2.95709 1 1 1
v 0.381894 1.18442 2.95698 1 1 1
v 0.653959 1.18361 2.95741 1 1 1
v 0.653678 1.18442 2.95698 1 1 1
v -0.634587 1.20169 2.94788 1 1 1
v -0.49779 1.20112 2.94818 1 1 1
v -0.505505 1.20169 2.94788 1 1 1
v -0.478269 1.19971 2.94893 1 1 1
v -0.458747 1.19714 2.95028 1 1 1
v -0.439226 1.19478 2.95152 1 1 1
v -0.419705 1.19202 2.95298 1 1 1
v -0.400184 1.18815 2.95502 1 1 1
v 0.400184 1.18815 2.95502 1 1 1
v 0.419705 1.19202 2.95298 1 1 1
v 0.439226 1.19478 2.95152 1 1 1
v 0.458748 1.19714 2.95028 1 1 1
v 0.478269 1.19971 2.94893 1 1 1
v 0.49779 1.20112 2.94818 1 1 1
v 0.505505 1.20169 2.94788 1 1 1
v 0.634587 1.20169 2.94788 1 1 1
v -0.634438 1.20175 2.94785 1 1 1
v -0.614917 1.20192 2.94777 1 1 1
v -0.595396 1.20252 2.94745 1 1 1
v -0.575874 1.20366 2.94685 1 1 1
v -0.556353 1.20261 2.9474 1 1 1
v -0.536832 1.20302 2.94718 1 1 1
v -0.517311 1.20267 2.94737 1 1 1
v 0.517311 1.20267 2.94737 1 1 1
v 0.536832 1.20302 2.94718 1 1 1
v 0.556353 1.20261 2.9474 1 1 1
v 0.575874 1.20366 2.94685 1 1 1
v 0.595396 1.20252 2.94745 1 1 1
v 0.614917 1.20192 2.94776 1 1 1
v 0.634438 1.20175 2.94785 1 1 1
v -0.146409 0.761838 3.37615 1 1 1
v -0.164813 0.76477 3.37446 1 1 1
v -0.126888 0.759592 3.37746 1 1 1
v -0.107366 0.758999 3.3778 1 1 1
v -0.0878452 0.758653 3.378 1 1 1
v -0.0683241 0.758444 3.37812 1 1 1
v -0.0488029 0.758013 3.37837 1 1 1
v -0.0292817 0.758991 3.3778 1 1 1
v -0.0097605 0.758015 3.37837 1 1 1
v 0.00976062 0.758015 3.37837 1 1 1
v 0.0292817 0.758991 3.3778 1 1 1
v 0.048803 0.758013 3.37837 1 1 1
v 0.0683241 0.758444 3.37812 1 1 1
v 0.0878453 0.758653 3.378 1 1 1
v 0.107366 0.758999 3.3778 1 1 1
v 0.126888 0.759592 3.37746 1 1 1
v 0.146409 0.761838 3.37615 1 1 1
v 0.164813 0.76477 3.37446 1 1 1
v -0.16593 0.765179 3.37422 1 1 1
v -0.175446 0.781663 3.36467 1 1 1
v 0.16593 0.765179 3.37422 1 1 1
v 0.175446 0.781663 3.36467 1 1 1
v -0.171755 0.798556 3.35489 1 1 1
v 0.171755 0.798556 3.35489 1 1 1
v -0.170546 0.815448 3.34511 1 1 1
v 0.170546 0.815448 3.34511 1 1 1
v -0.170426 0.832341 3.33532 1 1 1
v 0.170426 0.832341 3.33532 1 1 1
v -0.302578 0.83992 3.33093 1 1 1
v -0.312054 0.849234 3.32554 1 1 1
v -0.283057 0.848032 3.32624 1 1 1
v -0.282043 0.849234 3.32554 1 1 1
v -0.17028 0.849234 3.32554 1 1 1
v 0.17028 0.849234 3.32554 1 1 1
v 0.283057 0.848032 3.32624 1 1 1
v 0.282043 0.849234 3.32554 1 1 1
v 0.302578 0.83992 3.33093 1 1 1
v 0.312054 0.849234 3.32554 1 1 1
v -0.322099 0.857835 3.32056 1 1 1
v -0.330681 0.866126 3.31576 1 1 1
v -0.26871 0.866126 3.31576 1 1 1
v -0.167408 0.866126 3.31576 1 1 1
v 0.167408 0.866126 3.31576 1 1 1
v 0.26871 0.866126 3.31576 1 1 1
v 0.322099 0.857835 3.32056 1 1 1
v 0.330681 0.866126 3.31576 1 1 1
v -0.34162 0.877914 3.30893 1 1 1
v -0.347037 0.883019 3.30597 1 1 1
v -0.263536 0.873123 3.3117 1 1 1
v -0.255471 0.883019 3.30597 1 1 1
v -0.167059 0.883019 3.30597 1 1 1
v 0.167059 0.883019 3.30597 1 1 1
v 0.263536 0.873122 3.3117 1 1 1
v 0.255471 0.883019 3.30597 1 1 1
v 0.34162 0.877914 3.30893 1 1 1
v 0.347037 0.883019 3.30597 1 1 1
v -0.361142 0.897852 3.29738 1 1 1
v -0.363017 0.899912 3.29619 1 1 1
v -0.244015 0.89433 3.29942 1 1 1
v -0.238398 0.899912 3.29619 1 1 1
v -0.172476 0.899912 3.29619 1 1 1
v 0.172476 0.899912 3.29619 1 1 1
v 0.244015 0.89433 3.29942 1 1 1
v 0.238398 0.899912 3.29619 1 1 1
v 0.361142 0.897852 3.29738 1 1 1
v 0.363017 0.899912 3.29619 1 1 1
v -0.380663 0.916654 3.28649 1 1 1
v -0.380827 0.916804 3.28641 1 1 1
v -0.225325 0.916804 3.28641 1 1 1
v -0.185451 0.91428 3.28787 1 1 1
v -0.188459 0.916804 3.28641 1 1 1
v 0.185451 0.914281 3.28787 1 1 1
v 0.188458 0.916804 3.28641 1 1 1
v 0.225325 0.916804 3.28641 1 1 1
v 0.380663 0.916654 3.28649 1 1 1
v 0.380827 0.916804 3.28641 1 1 1
v -0.396727 0.933697 3.27662 1 1 1
v -0.224493 0.918273 3.28556 1 1 1
v -0.204972 0.928421 3.27968 1 1 1
v -0.146409 0.928292 3.27975 1 1 1
v -0.151935 0.933697 3.27662 1 1 1
v -0.143463 0.933697 3.27662 1 1 1
v 0.146409 0.928292 3.27975 1 1 1
v 0.143463 0.933697 3.27662 1 1 1
v 0.151935 0.933697 3.27662 1 1 1
v 0.204972 0.928421 3.27968 1 1 1
v 0.224494 0.918273 3.28556 1 1 1
v 0.396727 0.933697 3.27662 1 1 1
v -0.400184 0.937155 3.27462 1 1 1
v -0.413767 0.95059 3.26684 1 1 1
v -0.16593 0.946813 3.26903 1 1 1
v -0.166738 0.95059 3.26684 1 1 1
v -0.13876 0.95059 3.26684 1 1 1
v 0.13876 0.95059 3.26684 1 1 1
v 0.16593 0.946814 3.26903 1 1 1
v 0.166738 0.95059 3.26684 1 1 1
v 0.400184 0.937155 3.27462 1 1 1
v 0.413767 0.95059 3.26684 1 1 1
v -0.419705 0.95644 3.26345 1 1 1
v -0.43106 0.967483 3.25706 1 1 1
v -0.168894 0.967483 3.25706 1 1 1
v -0.137244 0.967483 3.25706 1 1 1
v 0.137244 0.967483 3.25706 1 1 1
v 0.168894 0.967483 3.25706 1 1 1
v 0.419705 0.95644 3.26345 1 1 1
v 0.43106 0.967483 3.25706 1 1 1
v -0.439226 0.975927 3.25217 1 1 1
v -0.44837 0.984375 3.24727 1 1 1
v -0.169283 0.984375 3.24727 1 1 1
v -0.134728 0.984375 3.24727 1 1 1
v 0.134728 0.984375 3.24727 1 1 1
v 0.169283 0.984375 3.24727 1 1 1
v 0.439226 0.975927 3.25217 1 1 1
v 0.448371 0.984375 3.24727 1 1 1
v -0.458747 0.994671 3.24131 1 1 1
v -0.464837 1.00127 3.23749 1 1 1
v -0.171466 1.00127 3.23749 1 1 1
v -0.139339 1.00127 3.23749 1 1 1
v 0.139339 1.00127 3.23749 1 1 1
v 0.171466 1.00127 3.23749 1 1 1
v 0.458748 0.994671 3.24131 1 1 1
v 0.464837 1.00127 3.23749 1 1 1
v -0.478269 1.01449 3.22983 1 1 1
v -0.482541 1.01816 3.22771 1 1 1
v -0.174617 1.01816 3.22771 1 1 1
v -0.14288 1.01816 3.22771 1 1 1
v 0.14288 1.01816 3.22771 1 1 1
v 0.174617 1.01816 3.22771 1 1 1
v 0.478269 1.01449 3.22983 1 1 1
v 0.482541 1.01816 3.22771 1 1 1
v -0.49779 1.03487 3.21803 1 1 1
v -0.49796 1.03505 3.21792 1 1 1
v -0.172537 1.03505 3.21792 1 1 1
v -0.144265 1.03505 3.21792 1 1 1
v 0.144265 1.03505 3.21792 1 1 1
v 0.172537 1.03505 3.21792 1 1 1
v 0.49779 1.03487 3.21803 1 1 1
v 0.49796 1.03505 3.21792 1 1 1
v -0.516397 1.05195 3.20814 1 1 1
v -0.166881 1.05195 3.20814 1 1 1
v -0.145858 1.05195 3.20814 1 1 1
v 0.145858 1.05195 3.20814 1 1 1
v 0.166881 1.05195 3.20814 1 1 1
v 0.516397 1.05195 3.20814 1 1 1
v -0.517311 1.05286 3.20761 1 1 1
v -0.536395 1.06884 3.19836 1 1 1
v -0.16593 1.05847 3.20436 1 1 1
v -0.146409 1.05483 3.20647 1 1 1
v 0.146409 1.05483 3.20647 1 1 1
v 0.16593 1.05847 3.20436 1 1 1
v 0.517311 1.05286 3.20761 1 1 1
v 0.536394 1.06884 3.19836 1 1 1
v -0.536832 1.06923 3.19813 1 1 1
v -0.552545 1.08573 3.18857 1 1 1
v 0.536832 1.06923 3.19813 1 1 1
v 0.552545 1.08573 3.18857 1 1 1
v -0.556353 1.0893 3.18651 1 1 1
v -0.572114 1.10262 3.17879 1 1 1
v 0.556353 1.0893 3.18651 1 1 1
v 0.572114 1.10262 3.17879 1 1 1
v -0.575874 1.10607 3.17679 1 1 1
v -0.591831 1.11952 3.16901 1 1 1
v 0.575874 1.10607 3.17679 1 1 1
v 0.59183 1.11952 3.16901 1 1 1
v -0.595396 1.12239 3.16734 1 1 1
v -0.60795 1.13641 3.15922 1 1 1
v 0.595396 1.12239 3.16734 1 1 1
v 0.60795 1.13641 3.15922 1 1 1
v -0.614917 1.14354 3.15509 1 1 1
v -0.627847 1.1533 3.14944 1 1 1
v 0.614917 1.14354 3.15509 1 1 1
v 0.627847 1.1533 3.14944 1 1 1
v -0.634438 1.16106 3.14495 1 1 1
v -0.641381 1.17019 3.13966 1 1 1
v -0.107366 1.16539 3.14244 1 1 1
v -0.119696 1.17019 3.13966 1 1 1
v -0.0878452 1.16469 3.14285 1 1 1
v -0.0683241 1.16615 3.142 1 1 1
v -0.0569881 1.17019 3.13966 1 1 1
v 0.0683241 1.16615 3.142 1 1 1
v 0.0569882 1.17019 3.13966 1 1 1
v 0.0878453 1.16469 3.14285 1 1 1
v 0.107366 1.16539 3.14244 1 1 1
v 0.119696 1.17019 3.13966 1 1 1
v 0.634438 1.16106 3.14495 1 1 1
v 0.641381 1.17019 3.13966 1 1 1
v -0.653959 1.18472 3.13125 1 1 1
v -0.655989 1.18709 3.12987 1 1 1
v -0.117966 1.18709 3.12987 1 1 1
v -0.0488029 1.18028 3.13382 1 1 1
v -0.0443811 1.18709 3.12987 1 1 1
v 0.048803 1.18028 3.13382 1 1 1
v 0.0443811 1.18709 3.12987 1 1 1
v 0.117966 1.18709 3.12987 1 1 1
v 0.653959 1.18472 3.13125 1 1 1
v 0.655989 1.18709 3.12987 1 1 1
v -0.659666 1.20398 3.12009 1 1 1
v -0.121347 1.20398 3.12009 1 1 1
v -0.0292817 1.20061 3.12204 1 1 1
v -0.0097605 1.20242 3.12099 1 1 1
v 0.00976062 1.20242 3.12099 1 1 1
v 0.0292817 1.20061 3.12204 1 1 1
v 0.121347 1.20398 3.12009 1 1 1
v 0.659666 1.20398 3.12009 1 1 1
v -0.654937 1.22087 3.11031 1 1 1
v -0.204972 1.22079 3.11035 1 1 1
v -0.20552 1.22087 3.11031 1 1 1
v -0.185451 1.21573 3.11329 1 1 1
v -0.16593 1.21371 3.11446 1 1 1
v -0.146409 1.21216 3.11535 1 1 1
v -0.126888 1.20849 3.11748 1 1 1
v 0.126888 1.20849 3.11748 1 1 1
v 0.146409 1.21216 3.11535 1 1 1
v 0.16593 1.21371 3.11446 1 1 1
v 0.185451 1.21573 3.11329 1 1 1
v 0.204972 1.22079 3.11035 1 1 1
v 0.20552 1.22087 3.11031 1 1 1
v 0.654937 1.22087 3.11031 1 1 1
v -0.653959 1.22528 3.10775 1 1 1
v -0.651107 1.23777 3.10052 1 1 1
v -0.302578 1.23769 3.10057 1 1 1
v -0.302958 1.23777 3.10052 1 1 1
v -0.283057 1.23419 3.10259 1 1 1
v -0.263536 1.23129 3.10428 1 1 1
v -0.244015 1.22644 3.10708 1 1 1
v -0.224493 1.22343 3.10883 1 1 1
v 0.224494 1.22343 3.10883 1 1 1
v 0.244015 1.22644 3.10708 1 1 1
v 0.263536 1.23129 3.10428 1 1 1
v 0.283057 1.23419 3.10259 1 1 1
v 0.302578 1.23769 3.10057 1 1 1
v 0.302958 1.23777 3.10052 1 1 1
v 0.653959 1.22528 3.10775 1 1 1
v 0.651107 1.23777 3.10052 1 1 1
v -0.644295 1.25466 3.09074 1 1 1
v -0.380663 1.25282 3.09181 1 1 1
v -0.391352 1.25466 3.09074 1 1 1
v -0.361142 1.24923 3.09388 1 1 1
v -0.34162 1.24587 3.09583 1 1 1
v -0.322099 1.24227 3.09791 1 1 1
v 0.322099 1.24227 3.09791 1 1 1
v 0.34162 1.24587 3.09583 1 1 1
v 0.361142 1.24923 3.09388 1 1 1
v 0.380663 1.25282 3.09181 1 1 1
v 0.391352 1.25466 3.09074 1 1 1
v 0.644295 1.25466 3.09074 1 1 1
v -0.634438 1.26369 3.08551 1 1 1
v -0.614917 1.26617 3.08407 1 1 1
v -0.595396 1.26713 3.08352 1 1 1
v -0.575874 1.26947 3.08217 1 1 1
v -0.556353 1.26912 3.08237 1 1 1
v -0.536832 1.26993 3.0819 1 1 1
v -0.517311 1.27001 3.08185 1 1 1
v -0.49779 1.26889 3.0825 1 1 1
v -0.478269 1.26758 3.08326 1 1 1
v -0.458747 1.2652 3.08464 1 1 1
v -0.439226 1.26314 3.08583 1 1 1
v -0.419705 1.26047 3.08737 1 1 1
v -0.400184 1.25646 3.0897 1 1 1
v 0.400184 1.25646 3.0897 1 1 1
v 0.419705 1.26047 3.08737 1 1 1
v 0.439226 1.26314 3.08583 1 1 1
v 0.458748 1.2652 3.08464 1 1 1
v 0.478269 1.26758 3.08326 1 1 1
v 0.49779 1.26889 3.0825 1 1 1
v 0.517311 1.27001 3.08185 1 1 1
v 0.536832 1.26993 3.0819 1 1 1
v 0.556353 1.26912 3.08237 1 1 1
v 0.575874 1.26947 3.08217 1 1 1
v 0.595396 1.26713 3.08352 1 1 1
v 0.614917 1.26617 3.08407 1 1 1
v 0.634438 1.26369 3.08551 1 1 1
v -0.126888 0.850752 3.52569 1 1 1
v -0.137596 0.852137 3.52481 1 1 1
v -0.107366 0.8498 3.5263 1 1 1
v -0.0878452 0.849674 3.52638 1 1 1
v -0.0683241 0.849515 3.52648 1 1 1
v -0.0488029 0.848746 3.52697 1 1 1
v -0.0292817 0.85012 3.52609 1 1 1
v -0.0097605 0.848806 3.52693 1 1 1
v 0.00976062 0.848806 3.52693 1 1 1
v 0.0292817 0.85012 3.52609 1 1 1
v 0.048803 0.848746 3.52697 1 1 1
v 0.0683241 0.849515 3.52648 1 1 1
v 0.0878453 0.849674 3.52638 1 1 1
v 0.107366 0.8498 3.5263 1 1 1
v 0.126888 0.850752 3.52569 1 1 1
v 0.137596 0.852137 3.52481 1 1 1
v -0.16593 0.861889 3.51863 1 1 1
v -0.170011 0.868619 3.51435 1 1 1
v -0.146409 0.853332 3.52406 1 1 1
v 0.146409 0.853332 3.52406 1 1 1
v 0.16593 0.861889 3.51863 1 1 1
v 0.170011 0.868619 3.51435 1 1 1
v -0.166537 0.885101 3.50389 1 1 1
v 0.166537 0.885101 3.50389 1 1 1
v -0.166433 0.901583 3.49343 1 1 1
v 0.166433 0.901583 3.49343 1 1 1
v -0.16707 0.918064 3.48297 1 1 1
v 0.16707 0.918064 3.48297 1 1 1
v -0.302578 0.934502 3.47254 1 1 1
v -0.302449 0.934546 3.47251 1 1 1
v -0.167925 0.934546 3.47251 1 1 1
v 0.167925 0.934546 3.47251 1 1 1
v 0.302578 0.934502 3.47254 1 1 1
v 0.302449 0.934546 3.47251 1 1 1
v -0.322099 0.950715 3.46225 1 1 1
v -0.322432 0.951028 3.46205 1 1 1
v -0.283057 0.945876 3.46532 1 1 1
v -0.278342 0.951028 3.46205 1 1 1
v -0.16593 0.946429 3.46497 1 1 1
v -0.165054 0.951028 3.46205 1 1 1
v 0.16593 0.946429 3.46497 1 1 1
v 0.165054 0.951028 3.46205 1 1 1
v 0.283057 0.945876 3.46532 1 1 1
v 0.278342 0.951028 3.46205 1 1 1
v 0.322099 0.950716 3.46225 1 1 1
v 0.322432 0.951028 3.46205 1 1 1
v -0.337153 0.96751 3.45159 1 1 1
v -0.264151 0.96751 3.45159 1 1 1
v -0.165526 0.96751 3.45159 1 1 1
v 0.165526 0.96751 3.45159 1 1 1
v 0.264151 0.96751 3.45159 1 1 1
v 0.337153 0.96751 3.45159 1 1 1
v -0.34162 0.971256 3.44921 1 1 1
v -0.354333 0.983992 3.44113 1 1 1
v -0.263536 0.968077 3.45123 1 1 1
v -0.244015 0.983936 3.44116 1 1 1
v -0.243948 0.983992 3.44113 1 1 1
v -0.16593 0.968722 3.45082 1 1 1
v -0.172478 0.983992 3.44113 1 1 1
v 0.16593 0.968722 3.45082 1 1 1
v 0.172478 0.983992 3.44113 1 1 1
v 0.244015 0.983936 3.44116 1 1 1
v 0.243948 0.983992 3.44113 1 1 1
v 0.263536 0.968077 3.45123 1 1 1
v 0.34162 0.971256 3.44921 1 1 1
v 0.354333 0.983992 3.44113 1 1 1
v -0.361142 0.991034 3.43666 1 1 1
v -0.371311 1.00047 3.43067 1 1 1
v -0.227992 1.00047 3.43067 1 1 1
v -0.185451 0.997139 3.43279 1 1 1
v -0.1894 1.00047 3.43067 1 1 1
v 0.185451 0.997139 3.43279 1 1 1
v 0.1894 1.00047 3.43067 1 1 1
v 0.227992 1.00047 3.43067 1 1 1
v 0.361142 0.991034 3.43666 1 1 1
v 0.371311 1.00047 3.43067 1 1 1
v -0.380663 1.00894 3.42529 1 1 1
v -0.388329 1.01696 3.42021 1 1 1
v -0.224493 1.00606 3.42712 1 1 1
v -0.204972 1.01176 3.42351 1 1 1
v -0.146409 1.0093 3.42507 1 1 1
v -0.152994 1.01696 3.42021 1 1 1
v -0.141907 1.01696 3.42021 1 1 1
v 0.146409 1.0093 3.42507 1 1 1
v 0.141907 1.01696 3.42021 1 1 1
v 0.152994 1.01696 3.42021 1 1 1
v 0.204972 1.01176 3.42351 1 1 1
v 0.224494 1.00606 3.42712 1 1 1
v 0.380663 1.00894 3.42529 1 1 1
v 0.388329 1.01696 3.42021 1 1 1
v -0.400184 1.02867 3.41277 1 1 1
v -0.405123 1.03344 3.40975 1 1 1
v -0.16593 1.03045 3.41164 1 1 1
v -0.166572 1.03344 3.40975 1 1 1
v -0.137742 1.03344 3.40975 1 1 1
v 0.137742 1.03344 3.40975 1 1 1
v 0.16593 1.03045 3.41164 1 1 1
v 0.166572 1.03344 3.40975 1 1 1
v 0.400184 1.02867 3.41277 1 1 1
v 0.405123 1.03344 3.40975 1 1 1
v -0.419705 1.04744 3.40086 1 1 1
v -0.422297 1.04992 3.39929 1 1 1
v -0.168705 1.04992 3.39929 1 1 1
v -0.136357 1.04992 3.39929 1 1 1
v 0.136357 1.04992 3.39929 1 1 1
v 0.168705 1.04992 3.39929 1 1 1
v 0.419705 1.04744 3.40086 1 1 1
v 0.422297 1.04992 3.39929 1 1 1
v -0.438356 1.0664 3.38883 1 1 1
v -0.169085 1.0664 3.38883 1 1 1
v -0.134185 1.0664 3.38883 1 1 1
v 0.134185 1.0664 3.38883 1 1 1
v 0.169085 1.0664 3.38883 1 1 1
v 0.438356 1.0664 3.38883 1 1 1
v -0.439226 1.06722 3.38831 1 1 1
v -0.455426 1.08288 3.37837 1 1 1
v -0.171446 1.08288 3.37837 1 1 1
v -0.139516 1.08288 3.37837 1 1 1
v 0.139516 1.08288 3.37837 1 1 1
v 0.171446 1.08288 3.37837 1 1 1
v 0.439226 1.06722 3.38831 1 1 1
v 0.455426 1.08288 3.37837 1 1 1
v -0.458747 1.08653 3.37605 1 1 1
v -0.471712 1.09937 3.36791 1 1 1
v -0.175347 1.09937 3.36791 1 1 1
v -0.143135 1.09937 3.36791 1 1 1
v 0.143135 1.09937 3.36791 1 1 1
v 0.175347 1.09937 3.36791 1 1 1
v 0.458748 1.08653 3.37605 1 1 1
v 0.471712 1.09937 3.36791 1 1 1
v -0.478269 1.10508 3.36428 1 1 1
v -0.488611 1.11585 3.35744 1 1 1
v -0.17352 1.11585 3.35744 1 1 1
v -0.144455 1.11585 3.35744 1 1 1
v 0.144455 1.11585 3.35744 1 1 1
v 0.17352 1.11585 3.35744 1 1 1
v 0.478269 1.10508 3.36428 1 1 1
v 0.488612 1.11585 3.35744 1 1 1
v -0.49779 1.12405 3.35224 1 1 1
v -0.507121 1.13233 3.34698 1 1 1
v -0.167821 1.13233 3.34698 1 1 1
v -0.145967 1.13233 3.34698 1 1 1
v 0.145967 1.13233 3.34698 1 1 1
v 0.167821 1.13233 3.34698 1 1 1
v 0.49779 1.12405 3.35224 1 1 1
v 0.507121 1.13233 3.34698 1 1 1
v -0.517311 1.1423 3.34066 1 1 1
v -0.525394 1.14881 3.33652 1 1 1
v -0.16593 1.1488 3.33653 1 1 1
v -0.146409 1.13461 3.34554 1 1 1
v 0.146409 1.13461 3.34554 1 1 1
v 0.16593 1.1488 3.33653 1 1 1
v 0.517311 1.1423 3.34066 1 1 1
v 0.525394 1.14881 3.33652 1 1 1
v -0.536832 1.15881 3.33018 1 1 1
v -0.54308 1.16529 3.32606 1 1 1
v 0.536832 1.15881 3.33018 1 1 1
v 0.54308 1.16529 3.32606 1 1 1
v -0.556353 1.17739 3.31839 1 1 1
v -0.561756 1.18177 3.3156 1 1 1
v 0.556353 1.17739 3.31839 1 1 1
v 0.561756 1.18177 3.3156 1 1 1
v -0.575874 1.19434 3.30763 1 1 1
v -0.580742 1.19826 3.30514 1 1 1
v 0.575874 1.19434 3.30763 1 1 1
v 0.580742 1.19826 3.30514 1 1 1
v -0.595396 1.20958 3.29796 1 1 1
v -0.600024 1.21474 3.29468 1 1 1
v 0.595396 1.20958 3.29795 1 1 1
v 0.600024 1.21474 3.29468 1 1 1
v -0.614917 1.22971 3.28518 1 1 1
v -0.617018 1.23122 3.28422 1 1 1
v 0.614917 1.22971 3.28518 1 1 1
v 0.617018 1.23122 3.28422 1 1 1
v -0.631396 1.2477 3.27376 1 1 1
v -0.107366 1.24313 3.27666 1 1 1
v -0.121675 1.2477 3.27376 1 1 1
v -0.0878452 1.24269 3.27694 1 1 1
v -0.0683241 1.24377 3.27625 1 1 1
v -0.0551701 1.2477 3.27376 1 1 1
v 0.0683241 1.24377 3.27625 1 1 1
v 0.0551702 1.2477 3.27376 1 1 1
v 0.0878453 1.24269 3.27694 1 1 1
v 0.107366 1.24313 3.27666 1 1 1
v 0.121675 1.2477 3.27376 1 1 1
v 0.631396 1.2477 3.27376 1 1 1
v -0.634438 1.25141 3.27141 1 1 1
v -0.645325 1.26418 3.2633 1 1 1
v -0.120521 1.26418 3.2633 1 1 1
v -0.0488029 1.25487 3.26921 1 1 1
v -0.0420169 1.26418 3.2633 1 1 1
v 0.048803 1.25487 3.26921 1 1 1
v 0.0420169 1.26418 3.2633 1 1 1
v 0.120521 1.26418 3.2633 1 1 1
v 0.634438 1.25141 3.27141 1 1 1
v 0.645325 1.26418 3.2633 1 1 1
v -0.651216 1.28067 3.25284 1 1 1
v -0.124647 1.28067 3.25284 1 1 1
v -0.0292817 1.27459 3.25669 1 1 1
v -0.0097605 1.27732 3.25496 1 1 1
v 0.00976062 1.27732 3.25496 1 1 1
v 0.0292817 1.27459 3.25669 1 1 1
v 0.124647 1.28067 3.25284 1 1 1
v 0.651216 1.28067 3.25284 1 1 1
v -0.647755 1.29715 3.24238 1 1 1
v -0.204972 1.29437 3.24414 1 1 1
v -0.224436 1.29715 3.24238 1 1 1
v -0.185451 1.28985 3.24701 1 1 1
v -0.16593 1.28768 3.24839 1 1 1
v -0.146409 1.28634 3.24924 1 1 1
v -0.126888 1.28239 3.25175 1 1 1
v 0.126888 1.28239 3.25175 1 1 1
v 0.146409 1.28634 3.24924 1 1 1
v 0.16593 1.28768 3.24839 1 1 1
v 0.185451 1.28985 3.24701 1 1 1
v 0.204972 1.29437 3.24414 1 1 1
v 0.224436 1.29715 3.24238 1 1 1
v 0.647755 1.29715 3.24238 1 1 1
v -0.643057 1.31363 3.23192 1 1 1
v -0.302578 1.31162 3.2332 1 1 1
v -0.312163 1.31363 3.23192 1 1 1
v -0.283057 1.30787 3.23557 1 1 1
v -0.263536 1.30474 3.23756 1 1 1
v -0.244015 1.29987 3.24065 1 1 1
v -0.224493 1.29715 3.24237 1 1 1
v 0.224494 1.29715 3.24237 1 1 1
v 0.244015 1.29987 3.24065 1 1 1
v 0.263536 1.30474 3.23756 1 1 1
v 0.283057 1.30787 3.23557 1 1 1
v 0.302578 1.31162 3.2332 1 1 1
v 0.312163 1.31363 3.23192 1 1 1
v 0.643057 1.31363 3.23192 1 1 1
v -0.634438 1.3289 3.22223 1 1 1
v -0.631798 1.33011 3.22146 1 1 1
v -0.400184 1.32982 3.22164 1 1 1
v -0.401531 1.33011 3.22146 1 1 1
v -0.380663 1.32648 3.22376 1 1 1
v -0.361142 1.32268 3.22617 1 1 1
v -0.34162 1.3194 3.22825 1 1 1
v -0.322099 1.316 3.23041 1 1 1
v 0.322099 1.316 3.23041 1 1 1
v 0.34162 1.3194 3.22825 1 1 1
v 0.361142 1.32268 3.22617 1 1 1
v 0.380663 1.32648 3.22376 1 1 1
v 0.400184 1.32982 3.22164 1 1 1
v 0.401531 1.33011 3.22146 1 1 1
v 0.634438 1.3289 3.22223 1 1 1
v 0.631798 1.33011 3.22146 1 1 1
v -0.614917 1.33453 3.21865 1 1 1
v -0.595396 1.33556 3.218 1 1 1
v -0.575874 1.33949 3.21551 1 1 1
v -0.556353 1.34049 3.21487 1 1 1
v -0.536832 1.34187 3.214 1 1 1
v -0.517311 1.34235 3.21369 1 1 1
v -0.49779 1.34159 3.21417 1 1 1
v -0.478269 1.34039 3.21493 1 1 1
v -0.458747 1.33824 3.2163 1 1 1
v -0.439226 1.33655 3.21737 1 1 1
v -0.419705 1.33398 3.219 1 1 1
v 0.419705 1.33398 3.219 1 1 1
v 0.439226 1.33655 3.21737 1 1 1
v 0.458748 1.33824 3.2163 1 1 1
v 0.478269 1.34039 3.21494 1 1 1
v 0.49779 1.34159 3.21417 1 1 1
v 0.517311 1.34235 3.21369 1 1 1
v 0.536832 1.34187 3.214 1 1 1
v 0.556353 1.34049 3.21487 1 1 1
v 0.575874 1.33949 3.21551 1 1 1
v 0.595396 1.33556 3.218 1 1 1
v 0.614917 1.33453 3.21865 1 1 1
v -0.146409 0.951605 3.66724 1 1 1
v -0.162867 0.961551 3.66035 1 1 1
v -0.126888 0.948793 3.66919 1 1 1
v -0.107366 0.947048 3.6704 1 1 1
v -0.0878452 0.947049 3.6704 1 1 1
v -0.0683241 0.947231 3.67027 1 1 1
v -0.0488029 0.94592 3.67118 1 1 1
v -0.0292817 0.947588 3.67002 1 1 1
v -0.0097605 0.946095 3.67106 1 1 1
v 0.00976062 0.946095 3.67106 1 1 1
v 0.0292817 0.947588 3.67002 1 1 1
v 0.048803 0.94592 3.67118 1 1 1
v 0.0683241 0.947231 3.67027 1 1 1
v 0.0878453 0.947049 3.6704 1 1 1
v 0.107366 0.947048 3.6704 1 1 1
v 0.126888 0.948793 3.66919 1 1 1
v 0.146409 0.951605 3.66724 1 1 1
v 0.162867 0.961551 3.66035 1 1 1
v -0.161688 0.977596 3.64923 1 1 1
v 0.161688 0.977596 3.64923 1 1 1
v -0.161584 0.99364 3.63811 1 1 1
v 0.161584 0.99364 3.63811 1 1 1
v -0.161488 1.00969 3.62699 1 1 1
v 0.161488 1.00969 3.62699 1 1 1
v -0.164481 1.02573 3.61587 1 1 1
v 0.164481 1.02573 3.61587 1 1 1
v -0.302578 1.03612 3.60866 1 1 1
v -0.309651 1.04177 3.60475 1 1 1
v -0.292793 1.04177 3.60475 1 1 1
v -0.162448 1.04177 3.60475 1 1 1
v 0.162448 1.04177 3.60475 1 1 1
v 0.302578 1.03612 3.60866 1 1 1
v 0.292792 1.04177 3.60475 1 1 1
v 0.309651 1.04177 3.60475 1 1 1
v -0.322099 1.05429 3.59607 1 1 1
v -0.325212 1.05782 3.59363 1 1 1
v -0.283057 1.0503 3.59884 1 1 1
v -0.275025 1.05782 3.59363 1 1 1
v -0.164045 1.05782 3.59363 1 1 1
v 0.164045 1.05782 3.59363 1 1 1
v 0.283057 1.0503 3.59884 1 1 1
v 0.275025 1.05782 3.59363 1 1 1
v 0.322099 1.05429 3.59607 1 1 1
v 0.325212 1.05782 3.59363 1 1 1
v -0.34162 1.07098 3.58451 1 1 1
v -0.344565 1.07386 3.58251 1 1 1
v -0.263536 1.06654 3.58758 1 1 1
v -0.252129 1.07386 3.58251 1 1 1
v -0.16593 1.0618 3.59087 1 1 1
v -0.172479 1.07386 3.58251 1 1 1
v 0.16593 1.0618 3.59087 1 1 1
v 0.172479 1.07386 3.58251 1 1 1
v 0.263536 1.06654 3.58758 1 1 1
v 0.252129 1.07386 3.58251 1 1 1
v 0.34162 1.07098 3.58451 1 1 1
v 0.344565 1.07386 3.58251 1 1 1
v -0.360301 1.08991 3.57139 1 1 1
v -0.244015 1.07918 3.57883 1 1 1
v -0.231738 1.08991 3.57139 1 1 1
v -0.185451 1.08589 3.57417 1 1 1
v -0.190206 1.08991 3.57139 1 1 1
v 0.185451 1.08589 3.57417 1 1 1
v 0.190206 1.08991 3.57139 1 1 1
v 0.244015 1.07918 3.57883 1 1 1
v 0.231738 1.08991 3.57139 1 1 1
v 0.360301 1.08991 3.57139 1 1 1
v -0.361142 1.09082 3.57076 1 1 1
v -0.37826 1.10595 3.56027 1 1 1
v -0.224493 1.10012 3.56432 1 1 1
v -0.204972 1.10085 3.56381 1 1 1
v -0.146409 1.09597 3.56719 1 1 1
v -0.153785 1.10595 3.56027 1 1 1
v -0.140016 1.10595 3.56027 1 1 1
v 0.146409 1.09597 3.56719 1 1 1
v 0.140017 1.10595 3.56027 1 1 1
v 0.153785 1.10595 3.56027 1 1 1
v 0.204972 1.10085 3.56381 1 1 1
v 0.224494 1.10012 3.56432 1 1 1
v 0.361142 1.09082 3.57076 1 1 1
v 0.37826 1.10595 3.56027 1 1 1
v -0.380663 1.10826 3.55867 1 1 1
v -0.39425 1.122 3.54915 1 1 1
v -0.16593 1.11974 3.55071 1 1 1
v -0.16642 1.122 3.54915 1 1 1
v -0.136602 1.122 3.54915 1 1 1
v 0.136602 1.122 3.54915 1 1 1
v 0.16593 1.11974 3.55071 1 1 1
v 0.16642 1.122 3.54915 1 1 1
v 0.380663 1.10826 3.55867 1 1 1
v 0.39425 1.122 3.54915 1 1 1
v -0.400184 1.1271 3.54561 1 1 1
v -0.411822 1.13804 3.53803 1 1 1
v -0.168529 1.13804 3.53803 1 1 1
v -0.135357 1.13804 3.53803 1 1 1
v 0.135357 1.13804 3.53803 1 1 1
v 0.168529 1.13804 3.53803 1 1 1
v 0.400184 1.1271 3.54561 1 1 1
v 0.411822 1.13804 3.53803 1 1 1
v -0.419705 1.14678 3.53198 1 1 1
v -0.426757 1.15409 3.52691 1 1 1
v -0.168898 1.15409 3.52691 1 1 1
v -0.133616 1.15409 3.52691 1 1 1
v 0.133616 1.15409 3.52691 1 1 1
v 0.168898 1.15409 3.52691 1 1 1
v 0.419705 1.14678 3.53198 1 1 1
v 0.426757 1.15409 3.52691 1 1 1
v -0.439226 1.16551 3.51899 1 1 1
v -0.444107 1.17013 3.51579 1 1 1
v -0.171426 1.17013 3.51579 1 1 1
v -0.139688 1.17013 3.51579 1 1 1
v 0.139688 1.17013 3.51579 1 1 1
v 0.171426 1.17013 3.51579 1 1 1
v 0.439226 1.16551 3.51899 1 1 1
v 0.444107 1.17013 3.51579 1 1 1
v -0.458747 1.18616 3.50469 1 1 1
v -0.458768 1.18618 3.50467 1 1 1
v -0.176159 1.18618 3.50467 1 1 1
v -0.143375 1.18618 3.50467 1 1 1
v 0.143375 1.18618 3.50467 1 1 1
v 0.176159 1.18618 3.50467 1 1 1
v 0.458748 1.18616 3.50469 1 1 1
v 0.458768 1.18618 3.50467 1 1 1
v -0.477707 1.20222 3.49355 1 1 1
v -0.174683 1.20222 3.49355 1 1 1
v -0.144631 1.20222 3.49355 1 1 1
v 0.144631 1.20222 3.49355 1 1 1
v 0.174683 1.20222 3.49355 1 1 1
v 0.477707 1.20222 3.49355 1 1 1
v -0.478269 1.20272 3.49321 1 1 1
v -0.496101 1.21827 3.48243 1 1 1
v -0.168942 1.21827 3.48243 1 1 1
v -0.146066 1.21827 3.48243 1 1 1
v 0.146066 1.21827 3.48243 1 1 1
v 0.168942 1.21827 3.48243 1 1 1
v 0.478269 1.20272 3.49321 1 1 1
v 0.496102 1.21827 3.48243 1 1 1
v -0.49779 1.21979 3.48138 1 1 1
v -0.512777 1.23431 3.47132 1 1 1
v -0.167716 1.23431 3.47132 1 1 1
v -0.146409 1.22001 3.48123 1 1 1
v -0.162969 1.23431 3.47132 1 1 1
v 0.146409 1.22001 3.48123 1 1 1
v 0.162969 1.23431 3.47132 1 1 1
v 0.167716 1.23431 3.47132 1 1 1
v 0.49779 1.21979 3.48138 1 1 1
v 0.512777 1.23431 3.47132 1 1 1
v -0.517311 1.23835 3.46852 1 1 1
v -0.53163 1.25036 3.4602 1 1 1
v -0.16593 1.23681 3.46959 1 1 1
v 0.16593 1.23681 3.46959 1 1 1
v 0.517311 1.23835 3.46852 1 1 1
v 0.53163 1.25036 3.4602 1 1 1
v -0.536832 1.25491 3.45704 1 1 1
v -0.549733 1.2664 3.44908 1 1 1
v 0.536832 1.25491 3.45704 1 1 1
v 0.549733 1.2664 3.44908 1 1 1
v -0.556353 1.27184 3.44531 1 1 1
v -0.568715 1.28245 3.43796 1 1 1
v 0.556353 1.27184 3.44531 1 1 1
v 0.568715 1.28245 3.43796 1 1 1
v -0.575874 1.28862 3.43368 1 1 1
v -0.589205 1.29849 3.42684 1 1 1
v 0.575874 1.28862 3.43368 1 1 1
v 0.589205 1.29849 3.42684 1 1 1
v -0.595396 1.30581 3.42176 1 1 1
v -0.603303 1.31454 3.41572 1 1 1
v 0.595396 1.30581 3.42176 1 1 1
v 0.603303 1.31454 3.41572 1 1 1
v -0.614917 1.3251 3.4084 1 1 1
v -0.619812 1.33058 3.4046 1 1 1
v -0.107366 1.32624 3.40761 1 1 1
v -0.124275 1.33058 3.4046 1 1 1
v -0.0878452 1.32601 3.40776 1 1 1
v -0.0683241 1.32677 3.40724 1 1 1
v -0.0528311 1.33058 3.4046 1 1 1
v 0.0683241 1.32677 3.40724 1 1 1
v 0.0528313 1.33058 3.4046 1 1 1
v 0.0878453 1.32601 3.40776 1 1 1
v 0.107366 1.32624 3.40761 1 1 1
v 0.124275 1.33058 3.4046 1 1 1
v 0.614917 1.3251 3.4084 1 1 1
v 0.619812 1.33058 3.4046 1 1 1
v -0.632989 1.34662 3.39348 1 1 1
v -0.124052 1.34662 3.39348 1 1 1
v -0.0488029 1.33466 3.40177 1 1 1
v -0.0388058 1.34662 3.39348 1 1 1
v 0.048803 1.33466 3.40177 1 1 1
v 0.0388058 1.34662 3.39348 1 1 1
v 0.124052 1.34662 3.39348 1 1 1
v 0.632989 1.34662 3.39348 1 1 1
v -0.634438 1.34943 3.39154 1 1 1
v -0.641584 1.36267 3.38236 1 1 1
v -0.126888 1.35494 3.38772 1 1 1
v -0.132168 1.36267 3.38236 1 1 1
v -0.0292817 1.35359 3.38865 1 1 1
v -0.0097605 1.35732 3.38607 1 1 1
v 0.00976062 1.35732 3.38607 1 1 1
v 0.0292817 1.35359 3.38865 1 1 1
v 0.126888 1.35494 3.38772 1 1 1
v 0.132168 1.36267 3.38236 1 1 1
v 0.634438 1.34943 3.39154 1 1 1
v 0.641584 1.36267 3.38236 1 1 1
v -0.639337 1.37871 3.37124 1 1 1
v -0.244015 1.37829 3.37153 1 1 1
v -0.246143 1.37871 3.37124 1 1 1
v -0.224493 1.37562 3.37338 1 1 1
v -0.204972 1.37279 3.37534 1 1 1
v -0.185451 1.36905 3.37794 1 1 1
v -0.16593 1.36662 3.37963 1 1 1
v -0.146409 1.36553 3.38038 1 1 1
v 0.146409 1.36553 3.38038 1 1 1
v 0.16593 1.36662 3.37963 1 1 1
v 0.185451 1.36905 3.37794 1 1 1
v 0.204972 1.37279 3.37534 1 1 1
v 0.224494 1.37562 3.37338 1 1 1
v 0.244015 1.37829 3.37153 1 1 1
v 0.246143 1.37871 3.37124 1 1 1
v 0.639337 1.37871 3.37124 1 1 1
v -0.634438 1.39276 3.36151 1 1 1
v -0.633278 1.39476 3.36012 1 1 1
v -0.302578 1.39064 3.36298 1 1 1
v -0.321996 1.39476 3.36012 1 1 1
v -0.283057 1.38653 3.36582 1 1 1
v -0.263536 1.38307 3.36822 1 1 1
v 0.263536 1.38307 3.36822 1 1 1
v 0.283057 1.38653 3.36582 1 1 1
v 0.302578 1.39064 3.36298 1 1 1
v 0.321996 1.39476 3.36012 1 1 1
v 0.634438 1.39276 3.36151 1 1 1
v 0.633278 1.39476 3.36012 1 1 1
v -0.614917 1.40689 3.35171 1 1 1
v -0.595396 1.40831 3.35073 1 1 1
v -0.585685 1.4108 3.349 1 1 1
v -0.400184 1.40843 3.35064 1 1 1
v -0.411441 1.4108 3.349 1 1 1
v -0.380663 1.40518 3.3529 1 1 1
v -0.361142 1.40111 3.35572 1 1 1
v -0.34162 1.39798 3.35789 1 1 1
v -0.322099 1.39478 3.3601 1 1 1
v 0.322099 1.39478 3.3601 1 1 1
v 0.34162 1.39798 3.35789 1 1 1
v 0.361142 1.40111 3.35572 1 1 1
v 0.380663 1.40518 3.3529 1 1 1
v 0.400184 1.40843 3.35064 1 1 1
v 0.411441 1.4108 3.349 1 1 1
v 0.595396 1.40831 3.35073 1 1 1
v 0.585685 1.4108 3.349 1 1 1
v 0.614917 1.40689 3.35171 1 1 1
v -0.575874 1.41367 3.34702 1 1 1
v -0.556353 1.41659 3.34499 1 1 1
v -0.536832 1.41864 3.34357 1 1 1
v -0.517311 1.41953 3.34295 1 1 1
v -0.49779 1.41919 3.34319 1 1 1
v -0.478269 1.41809 3.34395 1 1 1
v -0.458747 1.41625 3.34523 1 1 1
v -0.439226 1.415 3.34609 1 1 1
v -0.419705 1.41252 3.34781 1 1 1
v 0.419705 1.41252 3.34781 1 1 1
v 0.439226 1.415 3.34609 1 1 1
v 0.458748 1.41625 3.34523 1 1 1
v 0.478269 1.41809 3.34395 1 1 1
v 0.49779 1.41919 3.34319 1 1 1
v 0.517311 1.41953 3.34295 1 1 1
v 0.536832 1.41864 3.34357 1 1 1
v 0.556353 1.41659 3.34499 1 1 1
v 0.575874 1.41367 3.34702 1 1 1
v -0.146409 1.05839 3.80836 1 1 1
v -0.153273 1.06244 3.80523 1 1 1
v -0.126888 1.056 3.81021 1 1 1
v -0.107366 1.05295 3.81258 1 1 1
v -0.0878452 1.05275 3.81273 1 1 1
v -0.0683241 1.05396 3.81179 1 1 1
v -0.0488029 1.05201 3.8133 1 1 1
v -0.0292817 1.0535 3.81215 1 1 1
v -0.0097605 1.05278 3.81271 1 1 1
v 0.00976062 1.05278 3.81271 1 1 1
v 0.0292817 1.0535 3.81215 1 1 1
v 0.048803 1.05201 3.8133 1 1 1
v 0.0683241 1.05396 3.81179 1 1 1
v 0.0878453 1.05275 3.81273 1 1 1
v 0.107366 1.05295 3.81258 1 1 1
v 0.126888 1.056 3.81021 1 1 1
v 0.146409 1.05839 3.80836 1 1 1
v 0.153273 1.06244 3.80523 1 1 1
v -0.156216 1.07787 3.79328 1 1 1
v 0.156216 1.07787 3.79328 1 1 1
v -0.15569 1.09331 3.78133 1 1 1
v 0.15569 1.09331 3.78133 1 1 1
v -0.152756 1.10874 3.76937 1 1 1
v 0.152756 1.10874 3.76937 1 1 1
v -0.157336 1.12418 3.75742 1 1 1
v 0.157336 1.12418 3.75742 1 1 1
v -0.159049 1.13961 3.74547 1 1 1
v 0.159049 1.13961 3.74547 1 1 1
v -0.302578 1.14762 3.73927 1 1 1
v -0.30968 1.15505 3.73352 1 1 1
v -0.291952 1.15505 3.73352 1 1 1
v -0.162085 1.15505 3.73352 1 1 1
v 0.162085 1.15505 3.73352 1 1 1
v 0.302578 1.14762 3.73927 1 1 1
v 0.291951 1.15505 3.73352 1 1 1
v 0.30968 1.15505 3.73352 1 1 1
v -0.322099 1.16322 3.72719 1 1 1
v -0.331691 1.17048 3.72157 1 1 1
v -0.283057 1.16056 3.72925 1 1 1
v -0.266101 1.17048 3.72157 1 1 1
v -0.16593 1.16077 3.72909 1 1 1
v -0.172481 1.17048 3.72157 1 1 1
v 0.16593 1.16077 3.72909 1 1 1
v 0.172481 1.17048 3.72157 1 1 1
v 0.283057 1.16056 3.72925 1 1 1
v 0.266101 1.17048 3.72157 1 1 1
v 0.322099 1.16322 3.72719 1 1 1
v 0.331691 1.17048 3.72157 1 1 1
v -0.34162 1.17869 3.71521 1 1 1
v -0.348894 1.18592 3.70962 1 1 1
v -0.263536 1.17201 3.72039 1 1 1
v -0.244015 1.18125 3.71323 1 1 1
v -0.237384 1.18592 3.70962 1 1 1
v -0.185451 1.18138 3.71313 1 1 1
v -0.190904 1.18592 3.70962 1 1 1
v 0.185451 1.18138 3.71313 1 1 1
v 0.190904 1.18592 3.70962 1 1 1
v 0.244015 1.18125 3.71323 1 1 1
v 0.237384 1.18592 3.70962 1 1 1
v 0.263536 1.17201 3.72039 1 1 1
v 0.34162 1.17869 3.71521 1 1 1
v 0.348894 1.18592 3.70962 1 1 1
v -0.361142 1.19897 3.69951 1 1 1
v -0.363944 1.20135 3.69766 1 1 1
v -0.224493 1.20123 3.69776 1 1 1
v -0.204972 1.1964 3.7015 1 1 1
v -0.146409 1.18909 3.70716 1 1 1
v -0.154399 1.20135 3.69766 1 1 1
v -0.137671 1.20135 3.69766 1 1 1
v 0.146409 1.18909 3.70716 1 1 1
v 0.137671 1.20135 3.69766 1 1 1
v 0.154399 1.20135 3.69766 1 1 1
v 0.204972 1.1964 3.7015 1 1 1
v 0.224494 1.20123 3.69776 1 1 1
v 0.361142 1.19897 3.69951 1 1 1
v 0.363944 1.20135 3.69766 1 1 1
v -0.380505 1.21679 3.68571 1 1 1
v -0.16593 1.21522 3.68693 1 1 1
v -0.166279 1.21679 3.68571 1 1 1
v -0.135316 1.21679 3.68571 1 1 1
v 0.135317 1.21679 3.68571 1 1 1
v 0.16593 1.21522 3.68693 1 1 1
v 0.166279 1.21679 3.68571 1 1 1
v 0.380505 1.21679 3.68571 1 1 1
v -0.380663 1.21693 3.6856 1 1 1
v -0.39907 1.23222 3.67376 1 1 1
v -0.168366 1.23222 3.67376 1 1 1
v -0.134222 1.23222 3.67376 1 1 1
v 0.134222 1.23222 3.67376 1 1 1
v 0.168366 1.23222 3.67376 1 1 1
v 0.380663 1.21693 3.6856 1 1 1
v 0.39907 1.23222 3.67376 1 1 1
v -0.400184 1.2333 3.67293 1 1 1
v -0.412996 1.24766 3.66181 1 1 1
v -0.168723 1.24766 3.66181 1 1 1
v -0.133019 1.24766 3.66181 1 1 1
v 0.133019 1.24766 3.66181 1 1 1
v 0.168723 1.24766 3.66181 1 1 1
v 0.400184 1.2333 3.67293 1 1 1
v 0.412997 1.24766 3.66181 1 1 1
v -0.419705 1.25421 3.65674 1 1 1
v -0.429709 1.26309 3.64986 1 1 1
v -0.171406 1.26309 3.64986 1 1 1
v -0.139855 1.26309 3.64986 1 1 1
v 0.139855 1.26309 3.64986 1 1 1
v 0.171406 1.26309 3.64986 1 1 1
v 0.419705 1.25421 3.65674 1 1 1
v 0.429709 1.26309 3.64986 1 1 1
v -0.439226 1.27044 3.64417 1 1 1
v -0.447133 1.27853 3.63791 1 1 1
v -0.177068 1.27853 3.63791 1 1 1
v -0.143601 1.27853 3.63791 1 1 1
v 0.143601 1.27853 3.63791 1 1 1
v 0.177068 1.27853 3.63791 1 1 1
v 0.439226 1.27044 3.64417 1 1 1
v 0.447133 1.27853 3.63791 1 1 1
v -0.458747 1.29049 3.62864 1 1 1
v -0.463011 1.29396 3.62596 1 1 1
v -0.17608 1.29396 3.62596 1 1 1
v -0.144794 1.29396 3.62596 1 1 1
v 0.144794 1.29396 3.62596 1 1 1
v 0.17608 1.29396 3.62596 1 1 1
v 0.458748 1.29049 3.62864 1 1 1
v 0.463011 1.29396 3.62596 1 1 1
v -0.478269 1.30688 3.61596 1 1 1
v -0.481293 1.3094 3.614 1 1 1
v -0.1703 1.3094 3.614 1 1 1
v -0.146157 1.3094 3.614 1 1 1
v 0.146157 1.3094 3.614 1 1 1
v 0.1703 1.3094 3.614 1 1 1
v 0.478269 1.30688 3.61596 1 1 1
v 0.481294 1.3094 3.614 1 1 1
v -0.49779 1.32363 3.60299 1 1 1
v -0.499074 1.32483 3.60205 1 1 1
v -0.169895 1.32483 3.60205 1 1 1
v -0.146409 1.31064 3.61304 1 1 1
v -0.161033 1.32483 3.60205 1 1 1
v 0.146409 1.31064 3.61304 1 1 1
v 0.161033 1.32483 3.60205 1 1 1
v 0.169895 1.32483 3.60205 1 1 1
v 0.49779 1.32363 3.60299 1 1 1
v 0.499075 1.32483 3.60205 1 1 1
v -0.517142 1.34027 3.5901 1 1 1
v -0.16593 1.32982 3.59819 1 1 1
v 0.16593 1.32982 3.59819 1 1 1
v 0.517142 1.34027 3.5901 1 1 1
v -0.517311 1.34037 3.59002 1 1 1
v -0.535685 1.3557 3.57815 1 1 1
v 0.517311 1.34037 3.59002 1 1 1
v 0.535685 1.3557 3.57815 1 1 1
v -0.536832 1.35666 3.57741 1 1 1
v -0.555333 1.37114 3.5662 1 1 1
v 0.536832 1.35666 3.57741 1 1 1
v 0.555333 1.37114 3.5662 1 1 1
v -0.556353 1.3724 3.56522 1 1 1
v -0.573272 1.38657 3.55425 1 1 1
v 0.556353 1.3724 3.56522 1 1 1
v 0.573272 1.38657 3.55425 1 1 1
v -0.575874 1.38824 3.55296 1 1 1
v -0.589008 1.40201 3.54229 1 1 1
v 0.575874 1.38824 3.55296 1 1 1
v 0.589008 1.40201 3.54229 1 1 1
v -0.595396 1.4083 3.53742 1 1 1
v -0.606201 1.41744 3.53034 1 1 1
v -0.126888 1.41724 3.5305 1 1 1
v -0.12739 1.41744 3.53034 1 1 1
v -0.107366 1.41336 3.5335 1 1 1
v -0.0878452 1.41333 3.53353 1 1 1
v -0.0683241 1.41379 3.53317 1 1 1
v -0.0497093 1.41744 3.53034 1 1 1
v 0.0683241 1.41379 3.53317 1 1 1
v 0.0497092 1.41744 3.53034 1 1 1
v 0.0878453 1.41333 3.53353 1 1 1
v 0.107366 1.41336 3.5335 1 1 1
v 0.126888 1.41724 3.5305 1 1 1
v 0.12739 1.41744 3.53034 1 1 1
v 0.595396 1.4083 3.53742 1 1 1
v 0.606201 1.41744 3.53034 1 1 1
v -0.614917 1.42476 3.52468 1 1 1
v -0.622161 1.43288 3.51839 1 1 1
v -0.128966 1.43288 3.51839 1 1 1
v -0.0488029 1.41824 3.52972 1 1 1
v -0.0341937 1.43288 3.51839 1 1 1
v 0.048803 1.41824 3.52972 1 1 1
v 0.0341936 1.43288 3.51839 1 1 1
v 0.128966 1.43288 3.51839 1 1 1
v 0.614917 1.42476 3.52468 1 1 1
v 0.622161 1.43288 3.51839 1 1 1
v -0.629969 1.44831 3.50644 1 1 1
v -0.146409 1.44754 3.50704 1 1 1
v -0.155476 1.44831 3.50644 1 1 1
v -0.0292817 1.43598 3.51599 1 1 1
v -0.0097605 1.44077 3.51228 1 1 1
v 0.00976062 1.44077 3.51228 1 1 1
v 0.0292817 1.43598 3.51599 1 1 1
v 0.146409 1.44754 3.50704 1 1 1
v 0.155477 1.44831 3.50644 1 1 1
v 0.629969 1.44831 3.50644 1 1 1
v -0.627059 1.46375 3.49449 1 1 1
v -0.244015 1.4603 3.49716 1 1 1
v -0.261427 1.46375 3.49449 1 1 1
v -0.224493 1.45707 3.49966 1 1 1
v -0.204972 1.45415 3.50192 1 1 1
v -0.185451 1.45156 3.50393 1 1 1
v -0.16593 1.44873 3.50612 1 1 1
v 0.16593 1.44873 3.50612 1 1 1
v 0.185451 1.45156 3.50393 1 1 1
v 0.204972 1.45415 3.50192 1 1 1
v 0.224494 1.45707 3.49966 1 1 1
v 0.244015 1.4603 3.49716 1 1 1
v 0.261427 1.46375 3.49449 1 1 1
v 0.627059 1.46375 3.49449 1 1 1
v -0.617756 1.47918 3.48254 1 1 1
v -0.322099 1.47589 3.48509 1 1 1
v -0.339134 1.47918 3.48254 1 1 1
v -0.302578 1.47281 3.48747 1 1 1
v -0.283057 1.46824 3.49101 1 1 1
v -0.263536 1.46429 3.49407 1 1 1
v 0.263536 1.46429 3.49407 1 1 1
v 0.283057 1.46824 3.49101 1 1 1
v 0.302578 1.47281 3.48747 1 1 1
v 0.322099 1.47589 3.48509 1 1 1
v 0.339134 1.47918 3.48254 1 1 1
v 0.617757 1.47918 3.48254 1 1 1
v -0.614917 1.48114 3.48102 1 1 1
v -0.595396 1.48418 3.47867 1 1 1
v -0.575874 1.4893 3.4747 1 1 1
v -0.558772 1.49462 3.47059 1 1 1
v -0.419705 1.49372 3.47128 1 1 1
v -0.425024 1.49462 3.47059 1 1 1
v -0.400184 1.48992 3.47423 1 1 1
v -0.380663 1.48685 3.4766 1 1 1
v -0.361142 1.48246 3.48 1 1 1
v -0.34162 1.47957 3.48224 1 1 1
v 0.34162 1.47957 3.48224 1 1 1
v 0.361142 1.48246 3.48 1 1 1
v 0.380663 1.48685 3.4766 1 1 1
v 0.400184 1.48992 3.47423 1 1 1
v 0.419705 1.49372 3.47128 1 1 1
v 0.425024 1.49462 3.47059 1 1 1
v 0.575874 1.4893 3.4747 1 1 1
v 0.558772 1.49462 3.47059 1 1 1
v 0.595396 1.48418 3.47867 1 1 1
v 0.614917 1.48114 3.48102 1 1 1
v -0.556353 1.49516 3.47016 1 1 1
v -0.536832 1.49799 3.46797 1 1 1
v -0.517311 1.49931 3.46695 1 1 1
v -0.49779 1.49944 3.46685 1 1 1
v -0.478269 1.49845 3.46762 1 1 1
v -0.458747 1.49702 3.46872 1 1 1
v -0.439226 1.49632 3.46926 1 1 1
v 0.439226 1.49632 3.46926 1 1 1
v 0.458748 1.49702 3.46872 1 1 1
v 0.478269 1.49845 3.46762 1 1 1
v 0.49779 1.49944 3.46685 1 1 1
v 0.517311 1.49931 3.46695 1 1 1
v 0.536832 1.49799 3.46797 1 1 1
v 0.556353 1.49516 3.47016 1 1 1
v -0.107366 1.16909 3.95053 1 1 1
v -0.123183 1.17301 3.94707 1 1 1
v -0.0878452 1.16861 3.95096 1 1 1
v -0.0683241 1.17136 3.94853 1 1 1
v -0.0488029 1.1685 3.95105 1 1 1
v -0.0292817 1.16972 3.94997 1 1 1
v -0.0097605 1.17014 3.94961 1 1 1
v 0.00976062 1.17014 3.94961 1 1 1
v 0.0292817 1.16972 3.94997 1 1 1
v 0.048803 1.1685 3.95105 1 1 1
v 0.0683241 1.17136 3.94853 1 1 1
v 0.0878453 1.16861 3.95096 1 1 1
v 0.107366 1.16909 3.95053 1 1 1
v 0.123183 1.17301 3.94707 1 1 1
v -0.146409 1.1794 3.94143 1 1 1
v -0.14976 1.18765 3.93415 1 1 1
v -0.126888 1.17422 3.946 1 1 1
v 0.126888 1.17422 3.946 1 1 1
v 0.146409 1.1794 3.94143 1 1 1
v 0.14976 1.18765 3.93415 1 1 1
v -0.148356 1.20228 3.92123 1 1 1
v 0.148356 1.20228 3.92123 1 1 1
v -0.146409 1.20745 3.91666 1 1 1
v -0.143286 1.21691 3.90831 1 1 1
v 0.146409 1.20745 3.91666 1 1 1
v 0.143286 1.21691 3.90831 1 1 1
v -0.145707 1.23154 3.89539 1 1 1
v 0.145707 1.23154 3.89539 1 1 1
v -0.146409 1.23301 3.89409 1 1 1
v -0.154431 1.24618 3.88246 1 1 1
v 0.146409 1.23301 3.89409 1 1 1
v 0.154431 1.24618 3.88246 1 1 1
v -0.159371 1.26081 3.86954 1 1 1
v 0.159371 1.26081 3.86954 1 1 1
v -0.302578 1.27537 3.85668 1 1 1
v -0.302696 1.27544 3.85662 1 1 1
v -0.302239 1.27544 3.85662 1 1 1
v -0.16593 1.26756 3.86359 1 1 1
v -0.172483 1.27544 3.85662 1 1 1
v 0.16593 1.26756 3.86359 1 1 1
v 0.172483 1.27544 3.85662 1 1 1
v 0.302578 1.27537 3.85668 1 1 1
v 0.302238 1.27544 3.85662 1 1 1
v 0.302696 1.27544 3.85662 1 1 1
v -0.322099 1.28 3.8526 1 1 1
v -0.335126 1.29008 3.8437 1 1 1
v -0.283057 1.27839 3.85402 1 1 1
v -0.263536 1.28589 3.8474 1 1 1
v -0.249096 1.29008 3.8437 1 1 1
v -0.185451 1.28518 3.84802 1 1 1
v -0.191515 1.29008 3.8437 1 1 1
v 0.185451 1.28518 3.84802 1 1 1
v 0.191515 1.29008 3.8437 1 1 1
v 0.263536 1.28589 3.8474 1 1 1
v 0.249095 1.29008 3.8437 1 1 1
v 0.283057 1.27839 3.85402 1 1 1
v 0.322099 1.28 3.8526 1 1 1
v 0.335126 1.29008 3.8437 1 1 1
v -0.34162 1.29821 3.83652 1 1 1
v -0.347452 1.30471 3.83078 1 1 1
v -0.244015 1.29176 3.84222 1 1 1
v -0.229049 1.30471 3.83078 1 1 1
v -0.204972 1.29998 3.83496 1 1 1
v -0.217866 1.30471 3.83078 1 1 1
v -0.146409 1.29032 3.84349 1 1 1
v -0.154889 1.30471 3.83078 1 1 1
v -0.134683 1.30471 3.83078 1 1 1
v 0.146409 1.29032 3.84349 1 1 1
v 0.134683 1.30471 3.83078 1 1 1
v 0.154889 1.30471 3.83078 1 1 1
v 0.204972 1.29998 3.83496 1 1 1
v 0.217866 1.30471 3.83078 1 1 1
v 0.244015 1.29176 3.84222 1 1 1
v 0.22905 1.30471 3.83078 1 1 1
v 0.34162 1.29821 3.83652 1 1 1
v 0.347452 1.30471 3.83078 1 1 1
v -0.361142 1.31701 3.81992 1 1 1
v -0.36378 1.31934 3.81786 1 1 1
v -0.224493 1.30697 3.82879 1 1 1
v -0.16593 1.3184 3.8187 1 1 1
v -0.166149 1.31934 3.81786 1 1 1
v -0.133855 1.31934 3.81786 1 1 1
v 0.133855 1.31934 3.81786 1 1 1
v 0.16593 1.3184 3.8187 1 1 1
v 0.166149 1.31934 3.81786 1 1 1
v 0.224494 1.30697 3.82879 1 1 1
v 0.361142 1.31701 3.81992 1 1 1
v 0.36378 1.31934 3.81786 1 1 1
v -0.38034 1.33398 3.80494 1 1 1
v -0.168213 1.33398 3.80494 1 1 1
v -0.132922 1.33398 3.80494 1 1 1
v 0.132922 1.33398 3.80494 1 1 1
v 0.168213 1.33398 3.80494 1 1 1
v 0.38034 1.33398 3.80494 1 1 1
v -0.380663 1.33435 3.80461 1 1 1
v -0.396244 1.34861 3.79202 1 1 1
v -0.168558 1.34861 3.79202 1 1 1
v -0.132393 1.34861 3.79202 1 1 1
v 0.132393 1.34861 3.79202 1 1 1
v 0.168558 1.34861 3.79202 1 1 1
v 0.380663 1.33435 3.80461 1 1 1
v 0.396244 1.34861 3.79202 1 1 1
v -0.400184 1.3513 3.78964 1 1 1
v -0.413498 1.36324 3.7791 1 1 1
v -0.171386 1.36324 3.7791 1 1 1
v -0.140016 1.36324 3.7791 1 1 1
v 0.140017 1.36324 3.7791 1 1 1
v 0.171386 1.36324 3.7791 1 1 1
v 0.400184 1.3513 3.78964 1 1 1
v 0.413498 1.36324 3.7791 1 1 1
v -0.419705 1.36996 3.77317 1 1 1
v -0.430722 1.37788 3.76618 1 1 1
v -0.178093 1.37788 3.76618 1 1 1
v -0.143815 1.37788 3.76618 1 1 1
v 0.143815 1.37788 3.76618 1 1 1
v 0.178093 1.37788 3.76618 1 1 1
v 0.419705 1.36996 3.77317 1 1 1
v 0.430722 1.37788 3.76618 1 1 1
v -0.439226 1.3845 3.76033 1 1 1
v -0.446914 1.39251 3.75326 1 1 1
v -0.177792 1.39251 3.75326 1 1 1
v -0.144946 1.39251 3.75326 1 1 1
v 0.144946 1.39251 3.75326 1 1 1
v 0.177792 1.39251 3.75326 1 1 1
v 0.439226 1.3845 3.76033 1 1 1
v 0.446914 1.39251 3.75326 1 1 1
v -0.458747 1.4048 3.7424 1 1 1
v -0.461632 1.40714 3.74034 1 1 1
v -0.17198 1.40714 3.74034 1 1 1
v -0.14624 1.40714 3.74034 1 1 1
v 0.14624 1.40714 3.74034 1 1 1
v 0.17198 1.40714 3.74034 1 1 1
v 0.458748 1.4048 3.7424 1 1 1
v 0.461632 1.40714 3.74034 1 1 1
v -0.478269 1.41887 3.72998 1 1 1
v -0.481862 1.42178 3.72742 1 1 1
v -0.172607 1.42178 3.72742 1 1 1
v -0.146409 1.40794 3.73964 1 1 1
v -0.15967 1.42178 3.72742 1 1 1
v 0.146409 1.40794 3.73964 1 1 1
v 0.15967 1.42178 3.72742 1 1 1
v 0.172607 1.42178 3.72742 1 1 1
v 0.478269 1.41887 3.72998 1 1 1
v 0.481863 1.42178 3.72742 1 1 1
v -0.497031 1.43641 3.7145 1 1 1
v -0.16593 1.42914 3.72091 1 1 1
v 0.16593 1.42914 3.72091 1 1 1
v 0.497031 1.43641 3.7145 1 1 1
v -0.517311 1.44801 3.70425 1 1 1
v -0.521138 1.45104 3.70157 1 1 1
v -0.49779 1.43719 3.7138 1 1 1
v 0.49779 1.43719 3.7138 1 1 1
v 0.517311 1.44801 3.70425 1 1 1
v 0.521138 1.45104 3.70157 1 1 1
v -0.536832 1.46336 3.6907 1 1 1
v -0.53999 1.46568 3.68865 1 1 1
v 0.536832 1.46336 3.6907 1 1 1
v 0.53999 1.46568 3.68865 1 1 1
v -0.551495 1.48031 3.67573 1 1 1
v 0.551495 1.48031 3.67573 1 1 1
v -0.556353 1.48316 3.67322 1 1 1
v -0.575103 1.49494 3.66281 1 1 1
v 0.556353 1.48316 3.67322 1 1 1
v 0.575103 1.49494 3.66281 1 1 1
v -0.575874 1.49559 3.66224 1 1 1
v -0.590619 1.50958 3.64989 1 1 1
v -0.126888 1.50862 3.65073 1 1 1
v -0.129938 1.50958 3.64989 1 1 1
v -0.107366 1.50579 3.65323 1 1 1
v -0.0878452 1.50593 3.65311 1 1 1
v -0.0683241 1.50612 3.65294 1 1 1
v -0.0488029 1.50906 3.65034 1 1 1
v -0.0461104 1.50958 3.64989 1 1 1
v 0.048803 1.50906 3.65034 1 1 1
v 0.0461105 1.50958 3.64989 1 1 1
v 0.0683241 1.50612 3.65294 1 1 1
v 0.0878453 1.50593 3.65311 1 1 1
v 0.107366 1.50579 3.65323 1 1 1
v 0.126888 1.50862 3.65073 1 1 1
v 0.129938 1.50958 3.64989 1 1 1
v 0.575874 1.49559 3.66224 1 1 1
v 0.590619 1.50958 3.64989 1 1 1
v -0.595396 1.51448 3.64556 1 1 1
v -0.607569 1.52421 3.63697 1 1 1
v -0.1362 1.52421 3.63697 1 1 1
v -0.0292817 1.52274 3.63827 1 1 1
v -0.0267477 1.52421 3.63697 1 1 1
v 0.0292817 1.52274 3.63827 1 1 1
v 0.0267477 1.52421 3.63697 1 1 1
v 0.1362 1.52421 3.63697 1 1 1
v 0.595396 1.51448 3.64556 1 1 1
v 0.607569 1.52421 3.63697 1 1 1
v -0.614917 1.53699 3.62568 1 1 1
v -0.615735 1.53884 3.62405 1 1 1
v -0.185451 1.53857 3.62429 1 1 1
v -0.19056 1.53884 3.62405 1 1 1
v -0.16593 1.53552 3.62698 1 1 1
v -0.146409 1.53085 3.63111 1 1 1
v -0.0097605 1.52895 3.63279 1 1 1
v 0.00976062 1.52895 3.63279 1 1 1
v 0.146409 1.53085 3.63111 1 1 1
v 0.16593 1.53552 3.62698 1 1 1
v 0.185451 1.53857 3.62429 1 1 1
v 0.19056 1.53884 3.62405 1 1 1
v 0.614917 1.53699 3.62568 1 1 1
v 0.615735 1.53884 3.62405 1 1 1
v -0.614917 1.54107 3.62208 1 1 1
v -0.605933 1.55347 3.61113 1 1 1
v -0.263536 1.55076 3.61352 1 1 1
v -0.279333 1.55347 3.61113 1 1 1
v -0.244015 1.54676 3.61706 1 1 1
v -0.224493 1.54266 3.62068 1 1 1
v -0.204972 1.53957 3.6234 1 1 1
v 0.204972 1.53957 3.6234 1 1 1
v 0.224494 1.54266 3.62068 1 1 1
v 0.244015 1.54676 3.61706 1 1 1
v 0.263536 1.55076 3.61352 1 1 1
v 0.279333 1.55347 3.61113 1 1 1
v 0.614917 1.54107 3.62208 1 1 1
v 0.605933 1.55347 3.61113 1 1 1
v -0.595396 1.56046 3.60496 1 1 1
v -0.575874 1.56727 3.59895 1 1 1
v -0.57222 1.56811 3.59821 1 1 1
v -0.361142 1.56791 3.59838 1 1 1
v -0.361786 1.56811 3.59821 1 1 1
v -0.34162 1.56505 3.60091 1 1 1
v -0.322099 1.56088 3.60459 1 1 1
v -0.302578 1.55938 3.60591 1 1 1
v -0.283057 1.55422 3.61047 1 1 1
v 0.283057 1.55422 3.61047 1 1 1
v 0.302578 1.55938 3.60591 1 1 1
v 0.322099 1.56088 3.60459 1 1 1
v 0.34162 1.56505 3.60091 1 1 1
v 0.361142 1.56791 3.59838 1 1 1
v 0.361786 1.56811 3.59821 1 1 1
v 0.575874 1.56727 3.59895 1 1 1
v 0.57222 1.56811 3.59821 1 1 1
v 0.595396 1.56046 3.60496 1 1 1
v -0.556353 1.57286 3.59401 1 1 1
v -0.536832 1.57998 3.58772 1 1 1
v -0.518417 1.58274 3.58529 1 1 1
v -0.478269 1.58263 3.58538 1 1 1
v -0.480706 1.58274 3.58529 1 1 1
v -0.458747 1.5815 3.58639 1 1 1
v -0.439226 1.58109 3.58674 1 1 1
v -0.419705 1.57802 3.58946 1 1 1
v -0.400184 1.57547 3.5917 1 1 1
v -0.380663 1.5727 3.59416 1 1 1
v 0.380663 1.5727 3.59416 1 1 1
v 0.400184 1.57547 3.5917 1 1 1
v 0.419705 1.57802 3.58946 1 1 1
v 0.439226 1.58109 3.58674 1 1 1
v 0.458748 1.5815 3.58639 1 1 1
v 0.478269 1.58263 3.58538 1 1 1
v 0.480706 1.58274 3.58529 1 1 1
v 0.536832 1.57998 3.58772 1 1 1
v 0.518417 1.58274 3.58529 1 1 1
v 0.556353 1.57286 3.59401 1 1 1
v -0.517311 1.58284 3.5852 1 1 1
v -0.49779 1.58351 3.58461 1 1 1
v 0.49779 1.58351 3.58461 1 1 1
v 0.517311 1.58284 3.5852 1 1 1
v -0.126888 1.3019 4.07049 1 1 1
v -0.135339 1.3055 4.0669 1 1 1
v -0.107366 1.29457 4.0778 1 1 1
v -0.0878452 1.29312 4.07924 1 1 1
v -0.0683241 1.29648 4.07589 1 1 1
v -0.0488029 1.29361 4.07876 1 1 1
v -0.0292817 1.29451 4.07786 1 1 1
v -0.0097605 1.2953 4.07706 1 1 1
v 0.00976062 1.2953 4.07706 1 1 1
v 0.0292817 1.29451 4.07786 1 1 1
v 0.048803 1.29361 4.07876 1 1 1
v 0.0683241 1.29648 4.07589 1 1 1
v 0.0878453 1.29312 4.07924 1 1 1
v 0.107366 1.29457 4.0778 1 1 1
v 0.126888 1.3019 4.07049 1 1 1
v 0.13534 1.3055 4.0669 1 1 1
v -0.138564 1.31933 4.05311 1 1 1
v 0.138564 1.31933 4.05311 1 1 1
v -0.13559 1.33315 4.03933 1 1 1
v 0.13559 1.33315 4.03933 1 1 1
v -0.137873 1.34698 4.02555 1 1 1
v 0.137873 1.34698 4.02555 1 1 1
v -0.146409 1.35933 4.01323 1 1 1
v -0.147796 1.3608 4.01177 1 1 1
v 0.146409 1.35933 4.01323 1 1 1
v 0.147796 1.3608 4.01177 1 1 1
v -0.155363 1.37463 3.99798 1 1 1
v 0.155363 1.37463 3.99798 1 1 1
v -0.16593 1.38196 3.99067 1 1 1
v -0.172485 1.38845 3.9842 1 1 1
v 0.16593 1.38196 3.99067 1 1 1
v 0.172485 1.38845 3.9842 1 1 1
v -0.185451 1.39714 3.97554 1 1 1
v -0.192053 1.40227 3.97042 1 1 1
v -0.146409 1.39811 3.97457 1 1 1
v -0.148271 1.40227 3.97042 1 1 1
v -0.128192 1.40227 3.97042 1 1 1
v 0.146409 1.39811 3.97457 1 1 1
v 0.128192 1.40227 3.97042 1 1 1
v 0.148271 1.40227 3.97042 1 1 1
v 0.185451 1.39714 3.97554 1 1 1
v 0.192053 1.40227 3.97042 1 1 1
v -0.322099 1.40786 3.96485 1 1 1
v -0.328252 1.4161 3.95664 1 1 1
v -0.302578 1.41038 3.96234 1 1 1
v -0.283057 1.40796 3.96475 1 1 1
v -0.263536 1.41604 3.95669 1 1 1
v -0.244015 1.41092 3.96179 1 1 1
v -0.236349 1.4161 3.95664 1 1 1
v -0.204972 1.41159 3.96113 1 1 1
v -0.2147 1.4161 3.95664 1 1 1
v -0.155289 1.4161 3.95664 1 1 1
v -0.130748 1.4161 3.95664 1 1 1
v 0.130748 1.4161 3.95664 1 1 1
v 0.155289 1.4161 3.95664 1 1 1
v 0.204972 1.41159 3.96113 1 1 1
v 0.2147 1.4161 3.95664 1 1 1
v 0.244015 1.41092 3.96179 1 1 1
v 0.23635 1.4161 3.95664 1 1 1
v 0.263536 1.41604 3.95669 1 1 1
v 0.283057 1.40796 3.96475 1 1 1
v 0.302578 1.41038 3.96234 1 1 1
v 0.322099 1.40786 3.96485 1 1 1
v 0.328252 1.4161 3.95664 1 1 1
v -0.34162 1.42549 3.94727 1 1 1
v -0.347111 1.42992 3.94285 1 1 1
v -0.224493 1.42051 3.95223 1 1 1
v -0.16593 1.42952 3.94326 1 1 1
v -0.166028 1.42992 3.94285 1 1 1
v -0.13218 1.42992 3.94285 1 1 1
v 0.13218 1.42992 3.94285 1 1 1
v 0.16593 1.42952 3.94326 1 1 1
v 0.166028 1.42992 3.94285 1 1 1
v 0.224494 1.42051 3.95223 1 1 1
v 0.34162 1.42549 3.94727 1 1 1
v 0.347111 1.42992 3.94285 1 1 1
v -0.361142 1.44181 3.931 1 1 1
v -0.363496 1.44375 3.92907 1 1 1
v -0.16807 1.44375 3.92907 1 1 1
v -0.131418 1.44375 3.92907 1 1 1
v 0.131418 1.44375 3.92907 1 1 1
v 0.16807 1.44375 3.92907 1 1 1
v 0.361142 1.44181 3.931 1 1 1
v 0.363496 1.44375 3.92907 1 1 1
v -0.375967 1.45757 3.91529 1 1 1
v -0.168402 1.45757 3.91529 1 1 1
v -0.131734 1.45757 3.91529 1 1 1
v 0.131734 1.45757 3.91529 1 1 1
v 0.168402 1.45757 3.91529 1 1 1
v 0.375967 1.45757 3.91529 1 1 1
v -0.380663 1.46258 3.9103 1 1 1
v -0.395086 1.4714 3.9015 1 1 1
v -0.171366 1.4714 3.9015 1 1 1
v -0.140173 1.4714 3.9015 1 1 1
v 0.140173 1.4714 3.9015 1 1 1
v 0.171366 1.4714 3.9015 1 1 1
v 0.380663 1.46258 3.9103 1 1 1
v 0.395085 1.4714 3.9015 1 1 1
v -0.400184 1.47532 3.89759 1 1 1
v -0.408823 1.48522 3.88772 1 1 1
v -0.179257 1.48522 3.88772 1 1 1
v -0.144016 1.48522 3.88772 1 1 1
v 0.144016 1.48522 3.88772 1 1 1
v 0.179257 1.48522 3.88772 1 1 1
v 0.400184 1.47532 3.89759 1 1 1
v 0.408823 1.48522 3.88772 1 1 1
v -0.419705 1.49509 3.87788 1 1 1
v -0.42514 1.49905 3.87394 1 1 1
v -0.179938 1.49905 3.87394 1 1 1
v -0.145087 1.49905 3.87394 1 1 1
v 0.145087 1.49905 3.87394 1 1 1
v 0.179938 1.49905 3.87394 1 1 1
v 0.419705 1.49509 3.87788 1 1 1
v 0.42514 1.49905 3.87394 1 1 1
v -0.439226 1.51075 3.86227 1 1 1
v -0.441314 1.51287 3.86016 1 1 1
v -0.174111 1.51287 3.86016 1 1 1
v -0.146317 1.51287 3.86016 1 1 1
v 0.146317 1.51287 3.86016 1 1 1
v 0.174111 1.51287 3.86016 1 1 1
v 0.439226 1.51075 3.86227 1 1 1
v 0.441314 1.51287 3.86016 1 1 1
v -0.458747 1.5251 3.84796 1 1 1
v -0.461158 1.52669 3.84637 1 1 1
v -0.176077 1.52669 3.84637 1 1 1
v -0.146409 1.51328 3.85975 1 1 1
v -0.158658 1.52669 3.84637 1 1 1
v 0.146409 1.51328 3.85975 1 1 1
v 0.158658 1.52669 3.84637 1 1 1
v 0.176077 1.52669 3.84637 1 1 1
v 0.458748 1.5251 3.84796 1 1 1
v 0.461158 1.52669 3.84637 1 1 1
v -0.478269 1.53745 3.83565 1 1 1
v -0.481789 1.54052 3.83259 1 1 1
v -0.16593 1.53635 3.83675 1 1 1
v 0.16593 1.53635 3.83675 1 1 1
v 0.478269 1.53745 3.83565 1 1 1
v 0.481789 1.54052 3.83259 1 1 1
v -0.494819 1.55434 3.81881 1 1 1
v 0.49482 1.55434 3.81881 1 1 1
v -0.49779 1.55655 3.81661 1 1 1
v -0.513039 1.56817 3.80503 1 1 1
v 0.49779 1.55655 3.81661 1 1 1
v 0.513039 1.56817 3.80503 1 1 1
v -0.517311 1.57161 3.80159 1 1 1
v -0.53095 1.58199 3.79124 1 1 1
v 0.517311 1.57161 3.80159 1 1 1
v 0.53095 1.58199 3.79124 1 1 1
v -0.556353 1.59549 3.77779 1 1 1
v -0.556923 1.59582 3.77746 1 1 1
v -0.536832 1.58575 3.7875 1 1 1
v 0.536832 1.58575 3.7875 1 1 1
v 0.556353 1.59549 3.77779 1 1 1
v 0.556923 1.59582 3.77746 1 1 1
v -0.572732 1.60964 3.76368 1 1 1
v -0.126888 1.60811 3.76521 1 1 1
v -0.133435 1.60964 3.76368 1 1 1
v -0.107366 1.60614 3.76717 1 1 1
v -0.0878452 1.60641 3.7669 1 1 1
v -0.0683241 1.60639 3.76692 1 1 1
v -0.0488029 1.60854 3.76477 1 1 1
v -0.0405314 1.60964 3.76368 1 1 1
v 0.048803 1.60854 3.76477 1 1 1
v 0.0405316 1.60964 3.76368 1 1 1
v 0.0683241 1.60639 3.76692 1 1 1
v 0.0878453 1.60641 3.7669 1 1 1
v 0.107366 1.60614 3.76717 1 1 1
v 0.126888 1.60811 3.76521 1 1 1
v 0.133435 1.60964 3.76368 1 1 1
v 0.572732 1.60964 3.76368 1 1 1
v -0.575874 1.61281 3.76052 1 1 1
v -0.583818 1.62346 3.7499 1 1 1
v -0.146409 1.6221 3.75125 1 1 1
v -0.148101 1.62346 3.7499 1 1 1
v -0.0292817 1.61636 3.75697 1 1 1
v -0.014905 1.62346 3.7499 1 1 1
v 0.0292817 1.61636 3.75698 1 1 1
v 0.0149052 1.62346 3.7499 1 1 1
v 0.146409 1.6221 3.75125 1 1 1
v 0.148102 1.62346 3.7499 1 1 1
v 0.575874 1.61281 3.76052 1 1 1
v 0.583818 1.62346 3.7499 1 1 1
v -0.589431 1.63729 3.73611 1 1 1
v -0.224493 1.63567 3.73772 1 1 1
v -0.230236 1.63729 3.73611 1 1 1
v -0.204972 1.63276 3.74063 1 1 1
v -0.185451 1.63081 3.74258 1 1 1
v -0.16593 1.63007 3.74331 1 1 1
v -0.0097605 1.62474 3.74863 1 1 1
v 0.00976062 1.62474 3.74863 1 1 1
v 0.16593 1.63007 3.74331 1 1 1
v 0.185451 1.63081 3.74258 1 1 1
v 0.204972 1.63276 3.74063 1 1 1
v 0.224494 1.63567 3.73772 1 1 1
v 0.230236 1.63729 3.73611 1 1 1
v 0.589431 1.63729 3.73611 1 1 1
v -0.575874 1.64911 3.72433 1 1 1
v -0.574541 1.65111 3.72233 1 1 1
v -0.283057 1.64646 3.72697 1 1 1
v -0.293171 1.65111 3.72233 1 1 1
v -0.263536 1.64508 3.72834 1 1 1
v -0.244015 1.64082 3.73259 1 1 1
v 0.244015 1.64082 3.73259 1 1 1
v 0.263536 1.64508 3.72834 1 1 1
v 0.283057 1.64646 3.72697 1 1 1
v 0.293171 1.65111 3.72233 1 1 1
v 0.575874 1.64911 3.72433 1 1 1
v 0.574541 1.65111 3.72233 1 1 1
v -0.556353 1.65847 3.71499 1 1 1
v -0.536832 1.66485 3.70864 1 1 1
v -0.536705 1.66494 3.70855 1 1 1
v -0.361142 1.66042 3.71305 1 1 1
v -0.375537 1.66494 3.70855 1 1 1
v -0.34162 1.65783 3.71563 1 1 1
v -0.322099 1.65285 3.7206 1 1 1
v -0.302578 1.65368 3.71977 1 1 1
v 0.302578 1.65368 3.71977 1 1 1
v 0.322099 1.65285 3.7206 1 1 1
v 0.34162 1.65783 3.71563 1 1 1
v 0.361142 1.66042 3.71305 1 1 1
v 0.375538 1.66494 3.70855 1 1 1
v 0.536832 1.66485 3.70864 1 1 1
v 0.536705 1.66494 3.70855 1 1 1
v 0.556353 1.65847 3.71499 1 1 1
v -0.517311 1.67329 3.70022 1 1 1
v -0.49779 1.67485 3.69867 1 1 1
v -0.478269 1.67448 3.69903 1 1 1
v -0.458747 1.67237 3.70114 1 1 1
v -0.439226 1.67159 3.70191 1 1 1
v -0.419705 1.66924 3.70426 1 1 1
v -0.400184 1.66857 3.70493 1 1 1
v -0.380663 1.66619 3.7073 1 1 1
v 0.380663 1.66619 3.7073 1 1 1
v 0.400184 1.66857 3.70493 1 1 1
v 0.419705 1.66924 3.70426 1 1 1
v 0.439226 1.67159 3.70191 1 1 1
v 0.458748 1.67237 3.70114 1 1 1
v 0.478269 1.67448 3.69903 1 1 1
v 0.49779 1.67485 3.69867 1 1 1
v 0.517311 1.67329 3.70022 1 1 1
v -0.107366 1.43744 4.19783 1 1 1
v -0.107574 1.43752 4.19773 1 1 1
v -0.0878452 1.43346 4.2026 1 1 1
v -0.0683241 1.43609 4.19945 1 1 1
v -0.0488029 1.43334 4.20274 1 1 1
v -0.0292817 1.43417 4.20175 1 1 1
v -0.0097605 1.43458 4.20126 1 1 1
v 0.00976062 1.43458 4.20126 1 1 1
v 0.0292817 1.43417 4.20175 1 1 1
v 0.048803 1.43334 4.20274 1 1 1
v 0.0683241 1.43609 4.19945 1 1 1
v 0.0878453 1.43346 4.2026 1 1 1
v 0.107366 1.43744 4.19783 1 1 1
v 0.107573 1.43752 4.19773 1 1 1
v -0.12538 1.45002 4.18273 1 1 1
v 0.12538 1.45002 4.18273 1 1 1
v -0.126038 1.46251 4.16774 1 1 1
v 0.126038 1.46251 4.16774 1 1 1
v -0.126888 1.47041 4.15826 1 1 1
v -0.12757 1.47501 4.15274 1 1 1
v 0.126888 1.47041 4.15826 1 1 1
v 0.12757 1.47501 4.15274 1 1 1
v -0.131771 1.48751 4.13774 1 1 1
v 0.131771 1.48751 4.13774 1 1 1
v -0.146409 1.49761 4.12562 1 1 1
v -0.148845 1.50001 4.12275 1 1 1
v -0.12254 1.50001 4.12275 1 1 1
v -0.126888 1.49089 4.13368 1 1 1
v 0.126888 1.49089 4.13368 1 1 1
v 0.12254 1.50001 4.12275 1 1 1
v 0.148845 1.50001 4.12275 1 1 1
v 0.146409 1.49761 4.12562 1 1 1
v -0.16593 1.50732 4.11397 1 1 1
v -0.172487 1.5125 4.10775 1 1 1
v -0.142331 1.50001 4.12275 1 1 1
v -0.141578 1.5125 4.10775 1 1 1
v -0.122363 1.5125 4.10775 1 1 1
v 0.122363 1.5125 4.10775 1 1 1
v 0.142331 1.50001 4.12275 1 1 1
v 0.141577 1.5125 4.10775 1 1 1
v 0.16593 1.50732 4.11397 1 1 1
v 0.172487 1.5125 4.10775 1 1 1
v -0.185451 1.51993 4.09883 1 1 1
v -0.192532 1.525 4.09275 1 1 1
v -0.146409 1.51607 4.10347 1 1 1
v -0.149822 1.525 4.09275 1 1 1
v -0.124101 1.525 4.09275 1 1 1
v 0.124101 1.525 4.09275 1 1 1
v 0.146409 1.51607 4.10347 1 1 1
v 0.149822 1.525 4.09275 1 1 1
v 0.185451 1.51993 4.09883 1 1 1
v 0.192532 1.525 4.09275 1 1 1
v -0.204972 1.5334 4.08268 1 1 1
v -0.212875 1.5375 4.07776 1 1 1
v -0.155622 1.5375 4.07776 1 1 1
v -0.126498 1.5375 4.07776 1 1 1
v 0.126498 1.5375 4.07776 1 1 1
v 0.155622 1.5375 4.07776 1 1 1
v 0.204972 1.5334 4.08268 1 1 1
v 0.212875 1.5375 4.07776 1 1 1
v -0.302578 1.54808 4.06506 1 1 1
v -0.307841 1.54999 4.06276 1 1 1
v -0.283057 1.54788 4.06529 1 1 1
v -0.263536 1.54718 4.06614 1 1 1
v -0.244015 1.54185 4.07253 1 1 1
v -0.224493 1.54366 4.07036 1 1 1
v -0.16586 1.54999 4.06276 1 1 1
v -0.126888 1.54008 4.07465 1 1 1
v -0.13024 1.54999 4.06276 1 1 1
v 0.126888 1.54008 4.07465 1 1 1
v 0.13024 1.54999 4.06276 1 1 1
v 0.16586 1.54999 4.06276 1 1 1
v 0.224494 1.54366 4.07036 1 1 1
v 0.244015 1.54185 4.07253 1 1 1
v 0.263536 1.54718 4.06614 1 1 1
v 0.283057 1.54788 4.0653 1 1 1
v 0.302578 1.54808 4.06506 1 1 1
v 0.307841 1.54999 4.06276 1 1 1
v -0.322099 1.55657 4.05487 1 1 1
v -0.332129 1.56249 4.04776 1 1 1
v -0.16593 1.55009 4.06265 1 1 1
v -0.167936 1.56249 4.04776 1 1 1
v -0.129658 1.56249 4.04776 1 1 1
v 0.129659 1.56249 4.04776 1 1 1
v 0.16593 1.55009 4.06264 1 1 1
v 0.167936 1.56249 4.04776 1 1 1
v 0.322099 1.55657 4.05487 1 1 1
v 0.332129 1.56249 4.04776 1 1 1
v -0.34162 1.56702 4.04232 1 1 1
v -0.354014 1.57499 4.03277 1 1 1
v -0.168254 1.57499 4.03277 1 1 1
v -0.131042 1.57499 4.03277 1 1 1
v 0.131042 1.57499 4.03277 1 1 1
v 0.168254 1.57499 4.03277 1 1 1
v 0.34162 1.56702 4.04232 1 1 1
v 0.354014 1.57499 4.03277 1 1 1
v -0.361142 1.58115 4.02537 1 1 1
v -0.366778 1.58749 4.01777 1 1 1
v -0.171345 1.58749 4.01777 1 1 1
v -0.140326 1.58749 4.01777 1 1 1
v 0.140326 1.58749 4.01777 1 1 1
v 0.171345 1.58749 4.01777 1 1 1
v 0.361142 1.58115 4.02537 1 1 1
v 0.366778 1.58749 4.01777 1 1 1
v -0.380663 1.59699 4.00636 1 1 1
v -0.385064 1.59998 4.00277 1 1 1
v -0.18059 1.59998 4.00277 1 1 1
v -0.144207 1.59998 4.00277 1 1 1
v 0.144207 1.59998 4.00277 1 1 1
v 0.18059 1.59998 4.00277 1 1 1
v 0.380663 1.59699 4.00636 1 1 1
v 0.385063 1.59998 4.00277 1 1 1
v -0.397257 1.61248 3.98778 1 1 1
v -0.182705 1.61248 3.98778 1 1 1
v -0.14522 1.61248 3.98778 1 1 1
v 0.14522 1.61248 3.98778 1 1 1
v 0.182705 1.61248 3.98778 1 1 1
v 0.397257 1.61248 3.98778 1 1 1
v -0.400184 1.61541 3.98426 1 1 1
v -0.414826 1.62498 3.97278 1 1 1
v -0.176905 1.62498 3.97278 1 1 1
v -0.146388 1.62498 3.97278 1 1 1
v 0.146388 1.62498 3.97278 1 1 1
v 0.176905 1.62498 3.97278 1 1 1
v 0.400184 1.61541 3.98426 1 1 1
v 0.414827 1.62498 3.97278 1 1 1
v -0.419705 1.62864 3.96839 1 1 1
v -0.432338 1.63747 3.95778 1 1 1
v -0.180673 1.63747 3.95778 1 1 1
v -0.146409 1.62506 3.97268 1 1 1
v -0.157876 1.63747 3.95778 1 1 1
v 0.146409 1.62506 3.97268 1 1 1
v 0.157876 1.63747 3.95778 1 1 1
v 0.180673 1.63747 3.95778 1 1 1
v 0.419705 1.62864 3.96839 1 1 1
v 0.432338 1.63747 3.95778 1 1 1
v -0.439226 1.642 3.95235 1 1 1
v -0.449008 1.64997 3.94279 1 1 1
v -0.185451 1.64924 3.94366 1 1 1
v -0.185607 1.64997 3.94279 1 1 1
v -0.16593 1.64885 3.94413 1 1 1
v 0.16593 1.64885 3.94413 1 1 1
v 0.185607 1.64997 3.94279 1 1 1
v 0.185451 1.64925 3.94366 1 1 1
v 0.439226 1.642 3.95235 1 1 1
v 0.449008 1.64997 3.94279 1 1 1
v -0.458747 1.65586 3.93572 1 1 1
v -0.469687 1.66247 3.92779 1 1 1
v -0.185451 1.6511 3.94143 1 1 1
v -0.182164 1.64997 3.94279 1 1 1
v 0.182165 1.64997 3.94279 1 1 1
v 0.185451 1.6511 3.94143 1 1 1
v 0.458748 1.65586 3.93572 1 1 1
v 0.469688 1.66247 3.92779 1 1 1
v -0.478269 1.66808 3.92106 1 1 1
v -0.488646 1.67497 3.91279 1 1 1
v -0.185451 1.66701 3.92234 1 1 1
v -0.188537 1.67497 3.91279 1 1 1
v -0.178347 1.67497 3.91279 1 1 1
v 0.185451 1.66701 3.92234 1 1 1
v 0.178347 1.67497 3.91279 1 1 1
v 0.188537 1.67497 3.91279 1 1 1
v 0.478269 1.66808 3.92106 1 1 1
v 0.488646 1.67497 3.91279 1 1 1
v -0.49779 1.68153 3.90492 1 1 1
v -0.505773 1.68746 3.8978 1 1 1
v -0.185451 1.68085 3.90573 1 1 1
v 0.185451 1.68085 3.90573 1 1 1
v 0.49779 1.68153 3.90492 1 1 1
v 0.505773 1.68746 3.8978 1 1 1
v -0.517311 1.69504 3.88871 1 1 1
v -0.526238 1.69996 3.8828 1 1 1
v 0.517311 1.69504 3.88871 1 1 1
v 0.526238 1.69996 3.8828 1 1 1
v -0.536832 1.70958 3.87125 1 1 1
v -0.539687 1.71246 3.8678 1 1 1
v -0.126888 1.71056 3.87008 1 1 1
v -0.138534 1.71246 3.8678 1 1 1
v -0.107366 1.70935 3.87153 1 1 1
v -0.0878452 1.70972 3.87109 1 1 1
v -0.0683241 1.70953 3.87132 1 1 1
v -0.0488029 1.71092 3.86964 1 1 1
v -0.0295104 1.71246 3.8678 1 1 1
v 0.048803 1.71092 3.86964 1 1 1
v 0.0295104 1.71246 3.8678 1 1 1
v 0.0683241 1.70953 3.87132 1 1 1
v 0.0878453 1.70972 3.87109 1 1 1
v 0.107366 1.70935 3.87153 1 1 1
v 0.126888 1.71056 3.87008 1 1 1
v 0.138534 1.71246 3.8678 1 1 1
v 0.536832 1.70958 3.87125 1 1 1
v 0.539687 1.71246 3.8678 1 1 1
v -0.552905 1.72495 3.85281 1 1 1
v -0.185451 1.72335 3.85473 1 1 1
v -0.191613 1.72495 3.85281 1 1 1
v -0.178403 1.72495 3.85281 1 1 1
v -0.146409 1.71733 3.86195 1 1 1
v -0.160748 1.72495 3.85281 1 1 1
v -0.0292817 1.71255 3.8677 1 1 1
v -0.0097605 1.7206 3.85803 1 1 1
v 0.00976062 1.7206 3.85803 1 1 1
v 0.0292817 1.71255 3.8677 1 1 1
v 0.146409 1.71733 3.86195 1 1 1
v 0.160748 1.72495 3.85281 1 1 1
v 0.185451 1.72335 3.85473 1 1 1
v 0.178403 1.72495 3.85281 1 1 1
v 0.191613 1.72495 3.85281 1 1 1
v 0.552905 1.72495 3.85281 1 1 1
v -0.552709 1.73745 3.83781 1 1 1
v -0.244015 1.73564 3.83999 1 1 1
v -0.249081 1.73745 3.83781 1 1 1
v -0.224493 1.73071 3.84589 1 1 1
v -0.204972 1.72737 3.84991 1 1 1
v -0.16593 1.72653 3.85091 1 1 1
v 0.16593 1.72653 3.85091 1 1 1
v 0.204972 1.72737 3.84991 1 1 1
v 0.224494 1.73071 3.84589 1 1 1
v 0.244015 1.73564 3.83999 1 1 1
v 0.249081 1.73745 3.83781 1 1 1
v 0.552709 1.73745 3.83781 1 1 1
v -0.536832 1.74475 3.82905 1 1 1
v -0.532107 1.74995 3.82281 1 1 1
v -0.322099 1.74472 3.82909 1 1 1
v -0.337949 1.74995 3.82281 1 1 1
v -0.302578 1.74634 3.82715 1 1 1
v -0.283057 1.73871 3.8363 1 1 1
v -0.263536 1.7407 3.83391 1 1 1
v 0.263536 1.7407 3.83391 1 1 1
v 0.283057 1.73871 3.8363 1 1 1
v 0.302578 1.74634 3.82715 1 1 1
v 0.322099 1.74472 3.82909 1 1 1
v 0.337949 1.74995 3.82281 1 1 1
v 0.536832 1.74475 3.82905 1 1 1
v 0.532107 1.74995 3.82281 1 1 1
v -0.519134 1.76245 3.80782 1 1 1
v -0.458747 1.76237 3.80791 1 1 1
v -0.459349 1.76245 3.80782 1 1 1
v -0.439226 1.7618 3.80859 1 1 1
v -0.419705 1.76046 3.8102 1 1 1
v -0.400184 1.76166 3.80876 1 1 1
v -0.380663 1.75603 3.81552 1 1 1
v -0.361142 1.75307 3.81907 1 1 1
v -0.34162 1.75093 3.82164 1 1 1
v 0.34162 1.75093 3.82164 1 1 1
v 0.361142 1.75307 3.81907 1 1 1
v 0.380663 1.75603 3.81551 1 1 1
v 0.400184 1.76166 3.80876 1 1 1
v 0.419705 1.76046 3.8102 1 1 1
v 0.439226 1.7618 3.80859 1 1 1
v 0.458748 1.76237 3.80791 1 1 1
v 0.459349 1.76245 3.80782 1 1 1
v 0.519134 1.76245 3.80782 1 1 1
v -0.517311 1.76334 3.80674 1 1 1
v -0.49779 1.76593 3.80364 1 1 1
v -0.478269 1.76623 3.80327 1 1 1
v 0.478269 1.76623 3.80327 1 1 1
v 0.49779 1.76593 3.80364 1 1 1
v 0.517311 1.76334 3.80674 1 1 1
v -0.107366 1.58923 4.30217 1 1 1
v -0.110893 1.59128 4.29921 1 1 1
v -0.0878452 1.58924 4.30215 1 1 1
v -0.0683241 1.58879 4.30281 1 1 1
v -0.0488029 1.589 4.30251 1 1 1
v -0.0292817 1.58936 4.30199 1 1 1
v -0.0097605 1.58817 4.3037 1 1 1
v 0.00976062 1.58817 4.3037 1 1 1
v 0.0292817 1.58936 4.30199 1 1 1
v 0.048803 1.589 4.30251 1 1 1
v 0.0683241 1.58879 4.30281 1 1 1
v 0.0878453 1.58924 4.30215 1 1 1
v 0.107366 1.58923 4.30217 1 1 1
v 0.110893 1.59128 4.29921 1 1 1
v -0.114923 1.60241 4.28317 1 1 1
v 0.114923 1.60241 4.28317 1 1 1
v -0.11194 1.61353 4.26713 1 1 1
v 0.11194 1.61353 4.26713 1 1 1
v -0.111234 1.62466 4.25109 1 1 1
v 0.111234 1.62466 4.25109 1 1 1
v -0.112807 1.63578 4.23505 1 1 1
v 0.112807 1.63578 4.23505 1 1 1
v -0.16593 1.64279 4.22494 1 1 1
v -0.172489 1.64691 4.21901 1 1 1
v -0.150355 1.64691 4.21901 1 1 1
v -0.115751 1.64691 4.21901 1 1 1
v 0.115751 1.64691 4.21901 1 1 1
v 0.16593 1.64279 4.22494 1 1 1
v 0.150355 1.64691 4.21901 1 1 1
v 0.172489 1.64691 4.21901 1 1 1
v -0.185451 1.65317 4.20997 1 1 1
v -0.192959 1.65803 4.20297 1 1 1
v -0.151032 1.65803 4.20297 1 1 1
v -0.120955 1.65803 4.20297 1 1 1
v 0.120955 1.65803 4.20297 1 1 1
v 0.151032 1.65803 4.20297 1 1 1
v 0.185451 1.65317 4.20997 1 1 1
v 0.192959 1.65803 4.20297 1 1 1
v -0.204972 1.66548 4.19222 1 1 1
v -0.211688 1.66915 4.18692 1 1 1
v -0.155904 1.66915 4.18692 1 1 1
v -0.124923 1.66915 4.18692 1 1 1
v 0.124923 1.66915 4.18692 1 1 1
v 0.155904 1.66915 4.18692 1 1 1
v 0.204972 1.66548 4.19222 1 1 1
v 0.211688 1.66915 4.18692 1 1 1
v -0.224493 1.67667 4.17609 1 1 1
v -0.237461 1.68028 4.17088 1 1 1
v -0.165376 1.68028 4.17088 1 1 1
v -0.126888 1.6782 4.17388 1 1 1
v -0.127966 1.68028 4.17088 1 1 1
v 0.126888 1.6782 4.17388 1 1 1
v 0.127966 1.68028 4.17088 1 1 1
v 0.165376 1.68028 4.17088 1 1 1
v 0.224494 1.67667 4.17609 1 1 1
v 0.237461 1.68028 4.17088 1 1 1
v -0.263536 1.68964 4.15738 1 1 1
v -0.268771 1.6914 4.15484 1 1 1
v -0.244015 1.68425 4.16516 1 1 1
v -0.16593 1.68099 4.16986 1 1 1
v -0.167809 1.6914 4.15484 1 1 1
v -0.127571 1.6914 4.15484 1 1 1
v 0.127571 1.6914 4.15484 1 1 1
v 0.16593 1.68099 4.16986 1 1 1
v 0.167809 1.6914 4.15484 1 1 1
v 0.244015 1.68425 4.16516 1 1 1
v 0.263536 1.68964 4.15738 1 1 1
v 0.268772 1.6914 4.15484 1 1 1
v -0.283057 1.69623 4.14789 1 1 1
v -0.301439 1.70253 4.1388 1 1 1
v -0.168115 1.70253 4.1388 1 1 1
v -0.130312 1.70253 4.1388 1 1 1
v 0.130312 1.70253 4.1388 1 1 1
v 0.168115 1.70253 4.1388 1 1 1
v 0.283057 1.69623 4.14789 1 1 1
v 0.30144 1.70253 4.1388 1 1 1
v -0.322099 1.70974 4.1284 1 1 1
v -0.333023 1.71365 4.12276 1 1 1
v -0.302578 1.70297 4.13817 1 1 1
v -0.171325 1.71365 4.12276 1 1 1
v -0.140473 1.71365 4.12276 1 1 1
v 0.140474 1.71365 4.12276 1 1 1
v 0.171325 1.71365 4.12276 1 1 1
v 0.302578 1.70297 4.13817 1 1 1
v 0.322099 1.70974 4.1284 1 1 1
v 0.333023 1.71365 4.12276 1 1 1
v -0.34162 1.71916 4.11482 1 1 1
v -0.347751 1.72478 4.10672 1 1 1
v -0.182133 1.72478 4.10672 1 1 1
v -0.144387 1.72478 4.10672 1 1 1
v 0.144387 1.72478 4.10672 1 1 1
v 0.182133 1.72478 4.10672 1 1 1
v 0.34162 1.71916 4.11482 1 1 1
v 0.347751 1.72478 4.10672 1 1 1
v -0.361142 1.73334 4.09437 1 1 1
v -0.366728 1.7359 4.09068 1 1 1
v -0.185451 1.73395 4.0935 1 1 1
v -0.185575 1.7359 4.09068 1 1 1
v -0.145344 1.7359 4.09068 1 1 1
v 0.145344 1.7359 4.09068 1 1 1
v 0.185451 1.73395 4.0935 1 1 1
v 0.185575 1.7359 4.09068 1 1 1
v 0.361142 1.73334 4.09437 1 1 1
v 0.366728 1.7359 4.09068 1 1 1
v -0.378991 1.74703 4.07464 1 1 1
v -0.185451 1.73773 4.08804 1 1 1
v -0.180727 1.74703 4.07464 1 1 1
v -0.146409 1.74647 4.07544 1 1 1
v -0.146892 1.74703 4.07464 1 1 1
v 0.146409 1.74647 4.07544 1 1 1
v 0.146892 1.74703 4.07464 1 1 1
v 0.185451 1.73773 4.08805 1 1 1
v 0.180727 1.74703 4.07464 1 1 1
v 0.378991 1.74703 4.07464 1 1 1
v -0.380663 1.74792 4.07335 1 1 1
v -0.39952 1.75815 4.05859 1 1 1
v -0.185451 1.75538 4.0626 1 1 1
v -0.185874 1.75815 4.05859 1 1 1
v -0.157255 1.75815 4.05859 1 1 1
v 0.157255 1.75815 4.05859 1 1 1
v 0.185451 1.75538 4.0626 1 1 1
v 0.185874 1.75815 4.05859 1 1 1
v 0.380663 1.74792 4.07335 1 1 1
v 0.39952 1.75815 4.05859 1 1 1
v -0.400184 1.7588 4.05765 1 1 1
v -0.41484 1.76928 4.04255 1 1 1
v -0.18993 1.76928 4.04255 1 1 1
v -0.165214 1.76928 4.04255 1 1 1
v 0.165214 1.76928 4.04255 1 1 1
v 0.18993 1.76928 4.04255 1 1 1
v 0.400184 1.7588 4.05765 1 1 1
v 0.41484 1.76928 4.04255 1 1 1
v -0.419705 1.77146 4.0394 1 1 1
v -0.43204 1.7804 4.02651 1 1 1
v -0.190497 1.7804 4.02651 1 1 1
v -0.16593 1.77393 4.03584 1 1 1
v -0.172656 1.7804 4.02651 1 1 1
v 0.16593 1.77393 4.03584 1 1 1
v 0.172656 1.7804 4.02651 1 1 1
v 0.190497 1.7804 4.02651 1 1 1
v 0.419705 1.77146 4.0394 1 1 1
v 0.432039 1.7804 4.02651 1 1 1
v -0.439226 1.78497 4.01993 1 1 1
v -0.449075 1.79152 4.01047 1 1 1
v -0.195481 1.79152 4.01047 1 1 1
v -0.169132 1.79152 4.01047 1 1 1
v 0.169132 1.79152 4.01047 1 1 1
v 0.195481 1.79152 4.01047 1 1 1
v 0.439226 1.78497 4.01993 1 1 1
v 0.449075 1.79152 4.01047 1 1 1
v -0.458747 1.79644 4.00338 1 1 1
v -0.470271 1.80265 3.99443 1 1 1
v -0.192515 1.80265 3.99443 1 1 1
v -0.181773 1.80265 3.99443 1 1 1
v 0.181773 1.80265 3.99443 1 1 1
v 0.192515 1.80265 3.99443 1 1 1
v 0.458748 1.79644 4.00338 1 1 1
v 0.470271 1.80265 3.99443 1 1 1
v -0.478269 1.80995 3.98391 1 1 1
v -0.486495 1.81377 3.97839 1 1 1
v -0.185451 1.80729 3.98774 1 1 1
v 0.185451 1.80729 3.98774 1 1 1
v 0.478269 1.80995 3.98391 1 1 1
v 0.486495 1.81377 3.97839 1 1 1
v -0.492701 1.8249 3.96235 1 1 1
v -0.185451 1.82381 3.96391 1 1 1
v -0.18691 1.8249 3.96235 1 1 1
v -0.183105 1.8249 3.96235 1 1 1
v -0.146409 1.82487 3.96239 1 1 1
v -0.146888 1.8249 3.96235 1 1 1
v -0.126888 1.82281 3.96536 1 1 1
v -0.107366 1.82218 3.96626 1 1 1
v -0.0878452 1.82261 3.96564 1 1 1
v -0.0683241 1.8223 3.9661 1 1 1
v -0.0488029 1.82307 3.96498 1 1 1
v -0.0292817 1.82377 3.96397 1 1 1
v -0.0097605 1.82476 3.96255 1 1 1
v 0.00976062 1.82476 3.96255 1 1 1
v 0.0292817 1.82377 3.96397 1 1 1
v 0.048803 1.82307 3.96498 1 1 1
v 0.0683241 1.8223 3.9661 1 1 1
v 0.0878453 1.82261 3.96564 1 1 1
v 0.107366 1.82218 3.96626 1 1 1
v 0.126888 1.82281 3.96536 1 1 1
v 0.146409 1.82487 3.96239 1 1 1
v 0.146888 1.8249 3.96235 1 1 1
v 0.185451 1.82381 3.96391 1 1 1
v 0.183105 1.8249 3.96235 1 1 1
v 0.186911 1.8249 3.96235 1 1 1
v 0.492701 1.8249 3.96235 1 1 1
v -0.49779 1.8301 3.95485 1 1 1
v -0.504631 1.83602 3.94631 1 1 1
v -0.263536 1.83547 3.94711 1 1 1
v -0.267384 1.83602 3.94631 1 1 1
v -0.251929 1.83602 3.94631 1 1 1
v -0.224493 1.83445 3.94857 1 1 1
v -0.233278 1.83602 3.94631 1 1 1
v -0.204972 1.83101 3.95353 1 1 1
v -0.16593 1.82993 3.95509 1 1 1
v 0.16593 1.82993 3.95509 1 1 1
v 0.204972 1.83101 3.95353 1 1 1
v 0.224494 1.83445 3.94857 1 1 1
v 0.233277 1.83602 3.94631 1 1 1
v 0.263536 1.83547 3.94711 1 1 1
v 0.25193 1.83602 3.94631 1 1 1
v 0.267384 1.83602 3.94631 1 1 1
v 0.49779 1.8301 3.95485 1 1 1
v 0.504631 1.83602 3.94631 1 1 1
v -0.517311 1.84475 3.93372 1 1 1
v -0.519275 1.84715 3.93026 1 1 1
v -0.322099 1.84635 3.93141 1 1 1
v -0.325894 1.84715 3.93026 1 1 1
v -0.302578 1.84489 3.93352 1 1 1
v -0.283057 1.84232 3.93722 1 1 1
v -0.244015 1.8376 3.94403 1 1 1
v 0.244015 1.8376 3.94403 1 1 1
v 0.283057 1.84232 3.93722 1 1 1
v 0.302578 1.84489 3.93352 1 1 1
v 0.322099 1.84635 3.93141 1 1 1
v 0.325894 1.84715 3.93026 1 1 1
v 0.517311 1.84475 3.93372 1 1 1
v 0.519275 1.84715 3.93026 1 1 1
v -0.517311 1.85022 3.92583 1 1 1
v -0.510691 1.85827 3.91422 1 1 1
v -0.380663 1.85596 3.91755 1 1 1
v -0.391214 1.85827 3.91422 1 1 1
v -0.361142 1.85498 3.91896 1 1 1
v -0.34162 1.85415 3.92017 1 1 1
v 0.34162 1.85415 3.92017 1 1 1
v 0.361142 1.85498 3.91896 1 1 1
v 0.380663 1.85596 3.91755 1 1 1
v 0.391214 1.85827 3.91422 1 1 1
v 0.517311 1.85022 3.92583 1 1 1
v 0.510691 1.85827 3.91422 1 1 1
v -0.49779 1.86511 3.90436 1 1 1
v -0.478269 1.8668 3.90192 1 1 1
v -0.458747 1.86595 3.90315 1 1 1
v -0.439226 1.86569 3.90352 1 1 1
v -0.419705 1.86179 3.90914 1 1 1
v -0.400184 1.86234 3.90835 1 1 1
v 0.400184 1.86234 3.90835 1 1 1
v 0.419705 1.86179 3.90914 1 1 1
v 0.439226 1.86569 3.90352 1 1 1
v 0.458748 1.86595 3.90315 1 1 1
v 0.478269 1.8668 3.90192 1 1 1
v 0.49779 1.86511 3.90436 1 1 1
v -0.0683241 1.75167 4.39362 1 1 1
v -0.0842023 1.75502 4.38753 1 1 1
v -0.0488029 1.75338 4.39051 1 1 1
v -0.0292817 1.75245 4.3922 1 1 1
v -0.0097605 1.75337 4.39052 1 1 1
v 0.00976062 1.75337 4.39052 1 1 1
v 0.0292817 1.75245 4.3922 1 1 1
v 0.048803 1.75338 4.39051 1 1 1
v 0.0683241 1.75167 4.39362 1 1 1
v 0.0842023 1.75502 4.38753 1 1 1
v -0.0878452 1.75542 4.3868 1 1 1
v -0.103339 1.76441 4.37042 1 1 1
v 0.0878453 1.75542 4.3868 1 1 1
v 0.103339 1.76441 4.37042 1 1 1
v -0.104919 1.77381 4.35331 1 1 1
v 0.104919 1.77381 4.35331 1 1 1
v -0.106231 1.78321 4.3362 1 1 1
v 0.106231 1.78321 4.3362 1 1 1
v -0.16593 1.78948 4.32478 1 1 1
v -0.172491 1.79261 4.31909 1 1 1
v -0.155357 1.79261 4.31909 1 1 1
v -0.107366 1.79227 4.31972 1 1 1
v -0.107586 1.79261 4.31909 1 1 1
v 0.107366 1.79227 4.31972 1 1 1
v 0.107585 1.79261 4.31909 1 1 1
v 0.16593 1.78948 4.32478 1 1 1
v 0.155356 1.79261 4.31909 1 1 1
v 0.172491 1.79261 4.31909 1 1 1
v -0.185451 1.79763 4.30995 1 1 1
v -0.193344 1.80201 4.30198 1 1 1
v -0.152001 1.80201 4.30198 1 1 1
v -0.117481 1.80201 4.30198 1 1 1
v 0.117481 1.80201 4.30198 1 1 1
v 0.152001 1.80201 4.30198 1 1 1
v 0.185451 1.79763 4.30995 1 1 1
v 0.193344 1.80201 4.30198 1 1 1
v -0.204972 1.80828 4.29056 1 1 1
v -0.210854 1.81141 4.28487 1 1 1
v -0.156145 1.81141 4.28487 1 1 1
v -0.123284 1.81141 4.28487 1 1 1
v 0.123284 1.81141 4.28487 1 1 1
v 0.156145 1.81141 4.28487 1 1 1
v 0.204972 1.80828 4.29056 1 1 1
v 0.210854 1.81141 4.28487 1 1 1
v -0.224493 1.81957 4.27002 1 1 1
v -0.228266 1.82081 4.26776 1 1 1
v -0.164957 1.82081 4.26776 1 1 1
v -0.12642 1.82081 4.26776 1 1 1
v 0.12642 1.82081 4.26776 1 1 1
v 0.164957 1.82081 4.26776 1 1 1
v 0.224494 1.81957 4.27002 1 1 1
v 0.228266 1.82081 4.26776 1 1 1
v -0.243401 1.83021 4.25065 1 1 1
v -0.16593 1.82191 4.26576 1 1 1
v -0.16769 1.83021 4.25065 1 1 1
v -0.126596 1.83021 4.25065 1 1 1
v 0.126596 1.83021 4.25065 1 1 1
v 0.16593 1.82191 4.26576 1 1 1
v 0.16769 1.83021 4.25065 1 1 1
v 0.243401 1.83021 4.25065 1 1 1
v -0.244015 1.8306 4.24993 1 1 1
v -0.262487 1.8396 4.23354 1 1 1
v -0.167982 1.8396 4.23354 1 1 1
v -0.126888 1.83352 4.24463 1 1 1
v -0.129541 1.8396 4.23354 1 1 1
v 0.126888 1.83352 4.24462 1 1 1
v 0.129541 1.8396 4.23354 1 1 1
v 0.167982 1.8396 4.23354 1 1 1
v 0.244015 1.8306 4.24993 1 1 1
v 0.262487 1.8396 4.23354 1 1 1
v -0.263536 1.84027 4.23234 1 1 1
v -0.280618 1.849 4.21643 1 1 1
v -0.171304 1.849 4.21643 1 1 1
v -0.140617 1.849 4.21643 1 1 1
v 0.140617 1.849 4.21643 1 1 1
v 0.171304 1.849 4.21643 1 1 1
v 0.263536 1.84027 4.23234 1 1 1
v 0.280618 1.849 4.21643 1 1 1
v -0.283057 1.85052 4.21366 1 1 1
v -0.298071 1.8584 4.19932 1 1 1
v -0.183938 1.8584 4.19932 1 1 1
v -0.144559 1.8584 4.19932 1 1 1
v 0.144559 1.8584 4.19932 1 1 1
v 0.183938 1.8584 4.19932 1 1 1
v 0.283057 1.85052 4.21366 1 1 1
v 0.298071 1.8584 4.19932 1 1 1
v -0.302578 1.86169 4.19334 1 1 1
v -0.314702 1.8678 4.18221 1 1 1
v -0.185451 1.86093 4.19472 1 1 1
v -0.186111 1.8678 4.18221 1 1 1
v -0.14546 1.8678 4.18221 1 1 1
v 0.14546 1.8678 4.18221 1 1 1
v 0.185451 1.86093 4.19472 1 1 1
v 0.186111 1.8678 4.18221 1 1 1
v 0.302578 1.86169 4.19334 1 1 1
v 0.314702 1.8678 4.18221 1 1 1
v -0.322099 1.872 4.17457 1 1 1
v -0.33178 1.8772 4.1651 1 1 1
v -0.185584 1.8772 4.1651 1 1 1
v -0.146409 1.87604 4.16721 1 1 1
v -0.147434 1.8772 4.1651 1 1 1
v 0.146409 1.87604 4.16721 1 1 1
v 0.147434 1.8772 4.1651 1 1 1
v 0.185584 1.8772 4.1651 1 1 1
v 0.322099 1.872 4.17457 1 1 1
v 0.33178 1.8772 4.1651 1 1 1
v -0.34162 1.88349 4.15365 1 1 1
v -0.347289 1.8866 4.14799 1 1 1
v -0.187859 1.8866 4.14799 1 1 1
v -0.156749 1.8866 4.14799 1 1 1
v 0.156749 1.8866 4.14799 1 1 1
v 0.187859 1.8866 4.14799 1 1 1
v 0.34162 1.88349 4.15365 1 1 1
v 0.34729 1.8866 4.14799 1 1 1
v -0.361142 1.89444 4.13371 1 1 1
v -0.364849 1.896 4.13088 1 1 1
v -0.194937 1.896 4.13088 1 1 1
v -0.164184 1.896 4.13088 1 1 1
v 0.164184 1.896 4.13088 1 1 1
v 0.194937 1.896 4.13088 1 1 1
v 0.361142 1.89444 4.13371 1 1 1
v 0.364849 1.896 4.13088 1 1 1
v -0.380663 1.90328 4.11762 1 1 1
v -0.384639 1.9054 4.11377 1 1 1
v -0.200074 1.9054 4.11377 1 1 1
v -0.165592 1.9054 4.11377 1 1 1
v 0.165592 1.9054 4.11377 1 1 1
v 0.200074 1.9054 4.11377 1 1 1
v 0.380663 1.90328 4.11762 1 1 1
v 0.384639 1.9054 4.11377 1 1 1
v -0.399729 1.91479 4.09666 1 1 1
v -0.203771 1.91479 4.09666 1 1 1
v -0.165517 1.91479 4.09666 1 1 1
v 0.165517 1.91479 4.09666 1 1 1
v 0.203771 1.91479 4.09666 1 1 1
v 0.399729 1.91479 4.09666 1 1 1
v -0.400184 1.91508 4.09615 1 1 1
v -0.415955 1.92419 4.07955 1 1 1
v -0.204972 1.91716 4.09236 1 1 1
v -0.206253 1.92419 4.07955 1 1 1
v -0.16593 1.91625 4.09402 1 1 1
v -0.175656 1.92419 4.07955 1 1 1
v 0.16593 1.91625 4.09402 1 1 1
v 0.175656 1.92419 4.07955 1 1 1
v 0.204972 1.91716 4.09236 1 1 1
v 0.206253 1.92419 4.07955 1 1 1
v 0.400184 1.91508 4.09615 1 1 1
v 0.415955 1.92419 4.07955 1 1 1
v -0.419705 1.92716 4.07415 1 1 1
v -0.432903 1.93359 4.06245 1 1 1
v -0.209288 1.93359 4.06245 1 1 1
v -0.181958 1.93359 4.06245 1 1 1
v 0.181958 1.93359 4.06245 1 1 1
v 0.209288 1.93359 4.06245 1 1 1
v 0.419705 1.92716 4.07415 1 1 1
v 0.432903 1.93359 4.06245 1 1 1
v -0.439226 1.93775 4.05488 1 1 1
v -0.448235 1.94299 4.04534 1 1 1
v -0.224493 1.94162 4.04783 1 1 1
v -0.23029 1.94299 4.04534 1 1 1
v -0.16593 1.94152 4.04801 1 1 1
v -0.146409 1.94202 4.0471 1 1 1
v -0.126888 1.94092 4.04911 1 1 1
v -0.107366 1.94073 4.04944 1 1 1
v -0.0878452 1.94118 4.04863 1 1 1
v -0.0683241 1.9408 4.04933 1 1 1
v -0.0488029 1.94107 4.04883 1 1 1
v -0.0292817 1.94111 4.04875 1 1 1
v -0.0097605 1.94146 4.04812 1 1 1
v 0.00976062 1.94146 4.04812 1 1 1
v 0.0292817 1.94111 4.04875 1 1 1
v 0.048803 1.94107 4.04883 1 1 1
v 0.0683241 1.9408 4.04933 1 1 1
v 0.0878453 1.94118 4.04863 1 1 1
v 0.107366 1.94073 4.04944 1 1 1
v 0.126888 1.94092 4.04911 1 1 1
v 0.146409 1.94202 4.0471 1 1 1
v 0.16593 1.94152 4.04801 1 1 1
v 0.224494 1.94162 4.04783 1 1 1
v 0.23029 1.94299 4.04534 1 1 1
v 0.439226 1.93775 4.05488 1 1 1
v 0.448235 1.94299 4.04534 1 1 1
v -0.458747 1.94763 4.03689 1 1 1
v -0.472651 1.95239 4.02823 1 1 1
v -0.283057 1.95221 4.02856 1 1 1
v -0.286062 1.95239 4.02823 1 1 1
v -0.263536 1.94971 4.03311 1 1 1
v -0.244015 1.94812 4.036 1 1 1
v 0.244015 1.94812 4.036 1 1 1
v 0.263536 1.94971 4.03311 1 1 1
v 0.283057 1.95221 4.02856 1 1 1
v 0.286062 1.95239 4.02823 1 1 1
v 0.458748 1.94763 4.03689 1 1 1
v 0.472651 1.95239 4.02823 1 1 1
v -0.478269 1.9582 4.01764 1 1 1
v -0.483856 1.96179 4.01112 1 1 1
v -0.322099 1.95845 4.0172 1 1 1
v -0.340324 1.96179 4.01112 1 1 1
v -0.302578 1.9557 4.02219 1 1 1
v 0.302578 1.9557 4.02219 1 1 1
v 0.322099 1.95845 4.0172 1 1 1
v 0.340324 1.96179 4.01112 1 1 1
v 0.478269 1.9582 4.01764 1 1 1
v 0.483856 1.96179 4.01112 1 1 1
v -0.478269 1.96973 3.99666 1 1 1
v -0.476957 1.97119 3.99401 1 1 1
v -0.419705 1.97067 3.99495 1 1 1
v -0.426917 1.97119 3.99401 1 1 1
v -0.400184 1.97035 3.99553 1 1 1
v -0.380663 1.96528 4.00475 1 1 1
v -0.361142 1.96181 4.01107 1 1 1
v -0.34162 1.96235 4.01009 1 1 1
v 0.34162 1.96235 4.01009 1 1 1
v 0.361142 1.96181 4.01107 1 1 1
v 0.380663 1.96528 4.00475 1 1 1
v 0.400184 1.97035 3.99553 1 1 1
v 0.419705 1.97067 3.99495 1 1 1
v 0.426917 1.97119 3.99401 1 1 1
v 0.478269 1.96973 3.99666 1 1 1
v 0.476957 1.97119 3.99401 1 1 1
v -0.458747 1.97436 3.98823 1 1 1
v -0.439226 1.97439 3.98817 1 1 1
v 0.439226 1.97439 3.98817 1 1 1
v 0.458748 1.97436 3.98823 1 1 1
v -0.0683241 1.92084 4.47778 1 1 1
v -0.0707008 1.92118 4.47693 1 1 1
v -0.0641221 1.92118 4.47693 1 1 1
v 0.0683241 1.92084 4.47778 1 1 1
v 0.064122 1.92118 4.47693 1 1 1
v 0.0707009 1.92118 4.47693 1 1 1
v -0.0878452 1.92241 4.47387 1 1 1
v -0.10238 1.92844 4.45881 1 1 1
v -0.0488029 1.92143 4.47629 1 1 1
v -0.0292817 1.92126 4.47673 1 1 1
v -0.0097605 1.92144 4.47627 1 1 1
v 0.00976062 1.92144 4.47627 1 1 1
v 0.0292817 1.92126 4.47673 1 1 1
v 0.048803 1.92143 4.47629 1 1 1
v 0.0878453 1.92241 4.47387 1 1 1
v 0.10238 1.92844 4.45881 1 1 1
v -0.104836 1.9357 4.44069 1 1 1
v 0.104836 1.9357 4.44069 1 1 1
v -0.106562 1.94296 4.42257 1 1 1
v 0.106562 1.94296 4.42257 1 1 1
v -0.16593 1.94589 4.41527 1 1 1
v -0.177002 1.95022 4.40445 1 1 1
v -0.147599 1.95022 4.40445 1 1 1
v -0.107366 1.94687 4.41281 1 1 1
v -0.110896 1.95022 4.40445 1 1 1
v 0.107366 1.94687 4.41281 1 1 1
v 0.110896 1.95022 4.40445 1 1 1
v 0.16593 1.94589 4.41527 1 1 1
v 0.147599 1.95022 4.40445 1 1 1
v 0.177002 1.95022 4.40445 1 1 1
v -0.185451 1.95295 4.39764 1 1 1
v -0.195166 1.95749 4.38633 1 1 1
v -0.149741 1.95749 4.38633 1 1 1
v -0.11934 1.95749 4.38633 1 1 1
v 0.11934 1.95749 4.38633 1 1 1
v 0.149741 1.95749 4.38633 1 1 1
v 0.185451 1.95295 4.39764 1 1 1
v 0.195166 1.95749 4.38633 1 1 1
v -0.204972 1.96198 4.3751 1 1 1
v -0.210908 1.96475 4.36821 1 1 1
v -0.154385 1.96475 4.36821 1 1 1
v -0.12445 1.96475 4.36821 1 1 1
v 0.12445 1.96475 4.36821 1 1 1
v 0.154385 1.96475 4.36821 1 1 1
v 0.204972 1.96198 4.3751 1 1 1
v 0.210907 1.96475 4.36821 1 1 1
v -0.224493 1.97186 4.35045 1 1 1
v -0.224985 1.97201 4.35008 1 1 1
v -0.162724 1.97201 4.35008 1 1 1
v -0.126888 1.97075 4.35324 1 1 1
v -0.128207 1.97201 4.35008 1 1 1
v 0.126888 1.97075 4.35324 1 1 1
v 0.128207 1.97201 4.35008 1 1 1
v 0.162724 1.97201 4.35008 1 1 1
v 0.224494 1.97186 4.35045 1 1 1
v 0.224985 1.97201 4.35008 1 1 1
v -0.242317 1.97927 4.33196 1 1 1
v -0.16593 1.97456 4.34372 1 1 1
v -0.167324 1.97927 4.33196 1 1 1
v -0.128477 1.97927 4.33196 1 1 1
v 0.128477 1.97927 4.33196 1 1 1
v 0.16593 1.97456 4.34372 1 1 1
v 0.167324 1.97927 4.33196 1 1 1
v 0.242317 1.97927 4.33196 1 1 1
v -0.244015 1.98013 4.32981 1 1 1
v -0.260777 1.98653 4.31384 1 1 1
v -0.167623 1.98653 4.31384 1 1 1
v -0.13205 1.98653 4.31384 1 1 1
v 0.13205 1.98653 4.31384 1 1 1
v 0.167623 1.98653 4.31384 1 1 1
v 0.244015 1.98013 4.32981 1 1 1
v 0.260777 1.98653 4.31384 1 1 1
v -0.263536 1.98788 4.31048 1 1 1
v -0.278462 1.99379 4.29572 1 1 1
v -0.17113 1.99379 4.29572 1 1 1
v -0.141598 1.99379 4.29572 1 1 1
v 0.141598 1.99379 4.29572 1 1 1
v 0.17113 1.99379 4.29572 1 1 1
v 0.263536 1.98788 4.31048 1 1 1
v 0.278462 1.99379 4.29572 1 1 1
v -0.283057 1.99601 4.29018 1 1 1
v -0.295464 2.00106 4.2776 1 1 1
v -0.185303 2.00106 4.2776 1 1 1
v -0.144911 2.00106 4.2776 1 1 1
v 0.144911 2.00106 4.2776 1 1 1
v 0.185304 2.00106 4.2776 1 1 1
v 0.283057 1.99601 4.29018 1 1 1
v 0.295464 2.00106 4.2776 1 1 1
v -0.302578 2.00506 4.2676 1 1 1
v -0.310875 2.00832 4.25948 1 1 1
v -0.185451 2.00122 4.2772 1 1 1
v -0.186425 2.00832 4.25948 1 1 1
v -0.145589 2.00832 4.25948 1 1 1
v 0.14559 2.00832 4.25948 1 1 1
v 0.185451 2.00122 4.2772 1 1 1
v 0.186425 2.00832 4.25948 1 1 1
v 0.302578 2.00506 4.2676 1 1 1
v 0.310875 2.00832 4.25948 1 1 1
v -0.322099 2.01328 4.2471 1 1 1
v -0.327594 2.01558 4.24136 1 1 1
v -0.186155 2.01558 4.24136 1 1 1
v -0.146409 2.01448 4.24411 1 1 1
v -0.147477 2.01558 4.24136 1 1 1
v 0.146409 2.01448 4.24411 1 1 1
v 0.147477 2.01558 4.24136 1 1 1
v 0.186155 2.01558 4.24136 1 1 1
v 0.322099 2.01328 4.2471 1 1 1
v 0.327594 2.01558 4.24136 1 1 1
v -0.34162 2.02249 4.22413 1 1 1
v -0.3425 2.02284 4.22324 1 1 1
v -0.188786 2.02284 4.22324 1 1 1
v -0.156398 2.02284 4.22324 1 1 1
v 0.156398 2.02284 4.22324 1 1 1
v 0.188786 2.02284 4.22324 1 1 1
v 0.34162 2.02249 4.22413 1 1 1
v 0.3425 2.02284 4.22324 1 1 1
v -0.360442 2.0301 4.20512 1 1 1
v -0.196704 2.0301 4.20512 1 1 1
v -0.163688 2.0301 4.20512 1 1 1
v 0.163688 2.0301 4.20512 1 1 1
v 0.196704 2.0301 4.20512 1 1 1
v 0.360443 2.0301 4.20512 1 1 1
v -0.361142 2.03044 4.20428 1 1 1
v -0.379866 2.03736 4.187 1 1 1
v -0.202916 2.03736 4.187 1 1 1
v -0.165175 2.03736 4.187 1 1 1
v 0.165175 2.03736 4.187 1 1 1
v 0.202916 2.03736 4.187 1 1 1
v 0.361142 2.03044 4.20428 1 1 1
v 0.379866 2.03736 4.187 1 1 1
v -0.380663 2.03773 4.18608 1 1 1
v -0.397511 2.04462 4.16888 1 1 1
v -0.204972 2.04232 4.17463 1 1 1
v -0.205149 2.04462 4.16888 1 1 1
v -0.165246 2.04462 4.16888 1 1 1
v 0.165246 2.04462 4.16888 1 1 1
v 0.204972 2.04232 4.17463 1 1 1
v 0.205149 2.04462 4.16888 1 1 1
v 0.380663 2.03773 4.18608 1 1 1
v 0.397511 2.04462 4.16888 1 1 1
v -0.400184 2.0459 4.16571 1 1 1
v -0.413658 2.05189 4.15076 1 1 1
v -0.206919 2.05189 4.15076 1 1 1
v -0.16593 2.04647 4.16428 1 1 1
v -0.174561 2.05189 4.15076 1 1 1
v 0.16593 2.04647 4.16428 1 1 1
v 0.174561 2.05189 4.15076 1 1 1
v 0.206919 2.05189 4.15076 1 1 1
v 0.400184 2.0459 4.16571 1 1 1
v 0.413658 2.05189 4.15076 1 1 1
v -0.419705 2.05556 4.14158 1 1 1
v -0.429302 2.05915 4.13264 1 1 1
v -0.211341 2.05915 4.13264 1 1 1
v -0.180192 2.05915 4.13264 1 1 1
v 0.180192 2.05915 4.13264 1 1 1
v 0.211341 2.05915 4.13264 1 1 1
v 0.419705 2.05556 4.14158 1 1 1
v 0.429302 2.05915 4.13264 1 1 1
v -0.439226 2.06413 4.1202 1 1 1
v -0.444343 2.06641 4.11452 1 1 1
v -0.224493 2.0643 4.11978 1 1 1
v -0.236093 2.06641 4.11452 1 1 1
v -0.16593 2.06443 4.11946 1 1 1
v -0.146409 2.06544 4.11694 1 1 1
v -0.126888 2.06474 4.11869 1 1 1
v -0.107366 2.06466 4.11888 1 1 1
v -0.0878452 2.06502 4.118 1 1 1
v -0.0683241 2.06472 4.11874 1 1 1
v -0.0488029 2.06483 4.11847 1 1 1
v -0.0292817 2.06466 4.11888 1 1 1
v -0.0097605 2.06474 4.11869 1 1 1
v 0.00976062 2.06474 4.11869 1 1 1
v 0.0292817 2.06466 4.11888 1 1 1
v 0.048803 2.06483 4.11847 1 1 1
v 0.0683241 2.06472 4.11874 1 1 1
v 0.0878453 2.06502 4.118 1 1 1
v 0.107366 2.06466 4.11888 1 1 1
v 0.126888 2.06474 4.11869 1 1 1
v 0.146409 2.06544 4.11694 1 1 1
v 0.16593 2.06443 4.11946 1 1 1
v 0.224494 2.0643 4.11978 1 1 1
v 0.236094 2.06641 4.11452 1 1 1
v 0.439226 2.06413 4.1202 1 1 1
v 0.444343 2.06641 4.11452 1 1 1
v -0.458747 2.07128 4.10237 1 1 1
v -0.467847 2.07367 4.0964 1 1 1
v -0.283057 2.0731 4.09782 1 1 1
v -0.295224 2.07367 4.0964 1 1 1
v -0.263536 2.07094 4.10322 1 1 1
v -0.244015 2.06874 4.10871 1 1 1
v 0.244015 2.06874 4.10871 1 1 1
v 0.263536 2.07094 4.10322 1 1 1
v 0.283057 2.0731 4.09782 1 1 1
v 0.295223 2.07367 4.0964 1 1 1
v 0.458748 2.07128 4.10237 1 1 1
v 0.467847 2.07367 4.0964 1 1 1
v -0.477907 2.08093 4.07828 1 1 1
v -0.361142 2.0806 4.0791 1 1 1
v -0.371304 2.08093 4.07828 1 1 1
v -0.34162 2.0805 4.07935 1 1 1
v -0.322099 2.07749 4.08688 1 1 1
v -0.302578 2.07482 4.09353 1 1 1
v 0.302578 2.07482 4.09353 1 1 1
v 0.322099 2.07749 4.08688 1 1 1
v 0.34162 2.0805 4.07935 1 1 1
v 0.361142 2.0806 4.0791 1 1 1
v 0.371304 2.08093 4.07828 1 1 1
v 0.477907 2.08093 4.07828 1 1 1
v -0.467961 2.08819 4.06016 1 1 1
v -0.419705 2.08747 4.06196 1 1 1
v -0.432755 2.08819 4.06016 1 1 1
v -0.400184 2.08698 4.06318 1 1 1
v -0.380663 2.08222 4.07505 1 1 1
v 0.380663 2.08222 4.07505 1 1 1
v 0.400184 2.08698 4.06318 1 1 1
v 0.419705 2.08747 4.06196 1 1 1
v 0.432755 2.08819 4.06016 1 1 1
v 0.467961 2.08819 4.06016 1 1 1
v -0.458747 2.08946 4.05699 1 1 1
v -0.439226 2.08952 4.05684 1 1 1
v 0.439226 2.08952 4.05684 1 1 1
v 0.458748 2.08946 4.05699 1 1 1
v -0.0683241 2.0996 4.55215 1 1 1
v -0.0851599 2.10096 4.54661 1 1 1
v -0.0488029 2.1004 4.54891 1 1 1
v -0.0292817 2.09997 4.55062 1 1 1
v -0.0097605 2.1004 4.5489 1 1 1
v 0.00976062 2.1004 4.5489 1 1 1
v 0.0292817 2.09997 4.55062 1 1 1
v 0.048803 2.1004 4.54891 1 1 1
v 0.0683241 2.0996 4.55215 1 1 1
v 0.08516 2.10096 4.54661 1 1 1
v -0.0878452 2.10108 4.54614 1 1 1
v -0.10605 2.10563 4.52766 1 1 1
v 0.0878453 2.10108 4.54614 1 1 1
v 0.10605 2.10563 4.52766 1 1 1
v -0.107366 2.10886 4.51452 1 1 1
v -0.113488 2.11029 4.5087 1 1 1
v 0.107366 2.10886 4.51452 1 1 1
v 0.113488 2.11029 4.5087 1 1 1
v -0.16593 2.11302 4.4976 1 1 1
v -0.172449 2.11495 4.48974 1 1 1
v -0.146409 2.11116 4.50516 1 1 1
v -0.131678 2.11495 4.48974 1 1 1
v -0.122458 2.11495 4.48974 1 1 1
v 0.122458 2.11495 4.48974 1 1 1
v 0.146409 2.11116 4.50516 1 1 1
v 0.131678 2.11495 4.48974 1 1 1
v 0.16593 2.11302 4.4976 1 1 1
v 0.172449 2.11495 4.48974 1 1 1
v -0.184736 2.11962 4.47079 1 1 1
v -0.128906 2.11962 4.47079 1 1 1
v -0.125694 2.11962 4.47079 1 1 1
v 0.125694 2.11962 4.47079 1 1 1
v 0.128905 2.11962 4.47079 1 1 1
v 0.184736 2.11962 4.47079 1 1 1
v -0.185451 2.1198 4.47005 1 1 1
v -0.198172 2.12428 4.45183 1 1 1
v -0.130007 2.12428 4.45183 1 1 1
v -0.126432 2.12428 4.45183 1 1 1
v 0.126432 2.12428 4.45183 1 1 1
v 0.130007 2.12428 4.45183 1 1 1
v 0.185451 2.1198 4.47005 1 1 1
v 0.198172 2.12428 4.45183 1 1 1
v -0.204972 2.12666 4.44218 1 1 1
v -0.211645 2.12895 4.43288 1 1 1
v -0.146409 2.12619 4.44409 1 1 1
v -0.15007 2.12895 4.43288 1 1 1
v -0.126888 2.12505 4.44874 1 1 1
v 0.126888 2.12505 4.44874 1 1 1
v 0.15007 2.12895 4.43288 1 1 1
v 0.146409 2.12619 4.44409 1 1 1
v 0.204972 2.12666 4.44218 1 1 1
v 0.211645 2.12895 4.43288 1 1 1
v -0.224468 2.13361 4.41392 1 1 1
v -0.157707 2.13361 4.41392 1 1 1
v -0.134748 2.12895 4.43288 1 1 1
v -0.136237 2.13361 4.41392 1 1 1
v 0.134749 2.12895 4.43288 1 1 1
v 0.136237 2.13361 4.41392 1 1 1
v 0.157706 2.13361 4.41392 1 1 1
v 0.224468 2.13361 4.41392 1 1 1
v -0.242259 2.13828 4.39497 1 1 1
v -0.16593 2.13694 4.40041 1 1 1
v -0.166648 2.13828 4.39497 1 1 1
v -0.136805 2.13828 4.39497 1 1 1
v 0.136805 2.13828 4.39497 1 1 1
v 0.16593 2.13694 4.40041 1 1 1
v 0.166648 2.13828 4.39497 1 1 1
v 0.242259 2.13828 4.39497 1 1 1
v -0.244015 2.13884 4.39268 1 1 1
v -0.261714 2.14294 4.37601 1 1 1
v -0.166968 2.14294 4.37601 1 1 1
v -0.137308 2.14294 4.37601 1 1 1
v 0.137308 2.14294 4.37601 1 1 1
v 0.166968 2.14294 4.37601 1 1 1
v 0.244015 2.13884 4.39268 1 1 1
v 0.261714 2.14294 4.37601 1 1 1
v -0.263536 2.14347 4.37386 1 1 1
v -0.281416 2.14761 4.35705 1 1 1
v -0.170764 2.14761 4.35705 1 1 1
v -0.143352 2.14761 4.35705 1 1 1
v 0.143352 2.14761 4.35705 1 1 1
v 0.170764 2.14761 4.35705 1 1 1
v 0.263536 2.14347 4.37386 1 1 1
v 0.281416 2.14761 4.35705 1 1 1
v -0.283057 2.14807 4.35518 1 1 1
v -0.301118 2.15227 4.3381 1 1 1
v -0.185451 2.15218 4.33847 1 1 1
v -0.185519 2.15227 4.3381 1 1 1
v -0.145449 2.15227 4.3381 1 1 1
v 0.145449 2.15227 4.3381 1 1 1
v 0.185451 2.15218 4.33847 1 1 1
v 0.18552 2.15227 4.3381 1 1 1
v 0.283057 2.14807 4.35518 1 1 1
v 0.301118 2.15227 4.3381 1 1 1
v -0.322099 2.15677 4.3198 1 1 1
v -0.324281 2.15694 4.31914 1 1 1
v -0.302578 2.15274 4.33621 1 1 1
v -0.186524 2.15694 4.31914 1 1 1
v -0.145739 2.15694 4.31914 1 1 1
v 0.145739 2.15694 4.31914 1 1 1
v 0.186524 2.15694 4.31914 1 1 1
v 0.302578 2.15274 4.33621 1 1 1
v 0.322099 2.15677 4.3198 1 1 1
v 0.324281 2.15694 4.31914 1 1 1
v -0.361142 2.16141 4.30097 1 1 1
v -0.362257 2.1616 4.30019 1 1 1
v -0.34162 2.15949 4.30877 1 1 1
v -0.186219 2.1616 4.30019 1 1 1
v -0.146409 2.161 4.30262 1 1 1
v -0.147122 2.1616 4.30019 1 1 1
v 0.146409 2.161 4.30262 1 1 1
v 0.147122 2.1616 4.30019 1 1 1
v 0.186219 2.1616 4.30019 1 1 1
v 0.34162 2.15949 4.30877 1 1 1
v 0.361142 2.16141 4.30097 1 1 1
v 0.362257 2.1616 4.30019 1 1 1
v -0.380663 2.1638 4.29124 1 1 1
v -0.395916 2.16627 4.28123 1 1 1
v -0.188584 2.16627 4.28123 1 1 1
v -0.156121 2.16627 4.28123 1 1 1
v 0.156121 2.16627 4.28123 1 1 1
v 0.188584 2.16627 4.28123 1 1 1
v 0.380663 2.1638 4.29124 1 1 1
v 0.395916 2.16627 4.28123 1 1 1
v -0.398265 2.17093 4.26228 1 1 1
v -0.194767 2.17093 4.26228 1 1 1
v -0.163594 2.17093 4.26228 1 1 1
v 0.163594 2.17093 4.26228 1 1 1
v 0.194767 2.17093 4.26228 1 1 1
v 0.398264 2.17093 4.26228 1 1 1
v -0.400184 2.17247 4.25601 1 1 1
v -0.409646 2.17559 4.24332 1 1 1
v -0.197627 2.17559 4.24332 1 1 1
v -0.16531 2.17559 4.24332 1 1 1
v 0.16531 2.17559 4.24332 1 1 1
v 0.197627 2.17559 4.24332 1 1 1
v 0.400184 2.17247 4.25601 1 1 1
v 0.409645 2.17559 4.24332 1 1 1
v -0.419705 2.17684 4.23825 1 1 1
v -0.427649 2.18026 4.22436 1 1 1
v -0.2004 2.18026 4.22436 1 1 1
v -0.165506 2.18026 4.22436 1 1 1
v 0.165506 2.18026 4.22436 1 1 1
v 0.2004 2.18026 4.22436 1 1 1
v 0.419705 2.17684 4.23825 1 1 1
v 0.427649 2.18026 4.22436 1 1 1
v -0.439226 2.18492 4.20542 1 1 1
v -0.202292 2.18492 4.20541 1 1 1
v -0.16593 2.18092 4.22167 1 1 1
v -0.177847 2.18492 4.20541 1 1 1
v 0.16593 2.18092 4.22167 1 1 1
v 0.177847 2.18492 4.20541 1 1 1
v 0.202292 2.18492 4.20541 1 1 1
v 0.439226 2.18492 4.20542 1 1 1
v -0.437926 2.18959 4.18645 1 1 1
v -0.204972 2.18602 4.20095 1 1 1
v -0.207774 2.18959 4.18645 1 1 1
v -0.18515 2.18959 4.18645 1 1 1
v 0.18515 2.18959 4.18645 1 1 1
v 0.204972 2.18602 4.20095 1 1 1
v 0.207774 2.18959 4.18645 1 1 1
v 0.437926 2.18959 4.18645 1 1 1
v -0.439226 2.19006 4.18454 1 1 1
v -0.452284 2.19425 4.1675 1 1 1
v -0.224493 2.1935 4.17057 1 1 1
v -0.231261 2.19425 4.1675 1 1 1
v -0.16593 2.19354 4.1704 1 1 1
v -0.146409 2.19378 4.1694 1 1 1
v -0.126888 2.19323 4.17164 1 1 1
v -0.107366 2.19311 4.17215 1 1 1
v -0.0878452 2.19331 4.17134 1 1 1
v -0.0683241 2.19316 4.17192 1 1 1
v -0.0488029 2.1933 4.17139 1 1 1
v -0.0292817 2.1932 4.1718 1 1 1
v -0.0097605 2.19324 4.17163 1 1 1
v 0.00976062 2.19324 4.17163 1 1 1
v 0.0292817 2.1932 4.1718 1 1 1
v 0.048803 2.1933 4.17139 1 1 1
v 0.0683241 2.19316 4.17192 1 1 1
v 0.0878453 2.19331 4.17134 1 1 1
v 0.107366 2.19311 4.17215 1 1 1
v 0.126888 2.19323 4.17164 1 1 1
v 0.146409 2.19378 4.1694 1 1 1
v 0.16593 2.19354 4.1704 1 1 1
v 0.224494 2.1935 4.17057 1 1 1
v 0.231261 2.19425 4.1675 1 1 1
v 0.439226 2.19006 4.18454 1 1 1
v 0.452284 2.19425 4.1675 1 1 1
v -0.458747 2.19577 4.16132 1 1 1
v -0.476026 2.19892 4.14854 1 1 1
v -0.283057 2.19872 4.14934 1 1 1
v -0.289414 2.19892 4.14854 1 1 1
v -0.263536 2.19745 4.15452 1 1 1
v -0.244015 2.19648 4.15845 1 1 1
v 0.244015 2.19648 4.15845 1 1 1
v 0.263536 2.19745 4.15452 1 1 1
v 0.283057 2.19872 4.14934 1 1 1
v 0.289414 2.19892 4.14854 1 1 1
v 0.458748 2.19577 4.16132 1 1 1
v 0.476026 2.19892 4.14854 1 1 1
v -0.478269 2.20046 4.14226 1 1 1
v -0.485718 2.20358 4.12959 1 1 1
v -0.361142 2.20349 4.12998 1 1 1
v -0.365648 2.20358 4.12959 1 1 1
v -0.34162 2.20345 4.13012 1 1 1
v -0.322099 2.20166 4.13742 1 1 1
v -0.302578 2.20018 4.14342 1 1 1
v 0.302578 2.20018 4.14342 1 1 1
v 0.322099 2.20166 4.13742 1 1 1
v 0.34162 2.20345 4.13012 1 1 1
v 0.361142 2.20349 4.12998 1 1 1
v 0.365648 2.20358 4.12959 1 1 1
v 0.478269 2.20046 4.14226 1 1 1
v 0.485718 2.20358 4.12959 1 1 1
v -0.478269 2.20665 4.11711 1 1 1
v -0.473355 2.20825 4.11063 1 1 1
v -0.419705 2.20785 4.11224 1 1 1
v -0.430746 2.20825 4.11063 1 1 1
v -0.400184 2.20755 4.11346 1 1 1
v -0.380663 2.20484 4.12446 1 1 1
v 0.380663 2.20484 4.12446 1 1 1
v 0.400184 2.20755 4.11346 1 1 1
v 0.419705 2.20785 4.11224 1 1 1
v 0.430746 2.20825 4.11063 1 1 1
v 0.478269 2.20665 4.11711 1 1 1
v 0.473355 2.20825 4.11063 1 1 1
v -0.458747 2.20937 4.10605 1 1 1
v -0.439226 2.20933 4.10623 1 1 1
v 0.439226 2.20933 4.10623 1 1 1
v 0.458748 2.20937 4.10605 1 1 1
v -0.107366 2.28898 4.59425 1 1 1
v -0.110522 2.28934 4.59061 1 1 1
v -0.0878452 2.28884 4.59567 1 1 1
v -0.0683241 2.28838 4.60026 1 1 1
v -0.0488029 2.28861 4.59798 1 1 1
v -0.0292817 2.28851 4.59895 1 1 1
v -0.0097605 2.28858 4.59832 1 1 1
v 0.00976062 2.28858 4.59832 1 1 1
v 0.0292817 2.28851 4.59895 1 1 1
v 0.048803 2.28861 4.59798 1 1 1
v 0.0683241 2.28838 4.60026 1 1 1
v 0.0878453 2.28884 4.59567 1 1 1
v 0.107366 2.28898 4.59425 1 1 1
v 0.110522 2.28934 4.59061 1 1 1
v -0.122407 2.29126 4.57119 1 1 1
v 0.122407 2.29126 4.57119 1 1 1
v -0.16593 2.29213 4.56235 1 1 1
v -0.179753 2.29318 4.55176 1 1 1
v -0.146409 2.29228 4.56084 1 1 1
v -0.126888 2.29158 4.56796 1 1 1
v 0.126888 2.29158 4.56796 1 1 1
v 0.146409 2.29228 4.56084 1 1 1
v 0.16593 2.29213 4.56235 1 1 1
v 0.179753 2.29318 4.55176 1 1 1
v -0.185451 2.29472 4.53613 1 1 1
v -0.186292 2.2951 4.53234 1 1 1
v 0.185451 2.29472 4.53613 1 1 1
v 0.186292 2.2951 4.53234 1 1 1
v -0.193099 2.29702 4.51291 1 1 1
v 0.193099 2.29702 4.51291 1 1 1
v -0.200855 2.29894 4.49348 1 1 1
v 0.200855 2.29894 4.49348 1 1 1
v -0.204972 2.29965 4.48631 1 1 1
v -0.212345 2.30086 4.47406 1 1 1
v 0.204972 2.29965 4.48631 1 1 1
v 0.212345 2.30086 4.47406 1 1 1
v -0.224345 2.30278 4.45463 1 1 1
v -0.146409 2.30161 4.46643 1 1 1
v -0.150897 2.30278 4.45463 1 1 1
v -0.143206 2.30278 4.45463 1 1 1
v 0.146409 2.30161 4.46643 1 1 1
v 0.143207 2.30278 4.45463 1 1 1
v 0.150897 2.30278 4.45463 1 1 1
v 0.224345 2.30278 4.45463 1 1 1
v -0.224493 2.3028 4.45444 1 1 1
v -0.242196 2.3047 4.4352 1 1 1
v -0.164661 2.3047 4.4352 1 1 1
v -0.143646 2.3047 4.4352 1 1 1
v 0.143647 2.3047 4.4352 1 1 1
v 0.16466 2.3047 4.4352 1 1 1
v 0.224494 2.3028 4.45444 1 1 1
v 0.242196 2.3047 4.4352 1 1 1
v -0.244015 2.30493 4.43283 1 1 1
v -0.262815 2.30662 4.41578 1 1 1
v -0.16593 2.3051 4.43119 1 1 1
v -0.166214 2.30662 4.41578 1 1 1
v -0.141929 2.30662 4.41578 1 1 1
v 0.141929 2.30662 4.41578 1 1 1
v 0.16593 2.3051 4.43119 1 1 1
v 0.166214 2.30662 4.41578 1 1 1
v 0.244015 2.30493 4.43283 1 1 1
v 0.262815 2.30662 4.41578 1 1 1
v -0.322099 2.30838 4.39799 1 1 1
v -0.326409 2.30854 4.39635 1 1 1
v -0.302578 2.30815 4.40025 1 1 1
v -0.283057 2.30758 4.40609 1 1 1
v -0.263536 2.3067 4.41498 1 1 1
v -0.170336 2.30854 4.39635 1 1 1
v -0.145023 2.30854 4.39635 1 1 1
v 0.145023 2.30854 4.39635 1 1 1
v 0.170336 2.30854 4.39635 1 1 1
v 0.263536 2.3067 4.41498 1 1 1
v 0.283057 2.30758 4.40609 1 1 1
v 0.302578 2.30815 4.40025 1 1 1
v 0.322099 2.30838 4.39799 1 1 1
v 0.326409 2.30854 4.39635 1 1 1
v -0.34162 2.30959 4.38573 1 1 1
v -0.357736 2.31046 4.37692 1 1 1
v -0.185451 2.31037 4.37781 1 1 1
v -0.185611 2.31046 4.37692 1 1 1
v -0.145987 2.31046 4.37692 1 1 1
v 0.145987 2.31046 4.37692 1 1 1
v 0.185451 2.31037 4.37781 1 1 1
v 0.185611 2.31046 4.37692 1 1 1
v 0.34162 2.30959 4.38573 1 1 1
v 0.357736 2.31046 4.37692 1 1 1
v -0.400184 2.3119 4.36235 1 1 1
v -0.419035 2.31238 4.3575 1 1 1
v -0.380663 2.31058 4.37574 1 1 1
v -0.361142 2.3106 4.37549 1 1 1
v -0.186629 2.31238 4.3575 1 1 1
v -0.145892 2.31238 4.3575 1 1 1
v 0.145893 2.31238 4.3575 1 1 1
v 0.186629 2.31238 4.3575 1 1 1
v 0.361142 2.3106 4.37549 1 1 1
v 0.380663 2.31058 4.37574 1 1 1
v 0.400184 2.3119 4.36235 1 1 1
v 0.419038 2.31238 4.3575 1 1 1
v -0.439226 2.31273 4.35398 1 1 1
v -0.450384 2.3143 4.33807 1 1 1
v -0.419705 2.31239 4.35737 1 1 1
v -0.186285 2.3143 4.33807 1 1 1
v -0.146409 2.31413 4.33976 1 1 1
v -0.146763 2.3143 4.33807 1 1 1
v 0.146409 2.31413 4.33976 1 1 1
v 0.146763 2.3143 4.33807 1 1 1
v 0.186285 2.3143 4.33807 1 1 1
v 0.419705 2.31239 4.35737 1 1 1
v 0.439226 2.31273 4.35398 1 1 1
v 0.450384 2.3143 4.33807 1 1 1
v -0.458747 2.31583 4.32262 1 1 1
v -0.460912 2.31622 4.31864 1 1 1
v -0.188384 2.31622 4.31864 1 1 1
v -0.155823 2.31622 4.31864 1 1 1
v 0.155823 2.31622 4.31864 1 1 1
v 0.188385 2.31622 4.31864 1 1 1
v 0.458748 2.31583 4.32262 1 1 1
v 0.460912 2.31622 4.31864 1 1 1
v -0.458747 2.31758 4.30484 1 1 1
v -0.457886 2.31814 4.29922 1 1 1
v -0.193013 2.31814 4.29922 1 1 1
v -0.163491 2.31814 4.29922 1 1 1
v 0.163491 2.31814 4.29922 1 1 1
v 0.193013 2.31814 4.29922 1 1 1
v 0.458748 2.31758 4.30484 1 1 1
v 0.457886 2.31814 4.29922 1 1 1
v -0.458747 2.31829 4.29768 1 1 1
v -0.468335 2.32006 4.27979 1 1 1
v -0.193323 2.32006 4.27979 1 1 1
v -0.165459 2.32006 4.27979 1 1 1
v 0.165459 2.32006 4.27979 1 1 1
v 0.193323 2.32006 4.27979 1 1 1
v 0.458748 2.31829 4.29768 1 1 1
v 0.468335 2.32006 4.27979 1 1 1
v -0.472524 2.32198 4.26036 1 1 1
v -0.195826 2.32198 4.26036 1 1 1
v -0.165793 2.32198 4.26036 1 1 1
v 0.165793 2.32198 4.26036 1 1 1
v 0.195826 2.32198 4.26036 1 1 1
v 0.472525 2.32198 4.26036 1 1 1
v -0.47394 2.3239 4.24094 1 1 1
v -0.190806 2.3239 4.24094 1 1 1
v -0.16593 2.32206 4.25956 1 1 1
v -0.182174 2.3239 4.24094 1 1 1
v 0.16593 2.32206 4.25956 1 1 1
v 0.182174 2.3239 4.24094 1 1 1
v 0.190805 2.3239 4.24094 1 1 1
v 0.47394 2.3239 4.24094 1 1 1
v -0.478269 2.32508 4.229 1 1 1
v -0.483613 2.32582 4.22151 1 1 1
v -0.185451 2.32466 4.23321 1 1 1
v 0.185451 2.32466 4.23321 1 1 1
v 0.478269 2.32508 4.229 1 1 1
v 0.483613 2.32582 4.22151 1 1 1
v -0.485101 2.32774 4.20208 1 1 1
v -0.224493 2.32765 4.20299 1 1 1
v -0.226523 2.32774 4.20208 1 1 1
v -0.204972 2.32656 4.21407 1 1 1
v -0.185451 2.3265 4.21462 1 1 1
v -0.16593 2.32765 4.20298 1 1 1
v -0.146409 2.32762 4.20335 1 1 1
v -0.126888 2.32735 4.20608 1 1 1
v -0.107366 2.32726 4.20696 1 1 1
v -0.0878452 2.32733 4.20626 1 1 1
v -0.0683241 2.32729 4.20662 1 1 1
v -0.0488029 2.32737 4.20583 1 1 1
v -0.0292817 2.32733 4.20622 1 1 1
v -0.0097605 2.32734 4.20609 1 1 1
v 0.00976062 2.32734 4.20609 1 1 1
v 0.0292817 2.32733 4.20622 1 1 1
v 0.048803 2.32737 4.20583 1 1 1
v 0.0683241 2.32729 4.20662 1 1 1
v 0.0878453 2.32733 4.20626 1 1 1
v 0.107366 2.32726 4.20696 1 1 1
v 0.126888 2.32735 4.20608 1 1 1
v 0.146409 2.32762 4.20335 1 1 1
v 0.16593 2.32765 4.20298 1 1 1
v 0.185451 2.3265 4.21462 1 1 1
v 0.204972 2.32656 4.21407 1 1 1
v 0.224494 2.32765 4.20299 1 1 1
v 0.226523 2.32774 4.20208 1 1 1
v 0.485101 2.32774 4.20208 1 1 1
v -0.491982 2.32966 4.18266 1 1 1
v -0.283057 2.32965 4.18277 1 1 1
v -0.283932 2.32966 4.18266 1 1 1
v -0.263536 2.32917 4.18764 1 1 1
v -0.244015 2.32891 4.19025 1 1 1
v 0.244015 2.32891 4.19025 1 1 1
v 0.263536 2.32917 4.18764 1 1 1
v 0.283057 2.32965 4.18277 1 1 1
v 0.283932 2.32966 4.18266 1 1 1
v 0.491982 2.32966 4.18266 1 1 1
v -0.496718 2.33158 4.16323 1 1 1
v -0.322099 2.3309 4.17015 1 1 1
v -0.341427 2.33158 4.16323 1 1 1
v -0.302578 2.33036 4.17553 1 1 1
v 0.302578 2.33036 4.17553 1 1 1
v 0.322099 2.3309 4.17015 1 1 1
v 0.341427 2.33158 4.16323 1 1 1
v 0.496718 2.33158 4.16323 1 1 1
v -0.482196 2.3335 4.14381 1 1 1
v -0.419705 2.33337 4.14517 1 1 1
v -0.428746 2.3335 4.14381 1 1 1
v -0.400184 2.33325 4.14637 1 1 1
v -0.380663 2.33225 4.15643 1 1 1
v -0.361142 2.33163 4.16276 1 1 1
v -0.34162 2.3316 4.16308 1 1 1
v 0.34162 2.3316 4.16308 1 1 1
v 0.361142 2.33163 4.16276 1 1 1
v 0.380663 2.33225 4.15643 1 1 1
v 0.400184 2.33325 4.14637 1 1 1
v 0.419705 2.33337 4.14517 1 1 1
v 0.428746 2.3335 4.14381 1 1 1
v 0.482196 2.3335 4.14381 1 1 1
v -0.478269 2.33358 4.14302 1 1 1
v -0.458747 2.33408 4.13794 1 1 1
v -0.439226 2.33403 4.13841 1 1 1
v 0.439226 2.33403 4.13841 1 1 1
v 0.458748 2.33408 4.13794 1 1 1
v 0.478269 2.33358 4.14302 1 1 1
v -0.107366 2.48372 4.61814 1 1 1
v -0.11903 2.48318 4.60731 1 1 1
v -0.0878452 2.48368 4.61732 1 1 1
v -0.0683241 2.48383 4.62037 1 1 1
v -0.0488029 2.48375 4.6188 1 1 1
v -0.0292817 2.48377 4.61922 1 1 1
v -0.0097605 2.48378 4.61934 1 1 1
v 0.00976062 2.48378 4.61934 1 1 1
v 0.0292817 2.48377 4.61922 1 1 1
v 0.048803 2.48375 4.6188 1 1 1
v 0.0683241 2.48383 4.62037 1 1 1
v 0.0878453 2.48368 4.61732 1 1 1
v 0.107366 2.48372 4.61814 1 1 1
v 0.11903 2.48318 4.60731 1 1 1
v -0.16593 2.48243 4.59203 1 1 1
v -0.176661 2.48222 4.58782 1 1 1
v -0.151968 2.48222 4.58782 1 1 1
v -0.126888 2.48276 4.59877 1 1 1
v -0.142716 2.48222 4.58782 1 1 1
v 0.126888 2.48276 4.59877 1 1 1
v 0.142716 2.48222 4.58782 1 1 1
v 0.16593 2.48243 4.59203 1 1 1
v 0.151968 2.48222 4.58782 1 1 1
v 0.176661 2.48222 4.58782 1 1 1
v -0.185451 2.48192 4.58171 1 1 1
v -0.194178 2.48126 4.56832 1 1 1
v -0.146409 2.48215 4.58637 1 1 1
v 0.146409 2.48215 4.58637 1 1 1
v 0.185451 2.48192 4.58171 1 1 1
v 0.194178 2.48126 4.56832 1 1 1
v -0.196914 2.48029 4.54882 1 1 1
v 0.196914 2.48029 4.54882 1 1 1
v -0.199826 2.47933 4.52932 1 1 1
v 0.199826 2.47933 4.52932 1 1 1
v -0.203264 2.47837 4.50983 1 1 1
v 0.203264 2.47837 4.50983 1 1 1
v -0.204972 2.47819 4.5062 1 1 1
v -0.21301 2.47741 4.49033 1 1 1
v 0.204972 2.47819 4.5062 1 1 1
v 0.213009 2.47741 4.49033 1 1 1
v -0.224217 2.47645 4.47083 1 1 1
v 0.224217 2.47645 4.47083 1 1 1
v -0.224493 2.47643 4.47048 1 1 1
v -0.242126 2.47548 4.45133 1 1 1
v 0.224494 2.47643 4.47048 1 1 1
v 0.242127 2.47548 4.45133 1 1 1
v -0.302578 2.47462 4.43378 1 1 1
v -0.306224 2.47452 4.43184 1 1 1
v -0.283057 2.47469 4.43535 1 1 1
v -0.263536 2.47463 4.43408 1 1 1
v -0.244015 2.47536 4.44891 1 1 1
v -0.146409 2.47465 4.43443 1 1 1
v -0.151435 2.47452 4.43184 1 1 1
v -0.146023 2.47452 4.43184 1 1 1
v 0.146409 2.47465 4.43443 1 1 1
v 0.146023 2.47452 4.43184 1 1 1
v 0.151434 2.47452 4.43184 1 1 1
v 0.244015 2.47536 4.44891 1 1 1
v 0.263536 2.47463 4.43408 1 1 1
v 0.283057 2.47469 4.43536 1 1 1
v 0.302578 2.47462 4.43378 1 1 1
v 0.306225 2.47452 4.43184 1 1 1
v -0.458747 2.47388 4.4189 1 1 1
v -0.467437 2.47356 4.41234 1 1 1
v -0.439226 2.47404 4.42219 1 1 1
v -0.419705 2.47396 4.42044 1 1 1
v -0.400184 2.47416 4.42451 1 1 1
v -0.380663 2.47403 4.42187 1 1 1
v -0.361142 2.47445 4.43033 1 1 1
v -0.34162 2.47436 4.42856 1 1 1
v -0.322099 2.47428 4.4269 1 1 1
v -0.16593 2.4743 4.42739 1 1 1
v -0.169828 2.47356 4.41234 1 1 1
v -0.146409 2.47401 4.42149 1 1 1
v 0.146409 2.47401 4.42149 1 1 1
v 0.169828 2.47356 4.41234 1 1 1
v 0.16593 2.4743 4.42739 1 1 1
v 0.322099 2.47428 4.4269 1 1 1
v 0.34162 2.47436 4.42856 1 1 1
v 0.361142 2.47445 4.43033 1 1 1
v 0.380663 2.47403 4.42187 1 1 1
v 0.400184 2.47416 4.42451 1 1 1
v 0.419705 2.47396 4.42044 1 1 1
v 0.439226 2.47404 4.42219 1 1 1
v 0.458748 2.47388 4.4189 1 1 1
v 0.467437 2.47356 4.41234 1 1 1
v -0.49779 2.47292 4.39932 1 1 1
v -0.505616 2.4726 4.39284 1 1 1
v -0.478269 2.47327 4.40654 1 1 1
v -0.185451 2.47267 4.39426 1 1 1
v -0.185709 2.4726 4.39284 1 1 1
v -0.148032 2.47356 4.41234 1 1 1
v -0.146964 2.4726 4.39284 1 1 1
v 0.148032 2.47356 4.41234 1 1 1
v 0.146964 2.4726 4.39284 1 1 1
v 0.185451 2.47267 4.39426 1 1 1
v 0.185709 2.4726 4.39284 1 1 1
v 0.478269 2.47327 4.40654 1 1 1
v 0.49779 2.47292 4.39932 1 1 1
v 0.505616 2.4726 4.39284 1 1 1
v -0.517311 2.47205 4.38168 1 1 1
v -0.526595 2.47163 4.37334 1 1 1
v -0.18674 2.47163 4.37334 1 1 1
v -0.146409 2.47241 4.3891 1 1 1
v -0.146049 2.47163 4.37334 1 1 1
v 0.146409 2.47241 4.3891 1 1 1
v 0.146049 2.47163 4.37334 1 1 1
v 0.186741 2.47163 4.37334 1 1 1
v 0.517311 2.47205 4.38168 1 1 1
v 0.526595 2.47163 4.37334 1 1 1
v -0.526686 2.47067 4.35385 1 1 1
v -0.186353 2.47067 4.35385 1 1 1
v -0.146408 2.47067 4.35385 1 1 1
v 0.146408 2.47067 4.35385 1 1 1
v 0.186353 2.47067 4.35385 1 1 1
v 0.526686 2.47067 4.35385 1 1 1
v -0.527875 2.46971 4.33435 1 1 1
v -0.188187 2.46971 4.33435 1 1 1
v -0.155504 2.46971 4.33435 1 1 1
v 0.155504 2.46971 4.33435 1 1 1
v 0.188187 2.46971 4.33435 1 1 1
v 0.527875 2.46971 4.33435 1 1 1
v -0.529346 2.46875 4.31485 1 1 1
v -0.191419 2.46875 4.31485 1 1 1
v -0.163378 2.46875 4.31485 1 1 1
v 0.163378 2.46875 4.31485 1 1 1
v 0.191419 2.46875 4.31485 1 1 1
v 0.529345 2.46875 4.31485 1 1 1
v -0.530682 2.46778 4.29535 1 1 1
v -0.189752 2.46778 4.29535 1 1 1
v -0.165625 2.46778 4.29535 1 1 1
v 0.165625 2.46778 4.29535 1 1 1
v 0.189752 2.46778 4.29535 1 1 1
v 0.530682 2.46778 4.29535 1 1 1
v -0.536832 2.46683 4.27608 1 1 1
v -0.536891 2.46682 4.27586 1 1 1
v -0.191795 2.46682 4.27586 1 1 1
v -0.16593 2.4673 4.28547 1 1 1
v -0.167799 2.46682 4.27586 1 1 1
v 0.16593 2.4673 4.28547 1 1 1
v 0.167799 2.46682 4.27586 1 1 1
v 0.191795 2.46682 4.27586 1 1 1
v 0.536832 2.46683 4.27608 1 1 1
v 0.536891 2.46682 4.27586 1 1 1
v -0.536832 2.46681 4.27567 1 1 1
v -0.524382 2.46586 4.25636 1 1 1
v -0.185451 2.46606 4.26051 1 1 1
v 0.185451 2.46606 4.26051 1 1 1
v 0.536832 2.46681 4.27568 1 1 1
v 0.524382 2.46586 4.25636 1 1 1
v -0.52854 2.4649 4.23686 1 1 1
v 0.528539 2.4649 4.23686 1 1 1
v -0.523567 2.46394 4.21737 1 1 1
v -0.185451 2.46429 4.22461 1 1 1
v -0.20266 2.46394 4.21737 1 1 1
v -0.169239 2.46394 4.21737 1 1 1
v -0.146409 2.46396 4.21791 1 1 1
v -0.156152 2.46394 4.21737 1 1 1
v -0.126888 2.46412 4.22109 1 1 1
v -0.107366 2.46418 4.22238 1 1 1
v -0.0878452 2.46415 4.2218 1 1 1
v -0.0683241 2.46416 4.22192 1 1 1
v -0.0488029 2.46411 4.22088 1 1 1
v -0.0292817 2.46413 4.22126 1 1 1
v -0.0097605 2.46412 4.22116 1 1 1
v 0.00976062 2.46412 4.22116 1 1 1
v 0.0292817 2.46413 4.22126 1 1 1
v 0.048803 2.46411 4.22088 1 1 1
v 0.0683241 2.46416 4.22192 1 1 1
v 0.0878453 2.46415 4.2218 1 1 1
v 0.107366 2.46418 4.22238 1 1 1
v 0.126888 2.46412 4.22109 1 1 1
v 0.146409 2.46396 4.21791 1 1 1
v 0.156152 2.46394 4.21737 1 1 1
v 0.185451 2.46429 4.22461 1 1 1
v 0.169239 2.46394 4.21737 1 1 1
v 0.202659 2.46394 4.21737 1 1 1
v 0.523567 2.46394 4.21737 1 1 1
v -0.517311 2.46304 4.1992 1 1 1
v -0.516661 2.46297 4.19787 1 1 1
v -0.263536 2.46317 4.20177 1 1 1
v -0.279529 2.46297 4.19787 1 1 1
v -0.244015 2.46324 4.20329 1 1 1
v -0.224493 2.46377 4.21411 1 1 1
v -0.204972 2.46389 4.21642 1 1 1
v -0.16593 2.46387 4.21596 1 1 1
v 0.16593 2.46387 4.21596 1 1 1
v 0.204972 2.46389 4.21642 1 1 1
v 0.224494 2.46377 4.21411 1 1 1
v 0.244015 2.46324 4.20329 1 1 1
v 0.263536 2.46317 4.20177 1 1 1
v 0.279529 2.46297 4.19787 1 1 1
v 0.517311 2.46304 4.1992 1 1 1
v 0.516661 2.46297 4.19787 1 1 1
v -0.517311 2.46285 4.1953 1 1 1
v -0.519651 2.46201 4.17837 1 1 1
v -0.322099 2.4623 4.18427 1 1 1
v -0.339009 2.46201 4.17837 1 1 1
v -0.302578 2.46254 4.18908 1 1 1
v -0.283057 2.46287 4.19571 1 1 1
v 0.283057 2.46287 4.19571 1 1 1
v 0.302578 2.46254 4.18908 1 1 1
v 0.322099 2.4623 4.18427 1 1 1
v 0.339009 2.46201 4.17837 1 1 1
v 0.517311 2.46285 4.1953 1 1 1
v 0.519651 2.46201 4.17837 1 1 1
v -0.517311 2.46187 4.17547 1 1 1
v -0.499781 2.46105 4.15887 1 1 1
v -0.419705 2.4611 4.15995 1 1 1
v -0.426755 2.46105 4.15887 1 1 1
v -0.400184 2.46116 4.16113 1 1 1
v -0.380663 2.46161 4.17019 1 1 1
v -0.361142 2.46187 4.17544 1 1 1
v -0.34162 2.46191 4.17641 1 1 1
v 0.34162 2.46191 4.17641 1 1 1
v 0.361142 2.46187 4.17544 1 1 1
v 0.380663 2.46161 4.17019 1 1 1
v 0.400184 2.46116 4.16113 1 1 1
v 0.419705 2.4611 4.15995 1 1 1
v 0.426755 2.46105 4.15887 1 1 1
v 0.517311 2.46187 4.17547 1 1 1
v 0.499781 2.46105 4.15887 1 1 1
v -0.49779 2.46099 4.15768 1 1 1
v -0.478269 2.46086 4.15504 1 1 1
v -0.458747 2.4607 4.15191 1 1 1
v -0.439226 2.46074 4.15263 1 1 1
v 0.439226 2.46074 4.15263 1 1 1
v 0.458748 2.4607 4.15191 1 1 1
v 0.478269 2.46086 4.15504 1 1 1
v 0.49779 2.46099 4.15768 1 1 1
v -0.126888 2.67725 4.59635 1 1 1
v -0.128291 2.67705 4.59534 1 1 1
v -0.107366 2.68015 4.61094 1 1 1
v -0.0878452 2.67977 4.60906 1 1 1
v -0.0683241 2.68016 4.611 1 1 1
v -0.0488029 2.67995 4.60996 1 1 1
v -0.0292817 2.67996 4.60999 1 1 1
v -0.0097605 2.68008 4.6106 1 1 1
v 0.00976062 2.68008 4.6106 1 1 1
v 0.0292817 2.67996 4.60999 1 1 1
v 0.048803 2.67995 4.60996 1 1 1
v 0.0683241 2.68016 4.611 1 1 1
v 0.0878453 2.67977 4.60906 1 1 1
v 0.107366 2.68015 4.61094 1 1 1
v 0.126888 2.67725 4.59635 1 1 1
v 0.128291 2.67705 4.59534 1 1 1
v -0.185451 2.6743 4.58145 1 1 1
v -0.19697 2.67326 4.57619 1 1 1
v -0.16593 2.67557 4.58784 1 1 1
v -0.146409 2.6748 4.58399 1 1 1
v 0.146409 2.6748 4.58399 1 1 1
v 0.16593 2.67557 4.58784 1 1 1
v 0.185451 2.6743 4.58145 1 1 1
v 0.19697 2.67326 4.57619 1 1 1
v -0.203668 2.66946 4.55704 1 1 1
v 0.203668 2.66946 4.55704 1 1 1
v -0.204972 2.66604 4.5398 1 1 1
v -0.205152 2.66566 4.53789 1 1 1
v 0.204972 2.66604 4.5398 1 1 1
v 0.205152 2.66566 4.53789 1 1 1
v -0.205286 2.66187 4.51875 1 1 1
v 0.205286 2.66187 4.51875 1 1 1
v -0.205862 2.65807 4.4996 1 1 1
v 0.205862 2.65807 4.4996 1 1 1
v -0.213642 2.65427 4.48045 1 1 1
v 0.213642 2.65427 4.48045 1 1 1
v -0.224081 2.65048 4.4613 1 1 1
v 0.224081 2.65048 4.4613 1 1 1
v -0.458747 2.6476 4.44679 1 1 1
v -0.465959 2.64668 4.44215 1 1 1
v -0.439226 2.64907 4.45419 1 1 1
v -0.419705 2.64889 4.45328 1 1 1
v -0.400184 2.64845 4.45105 1 1 1
v -0.380663 2.64741 4.44581 1 1 1
v -0.361142 2.64747 4.44611 1 1 1
v -0.347742 2.64668 4.44215 1 1 1
v -0.224493 2.65037 4.46078 1 1 1
v -0.242051 2.64668 4.44215 1 1 1
v 0.224494 2.65037 4.46078 1 1 1
v 0.242051 2.64668 4.44215 1 1 1
v 0.361142 2.64747 4.44611 1 1 1
v 0.347742 2.64668 4.44215 1 1 1
v 0.380663 2.64741 4.44581 1 1 1
v 0.400184 2.64845 4.45105 1 1 1
v 0.419705 2.64889 4.45328 1 1 1
v 0.439226 2.64907 4.45419 1 1 1
v 0.458748 2.6476 4.44679 1 1 1
v 0.465959 2.64668 4.44215 1 1 1
v -0.478269 2.64509 4.4341 1 1 1
v -0.495281 2.64289 4.423 1 1 1
v -0.34162 2.64626 4.44002 1 1 1
v -0.322099 2.64532 4.43531 1 1 1
v -0.302578 2.64594 4.4384 1 1 1
v -0.283057 2.64509 4.4341 1 1 1
v -0.263536 2.6442 4.42964 1 1 1
v -0.244015 2.6462 4.43974 1 1 1
v 0.244015 2.6462 4.43974 1 1 1
v 0.263536 2.6442 4.42964 1 1 1
v 0.283057 2.64509 4.4341 1 1 1
v 0.302578 2.64594 4.4384 1 1 1
v 0.322099 2.64532 4.43531 1 1 1
v 0.34162 2.64626 4.44002 1 1 1
v 0.478269 2.64509 4.4341 1 1 1
v 0.495282 2.64289 4.423 1 1 1
v -0.517311 2.6407 4.412 1 1 1
v -0.530205 2.63909 4.40386 1 1 1
v -0.49779 2.64258 4.42147 1 1 1
v -0.16593 2.64101 4.41356 1 1 1
v -0.169218 2.63909 4.40386 1 1 1
v -0.156218 2.63909 4.40386 1 1 1
v 0.16593 2.64101 4.41356 1 1 1
v 0.156218 2.63909 4.40386 1 1 1
v 0.169218 2.63909 4.40386 1 1 1
v 0.49779 2.64258 4.42147 1 1 1
v 0.517311 2.6407 4.412 1 1 1
v 0.530205 2.63909 4.40386 1 1 1
v -0.556353 2.6367 4.39182 1 1 1
v -0.565015 2.63529 4.38471 1 1 1
v -0.536832 2.63823 4.39952 1 1 1
v -0.185451 2.63568 4.38665 1 1 1
v -0.185814 2.63529 4.38471 1 1 1
v -0.149264 2.63529 4.38471 1 1 1
v 0.149264 2.63529 4.38471 1 1 1
v 0.185451 2.63568 4.38665 1 1 1
v 0.185814 2.63529 4.38471 1 1 1
v 0.536832 2.63823 4.39952 1 1 1
v 0.556353 2.6367 4.39182 1 1 1
v 0.565015 2.63529 4.38471 1 1 1
v -0.56827 2.6315 4.36556 1 1 1
v -0.186859 2.6315 4.36556 1 1 1
v -0.146409 2.6326 4.3711 1 1 1
v -0.14621 2.6315 4.36556 1 1 1
v 0.146409 2.6326 4.3711 1 1 1
v 0.14621 2.6315 4.36556 1 1 1
v 0.186859 2.6315 4.36556 1 1 1
v 0.568271 2.6315 4.36556 1 1 1
v -0.566835 2.6277 4.34641 1 1 1
v -0.186423 2.6277 4.34641 1 1 1
v -0.146365 2.6277 4.34641 1 1 1
v 0.146365 2.6277 4.34641 1 1 1
v 0.186423 2.6277 4.34641 1 1 1
v 0.566836 2.6277 4.34641 1 1 1
v -0.566361 2.6239 4.32726 1 1 1
v -0.187993 2.6239 4.32726 1 1 1
v -0.146409 2.62764 4.34609 1 1 1
v -0.15516 2.6239 4.32726 1 1 1
v 0.146409 2.62764 4.34609 1 1 1
v 0.15516 2.6239 4.32726 1 1 1
v 0.187993 2.6239 4.32726 1 1 1
v 0.566361 2.6239 4.32726 1 1 1
v -0.560961 2.62011 4.30811 1 1 1
v -0.189962 2.62011 4.30811 1 1 1
v -0.163254 2.62011 4.30811 1 1 1
v 0.163254 2.62011 4.30811 1 1 1
v 0.189962 2.62011 4.30811 1 1 1
v 0.560961 2.62011 4.30811 1 1 1
v -0.561146 2.61631 4.28896 1 1 1
v -0.186742 2.61631 4.28896 1 1 1
v -0.165811 2.61631 4.28896 1 1 1
v 0.165811 2.61631 4.28896 1 1 1
v 0.186742 2.61631 4.28896 1 1 1
v 0.561146 2.61631 4.28896 1 1 1
v -0.561055 2.61251 4.26982 1 1 1
v -0.188217 2.61251 4.26982 1 1 1
v -0.16593 2.61586 4.28667 1 1 1
v -0.173552 2.61251 4.26982 1 1 1
v 0.16593 2.61586 4.28667 1 1 1
v 0.173552 2.61251 4.26982 1 1 1
v 0.188217 2.61251 4.26982 1 1 1
v 0.561055 2.61251 4.26982 1 1 1
v -0.556353 2.60952 4.2547 1 1 1
v -0.554997 2.60872 4.25067 1 1 1
v -0.185451 2.61126 4.26348 1 1 1
v 0.185451 2.61126 4.26348 1 1 1
v 0.556353 2.60952 4.2547 1 1 1
v 0.554997 2.60872 4.25067 1 1 1
v -0.556353 2.60805 4.2473 1 1 1
v -0.561547 2.60492 4.23152 1 1 1
v 0.556353 2.60805 4.2473 1 1 1
v 0.561547 2.60492 4.23152 1 1 1
v -0.556353 2.60278 4.22071 1 1 1
v -0.549615 2.60113 4.21237 1 1 1
v -0.185451 2.60175 4.21552 1 1 1
v -0.193925 2.60113 4.21237 1 1 1
v -0.176398 2.60113 4.21237 1 1 1
v -0.126888 2.60179 4.21572 1 1 1
v -0.145198 2.60113 4.21237 1 1 1
v -0.107366 2.60213 4.21742 1 1 1
v -0.0878452 2.60204 4.21699 1 1 1
v -0.0683241 2.60201 4.21685 1 1 1
v -0.0488029 2.60176 4.21559 1 1 1
v -0.0292817 2.60184 4.21595 1 1 1
v -0.0097605 2.60182 4.21588 1 1 1
v 0.00976062 2.60182 4.21588 1 1 1
v 0.0292817 2.60184 4.21595 1 1 1
v 0.048803 2.60176 4.21559 1 1 1
v 0.0683241 2.60201 4.21685 1 1 1
v 0.0878453 2.60204 4.21699 1 1 1
v 0.107366 2.60213 4.21742 1 1 1
v 0.126888 2.60179 4.21572 1 1 1
v 0.145199 2.60113 4.21237 1 1 1
v 0.185451 2.60175 4.21552 1 1 1
v 0.176398 2.60113 4.21237 1 1 1
v 0.193925 2.60113 4.21237 1 1 1
v 0.556353 2.60278 4.22071 1 1 1
v 0.549615 2.60113 4.21237 1 1 1
v -0.547998 2.59733 4.19322 1 1 1
v -0.263536 2.59788 4.19602 1 1 1
v -0.27536 2.59733 4.19322 1 1 1
v -0.244015 2.59801 4.19668 1 1 1
v -0.224493 2.59961 4.20474 1 1 1
v -0.204972 2.60032 4.2083 1 1 1
v -0.16593 2.60042 4.2088 1 1 1
v -0.146409 2.60104 4.21192 1 1 1
v 0.146409 2.60104 4.21192 1 1 1
v 0.16593 2.60042 4.2088 1 1 1
v 0.204972 2.60032 4.2083 1 1 1
v 0.224494 2.59961 4.20474 1 1 1
v 0.244015 2.59801 4.19668 1 1 1
v 0.263536 2.59788 4.19602 1 1 1
v 0.27536 2.59733 4.19322 1 1 1
v 0.547998 2.59733 4.19322 1 1 1
v -0.536832 2.59468 4.17987 1 1 1
v -0.532136 2.59353 4.17407 1 1 1
v -0.322099 2.59449 4.17891 1 1 1
v -0.336616 2.59353 4.17407 1 1 1
v -0.302578 2.59534 4.18318 1 1 1
v -0.283057 2.59648 4.18894 1 1 1
v 0.283057 2.59648 4.18894 1 1 1
v 0.302578 2.59534 4.18318 1 1 1
v 0.322099 2.59449 4.17891 1 1 1
v 0.336616 2.59353 4.17407 1 1 1
v 0.536832 2.59468 4.17987 1 1 1
v 0.532136 2.59353 4.17407 1 1 1
v -0.517311 2.59095 4.16107 1 1 1
v -0.508039 2.58974 4.15493 1 1 1
v -0.419705 2.58989 4.1557 1 1 1
v -0.424774 2.58974 4.15493 1 1 1
v -0.400184 2.59011 4.15683 1 1 1
v -0.380663 2.59171 4.16487 1 1 1
v -0.361142 2.59257 4.16922 1 1 1
v -0.34162 2.59285 4.17061 1 1 1
v 0.34162 2.59285 4.17061 1 1 1
v 0.361142 2.59257 4.16922 1 1 1
v 0.380663 2.59171 4.16487 1 1 1
v 0.400184 2.59011 4.15683 1 1 1
v 0.419705 2.58989 4.1557 1 1 1
v 0.424774 2.58974 4.15493 1 1 1
v 0.517311 2.59095 4.16107 1 1 1
v 0.508039 2.58974 4.15493 1 1 1
v -0.49779 2.5888 4.15021 1 1 1
v -0.478269 2.58852 4.1488 1 1 1
v -0.458747 2.58819 4.14713 1 1 1
v -0.439226 2.58837 4.14803 1 1 1
v 0.439226 2.58837 4.14803 1 1 1
v 0.458748 2.58819 4.14713 1 1 1
v 0.478269 2.58852 4.1488 1 1 1
v 0.49779 2.5888 4.15021 1 1 1
v -0.107366 2.87191 4.57434 1 1 1
v -0.107635 2.87187 4.57423 1 1 1
v -0.106388 2.87187 4.57423 1 1 1
v 0.107366 2.87191 4.57434 1 1 1
v 0.106388 2.87187 4.57423 1 1 1
v 0.107635 2.87187 4.57423 1 1 1
v -0.126888 2.86799 4.56305 1 1 1
v -0.139572 2.86546 4.55579 1 1 1
v -0.0878452 2.87112 4.57207 1 1 1
v -0.0683241 2.87153 4.57325 1 1 1
v -0.0488029 2.8713 4.57258 1 1 1
v -0.0292817 2.87121 4.57234 1 1 1
v -0.0097605 2.87153 4.57325 1 1 1
v 0.00976062 2.87153 4.57325 1 1 1
v 0.0292817 2.87121 4.57234 1 1 1
v 0.048803 2.8713 4.57258 1 1 1
v 0.0683241 2.87153 4.57325 1 1 1
v 0.0878453 2.87112 4.57207 1 1 1
v 0.126888 2.86799 4.56305 1 1 1
v 0.139572 2.86546 4.55579 1 1 1
v -0.204972 2.86085 4.54251 1 1 1
v -0.211068 2.85906 4.53735 1 1 1
v -0.185451 2.86314 4.54911 1 1 1
v -0.16593 2.865 4.55445 1 1 1
v -0.146409 2.86423 4.55225 1 1 1
v 0.146409 2.86423 4.55225 1 1 1
v 0.16593 2.865 4.55445 1 1 1
v 0.185451 2.86314 4.54911 1 1 1
v 0.204972 2.86085 4.54251 1 1 1
v 0.211068 2.85906 4.53735 1 1 1
v -0.212349 2.85265 4.51891 1 1 1
v 0.212349 2.85265 4.51891 1 1 1
v -0.212462 2.84625 4.50047 1 1 1
v 0.212462 2.84625 4.50047 1 1 1
v -0.210938 2.83984 4.48203 1 1 1
v 0.210938 2.83984 4.48203 1 1 1
v -0.209332 2.83344 4.46359 1 1 1
v 0.209332 2.83344 4.46359 1 1 1
v -0.419705 2.82818 4.44845 1 1 1
v -0.435804 2.82703 4.44515 1 1 1
v -0.411651 2.82703 4.44515 1 1 1
v -0.214244 2.82703 4.44515 1 1 1
v 0.214244 2.82703 4.44515 1 1 1
v 0.419705 2.82818 4.44845 1 1 1
v 0.41165 2.82703 4.44515 1 1 1
v 0.435805 2.82703 4.44515 1 1 1
v -0.458747 2.82394 4.43627 1 1 1
v -0.474461 2.82062 4.42671 1 1 1
v -0.439226 2.82687 4.4447 1 1 1
v -0.400184 2.82556 4.44092 1 1 1
v -0.380663 2.8246 4.43815 1 1 1
v -0.361142 2.82155 4.42939 1 1 1
v -0.34162 2.82075 4.42707 1 1 1
v -0.340748 2.82062 4.42671 1 1 1
v -0.223938 2.82062 4.42671 1 1 1
v 0.223938 2.82062 4.42671 1 1 1
v 0.34162 2.82075 4.42707 1 1 1
v 0.340748 2.82062 4.42671 1 1 1
v 0.361142 2.82155 4.42939 1 1 1
v 0.380663 2.8246 4.43815 1 1 1
v 0.400184 2.82556 4.44092 1 1 1
v 0.439226 2.82687 4.4447 1 1 1
v 0.458748 2.82394 4.43627 1 1 1
v 0.474462 2.82062 4.42671 1 1 1
v -0.49779 2.81734 4.41726 1 1 1
v -0.512892 2.81422 4.40827 1 1 1
v -0.478269 2.81989 4.42458 1 1 1
v -0.322099 2.81717 4.41675 1 1 1
v -0.302578 2.81678 4.41563 1 1 1
v -0.287223 2.81422 4.40827 1 1 1
v -0.224493 2.82038 4.42602 1 1 1
v -0.241967 2.81422 4.40827 1 1 1
v 0.224494 2.82038 4.42602 1 1 1
v 0.241967 2.81422 4.40827 1 1 1
v 0.302578 2.81678 4.41564 1 1 1
v 0.287223 2.81422 4.40827 1 1 1
v 0.322099 2.81717 4.41675 1 1 1
v 0.478269 2.81989 4.42458 1 1 1
v 0.49779 2.81734 4.41726 1 1 1
v 0.512892 2.81422 4.40827 1 1 1
v -0.536832 2.81059 4.39782 1 1 1
v -0.547943 2.80781 4.38983 1 1 1
v -0.517311 2.81333 4.4057 1 1 1
v -0.283057 2.81365 4.40665 1 1 1
v -0.263536 2.81125 4.39972 1 1 1
v -0.244015 2.8134 4.40591 1 1 1
v 0.244015 2.8134 4.40591 1 1 1
v 0.263536 2.81125 4.39972 1 1 1
v 0.283057 2.81365 4.40665 1 1 1
v 0.517311 2.81333 4.4057 1 1 1
v 0.536832 2.81059 4.39782 1 1 1
v 0.547943 2.80781 4.38983 1 1 1
v -0.575874 2.80354 4.37754 1 1 1
v -0.585745 2.80141 4.37139 1 1 1
v -0.556353 2.8062 4.38517 1 1 1
v -0.16593 2.80338 4.37707 1 1 1
v -0.168469 2.80141 4.37139 1 1 1
v -0.160713 2.80141 4.37139 1 1 1
v 0.16593 2.80338 4.37707 1 1 1
v 0.160713 2.80141 4.37139 1 1 1
v 0.168469 2.80141 4.37139 1 1 1
v 0.556353 2.8062 4.38517 1 1 1
v 0.575874 2.80354 4.37754 1 1 1
v 0.585745 2.80141 4.37139 1 1 1
v -0.595396 2.79922 4.36508 1 1 1
v -0.607915 2.795 4.35295 1 1 1
v -0.185451 2.79585 4.35538 1 1 1
v -0.185928 2.795 4.35295 1 1 1
v -0.151186 2.795 4.35295 1 1 1
v 0.151186 2.795 4.35295 1 1 1
v 0.185451 2.79585 4.35538 1 1 1
v 0.185928 2.795 4.35295 1 1 1
v 0.595396 2.79922 4.36508 1 1 1
v 0.607915 2.795 4.35295 1 1 1
v -0.60429 2.7886 4.33451 1 1 1
v -0.186986 2.7886 4.33451 1 1 1
v -0.146409 2.78883 4.33518 1 1 1
v -0.146375 2.7886 4.33451 1 1 1
v 0.146409 2.78883 4.33518 1 1 1
v 0.146375 2.7886 4.33451 1 1 1
v 0.186986 2.7886 4.33451 1 1 1
v 0.60429 2.7886 4.33451 1 1 1
v -0.597704 2.78219 4.31607 1 1 1
v -0.186495 2.78219 4.31607 1 1 1
v -0.14632 2.78219 4.31607 1 1 1
v 0.14632 2.78219 4.31607 1 1 1
v 0.186496 2.78219 4.31607 1 1 1
v 0.597704 2.78219 4.31607 1 1 1
v -0.595491 2.77578 4.29763 1 1 1
v -0.1878 2.77578 4.29763 1 1 1
v -0.146409 2.78196 4.31542 1 1 1
v -0.154788 2.77578 4.29763 1 1 1
v 0.146409 2.78196 4.31542 1 1 1
v 0.154788 2.77578 4.29763 1 1 1
v 0.1878 2.77578 4.29763 1 1 1
v 0.595491 2.77578 4.29763 1 1 1
v -0.595396 2.77556 4.297 1 1 1
v -0.592678 2.76938 4.27919 1 1 1
v -0.188627 2.76938 4.27919 1 1 1
v -0.163117 2.76938 4.27919 1 1 1
v 0.163117 2.76938 4.27919 1 1 1
v 0.188627 2.76938 4.27919 1 1 1
v 0.595396 2.77557 4.297 1 1 1
v 0.592678 2.76938 4.27919 1 1 1
v -0.586823 2.76297 4.26075 1 1 1
v -0.185451 2.76446 4.26504 1 1 1
v -0.16593 2.76322 4.26147 1 1 1
v 0.16593 2.76322 4.26147 1 1 1
v 0.185451 2.76446 4.26504 1 1 1
v 0.586823 2.76297 4.26075 1 1 1
v -0.584778 2.75657 4.24231 1 1 1
v 0.584778 2.75657 4.24231 1 1 1
v -0.580584 2.75016 4.22387 1 1 1
v 0.580584 2.75016 4.22387 1 1 1
v -0.576257 2.74376 4.20543 1 1 1
v 0.576257 2.74376 4.20543 1 1 1
v -0.575874 2.74222 4.201 1 1 1
v -0.573495 2.73735 4.18699 1 1 1
v -0.185451 2.73737 4.18703 1 1 1
v -0.185596 2.73735 4.18699 1 1 1
v -0.185274 2.73735 4.18699 1 1 1
v -0.126888 2.73836 4.18989 1 1 1
v -0.141246 2.73735 4.18699 1 1 1
v -0.107366 2.73909 4.19199 1 1 1
v -0.0878452 2.73899 4.19171 1 1 1
v -0.0683241 2.73885 4.19131 1 1 1
v -0.0488029 2.73835 4.18986 1 1 1
v -0.0292817 2.73847 4.1902 1 1 1
v -0.0097605 2.73845 4.19015 1 1 1
v 0.00976062 2.73845 4.19015 1 1 1
v 0.0292817 2.73847 4.1902 1 1 1
v 0.048803 2.73835 4.18986 1 1 1
v 0.0683241 2.73885 4.19131 1 1 1
v 0.0878453 2.73899 4.19171 1 1 1
v 0.107366 2.73909 4.19199 1 1 1
v 0.126888 2.73836 4.18989 1 1 1
v 0.141246 2.73735 4.18699 1 1 1
v 0.185451 2.73737 4.18703 1 1 1
v 0.185273 2.73735 4.18699 1 1 1
v 0.185596 2.73735 4.18699 1 1 1
v 0.575874 2.74222 4.201 1 1 1
v 0.573495 2.73735 4.18699 1 1 1
v -0.563648 2.73094 4.16855 1 1 1
v -0.263536 2.73155 4.17028 1 1 1
v -0.271252 2.73094 4.16855 1 1 1
v -0.244015 2.73155 4.1703 1 1 1
v -0.224493 2.73367 4.17639 1 1 1
v -0.204972 2.73512 4.18058 1 1 1
v -0.16593 2.73555 4.18179 1 1 1
v -0.146409 2.73669 4.18508 1 1 1
v 0.146409 2.73669 4.18508 1 1 1
v 0.16593 2.73555 4.18179 1 1 1
v 0.204972 2.73512 4.18058 1 1 1
v 0.224494 2.73367 4.17639 1 1 1
v 0.244015 2.73155 4.1703 1 1 1
v 0.263536 2.73155 4.17028 1 1 1
v 0.271252 2.73094 4.16855 1 1 1
v 0.563648 2.73094 4.16855 1 1 1
v -0.557686 2.72454 4.15011 1 1 1
v -0.322099 2.72586 4.1539 1 1 1
v -0.334246 2.72454 4.15011 1 1 1
v -0.302578 2.72716 4.15767 1 1 1
v -0.283057 2.7289 4.16266 1 1 1
v 0.283057 2.7289 4.16266 1 1 1
v 0.302578 2.72716 4.15767 1 1 1
v 0.322099 2.72586 4.1539 1 1 1
v 0.334246 2.72454 4.15011 1 1 1
v 0.557687 2.72454 4.15011 1 1 1
v -0.556353 2.72374 4.14781 1 1 1
v -0.536832 2.7221 4.14307 1 1 1
v -0.518248 2.71813 4.13167 1 1 1
v -0.419705 2.71829 4.13212 1 1 1
v -0.422803 2.71813 4.13167 1 1 1
v -0.400184 2.71867 4.13321 1 1 1
v -0.380663 2.72111 4.14024 1 1 1
v -0.361142 2.72236 4.14384 1 1 1
v -0.34162 2.72293 4.14546 1 1 1
v 0.34162 2.72293 4.14546 1 1 1
v 0.361142 2.72236 4.14384 1 1 1
v 0.380663 2.72111 4.14024 1 1 1
v 0.400184 2.71867 4.13321 1 1 1
v 0.419705 2.71829 4.13212 1 1 1
v 0.422803 2.71813 4.13167 1 1 1
v 0.536832 2.7221 4.14307 1 1 1
v 0.518248 2.71813 4.13167 1 1 1
v 0.556353 2.72374 4.14781 1 1 1
v -0.517311 2.71794 4.1311 1 1 1
v -0.49779 2.71563 4.12446 1 1 1
v -0.478269 2.71545 4.12393 1 1 1
v -0.458747 2.71523 4.12331 1 1 1
v -0.439226 2.71559 4.12433 1 1 1
v 0.439226 2.71559 4.12433 1 1 1
v 0.458748 2.71523 4.12331 1 1 1
v 0.478269 2.71545 4.12393 1 1 1
v 0.49779 2.71563 4.12446 1 1 1
v 0.517311 2.71794 4.1311 1 1 1
v -0.107366 3.05371 4.51169 1 1 1
v -0.113707 3.0526 4.50943 1 1 1
v -0.0878452 3.05285 4.50995 1 1 1
v -0.0683241 3.0533 4.51084 1 1 1
v -0.0488029 3.05309 4.51042 1 1 1
v -0.0292817 3.05277 4.50977 1 1 1
v -0.0097605 3.05344 4.51113 1 1 1
v 0.00976062 3.05344 4.51113 1 1 1
v 0.0292817 3.05277 4.50977 1 1 1
v 0.048803 3.05309 4.51042 1 1 1
v 0.0683241 3.0533 4.51084 1 1 1
v 0.0878453 3.05285 4.50995 1 1 1
v 0.107366 3.05371 4.51169 1 1 1
v 0.113707 3.0526 4.50943 1 1 1
v -0.16593 3.04558 4.49524 1 1 1
v -0.180517 3.04394 4.49193 1 1 1
v -0.146409 3.04548 4.49505 1 1 1
v -0.126888 3.04956 4.50329 1 1 1
v 0.126888 3.04956 4.50329 1 1 1
v 0.146409 3.04548 4.49505 1 1 1
v 0.16593 3.04558 4.49524 1 1 1
v 0.180517 3.04394 4.49193 1 1 1
v -0.204972 3.04149 4.48698 1 1 1
v -0.220818 3.03528 4.47444 1 1 1
v -0.185451 3.04338 4.49081 1 1 1
v 0.185451 3.04338 4.49081 1 1 1
v 0.204972 3.04149 4.48698 1 1 1
v 0.220818 3.03528 4.47444 1 1 1
v -0.219437 3.02662 4.45694 1 1 1
v 0.219437 3.02662 4.45694 1 1 1
v -0.218142 3.01796 4.43945 1 1 1
v 0.218142 3.01796 4.43945 1 1 1
v -0.215303 3.0093 4.42195 1 1 1
v 0.215303 3.0093 4.42195 1 1 1
v -0.419705 3.00443 4.4121 1 1 1
v -0.437748 3.00064 4.40445 1 1 1
v -0.400184 3.00328 4.40978 1 1 1
v -0.390272 3.00064 4.40445 1 1 1
v -0.212132 3.00064 4.40445 1 1 1
v 0.212132 3.00064 4.40445 1 1 1
v 0.400184 3.00328 4.40978 1 1 1
v 0.390272 3.00064 4.40445 1 1 1
v 0.419705 3.00443 4.4121 1 1 1
v 0.437748 3.00064 4.40445 1 1 1
v -0.458747 2.99705 4.3972 1 1 1
v -0.478124 2.99198 4.38696 1 1 1
v -0.439226 3.00037 4.40389 1 1 1
v -0.380663 2.99768 4.39846 1 1 1
v -0.361142 2.99345 4.38993 1 1 1
v -0.355876 2.99198 4.38696 1 1 1
v -0.214819 2.99198 4.38696 1 1 1
v 0.214819 2.99198 4.38696 1 1 1
v 0.361142 2.99345 4.38993 1 1 1
v 0.355876 2.99198 4.38696 1 1 1
v 0.380663 2.99768 4.39846 1 1 1
v 0.439226 3.00037 4.40389 1 1 1
v 0.458748 2.99705 4.3972 1 1 1
v 0.478125 2.99198 4.38696 1 1 1
v -0.517311 2.98404 4.37091 1 1 1
v -0.519896 2.98333 4.36946 1 1 1
v -0.49779 2.98792 4.37875 1 1 1
v -0.478269 2.99195 4.38688 1 1 1
v -0.34162 2.98878 4.38048 1 1 1
v -0.322099 2.98435 4.37152 1 1 1
v -0.311046 2.98333 4.36946 1 1 1
v -0.223787 2.98333 4.36946 1 1 1
v 0.223787 2.98333 4.36946 1 1 1
v 0.322099 2.98435 4.37152 1 1 1
v 0.311045 2.98333 4.36946 1 1 1
v 0.34162 2.98878 4.38048 1 1 1
v 0.478269 2.99195 4.38688 1 1 1
v 0.49779 2.98792 4.37875 1 1 1
v 0.517311 2.98404 4.37091 1 1 1
v 0.519896 2.98333 4.36946 1 1 1
v -0.556353 2.97526 4.35315 1 1 1
v -0.559174 2.97467 4.35197 1 1 1
v -0.536832 2.97939 4.36151 1 1 1
v -0.302578 2.98252 4.36784 1 1 1
v -0.283057 2.97656 4.35578 1 1 1
v -0.274863 2.97467 4.35197 1 1 1
v -0.224493 2.98291 4.36861 1 1 1
v -0.241875 2.97467 4.35197 1 1 1
v 0.224494 2.98291 4.36861 1 1 1
v 0.241875 2.97467 4.35197 1 1 1
v 0.283057 2.97656 4.35578 1 1 1
v 0.274862 2.97467 4.35197 1 1 1
v 0.302578 2.98252 4.36784 1 1 1
v 0.536832 2.97939 4.36151 1 1 1
v 0.556353 2.97526 4.35315 1 1 1
v 0.559175 2.97467 4.35197 1 1 1
v -0.575874 2.97151 4.34559 1 1 1
v -0.595204 2.96601 4.33447 1 1 1
v -0.263536 2.97203 4.34663 1 1 1
v -0.244015 2.97354 4.34969 1 1 1
v 0.244015 2.97354 4.34969 1 1 1
v 0.263536 2.97203 4.34663 1 1 1
v 0.575874 2.97151 4.34559 1 1 1
v 0.595204 2.96601 4.33447 1 1 1
v -0.634438 2.95891 4.32013 1 1 1
v -0.639653 2.95735 4.31698 1 1 1
v -0.614917 2.96283 4.32805 1 1 1
v -0.595396 2.96595 4.33436 1 1 1
v -0.16593 2.95867 4.31965 1 1 1
v -0.167528 2.95735 4.31698 1 1 1
v -0.163554 2.95735 4.31698 1 1 1
v 0.16593 2.95867 4.31965 1 1 1
v 0.163554 2.95735 4.31698 1 1 1
v 0.167528 2.95735 4.31698 1 1 1
v 0.595396 2.96595 4.33436 1 1 1
v 0.614917 2.96283 4.32805 1 1 1
v 0.634438 2.95891 4.32013 1 1 1
v 0.639653 2.95735 4.31698 1 1 1
v -0.637771 2.94869 4.29948 1 1 1
v -0.185451 2.95011 4.30235 1 1 1
v -0.186051 2.94869 4.29948 1 1 1
v -0.152815 2.94869 4.29948 1 1 1
v 0.152815 2.94869 4.29948 1 1 1
v 0.185451 2.95011 4.30235 1 1 1
v 0.186051 2.94869 4.29948 1 1 1
v 0.637771 2.94869 4.29948 1 1 1
v -0.634438 2.94474 4.2915 1 1 1
v -0.630961 2.94003 4.28198 1 1 1
v -0.187121 2.94003 4.28198 1 1 1
v -0.147226 2.94003 4.28198 1 1 1
v 0.147226 2.94003 4.28198 1 1 1
v 0.187121 2.94003 4.28198 1 1 1
v 0.634438 2.94474 4.2915 1 1 1
v 0.630962 2.94003 4.28198 1 1 1
v -0.626841 2.93137 4.26449 1 1 1
v -0.18657 2.93137 4.26449 1 1 1
v -0.146409 2.93606 4.27396 1 1 1
v -0.146273 2.93137 4.26449 1 1 1
v 0.146409 2.93606 4.27396 1 1 1
v 0.146273 2.93137 4.26449 1 1 1
v 0.18657 2.93137 4.26449 1 1 1
v 0.626841 2.93137 4.26449 1 1 1
v -0.621157 2.92271 4.24699 1 1 1
v -0.18761 2.92271 4.24699 1 1 1
v -0.146409 2.93088 4.2635 1 1 1
v -0.154385 2.92271 4.24699 1 1 1
v 0.146409 2.93088 4.2635 1 1 1
v 0.154385 2.92271 4.24699 1 1 1
v 0.18761 2.92271 4.24699 1 1 1
v 0.621158 2.92271 4.24699 1 1 1
v -0.614917 2.91595 4.23332 1 1 1
v -0.61378 2.91406 4.2295 1 1 1
v -0.187398 2.91406 4.2295 1 1 1
v -0.162964 2.91406 4.2295 1 1 1
v 0.162964 2.91406 4.2295 1 1 1
v 0.187398 2.91406 4.2295 1 1 1
v 0.614917 2.91595 4.23332 1 1 1
v 0.613781 2.91406 4.2295 1 1 1
v -0.609658 2.9054 4.212 1 1 1
v -0.185451 2.91044 4.22219 1 1 1
v -0.16593 2.90645 4.21414 1 1 1
v 0.16593 2.90645 4.21414 1 1 1
v 0.185451 2.91044 4.22219 1 1 1
v 0.609659 2.9054 4.212 1 1 1
v -0.604171 2.89674 4.1945 1 1 1
v 0.604171 2.89674 4.1945 1 1 1
v -0.598304 2.88808 4.17701 1 1 1
v 0.598303 2.88808 4.17701 1 1 1
v -0.595396 2.88556 4.17193 1 1 1
v -0.588062 2.87942 4.15951 1 1 1
v 0.595396 2.88556 4.17193 1 1 1
v 0.588062 2.87942 4.15951 1 1 1
v -0.584769 2.87076 4.14202 1 1 1
v -0.126888 2.87195 4.14441 1 1 1
v -0.137839 2.87076 4.14202 1 1 1
v -0.107366 2.87318 4.1469 1 1 1
v -0.0878452 2.87312 4.14678 1 1 1
v -0.0683241 2.87279 4.14612 1 1 1
v -0.0488029 2.872 4.14453 1 1 1
v -0.0292817 2.87216 4.14485 1 1 1
v -0.0097605 2.87215 4.14483 1 1 1
v 0.00976062 2.87215 4.14483 1 1 1
v 0.0292817 2.87216 4.14485 1 1 1
v 0.048803 2.872 4.14453 1 1 1
v 0.0683241 2.87279 4.14612 1 1 1
v 0.0878453 2.87312 4.14678 1 1 1
v 0.107366 2.87318 4.1469 1 1 1
v 0.126888 2.87195 4.14441 1 1 1
v 0.137839 2.87076 4.14202 1 1 1
v 0.584769 2.87076 4.14202 1 1 1
v -0.575874 2.86296 4.12625 1 1 1
v -0.574694 2.8621 4.12452 1 1 1
v -0.263536 2.86249 4.1253 1 1 1
v -0.267204 2.8621 4.12452 1 1 1
v -0.244015 2.86228 4.12487 1 1 1
v -0.224493 2.86459 4.12955 1 1 1
v -0.204972 2.86678 4.13397 1 1 1
v -0.185451 2.86955 4.13956 1 1 1
v -0.16593 2.86763 4.13569 1 1 1
v -0.146409 2.86924 4.13894 1 1 1
v 0.146409 2.86924 4.13894 1 1 1
v 0.16593 2.86763 4.13569 1 1 1
v 0.185451 2.86955 4.13956 1 1 1
v 0.204972 2.86678 4.13397 1 1 1
v 0.224494 2.86459 4.12955 1 1 1
v 0.244015 2.86228 4.12487 1 1 1
v 0.263536 2.86249 4.1253 1 1 1
v 0.267204 2.8621 4.12452 1 1 1
v 0.575874 2.86296 4.12625 1 1 1
v 0.574694 2.8621 4.12452 1 1 1
v -0.565678 2.85344 4.10703 1 1 1
v -0.322099 2.85485 4.10986 1 1 1
v -0.331899 2.85344 4.10703 1 1 1
v -0.302578 2.85649 4.11318 1 1 1
v -0.283057 2.85862 4.1175 1 1 1
v 0.283057 2.85862 4.1175 1 1 1
v 0.302578 2.85649 4.11318 1 1 1
v 0.322099 2.85485 4.10986 1 1 1
v 0.331899 2.85344 4.10703 1 1 1
v 0.565678 2.85344 4.10703 1 1 1
v -0.556353 2.84717 4.09435 1 1 1
v -0.536832 2.84649 4.09297 1 1 1
v -0.528922 2.84478 4.08953 1 1 1
v -0.419705 2.84486 4.08969 1 1 1
v -0.42084 2.84478 4.08953 1 1 1
v -0.400184 2.84538 4.09073 1 1 1
v -0.380663 2.84839 4.09682 1 1 1
v -0.361142 2.84987 4.0998 1 1 1
v -0.34162 2.85072 4.10153 1 1 1
v 0.34162 2.85072 4.10153 1 1 1
v 0.361142 2.84987 4.0998 1 1 1
v 0.380663 2.84839 4.09682 1 1 1
v 0.400184 2.84538 4.09073 1 1 1
v 0.419705 2.84486 4.08969 1 1 1
v 0.42084 2.84478 4.08953 1 1 1
v 0.536832 2.84649 4.09297 1 1 1
v 0.528922 2.84478 4.08953 1 1 1
v 0.556353 2.84717 4.09435 1 1 1
v -0.517311 2.84231 4.08454 1 1 1
v -0.49779 2.8404 4.08067 1 1 1
v -0.478269 2.84044 4.08075 1 1 1
v -0.458747 2.84049 4.08086 1 1 1
v -0.439226 2.84104 4.08196 1 1 1
v 0.439226 2.84104 4.08196 1 1 1
v 0.458748 2.84049 4.08086 1 1 1
v 0.478269 2.84044 4.08075 1 1 1
v 0.49779 2.8404 4.08067 1 1 1
v 0.517311 2.84231 4.08454 1 1 1
v -0.107366 3.22279 4.42872 1 1 1
v -0.120213 3.22031 4.42484 1 1 1
v -0.0878452 3.22228 4.42792 1 1 1
v -0.0683241 3.22251 4.42829 1 1 1
v -0.0488029 3.22257 4.42839 1 1 1
v -0.0292817 3.22214 4.42771 1 1 1
v -0.0097605 3.22277 4.42871 1 1 1
v 0.00976062 3.22277 4.42871 1 1 1
v 0.0292817 3.22214 4.42771 1 1 1
v 0.048803 3.22257 4.42839 1 1 1
v 0.0683241 3.22251 4.42829 1 1 1
v 0.0878453 3.22228 4.42792 1 1 1
v 0.107366 3.22279 4.42872 1 1 1
v 0.120213 3.22031 4.42484 1 1 1
v -0.204972 3.21051 4.40948 1 1 1
v -0.210018 3.20981 4.40838 1 1 1
v -0.185451 3.2117 4.41134 1 1 1
v -0.16593 3.21409 4.41508 1 1 1
v -0.146409 3.21515 4.41675 1 1 1
v -0.126888 3.21871 4.42233 1 1 1
v 0.126888 3.21871 4.42233 1 1 1
v 0.146409 3.21515 4.41675 1 1 1
v 0.16593 3.21409 4.41508 1 1 1
v 0.185451 3.2117 4.41134 1 1 1
v 0.204972 3.21051 4.40948 1 1 1
v 0.210017 3.20981 4.40838 1 1 1
v -0.224493 3.20429 4.39972 1 1 1
v -0.228553 3.19932 4.39192 1 1 1
v 0.224494 3.20429 4.39972 1 1 1
v 0.228553 3.19932 4.39192 1 1 1
v -0.22514 3.18883 4.37546 1 1 1
v 0.22514 3.18883 4.37546 1 1 1
v -0.224493 3.18575 4.37063 1 1 1
v -0.222684 3.17833 4.359 1 1 1
v 0.224494 3.18575 4.37063 1 1 1
v 0.222684 3.17833 4.359 1 1 1
v -0.419705 3.17065 4.34695 1 1 1
v -0.430851 3.16784 4.34254 1 1 1
v -0.400184 3.16943 4.34504 1 1 1
v -0.394973 3.16784 4.34254 1 1 1
v -0.218775 3.16784 4.34254 1 1 1
v 0.218775 3.16784 4.34254 1 1 1
v 0.400184 3.16943 4.34504 1 1 1
v 0.394973 3.16784 4.34254 1 1 1
v 0.419705 3.17065 4.34695 1 1 1
v 0.430851 3.16784 4.34254 1 1 1
v -0.458747 3.16145 4.33252 1 1 1
v -0.474851 3.15734 4.32608 1 1 1
v -0.439226 3.16575 4.33926 1 1 1
v -0.380663 3.1633 4.33542 1 1 1
v -0.362399 3.15734 4.32608 1 1 1
v -0.214439 3.15734 4.32608 1 1 1
v 0.214439 3.15734 4.32608 1 1 1
v 0.380663 3.1633 4.33542 1 1 1
v 0.362399 3.15734 4.32608 1 1 1
v 0.439226 3.16575 4.33926 1 1 1
v 0.458748 3.16145 4.33252 1 1 1
v 0.474851 3.15734 4.32608 1 1 1
v -0.517311 3.14736 4.31042 1 1 1
v -0.519084 3.14685 4.30962 1 1 1
v -0.49779 3.15119 4.31643 1 1 1
v -0.478269 3.15635 4.32452 1 1 1
v -0.361142 3.15696 4.32548 1 1 1
v -0.34162 3.15024 4.31493 1 1 1
v -0.332797 3.14685 4.30962 1 1 1
v -0.215367 3.14685 4.30962 1 1 1
v 0.215367 3.14685 4.30962 1 1 1
v 0.34162 3.15024 4.31493 1 1 1
v 0.332797 3.14685 4.30962 1 1 1
v 0.361142 3.15696 4.32548 1 1 1
v 0.478269 3.15635 4.32452 1 1 1
v 0.49779 3.15119 4.31643 1 1 1
v 0.517311 3.14736 4.31042 1 1 1
v 0.519084 3.14685 4.30962 1 1 1
v -0.556353 3.13759 4.29509 1 1 1
v -0.560623 3.13636 4.29316 1 1 1
v -0.536832 3.14136 4.301 1 1 1
v -0.322099 3.14382 4.30487 1 1 1
v -0.302578 3.13902 4.29733 1 1 1
v -0.295123 3.13636 4.29316 1 1 1
v -0.223628 3.13636 4.29316 1 1 1
v 0.223628 3.13636 4.29316 1 1 1
v 0.302578 3.13902 4.29733 1 1 1
v 0.295123 3.13636 4.29316 1 1 1
v 0.322099 3.14382 4.30487 1 1 1
v 0.536832 3.14136 4.301 1 1 1
v 0.556353 3.13759 4.29509 1 1 1
v 0.560624 3.13636 4.29316 1 1 1
v -0.595396 3.12837 4.28063 1 1 1
v -0.604499 3.12586 4.27669 1 1 1
v -0.575874 3.13234 4.28685 1 1 1
v -0.283057 3.13101 4.28478 1 1 1
v -0.268538 3.12586 4.27669 1 1 1
v -0.224493 3.13572 4.29216 1 1 1
v -0.241772 3.12586 4.27669 1 1 1
v 0.224494 3.13572 4.29216 1 1 1
v 0.241772 3.12586 4.27669 1 1 1
v 0.283057 3.13101 4.28478 1 1 1
v 0.268537 3.12586 4.27669 1 1 1
v 0.575874 3.13234 4.28685 1 1 1
v 0.595396 3.12837 4.28063 1 1 1
v 0.604499 3.12586 4.27669 1 1 1
v -0.634438 3.11854 4.2652 1 1 1
v -0.646555 3.11537 4.26023 1 1 1
v -0.614917 3.1228 4.27189 1 1 1
v -0.263536 3.12408 4.2739 1 1 1
v -0.244015 3.12447 4.27451 1 1 1
v 0.244015 3.12447 4.27451 1 1 1
v 0.263536 3.12408 4.2739 1 1 1
v 0.614917 3.1228 4.27189 1 1 1
v 0.634438 3.11854 4.2652 1 1 1
v 0.646556 3.11537 4.26023 1 1 1
v -0.67348 3.10522 4.24432 1 1 1
v -0.673953 3.10487 4.24377 1 1 1
v -0.653959 3.113 4.25652 1 1 1
v -0.16593 3.10517 4.24425 1 1 1
v -0.166312 3.10487 4.24377 1 1 1
v -0.165512 3.10487 4.24377 1 1 1
v 0.16593 3.10518 4.24425 1 1 1
v 0.165511 3.10487 4.24377 1 1 1
v 0.166312 3.10487 4.24377 1 1 1
v 0.653959 3.113 4.25652 1 1 1
v 0.67348 3.10522 4.24432 1 1 1
v 0.673953 3.10487 4.24377 1 1 1
v -0.67348 3.10425 4.24279 1 1 1
v -0.664845 3.09438 4.22731 1 1 1
v -0.185451 3.09646 4.23058 1 1 1
v -0.186184 3.09438 4.22731 1 1 1
v -0.154213 3.09438 4.22731 1 1 1
v 0.154213 3.09438 4.22731 1 1 1
v 0.185451 3.09646 4.23058 1 1 1
v 0.186185 3.09438 4.22731 1 1 1
v 0.67348 3.10425 4.24279 1 1 1
v 0.664845 3.09438 4.22731 1 1 1
v -0.658156 3.08389 4.21085 1 1 1
v -0.187266 3.08389 4.21085 1 1 1
v -0.148172 3.08389 4.21085 1 1 1
v 0.148172 3.08389 4.21085 1 1 1
v 0.187266 3.08389 4.21085 1 1 1
v 0.658156 3.08389 4.21085 1 1 1
v -0.653959 3.07868 4.20269 1 1 1
v -0.649304 3.07339 4.19439 1 1 1
v -0.186647 3.07339 4.19439 1 1 1
v -0.146409 3.0777 4.20116 1 1 1
v -0.146224 3.07339 4.19439 1 1 1
v 0.146409 3.0777 4.20116 1 1 1
v 0.146224 3.07339 4.19439 1 1 1
v 0.186647 3.07339 4.19439 1 1 1
v 0.653959 3.07868 4.20269 1 1 1
v 0.649304 3.07339 4.19439 1 1 1
v -0.642983 3.0629 4.17793 1 1 1
v -0.187422 3.0629 4.17793 1 1 1
v -0.146409 3.07254 4.19306 1 1 1
v -0.153947 3.0629 4.17793 1 1 1
v 0.146409 3.07254 4.19306 1 1 1
v 0.153947 3.0629 4.17793 1 1 1
v 0.187422 3.0629 4.17793 1 1 1
v 0.642983 3.0629 4.17793 1 1 1
v -0.634962 3.0524 4.16147 1 1 1
v -0.186263 3.0524 4.16147 1 1 1
v -0.162792 3.0524 4.16147 1 1 1
v 0.162792 3.0524 4.16147 1 1 1
v 0.186264 3.0524 4.16147 1 1 1
v 0.634962 3.0524 4.16147 1 1 1
v -0.634438 3.0518 4.16053 1 1 1
v -0.626077 3.04191 4.14501 1 1 1
v -0.185451 3.05075 4.15887 1 1 1
v -0.16593 3.04392 4.14817 1 1 1
v 0.16593 3.04392 4.14817 1 1 1
v 0.185451 3.05075 4.15887 1 1 1
v 0.634438 3.0518 4.16053 1 1 1
v 0.626077 3.04191 4.14501 1 1 1
v -0.618043 3.03141 4.12855 1 1 1
v 0.618043 3.03141 4.12855 1 1 1
v -0.614917 3.02792 4.12307 1 1 1
v -0.609497 3.02092 4.11209 1 1 1
v 0.614917 3.02792 4.12307 1 1 1
v 0.609497 3.02092 4.11209 1 1 1
v -0.600208 3.01043 4.09563 1 1 1
v 0.600208 3.01043 4.09563 1 1 1
v -0.595396 3.00351 4.08477 1 1 1
v -0.593768 2.99993 4.07917 1 1 1
v -0.126888 3.00113 4.08105 1 1 1
v -0.134871 2.99993 4.07917 1 1 1
v -0.107366 3.00296 4.08391 1 1 1
v -0.0878452 3.00297 4.08393 1 1 1
v -0.0683241 3.0024 4.08304 1 1 1
v -0.0488029 3.00131 4.08133 1 1 1
v -0.0292817 3.0015 4.08163 1 1 1
v -0.0097605 3.0015 4.08163 1 1 1
v 0.00976062 3.0015 4.08163 1 1 1
v 0.0292817 3.0015 4.08163 1 1 1
v 0.048803 3.00131 4.08133 1 1 1
v 0.0683241 3.0024 4.08304 1 1 1
v 0.0878453 3.00297 4.08393 1 1 1
v 0.107366 3.00296 4.08391 1 1 1
v 0.126888 3.00113 4.08105 1 1 1
v 0.134871 2.99993 4.07917 1 1 1
v 0.595396 3.00351 4.08478 1 1 1
v 0.593768 2.99993 4.07917 1 1 1
v -0.584838 2.98944 4.06271 1 1 1
v -0.224493 2.99129 4.06561 1 1 1
v -0.238349 2.98944 4.06271 1 1 1
v -0.204972 2.99411 4.07003 1 1 1
v -0.185451 2.99721 4.0749 1 1 1
v -0.16593 2.99542 4.07209 1 1 1
v -0.146409 2.99739 4.07518 1 1 1
v 0.146409 2.99739 4.07518 1 1 1
v 0.16593 2.99542 4.07209 1 1 1
v 0.185451 2.99721 4.0749 1 1 1
v 0.204972 2.99411 4.07003 1 1 1
v 0.224494 2.99129 4.06561 1 1 1
v 0.238349 2.98944 4.06271 1 1 1
v 0.584838 2.98944 4.06271 1 1 1
v -0.575874 2.98152 4.05029 1 1 1
v -0.573278 2.97894 4.04625 1 1 1
v -0.322099 2.98021 4.04823 1 1 1
v -0.329576 2.97894 4.04625 1 1 1
v -0.302578 2.98209 4.05117 1 1 1
v -0.283057 2.98447 4.05492 1 1 1
v -0.263536 2.98924 4.0624 1 1 1
v -0.244015 2.98862 4.06142 1 1 1
v 0.244015 2.98862 4.06142 1 1 1
v 0.263536 2.98924 4.0624 1 1 1
v 0.283057 2.98447 4.05492 1 1 1
v 0.302578 2.98209 4.05117 1 1 1
v 0.322099 2.98021 4.04823 1 1 1
v 0.329576 2.97894 4.04625 1 1 1
v 0.575874 2.98152 4.05029 1 1 1
v 0.573278 2.97894 4.04625 1 1 1
v -0.559165 2.96845 4.02979 1 1 1
v -0.400184 2.96901 4.03067 1 1 1
v -0.416638 2.96845 4.02979 1 1 1
v -0.380663 2.97237 4.03593 1 1 1
v -0.361142 2.97395 4.03841 1 1 1
v -0.34162 2.97506 4.04016 1 1 1
v 0.34162 2.97506 4.04016 1 1 1
v 0.361142 2.97395 4.03841 1 1 1
v 0.380663 2.97237 4.03593 1 1 1
v 0.400184 2.96901 4.03067 1 1 1
v 0.416638 2.96845 4.02979 1 1 1
v 0.559165 2.96845 4.02979 1 1 1
v -0.556353 2.96748 4.02827 1 1 1
v -0.536832 2.96728 4.02795 1 1 1
v -0.517311 2.96346 4.02196 1 1 1
v -0.49779 2.96214 4.01989 1 1 1
v -0.478269 2.96246 4.02039 1 1 1
v -0.458747 2.96284 4.02099 1 1 1
v -0.439226 2.96356 4.02212 1 1 1
v -0.419705 2.9681 4.02923 1 1 1
v 0.419705 2.9681 4.02923 1 1 1
v 0.439226 2.96356 4.02212 1 1 1
v 0.458748 2.96284 4.02099 1 1 1
v 0.478269 2.96246 4.02039 1 1 1
v 0.49779 2.96214 4.01989 1 1 1
v 0.517311 2.96346 4.02196 1 1 1
v 0.536832 2.96728 4.02795 1 1 1
v 0.556353 2.96748 4.02827 1 1 1
v -0.126888 3.37706 4.32351 1 1 1
v -0.127471 3.37699 4.32342 1 1 1
v -0.107366 3.38099 4.32846 1 1 1
v -0.0878452 3.3808 4.32823 1 1 1
v -0.0683241 3.38085 4.32828 1 1 1
v -0.0488029 3.38114 4.32865 1 1 1
v -0.0292817 3.38062 4.328 1 1 1
v -0.0097605 3.38121 4.32874 1 1 1
v 0.00976062 3.38121 4.32874 1 1 1
v 0.0292817 3.38062 4.328 1 1 1
v 0.048803 3.38114 4.32865 1 1 1
v 0.0683241 3.38085 4.32828 1 1 1
v 0.0878453 3.3808 4.32823 1 1 1
v 0.107366 3.38099 4.32846 1 1 1
v 0.126888 3.37706 4.32351 1 1 1
v 0.127471 3.37699 4.32342 1 1 1
v -0.224493 3.36602 4.30959 1 1 1
v -0.227892 3.36486 4.30812 1 1 1
v -0.204972 3.36869 4.31295 1 1 1
v -0.185451 3.36954 4.31403 1 1 1
v -0.16593 3.37204 4.31718 1 1 1
v -0.146409 3.37403 4.31969 1 1 1
v 0.146409 3.37403 4.31969 1 1 1
v 0.16593 3.37204 4.31718 1 1 1
v 0.185451 3.36954 4.31403 1 1 1
v 0.204972 3.36869 4.31295 1 1 1
v 0.224494 3.36602 4.30959 1 1 1
v 0.227892 3.36486 4.30812 1 1 1
v -0.234569 3.35273 4.29283 1 1 1
v 0.234569 3.35273 4.29283 1 1 1
v -0.229452 3.3406 4.27753 1 1 1
v 0.229453 3.3406 4.27753 1 1 1
v -0.400184 3.32939 4.2634 1 1 1
v -0.40896 3.32847 4.26224 1 1 1
v -0.396831 3.32847 4.26224 1 1 1
v -0.226169 3.32847 4.26224 1 1 1
v 0.226169 3.32847 4.26224 1 1 1
v 0.400184 3.32939 4.2634 1 1 1
v 0.396831 3.32847 4.26224 1 1 1
v 0.40896 3.32847 4.26224 1 1 1
v -0.458747 3.31666 4.24735 1 1 1
v -0.459815 3.31634 4.24694 1 1 1
v -0.439226 3.32203 4.25412 1 1 1
v -0.419705 3.32753 4.26106 1 1 1
v -0.380663 3.32199 4.25407 1 1 1
v -0.370388 3.31634 4.24694 1 1 1
v -0.224493 3.32355 4.25603 1 1 1
v -0.221604 3.31634 4.24694 1 1 1
v 0.224494 3.32355 4.25603 1 1 1
v 0.221604 3.31634 4.24694 1 1 1
v 0.380663 3.32199 4.25407 1 1 1
v 0.370388 3.31634 4.24694 1 1 1
v 0.419705 3.32753 4.26106 1 1 1
v 0.439226 3.32203 4.25412 1 1 1
v 0.458748 3.31666 4.24735 1 1 1
v 0.459815 3.31634 4.24694 1 1 1
v -0.49779 3.30659 4.23464 1 1 1
v -0.50654 3.30421 4.23165 1 1 1
v -0.478269 3.31104 4.24026 1 1 1
v -0.361142 3.31205 4.24153 1 1 1
v -0.34162 3.30546 4.23323 1 1 1
v -0.338521 3.30421 4.23165 1 1 1
v -0.216373 3.30421 4.23165 1 1 1
v 0.216373 3.30421 4.23165 1 1 1
v 0.34162 3.30546 4.23323 1 1 1
v 0.338521 3.30421 4.23165 1 1 1
v 0.361142 3.31205 4.24153 1 1 1
v 0.478269 3.31104 4.24026 1 1 1
v 0.49779 3.30659 4.23464 1 1 1
v 0.50654 3.30421 4.23165 1 1 1
v -0.536832 3.29571 4.22093 1 1 1
v -0.554049 3.29208 4.21635 1 1 1
v -0.517311 3.30147 4.22819 1 1 1
v -0.322099 3.29521 4.2203 1 1 1
v -0.316814 3.29208 4.21635 1 1 1
v -0.215891 3.29208 4.21635 1 1 1
v 0.215891 3.29208 4.21635 1 1 1
v 0.322099 3.29521 4.2203 1 1 1
v 0.316814 3.29208 4.21635 1 1 1
v 0.517311 3.30147 4.22819 1 1 1
v 0.536832 3.29571 4.22093 1 1 1
v 0.554049 3.29208 4.21635 1 1 1
v -0.595396 3.2806 4.20188 1 1 1
v -0.597624 3.27995 4.20106 1 1 1
v -0.575874 3.28527 4.20777 1 1 1
v -0.556353 3.29159 4.21574 1 1 1
v -0.302578 3.28653 4.20935 1 1 1
v -0.288745 3.27995 4.20106 1 1 1
v -0.223458 3.27995 4.20106 1 1 1
v 0.223458 3.27995 4.20106 1 1 1
v 0.302578 3.28653 4.20935 1 1 1
v 0.288745 3.27995 4.20106 1 1 1
v 0.556353 3.29159 4.21574 1 1 1
v 0.575874 3.28527 4.20777 1 1 1
v 0.595396 3.2806 4.20188 1 1 1
v 0.597625 3.27995 4.20106 1 1 1
v -0.634438 3.2703 4.18889 1 1 1
v -0.642939 3.26782 4.18576 1 1 1
v -0.614917 3.27521 4.19509 1 1 1
v -0.283057 3.27665 4.1969 1 1 1
v -0.264887 3.26782 4.18576 1 1 1
v -0.224493 3.27905 4.19993 1 1 1
v -0.241657 3.26782 4.18576 1 1 1
v 0.224494 3.27905 4.19993 1 1 1
v 0.241657 3.26782 4.18576 1 1 1
v 0.283057 3.27665 4.1969 1 1 1
v 0.264887 3.26782 4.18576 1 1 1
v 0.614917 3.27521 4.19509 1 1 1
v 0.634438 3.2703 4.18889 1 1 1
v 0.642939 3.26782 4.18576 1 1 1
v -0.67348 3.25978 4.17563 1 1 1
v -0.692749 3.25569 4.17047 1 1 1
v -0.653959 3.26494 4.18213 1 1 1
v -0.263536 3.26716 4.18494 1 1 1
v -0.244015 3.26618 4.1837 1 1 1
v 0.244015 3.26618 4.1837 1 1 1
v 0.263536 3.26716 4.18494 1 1 1
v 0.653959 3.26494 4.18213 1 1 1
v 0.67348 3.25978 4.17563 1 1 1
v 0.69275 3.25569 4.17047 1 1 1
v -0.693001 3.25516 4.16979 1 1 1
v -0.695746 3.24356 4.15517 1 1 1
v 0.693002 3.25516 4.1698 1 1 1
v 0.695746 3.24356 4.15517 1 1 1
v -0.693001 3.24045 4.15125 1 1 1
v -0.686396 3.23143 4.13988 1 1 1
v -0.185451 3.23427 4.14347 1 1 1
v -0.18633 3.23143 4.13988 1 1 1
v -0.16593 3.2427 4.1541 1 1 1
v -0.155427 3.23143 4.13988 1 1 1
v 0.16593 3.2427 4.1541 1 1 1
v 0.155427 3.23143 4.13988 1 1 1
v 0.185451 3.23427 4.14347 1 1 1
v 0.18633 3.23143 4.13988 1 1 1
v 0.693002 3.24045 4.15125 1 1 1
v 0.686396 3.23143 4.13988 1 1 1
v -0.678309 3.2193 4.12458 1 1 1
v -0.187422 3.2193 4.12458 1 1 1
v -0.14904 3.2193 4.12458 1 1 1
v 0.14904 3.2193 4.12458 1 1 1
v 0.187422 3.2193 4.12458 1 1 1
v 0.678309 3.2193 4.12458 1 1 1
v -0.67348 3.21388 4.11775 1 1 1
v -0.668314 3.20717 4.10929 1 1 1
v -0.186727 3.20717 4.10929 1 1 1
v -0.146409 3.21152 4.11478 1 1 1
v -0.146172 3.20717 4.10929 1 1 1
v 0.146409 3.21152 4.11478 1 1 1
v 0.146172 3.20717 4.10929 1 1 1
v 0.186727 3.20717 4.10929 1 1 1
v 0.67348 3.21388 4.11775 1 1 1
v 0.668314 3.20717 4.10929 1 1 1
v -0.658867 3.19504 4.09399 1 1 1
v -0.187236 3.19504 4.09399 1 1 1
v -0.146409 3.20584 4.10762 1 1 1
v -0.153469 3.19504 4.09399 1 1 1
v 0.146409 3.20584 4.10762 1 1 1
v 0.153469 3.19504 4.09399 1 1 1
v 0.187236 3.19504 4.09399 1 1 1
v 0.658867 3.19504 4.09399 1 1 1
v -0.653959 3.18937 4.08684 1 1 1
v -0.649894 3.18291 4.0787 1 1 1
v -0.185451 3.18396 4.08002 1 1 1
v -0.184131 3.18291 4.0787 1 1 1
v -0.162599 3.18291 4.0787 1 1 1
v 0.162599 3.18291 4.0787 1 1 1
v 0.185451 3.18396 4.08002 1 1 1
v 0.184131 3.18291 4.0787 1 1 1
v 0.653959 3.18937 4.08684 1 1 1
v 0.649894 3.18291 4.0787 1 1 1
v -0.641585 3.17078 4.0634 1 1 1
v -0.16593 3.17384 4.06726 1 1 1
v 0.16593 3.17384 4.06726 1 1 1
v 0.641584 3.17078 4.0634 1 1 1
v -0.634438 3.16365 4.05442 1 1 1
v -0.630751 3.15865 4.04811 1 1 1
v 0.634438 3.16365 4.05442 1 1 1
v 0.630751 3.15865 4.04811 1 1 1
v -0.622365 3.14652 4.03281 1 1 1
v 0.622365 3.14652 4.03281 1 1 1
v -0.614917 3.1361 4.01968 1 1 1
v -0.613756 3.13439 4.01752 1 1 1
v 0.614917 3.1361 4.01968 1 1 1
v 0.613756 3.13439 4.01752 1 1 1
v -0.60304 3.12226 4.00222 1 1 1
v -0.126888 3.12332 4.00356 1 1 1
v -0.132263 3.12226 4.00222 1 1 1
v -0.107366 3.12588 4.00678 1 1 1
v -0.0878452 3.126 4.00694 1 1 1
v -0.0683241 3.12511 4.00582 1 1 1
v -0.0488029 3.12371 4.00405 1 1 1
v -0.0292817 3.12393 4.00433 1 1 1
v -0.0097605 3.12394 4.00434 1 1 1
v 0.00976062 3.12394 4.00434 1 1 1
v 0.0292817 3.12393 4.00433 1 1 1
v 0.048803 3.12371 4.00405 1 1 1
v 0.0683241 3.12511 4.00582 1 1 1
v 0.0878453 3.126 4.00694 1 1 1
v 0.107366 3.12588 4.00678 1 1 1
v 0.126888 3.12332 4.00356 1 1 1
v 0.132263 3.12226 4.00222 1 1 1
v 0.60304 3.12226 4.00222 1 1 1
v -0.595396 3.11245 3.98986 1 1 1
v -0.593512 3.11013 3.98693 1 1 1
v -0.224493 3.11116 3.98822 1 1 1
v -0.231313 3.11013 3.98693 1 1 1
v -0.204972 3.11454 3.99249 1 1 1
v -0.185451 3.11791 3.99673 1 1 1
v -0.16593 3.11633 3.99474 1 1 1
v -0.146409 3.11859 3.99759 1 1 1
v 0.146409 3.11859 3.99759 1 1 1
v 0.16593 3.11633 3.99474 1 1 1
v 0.185451 3.11791 3.99674 1 1 1
v 0.204972 3.11454 3.99249 1 1 1
v 0.224494 3.11116 3.98822 1 1 1
v 0.231313 3.11013 3.98693 1 1 1
v 0.595396 3.11246 3.98986 1 1 1
v 0.593512 3.11013 3.98693 1 1 1
v -0.580727 3.098 3.97163 1 1 1
v -0.322099 3.09899 3.97288 1 1 1
v -0.327275 3.098 3.97163 1 1 1
v -0.302578 3.10106 3.97549 1 1 1
v -0.283057 3.10363 3.97873 1 1 1
v -0.263536 3.10759 3.98372 1 1 1
v -0.244015 3.10801 3.98426 1 1 1
v 0.244015 3.10801 3.98426 1 1 1
v 0.263536 3.10759 3.98372 1 1 1
v 0.283057 3.10363 3.97873 1 1 1
v 0.302578 3.10106 3.97549 1 1 1
v 0.322099 3.09899 3.97288 1 1 1
v 0.327275 3.098 3.97163 1 1 1
v 0.580727 3.098 3.97163 1 1 1
v -0.575874 3.09294 3.96525 1 1 1
v -0.566681 3.08587 3.95634 1 1 1
v -0.400184 3.08635 3.95694 1 1 1
v -0.410723 3.08587 3.95634 1 1 1
v -0.380663 3.08992 3.96145 1 1 1
v -0.361142 3.09156 3.96352 1 1 1
v -0.34162 3.0929 3.96521 1 1 1
v 0.34162 3.0929 3.96521 1 1 1
v 0.361142 3.09156 3.96352 1 1 1
v 0.380663 3.08992 3.96145 1 1 1
v 0.400184 3.08635 3.95694 1 1 1
v 0.410723 3.08587 3.95634 1 1 1
v 0.575874 3.09294 3.96525 1 1 1
v 0.566681 3.08587 3.95634 1 1 1
v -0.556353 3.08204 3.95151 1 1 1
v -0.536832 3.08167 3.95104 1 1 1
v -0.517311 3.07831 3.94681 1 1 1
v -0.49779 3.07761 3.94593 1 1 1
v -0.478269 3.07823 3.94671 1 1 1
v -0.458747 3.07895 3.94761 1 1 1
v -0.439226 3.07984 3.94873 1 1 1
v -0.419705 3.08455 3.95467 1 1 1
v 0.419705 3.08455 3.95467 1 1 1
v 0.439226 3.07984 3.94873 1 1 1
v 0.458748 3.07895 3.94761 1 1 1
v 0.478269 3.07823 3.94671 1 1 1
v 0.49779 3.07761 3.94593 1 1 1
v 0.517311 3.07831 3.94681 1 1 1
v 0.536832 3.08167 3.95104 1 1 1
v 0.556353 3.08204 3.95151 1 1 1
v -0.126888 3.52122 4.21125 1 1 1
v -0.141616 3.5194 4.20933 1 1 1
v -0.107366 3.52493 4.21519 1 1 1
v -0.0878452 3.52502 4.21528 1 1 1
v -0.0683241 3.5249 4.21515 1 1 1
v -0.0488029 3.52537 4.21565 1 1 1
v -0.0292817 3.5248 4.21505 1 1 1
v -0.0097605 3.52534 4.21562 1 1 1
v 0.00976062 3.52534 4.21562 1 1 1
v 0.0292817 3.5248 4.21505 1 1 1
v 0.048803 3.52537 4.21565 1 1 1
v 0.0683241 3.5249 4.21515 1 1 1
v 0.0878453 3.52502 4.21528 1 1 1
v 0.107366 3.52493 4.21519 1 1 1
v 0.126888 3.52122 4.21125 1 1 1
v 0.141616 3.5194 4.20933 1 1 1
v -0.224493 3.51058 4.19998 1 1 1
v -0.23744 3.50601 4.19513 1 1 1
v -0.204972 3.51299 4.20253 1 1 1
v -0.185451 3.51356 4.20313 1 1 1
v -0.16593 3.51607 4.20579 1 1 1
v -0.146409 3.51871 4.20859 1 1 1
v 0.146409 3.51871 4.20859 1 1 1
v 0.16593 3.51607 4.20579 1 1 1
v 0.185451 3.51356 4.20313 1 1 1
v 0.204972 3.51299 4.20253 1 1 1
v 0.224494 3.51058 4.19998 1 1 1
v 0.23744 3.50601 4.19513 1 1 1
v -0.239563 3.49261 4.18093 1 1 1
v 0.239563 3.49261 4.18093 1 1 1
v -0.233116 3.47921 4.16673 1 1 1
v 0.233116 3.47921 4.16673 1 1 1
v -0.439226 3.46606 4.1528 1 1 1
v -0.440027 3.46581 4.15254 1 1 1
v -0.419705 3.47175 4.15883 1 1 1
v -0.400184 3.47529 4.16258 1 1 1
v -0.380663 3.46896 4.15588 1 1 1
v -0.374929 3.46581 4.15254 1 1 1
v -0.228975 3.46581 4.15254 1 1 1
v 0.228975 3.46581 4.15254 1 1 1
v 0.380663 3.46896 4.15588 1 1 1
v 0.374929 3.46581 4.15254 1 1 1
v 0.400184 3.47529 4.16258 1 1 1
v 0.419705 3.47175 4.15883 1 1 1
v 0.439226 3.46606 4.1528 1 1 1
v 0.440027 3.46581 4.15254 1 1 1
v -0.478269 3.45435 4.14038 1 1 1
v -0.486483 3.45242 4.13834 1 1 1
v -0.458747 3.46015 4.14654 1 1 1
v -0.361142 3.45644 4.1426 1 1 1
v -0.353974 3.45242 4.13834 1 1 1
v -0.224493 3.45369 4.13968 1 1 1
v -0.223952 3.45242 4.13834 1 1 1
v 0.224494 3.45369 4.13968 1 1 1
v 0.223952 3.45242 4.13834 1 1 1
v 0.361142 3.45644 4.1426 1 1 1
v 0.353974 3.45242 4.13834 1 1 1
v 0.458748 3.46015 4.14654 1 1 1
v 0.478269 3.45435 4.14038 1 1 1
v 0.486483 3.45242 4.13834 1 1 1
v -0.517311 3.44454 4.12999 1 1 1
v -0.536105 3.43902 4.12414 1 1 1
v -0.49779 3.45006 4.13585 1 1 1
v -0.34162 3.44681 4.1324 1 1 1
v -0.32661 3.43902 4.12414 1 1 1
v -0.218017 3.43902 4.12414 1 1 1
v 0.218018 3.43902 4.12414 1 1 1
v 0.34162 3.44681 4.1324 1 1 1
v 0.32661 3.43902 4.12414 1 1 1
v 0.49779 3.45006 4.13585 1 1 1
v 0.517311 3.44454 4.12999 1 1 1
v 0.536105 3.43902 4.12414 1 1 1
v -0.575874 3.42765 4.11209 1 1 1
v -0.585545 3.42562 4.10994 1 1 1
v -0.556353 3.43463 4.11949 1 1 1
v -0.536832 3.4388 4.12391 1 1 1
v -0.322099 3.43593 4.12086 1 1 1
v -0.307899 3.42562 4.10994 1 1 1
v -0.216393 3.42562 4.10994 1 1 1
v 0.216393 3.42562 4.10994 1 1 1
v 0.322099 3.43593 4.12086 1 1 1
v 0.307899 3.42562 4.10994 1 1 1
v 0.536832 3.4388 4.12391 1 1 1
v 0.556353 3.43463 4.11949 1 1 1
v 0.575874 3.42765 4.11209 1 1 1
v 0.585545 3.42562 4.10994 1 1 1
v -0.634438 3.41295 4.09651 1 1 1
v -0.637296 3.41222 4.09574 1 1 1
v -0.614917 3.4175 4.10134 1 1 1
v -0.595396 3.42352 4.10771 1 1 1
v -0.302578 3.42298 4.10715 1 1 1
v -0.284277 3.41222 4.09574 1 1 1
v -0.223279 3.41222 4.09574 1 1 1
v 0.223279 3.41222 4.09574 1 1 1
v 0.302578 3.42298 4.10715 1 1 1
v 0.284277 3.41222 4.09574 1 1 1
v 0.595396 3.42352 4.10771 1 1 1
v 0.614917 3.4175 4.10134 1 1 1
v 0.634438 3.41295 4.09651 1 1 1
v 0.637296 3.41222 4.09574 1 1 1
v -0.67348 3.40109 4.08394 1 1 1
v -0.685513 3.39883 4.08155 1 1 1
v -0.653959 3.40725 4.09047 1 1 1
v -0.283057 3.41136 4.09483 1 1 1
v -0.263536 3.3996 4.08236 1 1 1
v -0.261062 3.39883 4.08155 1 1 1
v -0.224493 3.41103 4.09448 1 1 1
v -0.241528 3.39883 4.08155 1 1 1
v 0.224494 3.41103 4.09448 1 1 1
v 0.241528 3.39883 4.08155 1 1 1
v 0.263536 3.3996 4.08236 1 1 1
v 0.261062 3.39883 4.08155 1 1 1
v 0.283057 3.41136 4.09483 1 1 1
v 0.653959 3.40725 4.09047 1 1 1
v 0.67348 3.40109 4.08394 1 1 1
v 0.685513 3.39883 4.08155 1 1 1
v -0.712523 3.39005 4.07225 1 1 1
v -0.724622 3.38543 4.06735 1 1 1
v -0.693001 3.39752 4.08016 1 1 1
v -0.244015 3.39698 4.07959 1 1 1
v 0.244015 3.39698 4.07959 1 1 1
v 0.693002 3.39752 4.08016 1 1 1
v 0.712523 3.39005 4.07225 1 1 1
v 0.724622 3.38543 4.06735 1 1 1
v -0.717843 3.37203 4.05315 1 1 1
v 0.717842 3.37203 4.05315 1 1 1
v -0.712523 3.36461 4.04529 1 1 1
v -0.707295 3.35863 4.03895 1 1 1
v -0.185451 3.36229 4.04283 1 1 1
v -0.186488 3.35863 4.03895 1 1 1
v -0.16593 3.36992 4.05092 1 1 1
v -0.15649 3.35863 4.03895 1 1 1
v 0.16593 3.36992 4.05092 1 1 1
v 0.15649 3.35863 4.03895 1 1 1
v 0.185451 3.36229 4.04283 1 1 1
v 0.186489 3.35863 4.03895 1 1 1
v 0.712523 3.36461 4.04529 1 1 1
v 0.707295 3.35863 4.03895 1 1 1
v -0.69731 3.34524 4.02475 1 1 1
v -0.18759 3.34524 4.02475 1 1 1
v -0.149838 3.34524 4.02475 1 1 1
v 0.149838 3.34524 4.02475 1 1 1
v 0.18759 3.34524 4.02475 1 1 1
v 0.69731 3.34524 4.02475 1 1 1
v -0.693001 3.33967 4.01885 1 1 1
v -0.685689 3.33184 4.01056 1 1 1
v -0.186809 3.33184 4.01056 1 1 1
v -0.146409 3.33627 4.01525 1 1 1
v -0.146117 3.33184 4.01056 1 1 1
v 0.146409 3.33627 4.01525 1 1 1
v 0.146117 3.33184 4.01056 1 1 1
v 0.186809 3.33184 4.01056 1 1 1
v 0.693002 3.33967 4.01885 1 1 1
v 0.685689 3.33184 4.01056 1 1 1
v -0.677086 3.31844 3.99636 1 1 1
v -0.187052 3.31844 3.99636 1 1 1
v -0.146409 3.32993 4.00853 1 1 1
v -0.152945 3.31844 3.99636 1 1 1
v 0.146409 3.32993 4.00853 1 1 1
v 0.152945 3.31844 3.99636 1 1 1
v 0.187052 3.31844 3.99636 1 1 1
v 0.677086 3.31844 3.99636 1 1 1
v -0.67348 3.3136 3.99123 1 1 1
v -0.665651 3.30504 3.98216 1 1 1
v -0.185451 3.30982 3.98722 1 1 1
v -0.180036 3.30504 3.98216 1 1 1
v -0.162379 3.30504 3.98216 1 1 1
v 0.162379 3.30504 3.98216 1 1 1
v 0.185451 3.30982 3.98722 1 1 1
v 0.180036 3.30504 3.98216 1 1 1
v 0.67348 3.3136 3.99123 1 1 1
v 0.66565 3.30504 3.98216 1 1 1
v -0.656471 3.29165 3.96796 1 1 1
v -0.16593 3.29572 3.97227 1 1 1
v 0.16593 3.29572 3.97227 1 1 1
v 0.656471 3.29165 3.96796 1 1 1
v -0.653959 3.28755 3.96361 1 1 1
v -0.645115 3.27825 3.95376 1 1 1
v 0.653959 3.28755 3.96361 1 1 1
v 0.645115 3.27825 3.95376 1 1 1
v -0.635353 3.26485 3.93956 1 1 1
v 0.635354 3.26485 3.93956 1 1 1
v -0.634438 3.26347 3.9381 1 1 1
v -0.624508 3.25145 3.92537 1 1 1
v 0.634438 3.26347 3.9381 1 1 1
v 0.624508 3.25145 3.92537 1 1 1
v -0.614917 3.24204 3.91538 1 1 1
v -0.611383 3.23806 3.91117 1 1 1
v -0.126888 3.23882 3.91198 1 1 1
v -0.129953 3.23806 3.91117 1 1 1
v -0.107366 3.24221 3.91556 1 1 1
v -0.0878452 3.24247 3.91584 1 1 1
v -0.0683241 3.24121 3.91451 1 1 1
v -0.0488029 3.23949 3.91269 1 1 1
v -0.0292817 3.23975 3.91296 1 1 1
v -0.0097605 3.23977 3.91299 1 1 1
v 0.00976062 3.23977 3.91299 1 1 1
v 0.0292817 3.23975 3.91296 1 1 1
v 0.048803 3.23949 3.91269 1 1 1
v 0.0683241 3.24121 3.91451 1 1 1
v 0.0878453 3.24247 3.91584 1 1 1
v 0.107366 3.24221 3.91556 1 1 1
v 0.126888 3.23882 3.91198 1 1 1
v 0.129953 3.23806 3.91117 1 1 1
v 0.614917 3.24204 3.91538 1 1 1
v 0.611383 3.23806 3.91117 1 1 1
v -0.600919 3.22466 3.89697 1 1 1
v -0.224493 3.22477 3.89708 1 1 1
v -0.225157 3.22466 3.89697 1 1 1
v -0.204972 3.22858 3.90113 1 1 1
v -0.185451 3.23211 3.90487 1 1 1
v -0.16593 3.23081 3.90349 1 1 1
v -0.146409 3.23325 3.90608 1 1 1
v 0.146409 3.23325 3.90608 1 1 1
v 0.16593 3.23081 3.90349 1 1 1
v 0.185451 3.23211 3.90487 1 1 1
v 0.204972 3.22858 3.90113 1 1 1
v 0.224494 3.22477 3.89708 1 1 1
v 0.225157 3.22466 3.89697 1 1 1
v 0.600919 3.22466 3.89697 1 1 1
v -0.595396 3.21926 3.89124 1 1 1
v -0.587319 3.21126 3.88277 1 1 1
v -0.322099 3.21186 3.8834 1 1 1
v -0.324996 3.21126 3.88277 1 1 1
v -0.302578 3.21407 3.88574 1 1 1
v -0.283057 3.21674 3.88858 1 1 1
v -0.263536 3.21999 3.89202 1 1 1
v -0.244015 3.2212 3.8933 1 1 1
v 0.244015 3.2212 3.8933 1 1 1
v 0.263536 3.21999 3.89202 1 1 1
v 0.283057 3.21674 3.88858 1 1 1
v 0.302578 3.21407 3.88574 1 1 1
v 0.322099 3.21186 3.8834 1 1 1
v 0.324996 3.21126 3.88277 1 1 1
v 0.595396 3.21926 3.89124 1 1 1
v 0.587319 3.21126 3.88277 1 1 1
v -0.575874 3.19925 3.87004 1 1 1
v -0.573971 3.19787 3.86857 1 1 1
v -0.400184 3.1982 3.86893 1 1 1
v -0.406213 3.19787 3.86857 1 1 1
v -0.380663 3.20186 3.87281 1 1 1
v -0.361142 3.20351 3.87456 1 1 1
v -0.34162 3.20503 3.87617 1 1 1
v 0.34162 3.20503 3.87617 1 1 1
v 0.361142 3.20351 3.87456 1 1 1
v 0.380663 3.20186 3.87281 1 1 1
v 0.400184 3.1982 3.86893 1 1 1
v 0.406213 3.19787 3.86857 1 1 1
v 0.575874 3.19925 3.87004 1 1 1
v 0.573971 3.19787 3.86857 1 1 1
v -0.556353 3.19109 3.86139 1 1 1
v -0.536832 3.19071 3.86099 1 1 1
v -0.517311 3.18795 3.85806 1 1 1
v -0.49779 3.18785 3.85796 1 1 1
v -0.478269 3.18875 3.85891 1 1 1
v -0.458747 3.18977 3.86 1 1 1
v -0.439226 3.19081 3.8611 1 1 1
v -0.419705 3.1955 3.86606 1 1 1
v 0.419705 3.1955 3.86606 1 1 1
v 0.439226 3.19081 3.8611 1 1 1
v 0.458748 3.18977 3.86 1 1 1
v 0.478269 3.18875 3.85891 1 1 1
v 0.49779 3.18785 3.85796 1 1 1
v 0.517311 3.18795 3.85806 1 1 1
v 0.536832 3.19071 3.86099 1 1 1
v 0.556353 3.19109 3.86139 1 1 1
v -0.146409 3.6502 4.08783 1 1 1
v -0.154453 3.64875 4.08648 1 1 1
v -0.126888 3.6523 4.08976 1 1 1
v -0.107366 3.65572 4.09292 1 1 1
v -0.0878452 3.65602 4.0932 1 1 1
v -0.0683241 3.65577 4.09297 1 1 1
v -0.0488029 3.65636 4.09352 1 1 1
v -0.0292817 3.65578 4.09298 1 1 1
v -0.0097605 3.65626 4.09342 1 1 1
v 0.00976062 3.65626 4.09342 1 1 1
v 0.0292817 3.65578 4.09298 1 1 1
v 0.048803 3.65636 4.09352 1 1 1
v 0.0683241 3.65577 4.09297 1 1 1
v 0.0878453 3.65602 4.0932 1 1 1
v 0.107366 3.65572 4.09292 1 1 1
v 0.126888 3.6523 4.08976 1 1 1
v 0.146409 3.6502 4.08783 1 1 1
v 0.154453 3.64875 4.08648 1 1 1
v -0.244015 3.63562 4.07436 1 1 1
v -0.245531 3.6344 4.07324 1 1 1
v -0.224493 3.64226 4.08049 1 1 1
v -0.204972 3.64436 4.08244 1 1 1
v -0.185451 3.6447 4.08275 1 1 1
v -0.16593 3.64715 4.08501 1 1 1
v 0.16593 3.64715 4.08501 1 1 1
v 0.185451 3.6447 4.08275 1 1 1
v 0.204972 3.64436 4.08244 1 1 1
v 0.224494 3.64226 4.08049 1 1 1
v 0.244015 3.63562 4.07436 1 1 1
v 0.245531 3.6344 4.07324 1 1 1
v -0.244015 3.62215 4.06193 1 1 1
v -0.243777 3.62006 4.06 1 1 1
v 0.244015 3.62215 4.06193 1 1 1
v 0.243777 3.62006 4.06 1 1 1
v -0.400184 3.60876 4.04956 1 1 1
v -0.41244 3.60572 4.04676 1 1 1
v -0.387355 3.60572 4.04676 1 1 1
v -0.236268 3.60572 4.04676 1 1 1
v 0.236268 3.60572 4.04676 1 1 1
v 0.400184 3.60876 4.04956 1 1 1
v 0.387355 3.60572 4.04676 1 1 1
v 0.41244 3.60572 4.04676 1 1 1
v -0.458747 3.5922 4.03428 1 1 1
v -0.462255 3.59138 4.03351 1 1 1
v -0.439226 3.59818 4.0398 1 1 1
v -0.419705 3.60408 4.04525 1 1 1
v -0.380663 3.60341 4.04462 1 1 1
v -0.362481 3.59138 4.03351 1 1 1
v -0.231432 3.59138 4.03351 1 1 1
v 0.231433 3.59138 4.03351 1 1 1
v 0.380663 3.60341 4.04462 1 1 1
v 0.362481 3.59138 4.03351 1 1 1
v 0.419705 3.60408 4.04525 1 1 1
v 0.439226 3.59818 4.0398 1 1 1
v 0.458748 3.5922 4.03428 1 1 1
v 0.462255 3.59138 4.03351 1 1 1
v -0.49779 3.58189 4.02476 1 1 1
v -0.515897 3.57703 4.02027 1 1 1
v -0.478269 3.58742 4.02986 1 1 1
v -0.361142 3.59031 4.03253 1 1 1
v -0.34162 3.57714 4.02037 1 1 1
v -0.341471 3.57703 4.02027 1 1 1
v -0.226055 3.57703 4.02027 1 1 1
v 0.226055 3.57703 4.02027 1 1 1
v 0.34162 3.57714 4.02037 1 1 1
v 0.341471 3.57703 4.02027 1 1 1
v 0.361142 3.59031 4.03253 1 1 1
v 0.478269 3.58742 4.02986 1 1 1
v 0.49779 3.58189 4.02476 1 1 1
v 0.515897 3.57703 4.02027 1 1 1
v -0.556353 3.56629 4.01035 1 1 1
v -0.567552 3.56269 4.00703 1 1 1
v -0.536832 3.57058 4.01431 1 1 1
v -0.517311 3.57663 4.0199 1 1 1
v -0.322099 3.56471 4.00889 1 1 1
v -0.319547 3.56269 4.00703 1 1 1
v -0.224493 3.57392 4.0174 1 1 1
v -0.219433 3.56269 4.00703 1 1 1
v 0.224494 3.57392 4.0174 1 1 1
v 0.219433 3.56269 4.00703 1 1 1
v 0.322099 3.56471 4.00889 1 1 1
v 0.319547 3.56269 4.00703 1 1 1
v 0.517311 3.57663 4.0199 1 1 1
v 0.536832 3.57058 4.01431 1 1 1
v 0.556353 3.56629 4.01035 1 1 1
v 0.567552 3.56269 4.00703 1 1 1
v -0.614917 3.54938 3.99474 1 1 1
v -0.618096 3.54835 3.99379 1 1 1
v -0.595396 3.55509 4.00001 1 1 1
v -0.575874 3.55973 4.0043 1 1 1
v -0.302578 3.54893 3.99432 1 1 1
v -0.301506 3.54835 3.99379 1 1 1
v -0.216873 3.54835 3.99379 1 1 1
v 0.216873 3.54835 3.99379 1 1 1
v 0.302578 3.54893 3.99432 1 1 1
v 0.301506 3.54835 3.99379 1 1 1
v 0.575874 3.55973 4.0043 1 1 1
v 0.595396 3.55509 4.00001 1 1 1
v 0.614917 3.54939 3.99474 1 1 1
v 0.618096 3.54835 3.99379 1 1 1
v -0.653959 3.53882 3.98498 1 1 1
v -0.672313 3.53401 3.98054 1 1 1
v -0.634438 3.54377 3.98956 1 1 1
v -0.283057 3.53583 3.98222 1 1 1
v -0.28009 3.53401 3.98054 1 1 1
v -0.223088 3.53401 3.98054 1 1 1
v 0.223088 3.53401 3.98054 1 1 1
v 0.283057 3.53583 3.98222 1 1 1
v 0.28009 3.53401 3.98054 1 1 1
v 0.634438 3.54377 3.98956 1 1 1
v 0.653959 3.53882 3.98499 1 1 1
v 0.672313 3.53401 3.98054 1 1 1
v -0.712523 3.52179 3.96926 1 1 1
v -0.721219 3.51966 3.9673 1 1 1
v -0.693001 3.5276 3.97462 1 1 1
v -0.67348 3.53365 3.98021 1 1 1
v -0.263536 3.5221 3.96955 1 1 1
v -0.257462 3.51966 3.9673 1 1 1
v -0.224493 3.5325 3.97915 1 1 1
v -0.241381 3.51966 3.9673 1 1 1
v 0.224494 3.5325 3.97915 1 1 1
v 0.241381 3.51966 3.9673 1 1 1
v 0.263536 3.5221 3.96955 1 1 1
v 0.257462 3.51966 3.9673 1 1 1
v 0.67348 3.53365 3.98021 1 1 1
v 0.693002 3.5276 3.97462 1 1 1
v 0.712523 3.52179 3.96926 1 1 1
v 0.721218 3.51966 3.9673 1 1 1
v -0.732044 3.51627 3.96417 1 1 1
v -0.747129 3.50532 3.95406 1 1 1
v -0.244015 3.51766 3.96544 1 1 1
v 0.244015 3.51766 3.96544 1 1 1
v 0.732044 3.51627 3.96417 1 1 1
v 0.747129 3.50532 3.95406 1 1 1
v -0.735191 3.49098 3.94081 1 1 1
v 0.735191 3.49098 3.94081 1 1 1
v -0.732044 3.48748 3.93759 1 1 1
v -0.723388 3.47664 3.92757 1 1 1
v -0.185451 3.48114 3.93173 1 1 1
v -0.186663 3.47664 3.92757 1 1 1
v -0.16593 3.48761 3.9377 1 1 1
v -0.157429 3.47664 3.92757 1 1 1
v 0.16593 3.48761 3.9377 1 1 1
v 0.157429 3.47664 3.92757 1 1 1
v 0.185451 3.48114 3.93173 1 1 1
v 0.186663 3.47664 3.92757 1 1 1
v 0.732044 3.48748 3.93759 1 1 1
v 0.723387 3.47664 3.92757 1 1 1
v -0.712523 3.46377 3.91569 1 1 1
v -0.711279 3.46229 3.91433 1 1 1
v -0.187771 3.46229 3.91433 1 1 1
v -0.150576 3.46229 3.91433 1 1 1
v 0.150576 3.46229 3.91433 1 1 1
v 0.187771 3.46229 3.91433 1 1 1
v 0.712523 3.46377 3.91569 1 1 1
v 0.711279 3.46229 3.91433 1 1 1
v -0.700618 3.44795 3.90109 1 1 1
v -0.186894 3.44795 3.90109 1 1 1
v -0.146409 3.45245 3.90524 1 1 1
v -0.14606 3.44795 3.90109 1 1 1
v 0.146409 3.45245 3.90524 1 1 1
v 0.14606 3.44795 3.90109 1 1 1
v 0.186894 3.44795 3.90109 1 1 1
v 0.700618 3.44795 3.90109 1 1 1
v -0.693001 3.43762 3.89155 1 1 1
v -0.690118 3.43361 3.88784 1 1 1
v -0.18687 3.43361 3.88784 1 1 1
v -0.146409 3.44533 3.89866 1 1 1
v -0.152368 3.43361 3.88784 1 1 1
v 0.146409 3.44533 3.89866 1 1 1
v 0.152368 3.43361 3.88784 1 1 1
v 0.18687 3.43361 3.88784 1 1 1
v 0.693002 3.43762 3.89155 1 1 1
v 0.690118 3.43361 3.88784 1 1 1
v -0.678511 3.41927 3.8746 1 1 1
v -0.185451 3.42687 3.88162 1 1 1
v -0.177437 3.41927 3.8746 1 1 1
v -0.162127 3.41927 3.8746 1 1 1
v 0.162127 3.41927 3.8746 1 1 1
v 0.185451 3.42687 3.88162 1 1 1
v 0.177437 3.41927 3.8746 1 1 1
v 0.678511 3.41927 3.8746 1 1 1
v -0.67348 3.41346 3.86924 1 1 1
v -0.666235 3.40492 3.86136 1 1 1
v -0.16593 3.40993 3.86598 1 1 1
v 0.16593 3.40993 3.86598 1 1 1
v 0.67348 3.41346 3.86924 1 1 1
v 0.666235 3.40492 3.86136 1 1 1
v -0.65676 3.39058 3.84811 1 1 1
v 0.65676 3.39058 3.84811 1 1 1
v -0.653959 3.38724 3.84503 1 1 1
v -0.643721 3.37624 3.83487 1 1 1
v 0.653959 3.38724 3.84503 1 1 1
v 0.643721 3.37624 3.83487 1 1 1
v -0.634438 3.36275 3.82242 1 1 1
v -0.633718 3.3619 3.82163 1 1 1
v 0.634438 3.36275 3.82242 1 1 1
v 0.633718 3.3619 3.82163 1 1 1
v -0.618501 3.34756 3.80839 1 1 1
v -0.126888 3.34786 3.80867 1 1 1
v -0.127893 3.34756 3.80839 1 1 1
v -0.107366 3.35218 3.81266 1 1 1
v -0.0878452 3.3526 3.81305 1 1 1
v -0.0683241 3.35094 3.81151 1 1 1
v -0.0488029 3.34892 3.80965 1 1 1
v -0.0292817 3.3492 3.80991 1 1 1
v -0.0097605 3.34924 3.80994 1 1 1
v 0.00976062 3.34924 3.80994 1 1 1
v 0.0292817 3.3492 3.80991 1 1 1
v 0.048803 3.34892 3.80965 1 1 1
v 0.0683241 3.35094 3.81151 1 1 1
v 0.0878453 3.3526 3.81305 1 1 1
v 0.107366 3.35218 3.81266 1 1 1
v 0.126888 3.34786 3.80867 1 1 1
v 0.127893 3.34756 3.80839 1 1 1
v 0.618501 3.34756 3.80839 1 1 1
v -0.614917 3.34269 3.8039 1 1 1
v -0.607369 3.33321 3.79514 1 1 1
v -0.204972 3.33652 3.7982 1 1 1
v -0.221 3.33321 3.79514 1 1 1
v -0.185451 3.34013 3.80154 1 1 1
v -0.16593 3.33915 3.80063 1 1 1
v -0.146409 3.34167 3.80296 1 1 1
v 0.146409 3.34167 3.80296 1 1 1
v 0.16593 3.33915 3.80063 1 1 1
v 0.185451 3.34013 3.80154 1 1 1
v 0.204972 3.33652 3.7982 1 1 1
v 0.221 3.33321 3.79514 1 1 1
v 0.614917 3.34269 3.8039 1 1 1
v 0.607369 3.33321 3.79514 1 1 1
v -0.595396 3.32129 3.78414 1 1 1
v -0.593004 3.31887 3.7819 1 1 1
v -0.322099 3.31901 3.78203 1 1 1
v -0.32274 3.31887 3.7819 1 1 1
v -0.302578 3.32131 3.78415 1 1 1
v -0.283057 3.32403 3.78666 1 1 1
v -0.263536 3.32669 3.78912 1 1 1
v -0.244015 3.32846 3.79075 1 1 1
v -0.224493 3.33226 3.79427 1 1 1
v 0.224494 3.33226 3.79427 1 1 1
v 0.244015 3.32846 3.79075 1 1 1
v 0.263536 3.32669 3.78912 1 1 1
v 0.283057 3.32403 3.78666 1 1 1
v 0.302578 3.32131 3.78415 1 1 1
v 0.322099 3.31901 3.78203 1 1 1
v 0.32274 3.31887 3.7819 1 1 1
v 0.595396 3.32129 3.78414 1 1 1
v 0.593004 3.31887 3.7819 1 1 1
v -0.578781 3.30453 3.76866 1 1 1
v -0.400184 3.30469 3.76881 1 1 1
v -0.402661 3.30453 3.76866 1 1 1
v -0.380663 3.30834 3.77218 1 1 1
v -0.361142 3.30997 3.77368 1 1 1
v -0.34162 3.31161 3.7752 1 1 1
v 0.34162 3.31161 3.7752 1 1 1
v 0.361142 3.30997 3.77368 1 1 1
v 0.380663 3.30834 3.77218 1 1 1
v 0.400184 3.30469 3.76881 1 1 1
v 0.402661 3.30453 3.76866 1 1 1
v 0.578781 3.30453 3.76866 1 1 1
v -0.575874 3.30188 3.76621 1 1 1
v -0.556353 3.29493 3.7598 1 1 1
v -0.536832 3.29468 3.75956 1 1 1
v -0.517311 3.29254 3.75759 1 1 1
v -0.49779 3.29298 3.75799 1 1 1
v -0.478269 3.29414 3.75906 1 1 1
v -0.458747 3.29541 3.76024 1 1 1
v -0.439226 3.29657 3.76131 1 1 1
v -0.419705 3.3011 3.7655 1 1 1
v 0.419705 3.3011 3.7655 1 1 1
v 0.439226 3.29657 3.76131 1 1 1
v 0.458748 3.29541 3.76024 1 1 1
v 0.478269 3.29414 3.75906 1 1 1
v 0.49779 3.29298 3.75799 1 1 1
v 0.517311 3.29254 3.75759 1 1 1
v 0.536832 3.29468 3.75956 1 1 1
v 0.556353 3.29493 3.7598 1 1 1
v 0.575874 3.30188 3.76621 1 1 1
v -0.16593 3.76897 3.95582 1 1 1
v -0.167125 3.7688 3.95569 1 1 1
v -0.146409 3.77229 3.9585 1 1 1
v -0.126888 3.77405 3.95993 1 1 1
v -0.107366 3.77719 3.96247 1 1 1
v -0.0878452 3.77763 3.96282 1 1 1
v -0.0683241 3.77729 3.96255 1 1 1
v -0.0488029 3.77796 3.96309 1 1 1
v -0.0292817 3.77737 3.96262 1 1 1
v -0.0097605 3.77781 3.96297 1 1 1
v 0.00976062 3.77781 3.96297 1 1 1
v 0.0292817 3.77737 3.96262 1 1 1
v 0.048803 3.77796 3.96309 1 1 1
v 0.0683241 3.77729 3.96255 1 1 1
v 0.0878453 3.77763 3.96282 1 1 1
v 0.107366 3.77719 3.96247 1 1 1
v 0.126888 3.77405 3.95993 1 1 1
v 0.146409 3.77229 3.9585 1 1 1
v 0.16593 3.76897 3.95582 1 1 1
v 0.167125 3.7688 3.95569 1 1 1
v -0.244015 3.75912 3.94786 1 1 1
v -0.250487 3.75363 3.94341 1 1 1
v -0.224493 3.76459 3.95228 1 1 1
v -0.204972 3.7664 3.95374 1 1 1
v -0.185451 3.76659 3.95389 1 1 1
v 0.185451 3.76659 3.95389 1 1 1
v 0.204972 3.7664 3.95374 1 1 1
v 0.224494 3.76459 3.95228 1 1 1
v 0.244015 3.75912 3.94786 1 1 1
v 0.250487 3.75363 3.94341 1 1 1
v -0.246884 3.73845 3.93113 1 1 1
v 0.246884 3.73845 3.93113 1 1 1
v -0.419705 3.72724 3.92207 1 1 1
v -0.432924 3.72327 3.91886 1 1 1
v -0.400184 3.73252 3.92634 1 1 1
v -0.380663 3.72911 3.92358 1 1 1
v -0.372307 3.72327 3.91886 1 1 1
v -0.244015 3.73275 3.92653 1 1 1
v -0.239007 3.72327 3.91886 1 1 1
v 0.244015 3.73275 3.92653 1 1 1
v 0.239007 3.72327 3.91886 1 1 1
v 0.380663 3.72911 3.92358 1 1 1
v 0.372307 3.72327 3.91886 1 1 1
v 0.400184 3.73252 3.92634 1 1 1
v 0.419705 3.72724 3.92207 1 1 1
v 0.432924 3.72327 3.91886 1 1 1
v -0.478269 3.71102 3.90895 1 1 1
v -0.486993 3.70809 3.90658 1 1 1
v -0.458747 3.71583 3.91284 1 1 1
v -0.439226 3.72132 3.91728 1 1 1
v -0.361142 3.71467 3.91191 1 1 1
v -0.353516 3.70809 3.90658 1 1 1
v -0.233603 3.70809 3.90658 1 1 1
v 0.233603 3.70809 3.90658 1 1 1
v 0.361142 3.71467 3.91191 1 1 1
v 0.353516 3.70809 3.90658 1 1 1
v 0.439226 3.72132 3.91728 1 1 1
v 0.458748 3.71583 3.91284 1 1 1
v 0.478269 3.71102 3.90895 1 1 1
v 0.486993 3.70809 3.90658 1 1 1
v -0.536832 3.69363 3.89489 1 1 1
v -0.539439 3.69291 3.89431 1 1 1
v -0.517311 3.69979 3.89987 1 1 1
v -0.49779 3.70469 3.90383 1 1 1
v -0.34162 3.69883 3.89909 1 1 1
v -0.334299 3.69291 3.89431 1 1 1
v -0.227966 3.69291 3.89431 1 1 1
v 0.227966 3.69291 3.89431 1 1 1
v 0.34162 3.69883 3.89909 1 1 1
v 0.3343 3.69291 3.89431 1 1 1
v 0.49779 3.70469 3.90383 1 1 1
v 0.517311 3.69979 3.89987 1 1 1
v 0.536832 3.69363 3.89489 1 1 1
v 0.539438 3.69291 3.89431 1 1 1
v -0.595396 3.6778 3.88208 1 1 1
v -0.595683 3.67773 3.88203 1 1 1
v -0.575874 3.68279 3.88612 1 1 1
v -0.556353 3.68877 3.89096 1 1 1
v -0.322099 3.68399 3.88709 1 1 1
v -0.315037 3.67773 3.88203 1 1 1
v -0.224493 3.68615 3.88883 1 1 1
v -0.220665 3.67773 3.88203 1 1 1
v 0.224494 3.68615 3.88883 1 1 1
v 0.220665 3.67773 3.88203 1 1 1
v 0.322099 3.68399 3.88709 1 1 1
v 0.315037 3.67773 3.88203 1 1 1
v 0.556353 3.68877 3.89096 1 1 1
v 0.575874 3.68279 3.88612 1 1 1
v 0.595396 3.6778 3.88208 1 1 1
v 0.595683 3.67773 3.88203 1 1 1
v -0.634438 3.66615 3.87266 1 1 1
v -0.648512 3.66256 3.86976 1 1 1
v -0.614917 3.67286 3.87809 1 1 1
v -0.302578 3.66648 3.87293 1 1 1
v -0.296432 3.66256 3.86976 1 1 1
v -0.217333 3.66256 3.86976 1 1 1
v 0.217333 3.66256 3.86976 1 1 1
v 0.302578 3.66648 3.87293 1 1 1
v 0.296432 3.66256 3.86976 1 1 1
v 0.614917 3.67286 3.87809 1 1 1
v 0.634438 3.66615 3.87266 1 1 1
v 0.648512 3.66256 3.86976 1 1 1
v -0.693001 3.64945 3.85915 1 1 1
v -0.701477 3.64738 3.85748 1 1 1
v -0.67348 3.65594 3.8644 1 1 1
v -0.653959 3.66118 3.86865 1 1 1
v -0.283057 3.65195 3.86118 1 1 1
v -0.276641 3.64738 3.85748 1 1 1
v -0.222885 3.64738 3.85748 1 1 1
v 0.222885 3.64738 3.85748 1 1 1
v 0.283057 3.65195 3.86118 1 1 1
v 0.27664 3.64738 3.85748 1 1 1
v 0.653959 3.66118 3.86865 1 1 1
v 0.67348 3.65594 3.8644 1 1 1
v 0.693002 3.64945 3.85915 1 1 1
v 0.701477 3.64738 3.85748 1 1 1
v -0.751565 3.63379 3.84649 1 1 1
v -0.756987 3.6322 3.8452 1 1 1
v -0.732044 3.63938 3.85101 1 1 1
v -0.712523 3.64475 3.85535 1 1 1
v -0.263536 3.63632 3.84854 1 1 1
v -0.255087 3.6322 3.8452 1 1 1
v -0.224493 3.6455 3.85596 1 1 1
v -0.241213 3.6322 3.8452 1 1 1
v 0.224494 3.6455 3.85596 1 1 1
v 0.241213 3.6322 3.8452 1 1 1
v 0.263536 3.63632 3.84854 1 1 1
v 0.255086 3.6322 3.8452 1 1 1
v 0.712523 3.64475 3.85535 1 1 1
v 0.732044 3.63938 3.85101 1 1 1
v 0.751565 3.63379 3.84649 1 1 1
v 0.756987 3.6322 3.8452 1 1 1
v -0.7639 3.61702 3.83293 1 1 1
v -0.244015 3.63003 3.84345 1 1 1
v 0.244015 3.63003 3.84345 1 1 1
v 0.7639 3.61702 3.83293 1 1 1
v -0.751565 3.60232 3.82104 1 1 1
v -0.751152 3.60184 3.82065 1 1 1
v 0.751565 3.60232 3.82104 1 1 1
v 0.751152 3.60184 3.82065 1 1 1
v -0.737966 3.58666 3.80838 1 1 1
v -0.185451 3.5921 3.81277 1 1 1
v -0.186855 3.58666 3.80838 1 1 1
v -0.16593 3.5972 3.8169 1 1 1
v -0.158265 3.58666 3.80838 1 1 1
v 0.16593 3.5972 3.8169 1 1 1
v 0.158265 3.58666 3.80838 1 1 1
v 0.185451 3.5921 3.81277 1 1 1
v 0.186855 3.58666 3.80838 1 1 1
v 0.737966 3.58666 3.80838 1 1 1
v -0.732044 3.57909 3.80225 1 1 1
v -0.726316 3.57149 3.7961 1 1 1
v -0.187967 3.57149 3.7961 1 1 1
v -0.151259 3.57149 3.7961 1 1 1
v 0.151259 3.57149 3.7961 1 1 1
v 0.187967 3.57149 3.7961 1 1 1
v 0.732044 3.57909 3.80225 1 1 1
v 0.726316 3.57149 3.7961 1 1 1
v -0.713497 3.55631 3.78382 1 1 1
v -0.186982 3.55631 3.78382 1 1 1
v -0.146409 3.56088 3.78752 1 1 1
v -0.145999 3.55631 3.78382 1 1 1
v 0.146409 3.56088 3.78752 1 1 1
v 0.145999 3.55631 3.78382 1 1 1
v 0.186982 3.55631 3.78382 1 1 1
v 0.713497 3.55631 3.78382 1 1 1
v -0.712523 3.55518 3.78292 1 1 1
v -0.70156 3.54113 3.77155 1 1 1
v -0.18669 3.54113 3.77155 1 1 1
v -0.146409 3.55279 3.78098 1 1 1
v -0.15173 3.54113 3.77155 1 1 1
v 0.146409 3.55279 3.78098 1 1 1
v 0.15173 3.54113 3.77155 1 1 1
v 0.186691 3.54113 3.77155 1 1 1
v 0.712523 3.55518 3.78292 1 1 1
v 0.70156 3.54113 3.77155 1 1 1
v -0.693001 3.53151 3.76377 1 1 1
v -0.688347 3.52595 3.75927 1 1 1
v -0.185451 3.53582 3.76725 1 1 1
v -0.17564 3.52595 3.75927 1 1 1
v -0.161836 3.52595 3.75927 1 1 1
v 0.161836 3.52595 3.75927 1 1 1
v 0.185451 3.53582 3.76725 1 1 1
v 0.17564 3.52595 3.75927 1 1 1
v 0.693002 3.53151 3.76377 1 1 1
v 0.688347 3.52595 3.75927 1 1 1
v -0.675549 3.51077 3.747 1 1 1
v -0.16593 3.51668 3.75177 1 1 1
v 0.16593 3.51668 3.75177 1 1 1
v 0.675549 3.51077 3.747 1 1 1
v -0.67348 3.50854 3.74519 1 1 1
v -0.664318 3.4956 3.73472 1 1 1
v 0.67348 3.50854 3.74519 1 1 1
v 0.664318 3.4956 3.73472 1 1 1
v -0.653959 3.48332 3.72479 1 1 1
v -0.651274 3.48042 3.72244 1 1 1
v 0.653959 3.48332 3.72479 1 1 1
v 0.651274 3.48042 3.72244 1 1 1
v -0.639771 3.46524 3.71017 1 1 1
v 0.639771 3.46524 3.71017 1 1 1
v -0.634438 3.45937 3.70542 1 1 1
v -0.624667 3.45006 3.69789 1 1 1
v -0.107366 3.45518 3.70203 1 1 1
v -0.125845 3.45006 3.69789 1 1 1
v -0.0878452 3.45578 3.70252 1 1 1
v -0.0683241 3.45365 3.7008 1 1 1
v -0.0488029 3.45133 3.69892 1 1 1
v -0.0292817 3.45164 3.69917 1 1 1
v -0.0097605 3.45168 3.69921 1 1 1
v 0.00976062 3.45168 3.69921 1 1 1
v 0.0292817 3.45164 3.69917 1 1 1
v 0.048803 3.45133 3.69892 1 1 1
v 0.0683241 3.45365 3.7008 1 1 1
v 0.0878453 3.45578 3.70252 1 1 1
v 0.107366 3.45518 3.70203 1 1 1
v 0.125845 3.45006 3.69789 1 1 1
v 0.634438 3.45937 3.70542 1 1 1
v 0.624667 3.45006 3.69789 1 1 1
v -0.614917 3.43718 3.68747 1 1 1
v -0.613051 3.43488 3.68562 1 1 1
v -0.204972 3.43755 3.68778 1 1 1
v -0.217382 3.43488 3.68562 1 1 1
v -0.185451 3.44124 3.69076 1 1 1
v -0.16593 3.44056 3.69021 1 1 1
v -0.146409 3.44311 3.69228 1 1 1
v -0.126888 3.44946 3.6974 1 1 1
v 0.126888 3.44946 3.6974 1 1 1
v 0.146409 3.44311 3.69228 1 1 1
v 0.16593 3.44056 3.69021 1 1 1
v 0.185451 3.44124 3.69076 1 1 1
v 0.204972 3.43755 3.68778 1 1 1
v 0.217382 3.43488 3.68562 1 1 1
v 0.614917 3.43718 3.68747 1 1 1
v 0.613051 3.43488 3.68562 1 1 1
v -0.597683 3.4197 3.67334 1 1 1
v -0.302578 3.42175 3.67499 1 1 1
v -0.318725 3.4197 3.67334 1 1 1
v -0.283057 3.42449 3.67722 1 1 1
v -0.263536 3.42671 3.67901 1 1 1
v -0.244015 3.42887 3.68076 1 1 1
v -0.224493 3.43282 3.68395 1 1 1
v 0.224494 3.43282 3.68395 1 1 1
v 0.244015 3.42887 3.68076 1 1 1
v 0.263536 3.42671 3.67901 1 1 1
v 0.283057 3.42449 3.67722 1 1 1
v 0.302578 3.42175 3.67499 1 1 1
v 0.318725 3.4197 3.67334 1 1 1
v 0.597683 3.4197 3.67334 1 1 1
v -0.595396 3.41746 3.67153 1 1 1
v -0.582443 3.40453 3.66107 1 1 1
v -0.380663 3.40811 3.66396 1 1 1
v -0.399936 3.40453 3.66107 1 1 1
v -0.361142 3.40971 3.66526 1 1 1
v -0.34162 3.41146 3.66667 1 1 1
v -0.322099 3.4187 3.67253 1 1 1
v 0.322099 3.4187 3.67253 1 1 1
v 0.34162 3.41146 3.66667 1 1 1
v 0.361142 3.40971 3.66526 1 1 1
v 0.380663 3.40811 3.66396 1 1 1
v 0.399935 3.40453 3.66107 1 1 1
v 0.595396 3.41746 3.67153 1 1 1
v 0.582443 3.40453 3.66107 1 1 1
v -0.575874 3.39839 3.65611 1 1 1
v -0.556353 3.39222 3.65111 1 1 1
v -0.536832 3.39218 3.65108 1 1 1
v -0.517311 3.39063 3.64982 1 1 1
v -0.49779 3.39155 3.65057 1 1 1
v -0.478269 3.39294 3.6517 1 1 1
v -0.458747 3.39444 3.65291 1 1 1
v -0.439226 3.39571 3.65393 1 1 1
v -0.419705 3.40004 3.65744 1 1 1
v -0.400184 3.4044 3.66096 1 1 1
v 0.400184 3.4044 3.66096 1 1 1
v 0.419705 3.40004 3.65744 1 1 1
v 0.439226 3.39571 3.65393 1 1 1
v 0.458748 3.39444 3.65291 1 1 1
v 0.478269 3.39294 3.6517 1 1 1
v 0.49779 3.39155 3.65057 1 1 1
v 0.517311 3.39063 3.64982 1 1 1
v 0.536832 3.39218 3.65108 1 1 1
v 0.556353 3.39222 3.65111 1 1 1
v 0.575874 3.39839 3.65611 1 1 1
v -0.16593 3.88111 3.82031 1 1 1
v -0.181847 3.87899 3.81879 1 1 1
v -0.146409 3.88437 3.82265 1 1 1
v -0.126888 3.88585 3.82371 1 1 1
v -0.107366 3.8887 3.82575 1 1 1
v -0.0878452 3.88924 3.82614 1 1 1
v -0.0683241 3.88884 3.82585 1 1 1
v -0.0488029 3.88955 3.82637 1 1 1
v -0.0292817 3.88896 3.82594 1 1 1
v -0.0097605 3.88936 3.82623 1 1 1
v 0.00976062 3.88936 3.82623 1 1 1
v 0.0292817 3.88896 3.82594 1 1 1
v 0.048803 3.88955 3.82637 1 1 1
v 0.0683241 3.88884 3.82585 1 1 1
v 0.0878453 3.88924 3.82614 1 1 1
v 0.107366 3.8887 3.82575 1 1 1
v 0.126888 3.88585 3.82371 1 1 1
v 0.146409 3.88437 3.82265 1 1 1
v 0.16593 3.88111 3.82031 1 1 1
v 0.181847 3.87899 3.81879 1 1 1
v -0.244015 3.87276 3.81432 1 1 1
v -0.254817 3.86313 3.80742 1 1 1
v -0.224493 3.87697 3.81734 1 1 1
v -0.204972 3.8785 3.81844 1 1 1
v -0.185451 3.87858 3.8185 1 1 1
v 0.185451 3.87858 3.8185 1 1 1
v 0.204972 3.8785 3.81844 1 1 1
v 0.224494 3.87697 3.81734 1 1 1
v 0.244015 3.87276 3.81432 1 1 1
v 0.254817 3.86313 3.80742 1 1 1
v -0.249628 3.84727 3.79604 1 1 1
v 0.249628 3.84727 3.79604 1 1 1
v -0.439226 3.83497 3.78722 1 1 1
v -0.452789 3.83141 3.78466 1 1 1
v -0.419705 3.84069 3.79132 1 1 1
v -0.400184 3.84652 3.7955 1 1 1
v -0.380663 3.84516 3.79453 1 1 1
v -0.363196 3.83141 3.78466 1 1 1
v -0.244015 3.8363 3.78817 1 1 1
v -0.24141 3.83141 3.78466 1 1 1
v 0.244015 3.8363 3.78817 1 1 1
v 0.24141 3.83141 3.78466 1 1 1
v 0.380663 3.84516 3.79453 1 1 1
v 0.363196 3.83141 3.78466 1 1 1
v 0.400184 3.84652 3.7955 1 1 1
v 0.419705 3.84069 3.79132 1 1 1
v 0.439226 3.83497 3.78722 1 1 1
v 0.452789 3.83141 3.78466 1 1 1
v -0.49779 3.81829 3.77526 1 1 1
v -0.508577 3.81554 3.77328 1 1 1
v -0.478269 3.82477 3.7799 1 1 1
v -0.458747 3.82977 3.78349 1 1 1
v -0.361142 3.8296 3.78337 1 1 1
v -0.346419 3.81554 3.77328 1 1 1
v -0.235535 3.81554 3.77328 1 1 1
v 0.235535 3.81554 3.77328 1 1 1
v 0.361142 3.8296 3.78337 1 1 1
v 0.346419 3.81554 3.77328 1 1 1
v 0.458748 3.82977 3.78349 1 1 1
v 0.478269 3.82477 3.7799 1 1 1
v 0.49779 3.81829 3.77526 1 1 1
v 0.508577 3.81554 3.77328 1 1 1
v -0.556353 3.80214 3.76367 1 1 1
v -0.564636 3.79968 3.76191 1 1 1
v -0.536832 3.80771 3.76766 1 1 1
v -0.517311 3.81343 3.77177 1 1 1
v -0.34162 3.81139 3.77031 1 1 1
v -0.328653 3.79968 3.76191 1 1 1
v -0.229688 3.79968 3.76191 1 1 1
v 0.229688 3.79968 3.76191 1 1 1
v 0.34162 3.81139 3.77031 1 1 1
v 0.328653 3.79968 3.76191 1 1 1
v 0.517311 3.81343 3.77177 1 1 1
v 0.536832 3.80771 3.76766 1 1 1
v 0.556353 3.80214 3.76367 1 1 1
v 0.564636 3.79968 3.76191 1 1 1
v -0.614917 3.78662 3.75254 1 1 1
v -0.622784 3.78382 3.75053 1 1 1
v -0.595396 3.79098 3.75567 1 1 1
v -0.575874 3.79636 3.75953 1 1 1
v -0.322099 3.7943 3.75805 1 1 1
v -0.311302 3.78382 3.75053 1 1 1
v -0.224493 3.78979 3.75481 1 1 1
v -0.221746 3.78382 3.75053 1 1 1
v 0.224494 3.78979 3.75481 1 1 1
v 0.221746 3.78382 3.75053 1 1 1
v 0.322099 3.79431 3.75805 1 1 1
v 0.311301 3.78382 3.75053 1 1 1
v 0.575874 3.79636 3.75953 1 1 1
v 0.595396 3.79098 3.75567 1 1 1
v 0.614917 3.78662 3.75254 1 1 1
v 0.622784 3.78382 3.75053 1 1 1
v -0.67348 3.76923 3.74007 1 1 1
v -0.678129 3.76795 3.73915 1 1 1
v -0.653959 3.77462 3.74393 1 1 1
v -0.634438 3.77958 3.74749 1 1 1
v -0.302578 3.77521 3.74435 1 1 1
v -0.292617 3.76795 3.73915 1 1 1
v -0.217774 3.76795 3.73915 1 1 1
v 0.217774 3.76795 3.73915 1 1 1
v 0.302578 3.77521 3.74435 1 1 1
v 0.292617 3.76795 3.73915 1 1 1
v 0.634438 3.77958 3.74749 1 1 1
v 0.653959 3.77462 3.74393 1 1 1
v 0.67348 3.76923 3.74007 1 1 1
v 0.678129 3.76795 3.73915 1 1 1
v -0.732044 3.75272 3.72822 1 1 1
v -0.734183 3.75209 3.72777 1 1 1
v -0.712523 3.75857 3.73242 1 1 1
v -0.693001 3.76359 3.73602 1 1 1
v -0.283057 3.75937 3.73299 1 1 1
v -0.274028 3.75209 3.72777 1 1 1
v -0.222669 3.75209 3.72777 1 1 1
v 0.222669 3.75209 3.72777 1 1 1
v 0.283057 3.75937 3.73299 1 1 1
v 0.274028 3.75209 3.72777 1 1 1
v 0.693002 3.76359 3.73602 1 1 1
v 0.712523 3.75857 3.73242 1 1 1
v 0.732044 3.75272 3.72822 1 1 1
v 0.734183 3.75209 3.72777 1 1 1
v -0.771086 3.74177 3.72037 1 1 1
v -0.788216 3.73623 3.7164 1 1 1
v -0.751565 3.7472 3.72427 1 1 1
v -0.263536 3.74201 3.72055 1 1 1
v -0.253402 3.73623 3.7164 1 1 1
v -0.224493 3.7498 3.72613 1 1 1
v -0.241018 3.73623 3.7164 1 1 1
v 0.224494 3.7498 3.72613 1 1 1
v 0.241019 3.73623 3.7164 1 1 1
v 0.263536 3.74201 3.72055 1 1 1
v 0.253402 3.73623 3.7164 1 1 1
v 0.751565 3.7472 3.72427 1 1 1
v 0.771086 3.74177 3.72037 1 1 1
v 0.788216 3.73623 3.7164 1 1 1
v -0.779212 3.72037 3.70502 1 1 1
v -0.244015 3.73392 3.71474 1 1 1
v 0.244015 3.73392 3.71474 1 1 1
v 0.779212 3.72037 3.70502 1 1 1
v -0.771086 3.71102 3.69832 1 1 1
v -0.765662 3.7045 3.69364 1 1 1
v 0.771086 3.71102 3.69832 1 1 1
v 0.765662 3.7045 3.69364 1 1 1
v -0.752619 3.68864 3.68226 1 1 1
v -0.185451 3.69506 3.68687 1 1 1
v -0.187067 3.68864 3.68226 1 1 1
v -0.16593 3.69864 3.68944 1 1 1
v -0.159013 3.68864 3.68226 1 1 1
v 0.16593 3.69864 3.68944 1 1 1
v 0.159013 3.68864 3.68226 1 1 1
v 0.185451 3.69506 3.68687 1 1 1
v 0.187067 3.68864 3.68226 1 1 1
v 0.752619 3.68864 3.68226 1 1 1
v -0.751565 3.68728 3.68129 1 1 1
v -0.739477 3.67278 3.67089 1 1 1
v -0.18818 3.67278 3.67089 1 1 1
v -0.151894 3.67278 3.67089 1 1 1
v 0.151894 3.67278 3.67089 1 1 1
v 0.18818 3.67278 3.67089 1 1 1
v 0.751565 3.68728 3.68129 1 1 1
v 0.739477 3.67278 3.67089 1 1 1
v -0.732044 3.66417 3.66471 1 1 1
v -0.725733 3.65691 3.65951 1 1 1
v -0.187073 3.65691 3.65951 1 1 1
v -0.146409 3.66156 3.66284 1 1 1
v -0.145935 3.65691 3.65951 1 1 1
v 0.146409 3.66156 3.66284 1 1 1
v 0.145935 3.65691 3.65951 1 1 1
v 0.187073 3.65691 3.65951 1 1 1
v 0.732044 3.66417 3.66471 1 1 1
v 0.725733 3.65691 3.65951 1 1 1
v -0.712523 3.64202 3.64882 1 1 1
v -0.711751 3.64105 3.64813 1 1 1
v -0.186513 3.64105 3.64813 1 1 1
v -0.146409 3.65228 3.65618 1 1 1
v -0.151021 3.64105 3.64813 1 1 1
v 0.146409 3.65228 3.65618 1 1 1
v 0.151021 3.64105 3.64813 1 1 1
v 0.186513 3.64105 3.64813 1 1 1
v 0.712523 3.64202 3.64882 1 1 1
v 0.711751 3.64105 3.64813 1 1 1
v -0.698241 3.62519 3.63675 1 1 1
v -0.185451 3.6369 3.64516 1 1 1
v -0.174324 3.62519 3.63675 1 1 1
v -0.161494 3.62519 3.63675 1 1 1
v 0.161494 3.62519 3.63675 1 1 1
v 0.185451 3.6369 3.64516 1 1 1
v 0.174324 3.62519 3.63675 1 1 1
v 0.698241 3.62519 3.63675 1 1 1
v -0.693001 3.61869 3.63209 1 1 1
v -0.685493 3.60933 3.62538 1 1 1
v -0.16593 3.61606 3.63021 1 1 1
v 0.16593 3.61606 3.63021 1 1 1
v 0.693002 3.61869 3.63209 1 1 1
v 0.685493 3.60933 3.62538 1 1 1
v -0.67348 3.5964 3.61611 1 1 1
v -0.671332 3.59346 3.614 1 1 1
v 0.67348 3.5964 3.61611 1 1 1
v 0.671332 3.59346 3.614 1 1 1
v -0.658236 3.5776 3.60262 1 1 1
v 0.658236 3.5776 3.60262 1 1 1
v -0.653959 3.57291 3.59926 1 1 1
v -0.645169 3.56174 3.59125 1 1 1
v 0.653959 3.57291 3.59926 1 1 1
v 0.645169 3.56174 3.59125 1 1 1
v -0.634438 3.54997 3.5828 1 1 1
v -0.630191 3.54587 3.57987 1 1 1
v -0.107366 3.5515 3.5839 1 1 1
v -0.123891 3.54587 3.57987 1 1 1
v -0.0878452 3.5523 3.58447 1 1 1
v -0.0683241 3.54963 3.58256 1 1 1
v -0.0488029 3.54701 3.58068 1 1 1
v -0.0292817 3.54735 3.58093 1 1 1
v -0.0097605 3.54741 3.58097 1 1 1
v 0.00976062 3.54741 3.58097 1 1 1
v 0.0292817 3.54735 3.58093 1 1 1
v 0.048803 3.54701 3.58068 1 1 1
v 0.0683241 3.54963 3.58256 1 1 1
v 0.0878453 3.5523 3.58447 1 1 1
v 0.107366 3.5515 3.5839 1 1 1
v 0.123891 3.54587 3.57987 1 1 1
v 0.634438 3.54997 3.5828 1 1 1
v 0.630191 3.54587 3.57987 1 1 1
v -0.617473 3.53001 3.56849 1 1 1
v -0.204972 3.53203 3.56994 1 1 1
v -0.214074 3.53001 3.56849 1 1 1
v -0.185451 3.53576 3.57261 1 1 1
v -0.16593 3.53537 3.57233 1 1 1
v -0.146409 3.53791 3.57416 1 1 1
v -0.126888 3.54396 3.57849 1 1 1
v 0.126888 3.54396 3.57849 1 1 1
v 0.146409 3.53791 3.57416 1 1 1
v 0.16593 3.53537 3.57233 1 1 1
v 0.185451 3.53576 3.57261 1 1 1
v 0.204972 3.53203 3.56994 1 1 1
v 0.214073 3.53001 3.56849 1 1 1
v 0.617473 3.53001 3.56849 1 1 1
v -0.614917 3.52726 3.56651 1 1 1
v -0.60164 3.51415 3.55711 1 1 1
v -0.302578 3.51576 3.55827 1 1 1
v -0.314508 3.51415 3.55711 1 1 1
v -0.283057 3.51852 3.56025 1 1 1
v -0.263536 3.52041 3.5616 1 1 1
v -0.244015 3.52282 3.56333 1 1 1
v -0.224493 3.52684 3.56622 1 1 1
v 0.224494 3.52684 3.56622 1 1 1
v 0.244015 3.52282 3.56333 1 1 1
v 0.263536 3.52041 3.5616 1 1 1
v 0.283057 3.51852 3.56025 1 1 1
v 0.302578 3.51576 3.55827 1 1 1
v 0.314508 3.51415 3.55711 1 1 1
v 0.614917 3.52726 3.56651 1 1 1
v 0.60164 3.51415 3.55711 1 1 1
v -0.595396 3.50793 3.55265 1 1 1
v -0.585798 3.49829 3.54574 1 1 1
v -0.380663 3.5016 3.54811 1 1 1
v -0.398289 3.49829 3.54574 1 1 1
v -0.361142 3.50317 3.54924 1 1 1
v -0.34162 3.50499 3.55054 1 1 1
v -0.322099 3.51177 3.5554 1 1 1
v 0.322099 3.51177 3.5554 1 1 1
v 0.34162 3.50499 3.55054 1 1 1
v 0.361142 3.50317 3.54924 1 1 1
v 0.380663 3.5016 3.54811 1 1 1
v 0.398289 3.49829 3.54574 1 1 1
v 0.595396 3.50793 3.55265 1 1 1
v 0.585798 3.49829 3.54574 1 1 1
v -0.575874 3.48889 3.53899 1 1 1
v -0.556353 3.48345 3.5351 1 1 1
v -0.536832 3.48368 3.53526 1 1 1
v -0.517311 3.48269 3.53455 1 1 1
v -0.49779 3.48403 3.53551 1 1 1
v -0.478269 3.48563 3.53666 1 1 1
v -0.458747 3.48731 3.53786 1 1 1
v -0.439226 3.48867 3.53884 1 1 1
v -0.419705 3.49278 3.54179 1 1 1
v -0.400184 3.49731 3.54504 1 1 1
v 0.400184 3.49731 3.54504 1 1 1
v 0.419705 3.49278 3.54179 1 1 1
v 0.439226 3.48867 3.53884 1 1 1
v 0.458748 3.48731 3.53786 1 1 1
v 0.478269 3.48563 3.53666 1 1 1
v 0.49779 3.48403 3.53551 1 1 1
v 0.517311 3.48269 3.53455 1 1 1
v 0.536832 3.48368 3.53526 1 1 1
v 0.556353 3.48345 3.5351 1 1 1
v 0.575874 3.48889 3.53899 1 1 1
v -0.224493 3.97921 3.67878 1 1 1
v -0.224976 3.97916 3.67875 1 1 1
v -0.204972 3.98051 3.67963 1 1 1
v -0.185451 3.98082 3.67984 1 1 1
v -0.16593 3.98311 3.68134 1 1 1
v -0.146409 3.98625 3.68338 1 1 1
v -0.126888 3.98748 3.68419 1 1 1
v -0.107366 3.99004 3.68586 1 1 1
v -0.0878452 3.99062 3.68624 1 1 1
v -0.0683241 3.99018 3.68595 1 1 1
v -0.0488029 3.99091 3.68643 1 1 1
v -0.0292817 3.99034 3.68606 1 1 1
v -0.0097605 3.9907 3.6863 1 1 1
v 0.00976062 3.9907 3.6863 1 1 1
v 0.0292817 3.99034 3.68606 1 1 1
v 0.048803 3.99091 3.68643 1 1 1
v 0.0683241 3.99018 3.68595 1 1 1
v 0.0878453 3.99062 3.68624 1 1 1
v 0.107366 3.99004 3.68586 1 1 1
v 0.126888 3.98748 3.68419 1 1 1
v 0.146409 3.98625 3.68338 1 1 1
v 0.16593 3.98311 3.68134 1 1 1
v 0.185451 3.98082 3.67984 1 1 1
v 0.204972 3.98051 3.67963 1 1 1
v 0.224494 3.97921 3.67878 1 1 1
v 0.224976 3.97916 3.67875 1 1 1
v -0.244015 3.97628 3.67687 1 1 1
v -0.258633 3.96282 3.66807 1 1 1
v 0.244015 3.97628 3.67687 1 1 1
v 0.258633 3.96282 3.66807 1 1 1
v -0.400184 3.95029 3.65988 1 1 1
v -0.412533 3.94648 3.65739 1 1 1
v -0.380663 3.95041 3.65996 1 1 1
v -0.375002 3.94648 3.65739 1 1 1
v -0.252096 3.94648 3.65739 1 1 1
v 0.252096 3.94648 3.65739 1 1 1
v 0.380663 3.95041 3.65996 1 1 1
v 0.375002 3.94648 3.65739 1 1 1
v 0.400184 3.95029 3.65988 1 1 1
v 0.412533 3.94648 3.65739 1 1 1
v -0.458747 3.93363 3.649 1 1 1
v -0.473373 3.93014 3.64671 1 1 1
v -0.439226 3.93892 3.65245 1 1 1
v -0.419705 3.94434 3.656 1 1 1
v -0.361142 3.93451 3.64957 1 1 1
v -0.356746 3.93014 3.64671 1 1 1
v -0.244015 3.93102 3.64729 1 1 1
v -0.243535 3.93014 3.64671 1 1 1
v 0.244015 3.93102 3.64729 1 1 1
v 0.243535 3.93014 3.64671 1 1 1
v 0.361142 3.93451 3.64957 1 1 1
v 0.356746 3.93014 3.64671 1 1 1
v 0.419705 3.94434 3.656 1 1 1
v 0.439226 3.93892 3.65245 1 1 1
v 0.458748 3.93363 3.649 1 1 1
v 0.473373 3.93014 3.64671 1 1 1
v -0.517311 3.9175 3.63845 1 1 1
v -0.53105 3.91379 3.63603 1 1 1
v -0.49779 3.92266 3.64183 1 1 1
v -0.478269 3.92889 3.64589 1 1 1
v -0.34162 3.91474 3.63665 1 1 1
v -0.340713 3.91379 3.63603 1 1 1
v -0.237265 3.91379 3.63603 1 1 1
v 0.237265 3.91379 3.63603 1 1 1
v 0.34162 3.91474 3.63665 1 1 1
v 0.340713 3.91379 3.63603 1 1 1
v 0.478269 3.92889 3.64589 1 1 1
v 0.49779 3.92266 3.64183 1 1 1
v 0.517311 3.9175 3.63845 1 1 1
v 0.53105 3.91379 3.63603 1 1 1
v -0.575874 3.90089 3.6276 1 1 1
v -0.586445 3.89745 3.62535 1 1 1
v -0.556353 3.90634 3.63116 1 1 1
v -0.536832 3.91216 3.63496 1 1 1
v -0.324091 3.89745 3.62535 1 1 1
v -0.231247 3.89745 3.62535 1 1 1
v 0.231248 3.89745 3.62535 1 1 1
v 0.324091 3.89745 3.62535 1 1 1
v 0.536832 3.91216 3.63496 1 1 1
v 0.556353 3.90634 3.63116 1 1 1
v 0.575874 3.90089 3.6276 1 1 1
v 0.586445 3.89745 3.62535 1 1 1
v -0.634438 3.88413 3.61664 1 1 1
v -0.645458 3.88111 3.61467 1 1 1
v -0.614917 3.89067 3.62092 1 1 1
v -0.595396 3.89495 3.62371 1 1 1
v -0.322099 3.89566 3.62418 1 1 1
v -0.308157 3.88111 3.61467 1 1 1
v -0.224493 3.88494 3.61718 1 1 1
v -0.222702 3.88111 3.61467 1 1 1
v 0.224494 3.88494 3.61718 1 1 1
v 0.222702 3.88111 3.61467 1 1 1
v 0.322099 3.89566 3.62418 1 1 1
v 0.308157 3.88111 3.61467 1 1 1
v 0.595396 3.89495 3.62371 1 1 1
v 0.614917 3.89067 3.62092 1 1 1
v 0.634438 3.88413 3.61664 1 1 1
v 0.645458 3.88111 3.61467 1 1 1
v -0.693001 3.86858 3.60648 1 1 1
v -0.707484 3.86477 3.60399 1 1 1
v -0.67348 3.87373 3.60985 1 1 1
v -0.653959 3.87896 3.61327 1 1 1
v -0.302578 3.87521 3.61082 1 1 1
v -0.289644 3.86477 3.60399 1 1 1
v -0.218198 3.86477 3.60399 1 1 1
v 0.218198 3.86477 3.60399 1 1 1
v 0.302578 3.87521 3.61082 1 1 1
v 0.289644 3.86477 3.60399 1 1 1
v 0.653959 3.87896 3.61327 1 1 1
v 0.67348 3.87373 3.60985 1 1 1
v 0.693002 3.86858 3.60648 1 1 1
v 0.707484 3.86477 3.60399 1 1 1
v -0.751565 3.85204 3.59567 1 1 1
v -0.765208 3.84843 3.59331 1 1 1
v -0.732044 3.85763 3.59933 1 1 1
v -0.712523 3.86345 3.60313 1 1 1
v -0.283057 3.85825 3.59973 1 1 1
v -0.271981 3.84843 3.59331 1 1 1
v -0.222437 3.84843 3.59331 1 1 1
v 0.222437 3.84843 3.59331 1 1 1
v 0.283057 3.85825 3.59973 1 1 1
v 0.271981 3.84843 3.59331 1 1 1
v 0.712523 3.86345 3.60313 1 1 1
v 0.732044 3.85763 3.59933 1 1 1
v 0.751565 3.85204 3.59567 1 1 1
v 0.765208 3.84843 3.59331 1 1 1
v -0.790607 3.84131 3.58866 1 1 1
v -0.804683 3.83209 3.58263 1 1 1
v -0.771086 3.84689 3.59231 1 1 1
v -0.263536 3.83945 3.58744 1 1 1
v -0.252145 3.83209 3.58263 1 1 1
v -0.224493 3.84568 3.59152 1 1 1
v -0.240791 3.83209 3.58263 1 1 1
v 0.224494 3.84568 3.59152 1 1 1
v 0.240791 3.83209 3.58263 1 1 1
v 0.263536 3.83945 3.58744 1 1 1
v 0.252145 3.83209 3.58263 1 1 1
v 0.771086 3.84689 3.59231 1 1 1
v 0.790607 3.84131 3.58866 1 1 1
v 0.804683 3.83209 3.58263 1 1 1
v -0.793312 3.81575 3.57195 1 1 1
v -0.244015 3.82966 3.58104 1 1 1
v 0.244015 3.82966 3.58104 1 1 1
v 0.793312 3.81575 3.57195 1 1 1
v -0.790607 3.81287 3.57008 1 1 1
v -0.778073 3.79941 3.56128 1 1 1
v 0.790607 3.81287 3.57008 1 1 1
v 0.778073 3.79941 3.56128 1 1 1
v -0.771086 3.79115 3.55588 1 1 1
v -0.764158 3.78307 3.5506 1 1 1
v -0.185451 3.7905 3.55546 1 1 1
v -0.187304 3.78307 3.5506 1 1 1
v -0.16593 3.79242 3.55671 1 1 1
v -0.159687 3.78307 3.5506 1 1 1
v 0.16593 3.79242 3.55671 1 1 1
v 0.159687 3.78307 3.5506 1 1 1
v 0.185451 3.7905 3.55546 1 1 1
v 0.187304 3.78307 3.5506 1 1 1
v 0.771086 3.79115 3.55588 1 1 1
v 0.764158 3.78307 3.5506 1 1 1
v -0.751565 3.76739 3.54035 1 1 1
v -0.750997 3.76673 3.53992 1 1 1
v -0.188412 3.76673 3.53992 1 1 1
v -0.152485 3.76673 3.53992 1 1 1
v 0.152485 3.76673 3.53992 1 1 1
v 0.188412 3.76673 3.53992 1 1 1
v 0.751565 3.76739 3.54035 1 1 1
v 0.750997 3.76673 3.53992 1 1 1
v -0.73643 3.75039 3.52924 1 1 1
v -0.187167 3.75039 3.52924 1 1 1
v -0.146409 3.75506 3.53229 1 1 1
v -0.145868 3.75039 3.52924 1 1 1
v 0.146409 3.75506 3.53229 1 1 1
v 0.145868 3.75039 3.52924 1 1 1
v 0.187167 3.75039 3.52924 1 1 1
v 0.73643 3.75039 3.52924 1 1 1
v -0.732044 3.74507 3.52576 1 1 1
v -0.722111 3.73404 3.51856 1 1 1
v -0.186337 3.73404 3.51856 1 1 1
v -0.146409 3.74434 3.52529 1 1 1
v -0.150228 3.73404 3.51856 1 1 1
v 0.146409 3.74434 3.52528 1 1 1
v 0.150228 3.73404 3.51856 1 1 1
v 0.186337 3.73404 3.51856 1 1 1
v 0.732044 3.74507 3.52576 1 1 1
v 0.722111 3.73404 3.51856 1 1 1
v -0.712523 3.72301 3.51135 1 1 1
v -0.707927 3.7177 3.50788 1 1 1
v -0.185451 3.73088 3.51649 1 1 1
v -0.173318 3.7177 3.50788 1 1 1
v -0.161088 3.7177 3.50788 1 1 1
v 0.161088 3.7177 3.50788 1 1 1
v 0.185451 3.73088 3.51649 1 1 1
v 0.173318 3.7177 3.50788 1 1 1
v 0.712523 3.72301 3.51135 1 1 1
v 0.707927 3.7177 3.50788 1 1 1
v -0.694144 3.70136 3.4972 1 1 1
v -0.16593 3.70882 3.50207 1 1 1
v 0.16593 3.70882 3.50207 1 1 1
v 0.694144 3.70136 3.4972 1 1 1
v -0.693001 3.70006 3.49635 1 1 1
v -0.678703 3.68502 3.48652 1 1 1
v 0.693002 3.70006 3.49635 1 1 1
v 0.678703 3.68502 3.48652 1 1 1
v -0.67348 3.67926 3.48275 1 1 1
v -0.664632 3.66868 3.47584 1 1 1
v 0.67348 3.67926 3.48275 1 1 1
v 0.664632 3.66868 3.47584 1 1 1
v -0.653959 3.65707 3.46825 1 1 1
v -0.650169 3.65234 3.46516 1 1 1
v 0.653959 3.65707 3.46825 1 1 1
v 0.650169 3.65234 3.46516 1 1 1
v -0.63517 3.636 3.45448 1 1 1
v -0.107366 3.64212 3.45848 1 1 1
v -0.122232 3.636 3.45448 1 1 1
v -0.0878452 3.64312 3.45913 1 1 1
v -0.0683241 3.63988 3.45701 1 1 1
v -0.0488029 3.63698 3.45512 1 1 1
v -0.0292817 3.63735 3.45536 1 1 1
v -0.0097605 3.63742 3.45541 1 1 1
v 0.00976062 3.63742 3.45541 1 1 1
v 0.0292817 3.63735 3.45536 1 1 1
v 0.048803 3.63698 3.45512 1 1 1
v 0.0683241 3.63988 3.45701 1 1 1
v 0.0878453 3.64312 3.45913 1 1 1
v 0.107366 3.64212 3.45848 1 1 1
v 0.122232 3.636 3.45448 1 1 1
v 0.63517 3.636 3.45448 1 1 1
v -0.634438 3.63525 3.45399 1 1 1
v -0.621209 3.61966 3.4438 1 1 1
v -0.204972 3.62103 3.4447 1 1 1
v -0.211037 3.61966 3.4438 1 1 1
v -0.185451 3.62476 3.44714 1 1 1
v -0.16593 3.62465 3.44706 1 1 1
v -0.146409 3.62713 3.44868 1 1 1
v -0.126888 3.63279 3.45239 1 1 1
v 0.126888 3.63279 3.45238 1 1 1
v 0.146409 3.62713 3.44868 1 1 1
v 0.16593 3.62465 3.44706 1 1 1
v 0.185451 3.62476 3.44714 1 1 1
v 0.204972 3.62103 3.4447 1 1 1
v 0.211037 3.61966 3.4438 1 1 1
v 0.634438 3.63525 3.45399 1 1 1
v 0.621209 3.61966 3.4438 1 1 1
v -0.614917 3.61293 3.4394 1 1 1
v -0.605218 3.60332 3.43312 1 1 1
v -0.302578 3.60448 3.43388 1 1 1
v -0.310789 3.60332 3.43312 1 1 1
v -0.283057 3.60724 3.43568 1 1 1
v -0.263536 3.60886 3.43674 1 1 1
v -0.244015 3.61141 3.43841 1 1 1
v -0.224493 3.61542 3.44103 1 1 1
v 0.224494 3.61542 3.44103 1 1 1
v 0.244015 3.61141 3.43841 1 1 1
v 0.263536 3.60886 3.43674 1 1 1
v 0.283057 3.60724 3.43568 1 1 1
v 0.302578 3.60448 3.43388 1 1 1
v 0.310789 3.60332 3.43312 1 1 1
v 0.614917 3.61293 3.4394 1 1 1
v 0.605218 3.60332 3.43312 1 1 1
v -0.595396 3.59349 3.4267 1 1 1
v -0.588884 3.58698 3.42244 1 1 1
v -0.380663 3.58998 3.4244 1 1 1
v -0.396667 3.58698 3.42244 1 1 1
v -0.361142 3.59151 3.42541 1 1 1
v -0.34162 3.59337 3.42662 1 1 1
v -0.322099 3.59964 3.43072 1 1 1
v 0.322099 3.59964 3.43072 1 1 1
v 0.34162 3.59337 3.42662 1 1 1
v 0.361142 3.59151 3.42541 1 1 1
v 0.380663 3.58998 3.4244 1 1 1
v 0.396667 3.58698 3.42244 1 1 1
v 0.595396 3.59349 3.4267 1 1 1
v 0.588884 3.58698 3.42244 1 1 1
v -0.575874 3.57461 3.41436 1 1 1
v -0.560097 3.57064 3.41176 1 1 1
v -0.49779 3.57166 3.41243 1 1 1
v -0.510045 3.57064 3.41176 1 1 1
v -0.478269 3.57344 3.4136 1 1 1
v -0.458747 3.57525 3.41478 1 1 1
v -0.439226 3.57668 3.41571 1 1 1
v -0.419705 3.58052 3.41823 1 1 1
v -0.400184 3.58518 3.42127 1 1 1
v 0.400184 3.58518 3.42127 1 1 1
v 0.419705 3.58052 3.41823 1 1 1
v 0.439226 3.57668 3.41571 1 1 1
v 0.458748 3.57525 3.41478 1 1 1
v 0.478269 3.57344 3.4136 1 1 1
v 0.49779 3.57166 3.41243 1 1 1
v 0.510045 3.57064 3.41176 1 1 1
v 0.575874 3.57461 3.41436 1 1 1
v 0.560097 3.57064 3.41176 1 1 1
v -0.556353 3.56972 3.41116 1 1 1
v -0.536832 3.57036 3.41158 1 1 1
v -0.517311 3.56965 3.41112 1 1 1
v 0.517311 3.56965 3.41112 1 1 1
v 0.536832 3.57036 3.41158 1 1 1
v 0.556353 3.56972 3.41116 1 1 1
v -0.244015 4.07333 3.53472 1 1 1
v -0.246023 4.07311 3.53459 1 1 1
v -0.224493 4.07509 3.53577 1 1 1
v -0.204972 4.07624 3.53645 1 1 1
v -0.185451 4.07682 3.53679 1 1 1
v -0.16593 4.07881 3.53798 1 1 1
v -0.146409 4.08178 3.53974 1 1 1
v -0.126888 4.08281 3.54035 1 1 1
v -0.107366 4.0851 3.54171 1 1 1
v -0.0878452 4.0857 3.54207 1 1 1
v -0.0683241 4.08524 3.54179 1 1 1
v -0.0488029 4.08596 3.54222 1 1 1
v -0.0292817 4.08541 3.5419 1 1 1
v -0.0097605 4.08575 3.5421 1 1 1
v 0.00976062 4.08575 3.5421 1 1 1
v 0.0292817 4.08541 3.5419 1 1 1
v 0.048803 4.08596 3.54222 1 1 1
v 0.0683241 4.08524 3.54179 1 1 1
v 0.0878453 4.0857 3.54207 1 1 1
v 0.107366 4.0851 3.54171 1 1 1
v 0.126888 4.08281 3.54035 1 1 1
v 0.146409 4.08178 3.53974 1 1 1
v 0.16593 4.07881 3.53798 1 1 1
v 0.185451 4.07682 3.53679 1 1 1
v 0.204972 4.07624 3.53645 1 1 1
v 0.224494 4.07509 3.53577 1 1 1
v 0.244015 4.07333 3.53472 1 1 1
v 0.246023 4.07311 3.53459 1 1 1
v -0.262022 4.05632 3.52462 1 1 1
v 0.262022 4.05632 3.52462 1 1 1
v -0.419705 4.0417 3.51594 1 1 1
v -0.427699 4.03954 3.51465 1 1 1
v -0.400184 4.04762 3.51945 1 1 1
v -0.380663 4.04889 3.5202 1 1 1
v -0.368156 4.03954 3.51465 1 1 1
v -0.254328 4.03954 3.51465 1 1 1
v 0.254328 4.03954 3.51465 1 1 1
v 0.380663 4.04889 3.5202 1 1 1
v 0.368156 4.03954 3.51465 1 1 1
v 0.400184 4.04762 3.51945 1 1 1
v 0.419705 4.0417 3.51594 1 1 1
v 0.427699 4.03954 3.51465 1 1 1
v -0.478269 4.02624 3.50675 1 1 1
v -0.490836 4.02275 3.50468 1 1 1
v -0.458747 4.03096 3.50955 1 1 1
v -0.439226 4.03645 3.51281 1 1 1
v -0.361142 4.03297 3.51075 1 1 1
v -0.351652 4.02275 3.50468 1 1 1
v -0.24576 4.02275 3.50468 1 1 1
v 0.24576 4.02275 3.50468 1 1 1
v 0.361142 4.03297 3.51075 1 1 1
v 0.351652 4.02275 3.50468 1 1 1
v 0.439226 4.03645 3.51281 1 1 1
v 0.458748 4.03096 3.50955 1 1 1
v 0.478269 4.02624 3.50675 1 1 1
v 0.490836 4.02275 3.50468 1 1 1
v -0.536832 4.00987 3.49703 1 1 1
v -0.550078 4.00597 3.49471 1 1 1
v -0.517311 4.01513 3.50015 1 1 1
v -0.49779 4.02059 3.5034 1 1 1
v -0.34162 4.01185 3.49821 1 1 1
v -0.336301 4.00597 3.49471 1 1 1
v -0.244015 4.01901 3.50246 1 1 1
v -0.238823 4.00597 3.49471 1 1 1
v 0.244015 4.01901 3.50246 1 1 1
v 0.238823 4.00597 3.49471 1 1 1
v 0.34162 4.01185 3.49821 1 1 1
v 0.336301 4.00597 3.49471 1 1 1
v 0.49779 4.02059 3.5034 1 1 1
v 0.517311 4.01513 3.50015 1 1 1
v 0.536832 4.00987 3.49703 1 1 1
v 0.550078 4.00597 3.49471 1 1 1
v -0.595396 3.99297 3.48699 1 1 1
v -0.611132 3.98919 3.48474 1 1 1
v -0.575874 3.99925 3.49072 1 1 1
v -0.556353 4.00412 3.49361 1 1 1
v -0.322099 3.99099 3.48581 1 1 1
v -0.320032 3.98919 3.48474 1 1 1
v -0.232666 3.98919 3.48474 1 1 1
v 0.232666 3.98919 3.48474 1 1 1
v 0.322099 3.99099 3.48581 1 1 1
v 0.320032 3.98919 3.48474 1 1 1
v 0.556353 4.00412 3.49361 1 1 1
v 0.575874 3.99925 3.49072 1 1 1
v 0.595396 3.99297 3.48699 1 1 1
v 0.611133 3.98919 3.48474 1 1 1
v -0.653959 3.97726 3.47766 1 1 1
v -0.671027 3.9724 3.47477 1 1 1
v -0.634438 3.98252 3.48079 1 1 1
v -0.614917 3.98837 3.48426 1 1 1
v -0.305472 3.9724 3.47477 1 1 1
v -0.224493 3.97439 3.47595 1 1 1
v -0.223554 3.9724 3.47477 1 1 1
v 0.224494 3.97439 3.47595 1 1 1
v 0.223554 3.9724 3.47477 1 1 1
v 0.305472 3.9724 3.47477 1 1 1
v 0.614917 3.98837 3.48426 1 1 1
v 0.634438 3.98252 3.48079 1 1 1
v 0.653959 3.97726 3.47766 1 1 1
v 0.671027 3.9724 3.47477 1 1 1
v -0.732044 3.95605 3.46506 1 1 1
v -0.733672 3.95562 3.4648 1 1 1
v -0.712523 3.96135 3.46821 1 1 1
v -0.693001 3.96689 3.4715 1 1 1
v -0.67348 3.97176 3.47439 1 1 1
v -0.302578 3.96915 3.47284 1 1 1
v -0.287263 3.95562 3.4648 1 1 1
v -0.218605 3.95562 3.4648 1 1 1
v 0.218605 3.95562 3.4648 1 1 1
v 0.302578 3.96915 3.47284 1 1 1
v 0.287263 3.95562 3.4648 1 1 1
v 0.67348 3.97176 3.47439 1 1 1
v 0.693002 3.96689 3.4715 1 1 1
v 0.712523 3.96135 3.46821 1 1 1
v 0.732044 3.95605 3.46506 1 1 1
v 0.733672 3.95562 3.4648 1 1 1
v -0.790607 3.94039 3.45576 1 1 1
v -0.796475 3.93884 3.45484 1 1 1
v -0.771086 3.94535 3.4587 1 1 1
v -0.751565 3.95065 3.46185 1 1 1
v -0.283057 3.95108 3.46211 1 1 1
v -0.270333 3.93884 3.45484 1 1 1
v -0.222188 3.93884 3.45484 1 1 1
v 0.222188 3.93884 3.45484 1 1 1
v 0.283057 3.95108 3.46211 1 1 1
v 0.270333 3.93884 3.45484 1 1 1
v 0.751565 3.95065 3.46185 1 1 1
v 0.771086 3.94535 3.4587 1 1 1
v 0.790607 3.94039 3.45576 1 1 1
v 0.796475 3.93884 3.45484 1 1 1
v -0.810128 3.9316 3.45054 1 1 1
v -0.818712 3.92205 3.44487 1 1 1
v -0.263536 3.93093 3.45014 1 1 1
v -0.251171 3.92205 3.44487 1 1 1
v -0.224493 3.93555 3.45289 1 1 1
v -0.240522 3.92205 3.44487 1 1 1
v 0.224494 3.93555 3.45289 1 1 1
v 0.240522 3.92205 3.44487 1 1 1
v 0.263536 3.93093 3.45014 1 1 1
v 0.251171 3.92205 3.44487 1 1 1
v 0.810129 3.9316 3.45054 1 1 1
v 0.818711 3.92205 3.44487 1 1 1
v -0.810128 3.91193 3.43886 1 1 1
v -0.805071 3.90527 3.4349 1 1 1
v -0.244015 3.9195 3.44335 1 1 1
v 0.244015 3.9195 3.44335 1 1 1
v 0.810129 3.91193 3.43886 1 1 1
v 0.80507 3.90527 3.4349 1 1 1
v -0.790607 3.8901 3.42589 1 1 1
v -0.789078 3.88848 3.42493 1 1 1
v 0.790607 3.8901 3.42589 1 1 1
v 0.789078 3.88848 3.42493 1 1 1
v -0.77464 3.8717 3.41496 1 1 1
v -0.185451 3.88025 3.42004 1 1 1
v -0.18757 3.8717 3.41496 1 1 1
v -0.16593 3.88041 3.42014 1 1 1
v -0.160298 3.8717 3.41496 1 1 1
v 0.16593 3.88041 3.42014 1 1 1
v 0.160297 3.8717 3.41496 1 1 1
v 0.185451 3.88025 3.42004 1 1 1
v 0.18757 3.8717 3.41496 1 1 1
v 0.77464 3.8717 3.41496 1 1 1
v -0.771086 3.86763 3.41254 1 1 1
v -0.760369 3.85492 3.40499 1 1 1
v -0.188666 3.85492 3.40499 1 1 1
v -0.153037 3.85492 3.40499 1 1 1
v 0.153037 3.85492 3.40499 1 1 1
v 0.188666 3.85492 3.40499 1 1 1
v 0.771086 3.86763 3.41254 1 1 1
v 0.760369 3.85492 3.40499 1 1 1
v -0.751565 3.84454 3.39883 1 1 1
v -0.745785 3.83813 3.39502 1 1 1
v -0.187264 3.83813 3.39502 1 1 1
v -0.146409 3.84285 3.39782 1 1 1
v -0.145796 3.83813 3.39502 1 1 1
v 0.146409 3.84285 3.39782 1 1 1
v 0.145796 3.83813 3.39502 1 1 1
v 0.187264 3.83813 3.39502 1 1 1
v 0.751565 3.84454 3.39883 1 1 1
v 0.745785 3.83813 3.39502 1 1 1
v -0.732044 3.82194 3.3854 1 1 1
v -0.731499 3.82135 3.38505 1 1 1
v -0.186163 3.82135 3.38505 1 1 1
v -0.146409 3.8302 3.39031 1 1 1
v -0.149334 3.82135 3.38505 1 1 1
v 0.146409 3.8302 3.39031 1 1 1
v 0.149334 3.82135 3.38505 1 1 1
v 0.186163 3.82135 3.38505 1 1 1
v 0.732044 3.82194 3.3854 1 1 1
v 0.731499 3.82135 3.38505 1 1 1
v -0.716249 3.80456 3.37508 1 1 1
v -0.185451 3.81899 3.38365 1 1 1
v -0.172524 3.80456 3.37508 1 1 1
v -0.160599 3.80456 3.37508 1 1 1
v 0.160599 3.80456 3.37508 1 1 1
v 0.185451 3.81899 3.38365 1 1 1
v 0.172525 3.80456 3.37508 1 1 1
v 0.716249 3.80456 3.37508 1 1 1
v -0.712523 3.80055 3.3727 1 1 1
v -0.701159 3.78778 3.36512 1 1 1
v -0.16593 3.79592 3.36995 1 1 1
v 0.16593 3.79592 3.36995 1 1 1
v 0.712523 3.80055 3.3727 1 1 1
v 0.701159 3.78778 3.36512 1 1 1
v -0.693001 3.77865 3.35969 1 1 1
v -0.685666 3.771 3.35515 1 1 1
v 0.693002 3.77865 3.35969 1 1 1
v 0.685666 3.771 3.35515 1 1 1
v -0.67348 3.75772 3.34726 1 1 1
v -0.67047 3.75421 3.34518 1 1 1
v 0.67348 3.75772 3.34726 1 1 1
v 0.67047 3.75421 3.34518 1 1 1
v -0.654927 3.73743 3.33521 1 1 1
v 0.654927 3.73743 3.33521 1 1 1
v -0.653959 3.73638 3.33459 1 1 1
v -0.639697 3.72065 3.32524 1 1 1
v -0.107366 3.72733 3.32921 1 1 1
v -0.120807 3.72065 3.32524 1 1 1
v -0.0878452 3.72854 3.32993 1 1 1
v -0.0683241 3.72464 3.32761 1 1 1
v -0.0488029 3.72145 3.32572 1 1 1
v -0.0292817 3.72186 3.32596 1 1 1
v -0.0097605 3.72193 3.326 1 1 1
v 0.00976062 3.72193 3.326 1 1 1
v 0.0292817 3.72186 3.32596 1 1 1
v 0.048803 3.72145 3.32572 1 1 1
v 0.0683241 3.72464 3.32761 1 1 1
v 0.0878453 3.72854 3.32993 1 1 1
v 0.107366 3.72733 3.32921 1 1 1
v 0.120807 3.72065 3.32524 1 1 1
v 0.653959 3.73638 3.33459 1 1 1
v 0.639697 3.72065 3.32524 1 1 1
v -0.634438 3.71524 3.32203 1 1 1
v -0.624683 3.70386 3.31527 1 1 1
v -0.204972 3.70461 3.31572 1 1 1
v -0.20824 3.70386 3.31527 1 1 1
v -0.185451 3.70836 3.31794 1 1 1
v -0.16593 3.7085 3.31803 1 1 1
v -0.146409 3.71089 3.31945 1 1 1
v -0.126888 3.71616 3.32258 1 1 1
v 0.126888 3.71616 3.32258 1 1 1
v 0.146409 3.71089 3.31945 1 1 1
v 0.16593 3.7085 3.31803 1 1 1
v 0.185451 3.70836 3.31794 1 1 1
v 0.204972 3.70461 3.31572 1 1 1
v 0.20824 3.70386 3.31527 1 1 1
v 0.634438 3.71524 3.32203 1 1 1
v 0.624683 3.70386 3.31527 1 1 1
v -0.614917 3.69349 3.30911 1 1 1
v -0.608471 3.68708 3.3053 1 1 1
v -0.302578 3.68781 3.30574 1 1 1
v -0.307484 3.68708 3.3053 1 1 1
v -0.283057 3.69055 3.30737 1 1 1
v -0.263536 3.69199 3.30822 1 1 1
v -0.244015 3.69461 3.30978 1 1 1
v -0.224493 3.69858 3.31214 1 1 1
v 0.224494 3.69858 3.31214 1 1 1
v 0.244015 3.69461 3.30978 1 1 1
v 0.263536 3.69199 3.30822 1 1 1
v 0.283057 3.69055 3.30737 1 1 1
v 0.302578 3.68781 3.30574 1 1 1
v 0.307484 3.68708 3.3053 1 1 1
v 0.614917 3.69349 3.30911 1 1 1
v 0.608471 3.68708 3.3053 1 1 1
v -0.595396 3.67395 3.2975 1 1 1
v -0.591732 3.67029 3.29533 1 1 1
v -0.380663 3.67298 3.29693 1 1 1
v -0.39507 3.67029 3.29533 1 1 1
v -0.361142 3.67449 3.29783 1 1 1
v -0.34162 3.67638 3.29895 1 1 1
v -0.322099 3.68216 3.30238 1 1 1
v 0.322099 3.68216 3.30238 1 1 1
v 0.34162 3.67638 3.29895 1 1 1
v 0.361142 3.67449 3.29783 1 1 1
v 0.380663 3.67298 3.29693 1 1 1
v 0.39507 3.67029 3.29533 1 1 1
v 0.595396 3.67395 3.2975 1 1 1
v 0.591732 3.67029 3.29533 1 1 1
v -0.575874 3.65518 3.28636 1 1 1
v -0.568977 3.65351 3.28536 1 1 1
v -0.49779 3.65398 3.28564 1 1 1
v -0.502698 3.65351 3.28536 1 1 1
v -0.478269 3.65593 3.2868 1 1 1
v -0.458747 3.65785 3.28794 1 1 1
v -0.439226 3.65934 3.28883 1 1 1
v -0.419705 3.66293 3.29096 1 1 1
v -0.400184 3.66768 3.29378 1 1 1
v 0.400184 3.66768 3.29378 1 1 1
v 0.419705 3.66293 3.29096 1 1 1
v 0.439226 3.65934 3.28883 1 1 1
v 0.458748 3.65785 3.28794 1 1 1
v 0.478269 3.65593 3.2868 1 1 1
v 0.49779 3.65398 3.28564 1 1 1
v 0.502698 3.65351 3.28536 1 1 1
v 0.575874 3.65518 3.28636 1 1 1
v 0.568977 3.65351 3.28536 1 1 1
v -0.556353 3.65057 3.28361 1 1 1
v -0.536832 3.65141 3.28411 1 1 1
v -0.517311 3.65119 3.28399 1 1 1
v 0.517311 3.65119 3.28399 1 1 1
v 0.536832 3.65141 3.28411 1 1 1
v 0.556353 3.65057 3.28361 1 1 1
v -0.263536 4.16045 3.38778 1 1 1
v -0.264022 4.16019 3.38764 1 1 1
v -0.244015 4.16254 3.38892 1 1 1
v -0.224493 4.16401 3.38972 1 1 1
v -0.204972 4.16502 3.39027 1 1 1
v -0.185451 4.1658 3.39069 1 1 1
v -0.16593 4.16752 3.39163 1 1 1
v -0.146409 4.17029 3.39314 1 1 1
v -0.126888 4.17117 3.39361 1 1 1
v -0.107366 4.17321 3.39473 1 1 1
v -0.0878452 4.1738 3.39505 1 1 1
v -0.0683241 4.17332 3.39479 1 1 1
v -0.0488029 4.17403 3.39517 1 1 1
v -0.0292817 4.1735 3.39489 1 1 1
v -0.0097605 4.17382 3.39506 1 1 1
v 0.00976062 4.17382 3.39506 1 1 1
v 0.0292817 4.1735 3.39489 1 1 1
v 0.048803 4.17403 3.39517 1 1 1
v 0.0683241 4.17332 3.39479 1 1 1
v 0.0878453 4.1738 3.39505 1 1 1
v 0.107366 4.17321 3.39473 1 1 1
v 0.126888 4.17117 3.39361 1 1 1
v 0.146409 4.17029 3.39314 1 1 1
v 0.16593 4.16752 3.39163 1 1 1
v 0.185451 4.1658 3.39069 1 1 1
v 0.204972 4.16502 3.39027 1 1 1
v 0.224494 4.16401 3.38972 1 1 1
v 0.244015 4.16254 3.38892 1 1 1
v 0.263536 4.16045 3.38778 1 1 1
v 0.264022 4.16019 3.38764 1 1 1
v -0.264987 4.14304 3.37831 1 1 1
v 0.264987 4.14304 3.37831 1 1 1
v -0.439226 4.12696 3.36956 1 1 1
v -0.442929 4.12589 3.36898 1 1 1
v -0.419705 4.13216 3.37239 1 1 1
v -0.400184 4.13798 3.37556 1 1 1
v -0.380663 4.1404 3.37688 1 1 1
v -0.362432 4.12589 3.36898 1 1 1
v -0.263536 4.14054 3.37695 1 1 1
v -0.256356 4.12589 3.36898 1 1 1
v 0.263536 4.14054 3.37695 1 1 1
v 0.256356 4.12589 3.36898 1 1 1
v 0.380663 4.1404 3.37688 1 1 1
v 0.362432 4.12589 3.36898 1 1 1
v 0.400184 4.13798 3.37556 1 1 1
v 0.419705 4.13216 3.37239 1 1 1
v 0.439226 4.12696 3.36956 1 1 1
v 0.442929 4.12589 3.36898 1 1 1
v -0.49779 4.11128 3.36103 1 1 1
v -0.507174 4.10874 3.35965 1 1 1
v -0.478269 4.11657 3.36391 1 1 1
v -0.458747 4.12136 3.36652 1 1 1
v -0.361142 4.12459 3.36828 1 1 1
v -0.347374 4.10874 3.35965 1 1 1
v -0.247867 4.10874 3.35965 1 1 1
v 0.247867 4.10874 3.35965 1 1 1
v 0.361142 4.1246 3.36828 1 1 1
v 0.347375 4.10874 3.35965 1 1 1
v 0.458748 4.12136 3.36652 1 1 1
v 0.478269 4.11657 3.36391 1 1 1
v 0.49779 4.11128 3.36103 1 1 1
v 0.507174 4.10874 3.35965 1 1 1
v -0.556353 4.09493 3.35213 1 1 1
v -0.571923 4.0916 3.35032 1 1 1
v -0.536832 4.10062 3.35523 1 1 1
v -0.517311 4.10585 3.35808 1 1 1
v -0.34162 4.10214 3.35606 1 1 1
v -0.332578 4.0916 3.35032 1 1 1
v -0.244015 4.10076 3.35531 1 1 1
v -0.240233 4.0916 3.35032 1 1 1
v 0.244015 4.10076 3.35531 1 1 1
v 0.240233 4.0916 3.35032 1 1 1
v 0.34162 4.10214 3.35606 1 1 1
v 0.332578 4.0916 3.35032 1 1 1
v 0.517311 4.10585 3.35808 1 1 1
v 0.536832 4.10062 3.35523 1 1 1
v 0.556353 4.09493 3.35213 1 1 1
v 0.571923 4.0916 3.35032 1 1 1
v -0.614917 4.07934 3.34365 1 1 1
v -0.632983 4.07445 3.34099 1 1 1
v -0.595396 4.08441 3.34641 1 1 1
v -0.575874 4.09065 3.34981 1 1 1
v -0.322099 4.07981 3.34391 1 1 1
v -0.316386 4.07445 3.34099 1 1 1
v -0.233963 4.07445 3.34099 1 1 1
v 0.233963 4.07445 3.34099 1 1 1
v 0.322099 4.07981 3.34391 1 1 1
v 0.316386 4.07445 3.34099 1 1 1
v 0.575874 4.09065 3.34981 1 1 1
v 0.595396 4.08441 3.34641 1 1 1
v 0.614917 4.07934 3.34365 1 1 1
v 0.632983 4.07445 3.34099 1 1 1
v -0.693001 4.05829 3.3322 1 1 1
v -0.69612 4.0573 3.33166 1 1 1
v -0.67348 4.06324 3.33489 1 1 1
v -0.653959 4.06884 3.33794 1 1 1
v -0.634438 4.07403 3.34076 1 1 1
v -0.303155 4.0573 3.33166 1 1 1
v -0.224493 4.05766 3.33186 1 1 1
v -0.224319 4.0573 3.33166 1 1 1
v 0.224494 4.05766 3.33186 1 1 1
v 0.224319 4.0573 3.33166 1 1 1
v 0.303155 4.0573 3.33166 1 1 1
v 0.634438 4.07403 3.34076 1 1 1
v 0.653959 4.06884 3.33794 1 1 1
v 0.67348 4.06324 3.33489 1 1 1
v 0.693002 4.05829 3.3322 1 1 1
v 0.69612 4.0573 3.33166 1 1 1
v -0.751565 4.04229 3.3235 1 1 1
v -0.759526 4.04015 3.32233 1 1 1
v -0.732044 4.04741 3.32628 1 1 1
v -0.712523 4.05238 3.32898 1 1 1
v -0.302578 4.05662 3.33129 1 1 1
v -0.285311 4.04015 3.32233 1 1 1
v -0.218997 4.04015 3.32233 1 1 1
v 0.218997 4.04015 3.32233 1 1 1
v 0.302578 4.05662 3.33129 1 1 1
v 0.285311 4.04015 3.32233 1 1 1
v 0.712523 4.05238 3.32898 1 1 1
v 0.732044 4.04741 3.32628 1 1 1
v 0.751565 4.04229 3.3235 1 1 1
v 0.759526 4.04015 3.32233 1 1 1
v -0.810128 4.02662 3.31497 1 1 1
v -0.82144 4.02301 3.313 1 1 1
v -0.790607 4.03156 3.31766 1 1 1
v -0.771086 4.03695 3.32059 1 1 1
v -0.283057 4.03754 3.32091 1 1 1
v -0.268979 4.02301 3.313 1 1 1
v -0.221921 4.02301 3.313 1 1 1
v 0.221921 4.02301 3.313 1 1 1
v 0.283057 4.03754 3.32091 1 1 1
v 0.268979 4.02301 3.313 1 1 1
v 0.771086 4.03695 3.32059 1 1 1
v 0.790607 4.03156 3.31766 1 1 1
v 0.810129 4.02662 3.31497 1 1 1
v 0.82144 4.02301 3.313 1 1 1
v -0.82965 4.01035 3.30612 1 1 1
v -0.831086 4.00586 3.30367 1 1 1
v -0.263536 4.01618 3.30929 1 1 1
v -0.250394 4.00586 3.30367 1 1 1
v -0.224493 4.01911 3.31088 1 1 1
v -0.240198 4.00586 3.30367 1 1 1
v 0.224494 4.01911 3.31088 1 1 1
v 0.240198 4.00586 3.30367 1 1 1
v 0.263536 4.01618 3.30929 1 1 1
v 0.250394 4.00586 3.30367 1 1 1
v 0.82965 4.01035 3.30612 1 1 1
v 0.831086 4.00586 3.30367 1 1 1
v -0.82965 4.00421 3.30277 1 1 1
v -0.815972 3.98871 3.29434 1 1 1
v -0.244015 4.00319 3.30222 1 1 1
v 0.244015 4.00319 3.30222 1 1 1
v 0.82965 4.00421 3.30277 1 1 1
v 0.815972 3.98871 3.29434 1 1 1
v -0.810128 3.98246 3.29095 1 1 1
v -0.79972 3.97156 3.28501 1 1 1
v 0.810129 3.98247 3.29095 1 1 1
v 0.79972 3.97156 3.28501 1 1 1
v -0.790607 3.96179 3.2797 1 1 1
v -0.784147 3.95442 3.27568 1 1 1
v -0.185451 3.96415 3.28098 1 1 1
v -0.187869 3.95442 3.27568 1 1 1
v -0.16593 3.96248 3.28007 1 1 1
v -0.160853 3.95442 3.27568 1 1 1
v 0.16593 3.96248 3.28007 1 1 1
v 0.160853 3.95442 3.27568 1 1 1
v 0.185451 3.96415 3.28098 1 1 1
v 0.18787 3.95442 3.27568 1 1 1
v 0.790607 3.96179 3.2797 1 1 1
v 0.784147 3.95442 3.27568 1 1 1
v -0.771086 3.93971 3.26769 1 1 1
v -0.768972 3.93727 3.26636 1 1 1
v -0.188946 3.93727 3.26636 1 1 1
v -0.153554 3.93727 3.26636 1 1 1
v 0.153554 3.93727 3.26636 1 1 1
v 0.188946 3.93727 3.26636 1 1 1
v 0.771086 3.93971 3.26769 1 1 1
v 0.768972 3.93727 3.26636 1 1 1
v -0.754196 3.92012 3.25703 1 1 1
v -0.187365 3.92012 3.25703 1 1 1
v -0.146409 3.92487 3.25961 1 1 1
v -0.14572 3.92012 3.25703 1 1 1
v 0.146409 3.92487 3.25961 1 1 1
v 0.14572 3.92012 3.25703 1 1 1
v 0.187365 3.92012 3.25703 1 1 1
v 0.754196 3.92012 3.25703 1 1 1
v -0.751565 3.91735 3.25552 1 1 1
v -0.738708 3.90297 3.2477 1 1 1
v -0.185992 3.90297 3.2477 1 1 1
v -0.146409 3.90958 3.25129 1 1 1
v -0.148321 3.90297 3.2477 1 1 1
v 0.146409 3.90958 3.25129 1 1 1
v 0.148321 3.90297 3.2477 1 1 1
v 0.185992 3.90297 3.2477 1 1 1
v 0.751565 3.91735 3.25552 1 1 1
v 0.738708 3.90297 3.2477 1 1 1
v -0.732044 3.89508 3.2434 1 1 1
v -0.723467 3.88583 3.23837 1 1 1
v -0.185451 3.90131 3.24679 1 1 1
v -0.171883 3.88583 3.23837 1 1 1
v -0.159997 3.88583 3.23837 1 1 1
v 0.159997 3.88583 3.23837 1 1 1
v 0.185451 3.90131 3.24679 1 1 1
v 0.171883 3.88583 3.23837 1 1 1
v 0.732044 3.89508 3.2434 1 1 1
v 0.723467 3.88583 3.23837 1 1 1
v -0.712523 3.87414 3.23201 1 1 1
v -0.707587 3.86868 3.22904 1 1 1
v -0.16593 3.87743 3.2338 1 1 1
v 0.16593 3.87743 3.2338 1 1 1
v 0.712523 3.87414 3.23201 1 1 1
v 0.707587 3.86868 3.22904 1 1 1
v -0.693001 3.85269 3.22034 1 1 1
v -0.691882 3.85153 3.21971 1 1 1
v 0.693002 3.85269 3.22034 1 1 1
v 0.691882 3.85153 3.21971 1 1 1
v -0.675802 3.83438 3.21038 1 1 1
v 0.675802 3.83438 3.21038 1 1 1
v -0.67348 3.83193 3.20904 1 1 1
v -0.659711 3.81724 3.20105 1 1 1
v 0.67348 3.83193 3.20904 1 1 1
v 0.659711 3.81724 3.20105 1 1 1
v -0.653959 3.81105 3.19768 1 1 1
v -0.643834 3.80009 3.19172 1 1 1
v -0.107366 3.80741 3.1957 1 1 1
v -0.119569 3.80009 3.19172 1 1 1
v -0.0878452 3.80883 3.19647 1 1 1
v -0.0683241 3.80417 3.19394 1 1 1
v -0.0488029 3.80072 3.19206 1 1 1
v -0.0292817 3.80116 3.1923 1 1 1
v -0.0097605 3.80124 3.19234 1 1 1
v 0.00976062 3.80124 3.19234 1 1 1
v 0.0292817 3.80116 3.1923 1 1 1
v 0.048803 3.80072 3.19206 1 1 1
v 0.0683241 3.80417 3.19394 1 1 1
v 0.0878453 3.80883 3.19647 1 1 1
v 0.107366 3.80741 3.1957 1 1 1
v 0.119569 3.80009 3.19172 1 1 1
v 0.653959 3.81105 3.19768 1 1 1
v 0.643834 3.80009 3.19172 1 1 1
v -0.634438 3.79046 3.18648 1 1 1
v -0.627922 3.78294 3.18239 1 1 1
v -0.204972 3.7831 3.18248 1 1 1
v -0.205656 3.78294 3.18239 1 1 1
v -0.185451 3.78685 3.18451 1 1 1
v -0.16593 3.78723 3.18472 1 1 1
v -0.146409 3.78951 3.18596 1 1 1
v -0.126888 3.79437 3.18861 1 1 1
v 0.126888 3.79437 3.18861 1 1 1
v 0.146409 3.78951 3.18596 1 1 1
v 0.16593 3.78723 3.18472 1 1 1
v 0.185451 3.78685 3.18451 1 1 1
v 0.204972 3.7831 3.18248 1 1 1
v 0.205655 3.78294 3.18239 1 1 1
v 0.634438 3.79046 3.18648 1 1 1
v 0.627922 3.78294 3.18239 1 1 1
v -0.614917 3.76926 3.17494 1 1 1
v -0.61144 3.76579 3.17306 1 1 1
v -0.302578 3.7661 3.17322 1 1 1
v -0.304527 3.76579 3.17306 1 1 1
v -0.283057 3.76883 3.17471 1 1 1
v -0.263536 3.77014 3.17542 1 1 1
v -0.244015 3.77277 3.17686 1 1 1
v -0.224493 3.77667 3.17897 1 1 1
v 0.224494 3.77667 3.17897 1 1 1
v 0.244015 3.77277 3.17686 1 1 1
v 0.263536 3.77014 3.17542 1 1 1
v 0.283057 3.76883 3.17471 1 1 1
v 0.302578 3.7661 3.17322 1 1 1
v 0.304527 3.76579 3.17306 1 1 1
v 0.614917 3.76926 3.17494 1 1 1
v 0.61144 3.76579 3.17306 1 1 1
v -0.595396 3.74967 3.16428 1 1 1
v -0.594368 3.74865 3.16373 1 1 1
v -0.380663 3.75102 3.16502 1 1 1
v -0.393497 3.74865 3.16373 1 1 1
v -0.361142 3.75251 3.16583 1 1 1
v -0.34162 3.75441 3.16686 1 1 1
v -0.322099 3.75972 3.16976 1 1 1
v 0.322099 3.75972 3.16976 1 1 1
v 0.34162 3.75441 3.16686 1 1 1
v 0.361142 3.75251 3.16583 1 1 1
v 0.380663 3.75102 3.16502 1 1 1
v 0.393497 3.74865 3.16373 1 1 1
v 0.595396 3.74967 3.16428 1 1 1
v 0.594368 3.74865 3.16373 1 1 1
v -0.576544 3.7315 3.1544 1 1 1
v -0.478269 3.73355 3.15551 1 1 1
v -0.49736 3.7315 3.1544 1 1 1
v -0.458747 3.73555 3.1566 1 1 1
v -0.439226 3.73709 3.15744 1 1 1
v -0.419705 3.74042 3.15925 1 1 1
v -0.400184 3.74526 3.16188 1 1 1
v 0.400184 3.74526 3.16188 1 1 1
v 0.419705 3.74042 3.15925 1 1 1
v 0.439226 3.73709 3.15744 1 1 1
v 0.458748 3.73555 3.1566 1 1 1
v 0.478269 3.73355 3.15551 1 1 1
v 0.49736 3.7315 3.1544 1 1 1
v 0.576544 3.7315 3.1544 1 1 1
v -0.575874 3.73096 3.15411 1 1 1
v -0.556353 3.72672 3.1518 1 1 1
v -0.536832 3.72772 3.15234 1 1 1
v -0.517311 3.7279 3.15244 1 1 1
v -0.49779 3.7314 3.15435 1 1 1
v 0.49779 3.7314 3.15435 1 1 1
v 0.517311 3.7279 3.15244 1 1 1
v 0.536832 3.72772 3.15234 1 1 1
v 0.556353 3.72672 3.1518 1 1 1
v 0.575874 3.73096 3.15411 1 1 1
v -0.263536 4.24298 3.24081 1 1 1
v -0.267941 4.24061 3.23961 1 1 1
v -0.244015 4.24492 3.2418 1 1 1
v -0.224493 4.24614 3.24242 1 1 1
v -0.204972 4.24703 3.24288 1 1 1
v -0.185451 4.24796 3.24335 1 1 1
v -0.16593 4.24945 3.24411 1 1 1
v -0.146409 4.252 3.2454 1 1 1
v -0.126888 4.25274 3.24577 1 1 1
v -0.107366 4.25455 3.24669 1 1 1
v -0.0878452 4.2551 3.24697 1 1 1
v -0.0683241 4.25463 3.24674 1 1 1
v -0.0488029 4.2553 3.24708 1 1 1
v -0.0292817 4.25481 3.24683 1 1 1
v -0.0097605 4.25511 3.24698 1 1 1
v 0.00976062 4.25511 3.24698 1 1 1
v 0.0292817 4.25481 3.24683 1 1 1
v 0.048803 4.2553 3.24708 1 1 1
v 0.0683241 4.25463 3.24674 1 1 1
v 0.0878453 4.2551 3.24697 1 1 1
v 0.107366 4.25455 3.24669 1 1 1
v 0.126888 4.25274 3.24577 1 1 1
v 0.146409 4.252 3.2454 1 1 1
v 0.16593 4.24945 3.24411 1 1 1
v 0.185451 4.24796 3.24335 1 1 1
v 0.204972 4.24703 3.24288 1 1 1
v 0.224494 4.24614 3.24242 1 1 1
v 0.244015 4.24492 3.2418 1 1 1
v 0.263536 4.24298 3.24081 1 1 1
v 0.267941 4.24061 3.23961 1 1 1
v -0.380663 4.22477 3.23156 1 1 1
v -0.389853 4.22321 3.23077 1 1 1
v -0.377392 4.22321 3.23077 1 1 1
v -0.267609 4.22321 3.23077 1 1 1
v 0.267609 4.22321 3.23077 1 1 1
v 0.380663 4.22477 3.23156 1 1 1
v 0.377392 4.22321 3.23077 1 1 1
v 0.389853 4.22321 3.23077 1 1 1
v -0.439226 4.21064 3.22438 1 1 1
v -0.456217 4.20581 3.22192 1 1 1
v -0.419705 4.21583 3.22702 1 1 1
v -0.400184 4.22162 3.22996 1 1 1
v -0.361142 4.20993 3.22402 1 1 1
v -0.357871 4.20581 3.22192 1 1 1
v -0.263536 4.21637 3.22729 1 1 1
v -0.258206 4.20581 3.22192 1 1 1
v 0.263536 4.21637 3.22729 1 1 1
v 0.258206 4.20581 3.22192 1 1 1
v 0.361142 4.20993 3.22402 1 1 1
v 0.357871 4.20581 3.22192 1 1 1
v 0.400184 4.22162 3.22996 1 1 1
v 0.419705 4.21583 3.22702 1 1 1
v 0.439226 4.21064 3.22438 1 1 1
v 0.456217 4.20581 3.22192 1 1 1
v -0.517311 4.18988 3.21383 1 1 1
v -0.523114 4.18841 3.21308 1 1 1
v -0.49779 4.19513 3.2165 1 1 1
v -0.478269 4.20026 3.2191 1 1 1
v -0.458747 4.20509 3.22156 1 1 1
v -0.343732 4.18841 3.21308 1 1 1
v -0.249778 4.18841 3.21308 1 1 1
v 0.249778 4.18841 3.21308 1 1 1
v 0.343733 4.18841 3.21308 1 1 1
v 0.458748 4.20509 3.22156 1 1 1
v 0.478269 4.20026 3.2191 1 1 1
v 0.49779 4.19513 3.2165 1 1 1
v 0.517311 4.18988 3.21383 1 1 1
v 0.523114 4.18841 3.21308 1 1 1
v -0.575874 4.17484 3.20619 1 1 1
v -0.589767 4.171 3.20424 1 1 1
v -0.556353 4.17911 3.20836 1 1 1
v -0.536832 4.18477 3.21123 1 1 1
v -0.34162 4.18587 3.21179 1 1 1
v -0.329393 4.171 3.20424 1 1 1
v -0.244015 4.17685 3.20721 1 1 1
v -0.241516 4.171 3.20424 1 1 1
v 0.244015 4.17685 3.20721 1 1 1
v 0.241516 4.171 3.20424 1 1 1
v 0.34162 4.18587 3.21179 1 1 1
v 0.329393 4.171 3.20424 1 1 1
v 0.536832 4.18477 3.21123 1 1 1
v 0.556353 4.17911 3.20836 1 1 1
v 0.575874 4.17484 3.20619 1 1 1
v 0.589767 4.171 3.20424 1 1 1
v -0.653959 4.15384 3.19551 1 1 1
v -0.65487 4.1536 3.19539 1 1 1
v -0.634438 4.1587 3.19798 1 1 1
v -0.614917 4.16381 3.20058 1 1 1
v -0.595396 4.16924 3.20334 1 1 1
v -0.322099 4.16235 3.19984 1 1 1
v -0.313324 4.1536 3.19539 1 1 1
v -0.235152 4.1536 3.19539 1 1 1
v 0.235152 4.1536 3.19539 1 1 1
v 0.322099 4.16235 3.19984 1 1 1
v 0.313324 4.1536 3.19539 1 1 1
v 0.595396 4.16924 3.20334 1 1 1
v 0.614917 4.16381 3.20058 1 1 1
v 0.634438 4.1587 3.19798 1 1 1
v 0.653959 4.15384 3.19551 1 1 1
v 0.65487 4.1536 3.19539 1 1 1
v -0.712523 4.13713 3.18702 1 1 1
v -0.716102 4.1362 3.18655 1 1 1
v -0.693001 4.14314 3.19007 1 1 1
v -0.67348 4.14827 3.19268 1 1 1
v -0.302578 4.13877 3.18785 1 1 1
v -0.300021 4.1362 3.18655 1 1 1
v -0.225508 4.1362 3.18655 1 1 1
v 0.225508 4.1362 3.18655 1 1 1
v 0.302578 4.13877 3.18785 1 1 1
v 0.300021 4.1362 3.18655 1 1 1
v 0.67348 4.14827 3.19268 1 1 1
v 0.693002 4.14314 3.19007 1 1 1
v 0.712523 4.13713 3.18702 1 1 1
v 0.716102 4.1362 3.18655 1 1 1
v -0.771086 4.12218 3.17942 1 1 1
v -0.782222 4.1188 3.1777 1 1 1
v -0.751565 4.12728 3.18201 1 1 1
v -0.732044 4.13237 3.1846 1 1 1
v -0.283684 4.1188 3.1777 1 1 1
v -0.224493 4.13448 3.18567 1 1 1
v -0.219374 4.1188 3.1777 1 1 1
v 0.224494 4.13448 3.18567 1 1 1
v 0.219374 4.1188 3.1777 1 1 1
v 0.283684 4.1188 3.1777 1 1 1
v 0.732044 4.13237 3.1846 1 1 1
v 0.751565 4.12728 3.18201 1 1 1
v 0.771086 4.12218 3.17942 1 1 1
v 0.782222 4.1188 3.1777 1 1 1
v -0.82965 4.10614 3.17127 1 1 1
v -0.846441 4.10139 3.16886 1 1 1
v -0.810128 4.11192 3.17421 1 1 1
v -0.790607 4.11643 3.1765 1 1 1
v -0.283057 4.11803 3.17731 1 1 1
v -0.267846 4.10139 3.16886 1 1 1
v -0.221634 4.10139 3.16886 1 1 1
v 0.221634 4.10139 3.16886 1 1 1
v 0.283057 4.11803 3.17731 1 1 1
v 0.267845 4.10139 3.16886 1 1 1
v 0.790607 4.11643 3.1765 1 1 1
v 0.810129 4.11192 3.17421 1 1 1
v 0.82965 4.10614 3.17127 1 1 1
v 0.84644 4.10139 3.16886 1 1 1
v -0.841627 4.08399 3.16001 1 1 1
v -0.263536 4.09564 3.16593 1 1 1
v -0.24976 4.08399 3.16001 1 1 1
v -0.224493 4.09679 3.16652 1 1 1
v -0.239801 4.08399 3.16001 1 1 1
v 0.224494 4.09679 3.16652 1 1 1
v 0.239801 4.08399 3.16001 1 1 1
v 0.263536 4.09564 3.16593 1 1 1
v 0.24976 4.08399 3.16001 1 1 1
v 0.841627 4.08399 3.16001 1 1 1
v -0.82965 4.07058 3.1532 1 1 1
v -0.82606 4.06659 3.15117 1 1 1
v -0.244015 4.08122 3.1586 1 1 1
v 0.244015 4.08122 3.1586 1 1 1
v 0.82965 4.07058 3.1532 1 1 1
v 0.82606 4.06659 3.15117 1 1 1
v -0.810128 4.04984 3.14266 1 1 1
v -0.809492 4.04919 3.14232 1 1 1
v 0.810129 4.04984 3.14266 1 1 1
v 0.809492 4.04919 3.14232 1 1 1
v -0.793045 4.03178 3.13348 1 1 1
v -0.185451 4.04276 3.13906 1 1 1
v -0.18821 4.03178 3.13348 1 1 1
v -0.16593 4.03918 3.13724 1 1 1
v -0.16136 4.03178 3.13348 1 1 1
v 0.16593 4.03918 3.13724 1 1 1
v 0.16136 4.03178 3.13348 1 1 1
v 0.185451 4.04276 3.13906 1 1 1
v 0.18821 4.03178 3.13348 1 1 1
v 0.793045 4.03178 3.13348 1 1 1
v -0.790607 4.02911 3.13212 1 1 1
v -0.777485 4.01438 3.12464 1 1 1
v -0.189255 4.01438 3.12464 1 1 1
v -0.154038 4.01438 3.12464 1 1 1
v 0.154038 4.01438 3.12464 1 1 1
v 0.189255 4.01438 3.12464 1 1 1
v 0.790607 4.02911 3.13212 1 1 1
v 0.777485 4.01438 3.12464 1 1 1
v -0.771086 4.00765 3.12121 1 1 1
v -0.761689 3.99698 3.11579 1 1 1
v -0.18747 3.99698 3.11579 1 1 1
v -0.146409 4.00173 3.11821 1 1 1
v -0.145639 3.99698 3.11579 1 1 1
v 0.146409 4.00173 3.11821 1 1 1
v 0.145639 3.99698 3.11579 1 1 1
v 0.18747 3.99698 3.11579 1 1 1
v 0.771086 4.00765 3.12121 1 1 1
v 0.761689 3.99698 3.11579 1 1 1
v -0.751565 3.98646 3.11045 1 1 1
v -0.745278 3.97958 3.10695 1 1 1
v -0.185822 3.97958 3.10695 1 1 1
v -0.146409 3.98262 3.10849 1 1 1
v -0.147161 3.97958 3.10695 1 1 1
v 0.146409 3.98262 3.10849 1 1 1
v 0.147161 3.97958 3.10695 1 1 1
v 0.185822 3.97958 3.10695 1 1 1
v 0.751565 3.98646 3.11045 1 1 1
v 0.745278 3.97958 3.10695 1 1 1
v -0.732044 3.96429 3.09918 1 1 1
v -0.73004 3.96217 3.0981 1 1 1
v -0.185451 3.97851 3.10641 1 1 1
v -0.171352 3.96217 3.0981 1 1 1
v -0.159237 3.96217 3.0981 1 1 1
v 0.159237 3.96217 3.0981 1 1 1
v 0.185451 3.97851 3.10641 1 1 1
v 0.171352 3.96217 3.0981 1 1 1
v 0.732044 3.96429 3.09918 1 1 1
v 0.73004 3.96217 3.0981 1 1 1
v -0.713421 3.94477 3.08926 1 1 1
v -0.16593 3.95406 3.09398 1 1 1
v 0.16593 3.95406 3.09398 1 1 1
v 0.713421 3.94477 3.08926 1 1 1
v -0.712523 3.94374 3.08873 1 1 1
v -0.69722 3.92737 3.08041 1 1 1
v 0.712523 3.94374 3.08873 1 1 1
v 0.69722 3.92737 3.08041 1 1 1
v -0.693001 3.92294 3.07816 1 1 1
v -0.680645 3.90996 3.07157 1 1 1
v 0.693002 3.92294 3.07816 1 1 1
v 0.680645 3.90996 3.07157 1 1 1
v -0.67348 3.90253 3.06779 1 1 1
v -0.664011 3.89256 3.06272 1 1 1
v 0.67348 3.90253 3.06779 1 1 1
v 0.664011 3.89256 3.06272 1 1 1
v -0.653959 3.88187 3.05729 1 1 1
v -0.647629 3.87516 3.05388 1 1 1
v -0.107366 3.88321 3.05797 1 1 1
v -0.118484 3.87516 3.05388 1 1 1
v -0.0878452 3.8848 3.05878 1 1 1
v -0.0683241 3.87931 3.05599 1 1 1
v -0.0488029 3.87559 3.0541 1 1 1
v -0.0292817 3.87607 3.05434 1 1 1
v -0.0097605 3.87616 3.05439 1 1 1
v 0.00976062 3.87616 3.05439 1 1 1
v 0.0292817 3.87607 3.05434 1 1 1
v 0.048803 3.87559 3.0541 1 1 1
v 0.0683241 3.87931 3.05599 1 1 1
v 0.0878453 3.8848 3.05878 1 1 1
v 0.107366 3.88321 3.05797 1 1 1
v 0.118484 3.87516 3.05388 1 1 1
v 0.653959 3.88187 3.05729 1 1 1
v 0.647629 3.87516 3.05388 1 1 1
v -0.634438 3.86172 3.04705 1 1 1
v -0.630949 3.85776 3.04504 1 1 1
v -0.185451 3.86109 3.04673 1 1 1
v -0.202868 3.85776 3.04504 1 1 1
v -0.16593 3.86169 3.04703 1 1 1
v -0.146409 3.86384 3.04813 1 1 1
v -0.126888 3.86827 3.05038 1 1 1
v 0.126888 3.86827 3.05038 1 1 1
v 0.146409 3.86384 3.04813 1 1 1
v 0.16593 3.86169 3.04703 1 1 1
v 0.185451 3.86109 3.04673 1 1 1
v 0.202867 3.85776 3.04504 1 1 1
v 0.634438 3.86172 3.04705 1 1 1
v 0.630949 3.85776 3.04504 1 1 1
v -0.614917 3.8411 3.03657 1 1 1
v -0.614162 3.84035 3.03619 1 1 1
v -0.283057 3.84296 3.03751 1 1 1
v -0.30164 3.84035 3.03619 1 1 1
v -0.263536 3.84417 3.03813 1 1 1
v -0.244015 3.84677 3.03945 1 1 1
v -0.224493 3.85055 3.04137 1 1 1
v -0.204972 3.85695 3.04463 1 1 1
v 0.204972 3.85695 3.04463 1 1 1
v 0.224494 3.85055 3.04137 1 1 1
v 0.244015 3.84677 3.03945 1 1 1
v 0.263536 3.84417 3.03813 1 1 1
v 0.283057 3.84296 3.03751 1 1 1
v 0.30164 3.84035 3.03619 1 1 1
v 0.614917 3.8411 3.03657 1 1 1
v 0.614162 3.84035 3.03619 1 1 1
v -0.597029 3.82295 3.02735 1 1 1
v -0.380663 3.82501 3.0284 1 1 1
v -0.391948 3.82295 3.02735 1 1 1
v -0.361142 3.82647 3.02914 1 1 1
v -0.34162 3.82837 3.0301 1 1 1
v -0.322099 3.83323 3.03257 1 1 1
v -0.302578 3.83992 3.03597 1 1 1
v 0.302578 3.83992 3.03597 1 1 1
v 0.322099 3.83323 3.03257 1 1 1
v 0.34162 3.82837 3.0301 1 1 1
v 0.361142 3.82647 3.02914 1 1 1
v 0.380663 3.82501 3.0284 1 1 1
v 0.391948 3.82295 3.02735 1 1 1
v 0.597029 3.82295 3.02735 1 1 1
v -0.595396 3.82111 3.02641 1 1 1
v -0.579345 3.80555 3.0185 1 1 1
v -0.478269 3.80724 3.01936 1 1 1
v -0.493139 3.80555 3.0185 1 1 1
v -0.458747 3.80929 3.0204 1 1 1
v -0.439226 3.81086 3.0212 1 1 1
v -0.419705 3.81394 3.02277 1 1 1
v -0.400184 3.81883 3.02525 1 1 1
v 0.400184 3.81883 3.02525 1 1 1
v 0.419705 3.81394 3.02277 1 1 1
v 0.439226 3.81086 3.0212 1 1 1
v 0.458748 3.80929 3.0204 1 1 1
v 0.478269 3.80724 3.01936 1 1 1
v 0.493139 3.80555 3.0185 1 1 1
v 0.595396 3.82111 3.02641 1 1 1
v 0.579345 3.80555 3.0185 1 1 1
v -0.575874 3.80278 3.01709 1 1 1
v -0.556353 3.79911 3.01523 1 1 1
v -0.536832 3.80026 3.01581 1 1 1
v -0.517311 3.80074 3.01606 1 1 1
v -0.49779 3.80444 3.01794 1 1 1
v 0.49779 3.80444 3.01794 1 1 1
v 0.517311 3.80074 3.01606 1 1 1
v 0.536832 3.80026 3.01581 1 1 1
v 0.556353 3.79911 3.01523 1 1 1
v 0.575874 3.80278 3.01709 1 1 1
v -0.263536 4.32142 3.09096 1 1 1
v -0.271649 4.31708 3.08892 1 1 1
v -0.244015 4.32318 3.09179 1 1 1
v -0.224493 4.32422 3.09228 1 1 1
v -0.204972 4.32501 3.09265 1 1 1
v -0.185451 4.32605 3.09314 1 1 1
v -0.16593 4.32733 3.09375 1 1 1
v -0.146409 4.32965 3.09484 1 1 1
v -0.126888 4.33028 3.09514 1 1 1
v -0.107366 4.33189 3.09589 1 1 1
v -0.0878452 4.33239 3.09613 1 1 1
v -0.0683241 4.33193 3.09591 1 1 1
v -0.0488029 4.33256 3.09621 1 1 1
v -0.0292817 4.33209 3.09599 1 1 1
v -0.0097605 4.33238 3.09612 1 1 1
v 0.00976062 4.33238 3.09612 1 1 1
v 0.0292817 4.33209 3.09599 1 1 1
v 0.048803 4.33256 3.09621 1 1 1
v 0.0683241 4.33193 3.09591 1 1 1
v 0.0878453 4.33239 3.09613 1 1 1
v 0.107366 4.33189 3.09589 1 1 1
v 0.126888 4.33028 3.09514 1 1 1
v 0.146409 4.32965 3.09484 1 1 1
v 0.16593 4.32733 3.09375 1 1 1
v 0.185451 4.32605 3.09314 1 1 1
v 0.204972 4.32501 3.09265 1 1 1
v 0.224494 4.32422 3.09228 1 1 1
v 0.244015 4.32318 3.09179 1 1 1
v 0.263536 4.32142 3.09096 1 1 1
v 0.271649 4.31708 3.08892 1 1 1
v -0.400184 4.30104 3.08137 1 1 1
v -0.405661 4.29941 3.0806 1 1 1
v -0.380663 4.30442 3.08296 1 1 1
v -0.370791 4.29941 3.0806 1 1 1
v -0.269992 4.29941 3.0806 1 1 1
v 0.269992 4.29941 3.0806 1 1 1
v 0.380663 4.30442 3.08296 1 1 1
v 0.370791 4.29941 3.0806 1 1 1
v 0.400184 4.30104 3.08137 1 1 1
v 0.405661 4.29941 3.0806 1 1 1
v -0.458747 4.28477 3.07371 1 1 1
v -0.469973 4.28175 3.07229 1 1 1
v -0.439226 4.29009 3.07621 1 1 1
v -0.419705 4.29524 3.07864 1 1 1
v -0.361142 4.29103 3.07666 1 1 1
v -0.354082 4.28175 3.07229 1 1 1
v -0.263536 4.28879 3.0756 1 1 1
v -0.259902 4.28175 3.07229 1 1 1
v 0.263536 4.28879 3.0756 1 1 1
v 0.259902 4.28175 3.07229 1 1 1
v 0.361142 4.29103 3.07666 1 1 1
v 0.354082 4.28175 3.07229 1 1 1
v 0.419705 4.29524 3.07864 1 1 1
v 0.439226 4.29009 3.07621 1 1 1
v 0.458748 4.28477 3.07371 1 1 1
v 0.469973 4.28175 3.07229 1 1 1
v -0.536832 4.26465 3.06423 1 1 1
v -0.538679 4.26409 3.06397 1 1 1
v -0.517311 4.26953 3.06653 1 1 1
v -0.49779 4.27472 3.06898 1 1 1
v -0.478269 4.27971 3.07132 1 1 1
v -0.34162 4.26549 3.06463 1 1 1
v -0.340366 4.26409 3.06397 1 1 1
v -0.251519 4.26409 3.06397 1 1 1
v 0.251519 4.26409 3.06397 1 1 1
v 0.34162 4.26549 3.06463 1 1 1
v 0.340366 4.26409 3.06397 1 1 1
v 0.478269 4.27971 3.07132 1 1 1
v 0.49779 4.27472 3.06898 1 1 1
v 0.517311 4.26953 3.06653 1 1 1
v 0.536832 4.26465 3.06423 1 1 1
v 0.538679 4.26409 3.06397 1 1 1
v -0.595396 4.24939 3.05705 1 1 1
v -0.606057 4.24643 3.05566 1 1 1
v -0.575874 4.25462 3.05951 1 1 1
v -0.556353 4.259 3.06158 1 1 1
v -0.326639 4.24643 3.05566 1 1 1
v -0.244015 4.24945 3.05708 1 1 1
v -0.242689 4.24643 3.05566 1 1 1
v 0.244015 4.24945 3.05708 1 1 1
v 0.242689 4.24643 3.05566 1 1 1
v 0.326639 4.24643 3.05566 1 1 1
v 0.556353 4.259 3.06158 1 1 1
v 0.575874 4.25462 3.05951 1 1 1
v 0.595396 4.24939 3.05705 1 1 1
v 0.606057 4.24643 3.05566 1 1 1
v -0.67348 4.22888 3.0474 1 1 1
v -0.67391 4.22877 3.04734 1 1 1
v -0.653959 4.23399 3.0498 1 1 1
v -0.634438 4.23896 3.05214 1 1 1
v -0.614917 4.24393 3.05448 1 1 1
v -0.322099 4.24078 3.053 1 1 1
v -0.310715 4.22877 3.04734 1 1 1
v -0.236247 4.22877 3.04734 1 1 1
v 0.236247 4.22877 3.04734 1 1 1
v 0.322099 4.24078 3.053 1 1 1
v 0.310715 4.22877 3.04734 1 1 1
v 0.614917 4.24393 3.05448 1 1 1
v 0.634438 4.23896 3.05214 1 1 1
v 0.653959 4.23399 3.0498 1 1 1
v 0.67348 4.22888 3.0474 1 1 1
v 0.67391 4.22877 3.04734 1 1 1
v -0.732044 4.21299 3.03991 1 1 1
v -0.739039 4.21111 3.03903 1 1 1
v -0.712523 4.21807 3.04231 1 1 1
v -0.693001 4.22365 3.04493 1 1 1
v -0.302578 4.21701 3.04181 1 1 1
v -0.297089 4.21111 3.03903 1 1 1
v -0.226746 4.21111 3.03903 1 1 1
v 0.226747 4.21111 3.03903 1 1 1
v 0.302578 4.21701 3.04181 1 1 1
v 0.297089 4.21111 3.03903 1 1 1
v 0.693002 4.22365 3.04493 1 1 1
v 0.712523 4.21807 3.04231 1 1 1
v 0.732044 4.21299 3.03991 1 1 1
v 0.739039 4.21111 3.03903 1 1 1
v -0.790607 4.19735 3.03255 1 1 1
v -0.80704 4.19345 3.03071 1 1 1
v -0.771086 4.20298 3.0352 1 1 1
v -0.751565 4.20789 3.03751 1 1 1
v -0.283057 4.1947 3.0313 1 1 1
v -0.281728 4.19345 3.03071 1 1 1
v -0.224493 4.20736 3.03727 1 1 1
v -0.219736 4.19345 3.03071 1 1 1
v 0.224494 4.20736 3.03727 1 1 1
v 0.219737 4.19345 3.03071 1 1 1
v 0.283057 4.1947 3.0313 1 1 1
v 0.281728 4.19345 3.03071 1 1 1
v 0.751565 4.20789 3.03751 1 1 1
v 0.771086 4.20298 3.0352 1 1 1
v 0.790607 4.19735 3.03255 1 1 1
v 0.807039 4.19345 3.03071 1 1 1
v -0.849171 4.18224 3.02544 1 1 1
v -0.864648 4.17578 3.0224 1 1 1
v -0.82965 4.18758 3.02795 1 1 1
v -0.810128 4.19276 3.03039 1 1 1
v -0.266883 4.17578 3.0224 1 1 1
v -0.221323 4.17578 3.0224 1 1 1
v 0.221323 4.17578 3.0224 1 1 1
v 0.266883 4.17578 3.0224 1 1 1
v 0.810129 4.19276 3.03039 1 1 1
v 0.82965 4.18758 3.02795 1 1 1
v 0.849171 4.18224 3.02544 1 1 1
v 0.864648 4.17578 3.0224 1 1 1
v -0.851502 4.15812 3.01408 1 1 1
v -0.263536 4.17105 3.02017 1 1 1
v -0.249233 4.15812 3.01408 1 1 1
v -0.224493 4.17033 3.01983 1 1 1
v -0.239303 4.15812 3.01408 1 1 1
v 0.224494 4.17033 3.01983 1 1 1
v 0.239303 4.15812 3.01408 1 1 1
v 0.263536 4.17105 3.02017 1 1 1
v 0.249233 4.15812 3.01408 1 1 1
v 0.851502 4.15812 3.01408 1 1 1
v -0.849171 4.15581 3.01299 1 1 1
v -0.835058 4.14046 3.00577 1 1 1
v -0.244015 4.15524 3.01272 1 1 1
v 0.244015 4.15524 3.01272 1 1 1
v 0.849171 4.15581 3.01299 1 1 1
v 0.835058 4.14046 3.00577 1 1 1
v -0.82965 4.13485 3.00313 1 1 1
v -0.817983 4.1228 2.99745 1 1 1
v 0.82965 4.13485 3.00313 1 1 1
v 0.817983 4.1228 2.99745 1 1 1
v -0.810128 4.11392 2.99327 1 1 1
v -0.801704 4.10514 2.98914 1 1 1
v -0.185451 4.11749 2.99495 1 1 1
v -0.188601 4.10514 2.98914 1 1 1
v -0.16593 4.11191 2.99232 1 1 1
v -0.161825 4.10514 2.98914 1 1 1
v 0.16593 4.11191 2.99232 1 1 1
v 0.161825 4.10514 2.98914 1 1 1
v 0.185451 4.11749 2.99495 1 1 1
v 0.188602 4.10514 2.98914 1 1 1
v 0.810129 4.11392 2.99327 1 1 1
v 0.801703 4.10514 2.98914 1 1 1
v -0.790607 4.0932 2.98351 1 1 1
v -0.78541 4.08748 2.98082 1 1 1
v -0.189598 4.08748 2.98082 1 1 1
v -0.154493 4.08748 2.98082 1 1 1
v 0.154493 4.08748 2.98082 1 1 1
v 0.189598 4.08748 2.98082 1 1 1
v 0.790607 4.0932 2.98351 1 1 1
v 0.78541 4.08748 2.98082 1 1 1
v -0.771086 4.07264 2.97384 1 1 1
v -0.768542 4.06981 2.97251 1 1 1
v -0.187579 4.06981 2.97251 1 1 1
v -0.146409 4.07459 2.97475 1 1 1
v -0.145553 4.06981 2.97251 1 1 1
v 0.146409 4.07459 2.97475 1 1 1
v 0.145553 4.06981 2.97251 1 1 1
v 0.187579 4.06981 2.97251 1 1 1
v 0.771086 4.07264 2.97384 1 1 1
v 0.768542 4.06981 2.97251 1 1 1
v -0.751565 4.05237 2.96429 1 1 1
v -0.75136 4.05215 2.96419 1 1 1
v -0.185653 4.05215 2.96419 1 1 1
v -0.146272 4.05215 2.96419 1 1 1
v 0.146272 4.05215 2.96419 1 1 1
v 0.185654 4.05215 2.96419 1 1 1
v 0.751565 4.05237 2.96429 1 1 1
v 0.75136 4.05215 2.96419 1 1 1
v -0.735745 4.03449 2.95587 1 1 1
v -0.185451 4.05161 2.96393 1 1 1
v -0.170907 4.03449 2.95587 1 1 1
v -0.146409 4.05129 2.96378 1 1 1
v -0.15825 4.03449 2.95587 1 1 1
v 0.146409 4.05129 2.96378 1 1 1
v 0.15825 4.03449 2.95587 1 1 1
v 0.185451 4.05161 2.96393 1 1 1
v 0.170907 4.03449 2.95587 1 1 1
v 0.735745 4.03449 2.95587 1 1 1
v -0.732044 4.03081 2.95414 1 1 1
v -0.718431 4.01683 2.94756 1 1 1
v -0.16593 4.02663 2.95218 1 1 1
v 0.16593 4.02663 2.95218 1 1 1
v 0.732044 4.03081 2.95414 1 1 1
v 0.718431 4.01683 2.94756 1 1 1
v -0.712523 4.01018 2.94443 1 1 1
v -0.702031 3.99917 2.93924 1 1 1
v 0.712523 4.01018 2.94443 1 1 1
v 0.702031 3.99917 2.93924 1 1 1
v -0.693001 3.98977 2.93482 1 1 1
v -0.685065 3.98151 2.93093 1 1 1
v 0.693002 3.98977 2.93482 1 1 1
v 0.685065 3.98151 2.93093 1 1 1
v -0.67348 3.96966 2.92535 1 1 1
v -0.667897 3.96384 2.92261 1 1 1
v 0.67348 3.96966 2.92535 1 1 1
v 0.667897 3.96384 2.92261 1 1 1
v -0.653959 3.94914 2.91569 1 1 1
v -0.651124 3.94618 2.9143 1 1 1
v -0.107366 3.95514 2.91851 1 1 1
v -0.117525 3.94618 2.9143 1 1 1
v -0.0878452 3.95688 2.91933 1 1 1
v -0.0683241 3.95041 2.91629 1 1 1
v -0.0488029 3.94642 2.91441 1 1 1
v -0.0292817 3.94694 2.91465 1 1 1
v -0.0097605 3.94703 2.9147 1 1 1
v 0.00976062 3.94702 2.9147 1 1 1
v 0.0292817 3.94694 2.91465 1 1 1
v 0.048803 3.94642 2.91441 1 1 1
v 0.0683241 3.95041 2.91629 1 1 1
v 0.0878453 3.95688 2.91933 1 1 1
v 0.107366 3.95514 2.91851 1 1 1
v 0.117525 3.94618 2.9143 1 1 1
v 0.653959 3.94914 2.91569 1 1 1
v 0.651124 3.94618 2.9143 1 1 1
v -0.634438 3.92925 2.90633 1 1 1
v -0.633784 3.92852 2.90598 1 1 1
v -0.185451 3.93132 2.9073 1 1 1
v -0.200111 3.92852 2.90598 1 1 1
v -0.16593 3.93212 2.90768 1 1 1
v -0.146409 3.93413 2.90863 1 1 1
v -0.126888 3.93815 2.91052 1 1 1
v 0.126888 3.93815 2.91052 1 1 1
v 0.146409 3.93413 2.90863 1 1 1
v 0.16593 3.93212 2.90768 1 1 1
v 0.185451 3.93132 2.9073 1 1 1
v 0.200111 3.92852 2.90598 1 1 1
v 0.634438 3.92925 2.90633 1 1 1
v 0.633784 3.92852 2.90598 1 1 1
v -0.617123 3.91086 2.89767 1 1 1
v -0.283057 3.91305 2.8987 1 1 1
v -0.298446 3.91086 2.89767 1 1 1
v -0.263536 3.91421 2.89925 1 1 1
v -0.244015 3.91676 2.90045 1 1 1
v -0.224493 3.92041 2.90217 1 1 1
v -0.204972 3.92662 2.90509 1 1 1
v 0.204972 3.92662 2.90509 1 1 1
v 0.224494 3.92041 2.90217 1 1 1
v 0.244015 3.91676 2.90045 1 1 1
v 0.263536 3.91421 2.89925 1 1 1
v 0.283057 3.91305 2.8987 1 1 1
v 0.298445 3.91086 2.89767 1 1 1
v 0.617123 3.91086 2.89767 1 1 1
v -0.614917 3.90876 2.89668 1 1 1
v -0.599653 3.8932 2.88935 1 1 1
v -0.380663 3.89496 2.89018 1 1 1
v -0.390421 3.8932 2.88935 1 1 1
v -0.361142 3.8964 2.89086 1 1 1
v -0.34162 3.89829 2.89175 1 1 1
v -0.322099 3.90273 2.89384 1 1 1
v -0.302578 3.90896 2.89677 1 1 1
v 0.302578 3.90896 2.89677 1 1 1
v 0.322099 3.90273 2.89384 1 1 1
v 0.34162 3.89829 2.89175 1 1 1
v 0.361142 3.8964 2.89086 1 1 1
v 0.380663 3.89496 2.89018 1 1 1
v 0.390421 3.8932 2.88935 1 1 1
v 0.614917 3.90876 2.89668 1 1 1
v 0.599653 3.8932 2.88935 1 1 1
v -0.595396 3.88845 2.88712 1 1 1
v -0.581938 3.87554 2.88104 1 1 1
v -0.478269 3.87689 2.88167 1 1 1
v -0.489579 3.87554 2.88104 1 1 1
v -0.458747 3.87897 2.88266 1 1 1
v -0.439226 3.88058 2.88341 1 1 1
v -0.419705 3.88343 2.88475 1 1 1
v -0.400184 3.88836 2.88708 1 1 1
v 0.400184 3.88836 2.88708 1 1 1
v 0.419705 3.88343 2.88475 1 1 1
v 0.439226 3.88058 2.88341 1 1 1
v 0.458748 3.87897 2.88266 1 1 1
v 0.478269 3.87689 2.88167 1 1 1
v 0.489579 3.87554 2.88104 1 1 1
v 0.595396 3.88845 2.88712 1 1 1
v 0.581938 3.87554 2.88104 1 1 1
v -0.575874 3.87069 2.87876 1 1 1
v -0.556353 3.86759 2.8773 1 1 1
v -0.536832 3.86885 2.87789 1 1 1
v -0.517311 3.86957 2.87823 1 1 1
v -0.49779 3.87344 2.88005 1 1 1
v 0.49779 3.87344 2.88005 1 1 1
v 0.517311 3.86957 2.87823 1 1 1
v 0.536832 3.86885 2.87789 1 1 1
v 0.556353 3.86759 2.8773 1 1 1
v 0.575874 3.87069 2.87876 1 1 1
v -0.263536 4.39521 2.93858 1 1 1
v -0.275163 4.389 2.93588 1 1 1
v -0.244015 4.39677 2.93926 1 1 1
v -0.224493 4.39767 2.93964 1 1 1
v -0.204972 4.39836 2.93995 1 1 1
v -0.185451 4.39949 2.94044 1 1 1
v -0.16593 4.40059 2.94091 1 1 1
v -0.146409 4.40268 2.94182 1 1 1
v -0.126888 4.40322 2.94205 1 1 1
v -0.107366 4.40464 2.94267 1 1 1
v -0.0878452 4.40509 2.94286 1 1 1
v -0.0683241 4.40464 2.94267 1 1 1
v -0.0488029 4.40523 2.94292 1 1 1
v -0.0292817 4.40479 2.94273 1 1 1
v -0.0097605 4.40506 2.94285 1 1 1
v 0.00976062 4.40506 2.94285 1 1 1
v 0.0292817 4.40479 2.94273 1 1 1
v 0.048803 4.40523 2.94292 1 1 1
v 0.0683241 4.40464 2.94267 1 1 1
v 0.0878453 4.40509 2.94286 1 1 1
v 0.107366 4.40464 2.94267 1 1 1
v 0.126888 4.40322 2.94205 1 1 1
v 0.146409 4.40268 2.94182 1 1 1
v 0.16593 4.40059 2.94091 1 1 1
v 0.185451 4.39949 2.94044 1 1 1
v 0.204972 4.39836 2.93995 1 1 1
v 0.224494 4.39767 2.93964 1 1 1
v 0.244015 4.39677 2.93926 1 1 1
v 0.263536 4.39521 2.93858 1 1 1
v 0.275163 4.389 2.93588 1 1 1
v -0.400184 4.37571 2.93012 1 1 1
v -0.41562 4.37109 2.92811 1 1 1
v -0.380663 4.3793 2.93167 1 1 1
v -0.365296 4.37109 2.92811 1 1 1
v -0.272168 4.37109 2.92811 1 1 1
v 0.272168 4.37109 2.92811 1 1 1
v 0.380663 4.3793 2.93167 1 1 1
v 0.365296 4.37109 2.92811 1 1 1
v 0.400184 4.37571 2.93012 1 1 1
v 0.41562 4.37109 2.92811 1 1 1
v -0.478269 4.35454 2.92093 1 1 1
v -0.483269 4.35319 2.92034 1 1 1
v -0.458747 4.35971 2.92317 1 1 1
v -0.439226 4.36479 2.92538 1 1 1
v -0.419705 4.36987 2.92758 1 1 1
v -0.361142 4.36729 2.92646 1 1 1
v -0.350823 4.35319 2.92034 1 1 1
v -0.263536 4.35712 2.92205 1 1 1
v -0.261461 4.35319 2.92034 1 1 1
v 0.263536 4.35712 2.92205 1 1 1
v 0.261461 4.35319 2.92034 1 1 1
v 0.361142 4.36729 2.92646 1 1 1
v 0.350823 4.35319 2.92034 1 1 1
v 0.419705 4.36987 2.92758 1 1 1
v 0.439226 4.36479 2.92538 1 1 1
v 0.458748 4.35971 2.92317 1 1 1
v 0.478269 4.35454 2.92093 1 1 1
v 0.483269 4.35319 2.92034 1 1 1
v -0.536832 4.3398 2.91454 1 1 1
v -0.552267 4.33528 2.91257 1 1 1
v -0.517311 4.34442 2.91654 1 1 1
v -0.49779 4.34958 2.91878 1 1 1
v -0.34162 4.34061 2.91488 1 1 1
v -0.337068 4.33528 2.91257 1 1 1
v -0.253112 4.33528 2.91257 1 1 1
v 0.253112 4.33528 2.91257 1 1 1
v 0.34162 4.34061 2.91488 1 1 1
v 0.337068 4.33528 2.91257 1 1 1
v 0.49779 4.34958 2.91878 1 1 1
v 0.517311 4.34442 2.91654 1 1 1
v 0.536832 4.3398 2.91454 1 1 1
v 0.552267 4.33528 2.91257 1 1 1
v -0.614917 4.31924 2.90561 1 1 1
v -0.622534 4.31737 2.9048 1 1 1
v -0.595396 4.32457 2.90792 1 1 1
v -0.575874 4.32963 2.91012 1 1 1
v -0.556353 4.33413 2.91207 1 1 1
v -0.324233 4.31737 2.9048 1 1 1
v -0.244015 4.31793 2.90504 1 1 1
v -0.243764 4.31737 2.9048 1 1 1
v 0.244015 4.31793 2.90504 1 1 1
v 0.243764 4.31737 2.9048 1 1 1
v 0.324233 4.31737 2.9048 1 1 1
v 0.556353 4.33413 2.91207 1 1 1
v 0.575874 4.32963 2.91012 1 1 1
v 0.595396 4.32457 2.90792 1 1 1
v 0.614917 4.31924 2.90561 1 1 1
v 0.622534 4.31737 2.9048 1 1 1
v -0.67348 4.30436 2.89916 1 1 1
v -0.692693 4.29946 2.89703 1 1 1
v -0.653959 4.30935 2.90132 1 1 1
v -0.634438 4.31439 2.90351 1 1 1
v -0.322099 4.31459 2.90359 1 1 1
v -0.308466 4.29946 2.89703 1 1 1
v -0.237258 4.29946 2.89703 1 1 1
v 0.237258 4.29946 2.89703 1 1 1
v 0.322099 4.31459 2.90359 1 1 1
v 0.308466 4.29946 2.89703 1 1 1
v 0.634438 4.31439 2.90351 1 1 1
v 0.653959 4.30935 2.90132 1 1 1
v 0.67348 4.30436 2.89916 1 1 1
v 0.692693 4.29946 2.89703 1 1 1
v -0.751565 4.28373 2.8902 1 1 1
v -0.760506 4.28155 2.88926 1 1 1
v -0.732044 4.2889 2.89245 1 1 1
v -0.712523 4.29413 2.89472 1 1 1
v -0.693001 4.29938 2.89699 1 1 1
v -0.302578 4.2906 2.89318 1 1 1
v -0.294669 4.28155 2.88926 1 1 1
v -0.227882 4.28155 2.88926 1 1 1
v 0.227882 4.28155 2.88926 1 1 1
v 0.302578 4.2906 2.89318 1 1 1
v 0.294669 4.28155 2.88926 1 1 1
v 0.693002 4.29938 2.89699 1 1 1
v 0.712523 4.29413 2.89472 1 1 1
v 0.732044 4.2889 2.89245 1 1 1
v 0.751565 4.28373 2.8902 1 1 1
v 0.760506 4.28155 2.88926 1 1 1
v -0.82965 4.26406 2.88167 1 1 1
v -0.831439 4.26365 2.88149 1 1 1
v -0.810128 4.26875 2.8837 1 1 1
v -0.790607 4.2737 2.88585 1 1 1
v -0.771086 4.27894 2.88813 1 1 1
v -0.283057 4.26703 2.88296 1 1 1
v -0.279629 4.26365 2.88149 1 1 1
v -0.224493 4.27602 2.88686 1 1 1
v -0.220086 4.26365 2.88149 1 1 1
v 0.224494 4.27602 2.88686 1 1 1
v 0.220086 4.26365 2.88149 1 1 1
v 0.283057 4.26703 2.88296 1 1 1
v 0.279629 4.26365 2.88149 1 1 1
v 0.771086 4.27894 2.88813 1 1 1
v 0.790607 4.27369 2.88585 1 1 1
v 0.810129 4.26875 2.8837 1 1 1
v 0.82965 4.26406 2.88167 1 1 1
v 0.831439 4.26365 2.88149 1 1 1
v -0.868692 4.2516 2.87626 1 1 1
v -0.876223 4.24574 2.87372 1 1 1
v -0.849171 4.25894 2.87945 1 1 1
v -0.266056 4.24574 2.87372 1 1 1
v -0.220986 4.24574 2.87372 1 1 1
v 0.220986 4.24574 2.87372 1 1 1
v 0.266056 4.24574 2.87372 1 1 1
v 0.849171 4.25894 2.87945 1 1 1
v 0.868692 4.2516 2.87626 1 1 1
v 0.876223 4.24574 2.87372 1 1 1
v -0.868692 4.23694 2.8699 1 1 1
v -0.861001 4.22783 2.86595 1 1 1
v -0.263536 4.24198 2.87209 1 1 1
v -0.248787 4.22783 2.86595 1 1 1
v -0.224493 4.23925 2.8709 1 1 1
v -0.238658 4.22783 2.86595 1 1 1
v 0.224494 4.23925 2.8709 1 1 1
v 0.238658 4.22783 2.86595 1 1 1
v 0.263536 4.24198 2.87209 1 1 1
v 0.248787 4.22783 2.86595 1 1 1
v 0.868692 4.23694 2.8699 1 1 1
v 0.861001 4.22783 2.86595 1 1 1
v -0.849171 4.21625 2.86092 1 1 1
v -0.843245 4.20992 2.85818 1 1 1
v -0.244015 4.22483 2.86464 1 1 1
v 0.244015 4.22483 2.86464 1 1 1
v 0.849171 4.21625 2.86092 1 1 1
v 0.843245 4.20992 2.85818 1 1 1
v -0.82965 4.19601 2.85214 1 1 1
v -0.825743 4.19201 2.85041 1 1 1
v 0.82965 4.19601 2.85214 1 1 1
v 0.825743 4.19201 2.85041 1 1 1
v -0.810128 4.17467 2.84288 1 1 1
v -0.809575 4.17411 2.84264 1 1 1
v -0.185451 4.18797 2.84865 1 1 1
v -0.189055 4.17411 2.84264 1 1 1
v -0.16593 4.18028 2.84531 1 1 1
v -0.162253 4.17411 2.84264 1 1 1
v 0.16593 4.18028 2.84531 1 1 1
v 0.162253 4.17411 2.84264 1 1 1
v 0.185451 4.18797 2.84865 1 1 1
v 0.189055 4.17411 2.84264 1 1 1
v 0.810129 4.17467 2.84288 1 1 1
v 0.809575 4.17411 2.84264 1 1 1
v -0.792536 4.1562 2.83486 1 1 1
v -0.189981 4.1562 2.83486 1 1 1
v -0.154922 4.1562 2.83486 1 1 1
v 0.154922 4.1562 2.83486 1 1 1
v 0.189981 4.1562 2.83486 1 1 1
v 0.792536 4.1562 2.83486 1 1 1
v -0.790607 4.15431 2.83404 1 1 1
v -0.77479 4.13829 2.82709 1 1 1
v -0.187692 4.13829 2.82709 1 1 1
v -0.146409 4.14309 2.82918 1 1 1
v -0.145461 4.13829 2.82709 1 1 1
v 0.146409 4.14309 2.82918 1 1 1
v 0.145461 4.13829 2.82709 1 1 1
v 0.187692 4.13829 2.82709 1 1 1
v 0.790607 4.15431 2.83404 1 1 1
v 0.77479 4.13829 2.82709 1 1 1
v -0.771086 4.13456 2.82547 1 1 1
v -0.757128 4.12038 2.81932 1 1 1
v -0.185487 4.12038 2.81932 1 1 1
v -0.145921 4.12038 2.81932 1 1 1
v 0.145921 4.12038 2.81932 1 1 1
v 0.185487 4.12038 2.81932 1 1 1
v 0.771086 4.13456 2.82547 1 1 1
v 0.757128 4.12038 2.81932 1 1 1
v -0.751565 4.11434 2.8167 1 1 1
v -0.740881 4.10247 2.81155 1 1 1
v -0.185451 4.12029 2.81928 1 1 1
v -0.170528 4.10247 2.81155 1 1 1
v -0.146409 4.11702 2.81786 1 1 1
v -0.156915 4.10247 2.81155 1 1 1
v 0.146409 4.11702 2.81786 1 1 1
v 0.156915 4.10247 2.81155 1 1 1
v 0.185451 4.12029 2.81928 1 1 1
v 0.170528 4.10247 2.81155 1 1 1
v 0.751565 4.11434 2.8167 1 1 1
v 0.740881 4.10247 2.81155 1 1 1
v -0.732044 4.09377 2.80777 1 1 1
v -0.723038 4.08457 2.80378 1 1 1
v -0.16593 4.09486 2.80825 1 1 1
v 0.16593 4.09486 2.80825 1 1 1
v 0.732044 4.09377 2.80777 1 1 1
v 0.723038 4.08457 2.80378 1 1 1
v -0.712523 4.07294 2.79874 1 1 1
v -0.706441 4.06666 2.79601 1 1 1
v 0.712523 4.07294 2.79874 1 1 1
v 0.706441 4.06666 2.79601 1 1 1
v -0.693001 4.05277 2.78998 1 1 1
v -0.689116 4.04875 2.78824 1 1 1
v 0.693002 4.05277 2.78998 1 1 1
v 0.689116 4.04875 2.78824 1 1 1
v -0.67348 4.03297 2.78139 1 1 1
v -0.671426 4.03084 2.78047 1 1 1
v 0.67348 4.03297 2.78139 1 1 1
v 0.671426 4.03084 2.78047 1 1 1
v -0.654395 4.01294 2.7727 1 1 1
v -0.107366 4.02305 2.77709 1 1 1
v -0.116671 4.01294 2.7727 1 1 1
v -0.0878452 4.02484 2.77787 1 1 1
v -0.0683241 4.01723 2.77456 1 1 1
v -0.0488029 4.01297 2.77272 1 1 1
v -0.0292817 4.01353 2.77296 1 1 1
v -0.0097605 4.01362 2.773 1 1 1
v 0.00976062 4.01362 2.773 1 1 1
v 0.0292817 4.01353 2.77296 1 1 1
v 0.048803 4.01297 2.77272 1 1 1
v 0.0683241 4.01723 2.77456 1 1 1
v 0.0878453 4.02484 2.77787 1 1 1
v 0.107366 4.02305 2.77709 1 1 1
v 0.116671 4.01294 2.7727 1 1 1
v 0.654395 4.01294 2.7727 1 1 1
v -0.653959 4.01245 2.77249 1 1 1
v -0.637081 3.99503 2.76493 1 1 1
v -0.185451 3.99733 2.76593 1 1 1
v -0.197522 3.99503 2.76493 1 1 1
v -0.16593 3.99831 2.76635 1 1 1
v -0.146409 4.00019 2.76717 1 1 1
v -0.126888 4.00379 2.76873 1 1 1
v 0.126888 4.00379 2.76873 1 1 1
v 0.146409 4.00019 2.76717 1 1 1
v 0.16593 3.99831 2.76635 1 1 1
v 0.185451 3.99733 2.76593 1 1 1
v 0.197522 3.99503 2.76493 1 1 1
v 0.653959 4.01245 2.77249 1 1 1
v 0.637081 3.99503 2.76493 1 1 1
v -0.634438 3.99227 2.76373 1 1 1
v -0.620054 3.97712 2.75716 1 1 1
v -0.283057 3.97893 2.75794 1 1 1
v -0.295513 3.97712 2.75716 1 1 1
v -0.263536 3.98005 2.75843 1 1 1
v -0.244015 3.98253 2.75951 1 1 1
v -0.224493 3.98605 2.76103 1 1 1
v -0.204972 3.99207 2.76364 1 1 1
v 0.204972 3.99207 2.76364 1 1 1
v 0.224494 3.98605 2.76103 1 1 1
v 0.244015 3.98253 2.75951 1 1 1
v 0.263536 3.98005 2.75843 1 1 1
v 0.283057 3.97893 2.75794 1 1 1
v 0.295513 3.97712 2.75716 1 1 1
v 0.634438 3.99227 2.76373 1 1 1
v 0.620054 3.97712 2.75716 1 1 1
v -0.614917 3.97222 2.75503 1 1 1
v -0.602104 3.95921 2.74939 1 1 1
v -0.380663 3.96068 2.75003 1 1 1
v -0.388918 3.95921 2.74939 1 1 1
v -0.361142 3.96212 2.75065 1 1 1
v -0.34162 3.96399 2.75146 1 1 1
v -0.322099 3.96804 2.75322 1 1 1
v -0.302578 3.97387 2.75575 1 1 1
v 0.302578 3.97387 2.75575 1 1 1
v 0.322099 3.96804 2.75322 1 1 1
v 0.34162 3.96399 2.75146 1 1 1
v 0.361142 3.96212 2.75065 1 1 1
v 0.380663 3.96068 2.75003 1 1 1
v 0.388918 3.95921 2.74939 1 1 1
v 0.614917 3.97222 2.75503 1 1 1
v 0.602104 3.95921 2.74939 1 1 1
v -0.595396 3.95182 2.74618 1 1 1
v -0.584345 3.9413 2.74162 1 1 1
v -0.478269 3.94234 2.74206 1 1 1
v -0.486536 3.9413 2.74162 1 1 1
v -0.458747 3.94445 2.74298 1 1 1
v -0.439226 3.94608 2.74369 1 1 1
v -0.419705 3.94872 2.74483 1 1 1
v -0.400184 3.95369 2.74699 1 1 1
v 0.400184 3.95369 2.74699 1 1 1
v 0.419705 3.94872 2.74483 1 1 1
v 0.439226 3.94608 2.74369 1 1 1
v 0.458748 3.94445 2.74298 1 1 1
v 0.478269 3.94234 2.74206 1 1 1
v 0.486536 3.9413 2.74162 1 1 1
v 0.595396 3.95182 2.74618 1 1 1
v 0.584345 3.9413 2.74162 1 1 1
v -0.575874 3.93453 2.73868 1 1 1
v -0.556353 3.93197 2.73757 1 1 1
v -0.536832 3.93333 2.73816 1 1 1
v -0.517311 3.93423 2.73855 1 1 1
v -0.49779 3.93825 2.74029 1 1 1
v 0.49779 3.93825 2.74029 1 1 1
v 0.517311 3.93423 2.73855 1 1 1
v 0.536832 3.93333 2.73816 1 1 1
v 0.556353 3.93197 2.73757 1 1 1
v 0.575874 3.93453 2.73868 1 1 1
v -0.263536 4.46265 2.78767 1 1 1
v -0.278498 4.45472 2.78437 1 1 1
v -0.244015 4.46398 2.78823 1 1 1
v -0.224493 4.46475 2.78855 1 1 1
v -0.204972 4.46537 2.78881 1 1 1
v -0.185451 4.46655 2.7893 1 1 1
v -0.16593 4.46748 2.78969 1 1 1
v -0.146409 4.46932 2.79046 1 1 1
v -0.126888 4.4698 2.79065 1 1 1
v -0.107366 4.47104 2.79117 1 1 1
v -0.0878452 4.47141 2.79133 1 1 1
v -0.0683241 4.47099 2.79115 1 1 1
v -0.0488029 4.47152 2.79137 1 1 1
v -0.0292817 4.47112 2.7912 1 1 1
v -0.0097605 4.47138 2.79132 1 1 1
v 0.00976062 4.47138 2.79132 1 1 1
v 0.0292817 4.47112 2.7912 1 1 1
v 0.048803 4.47152 2.79137 1 1 1
v 0.0683241 4.47099 2.79115 1 1 1
v 0.0878453 4.47141 2.79133 1 1 1
v 0.107366 4.47104 2.79117 1 1 1
v 0.126888 4.4698 2.79065 1 1 1
v 0.146409 4.46932 2.79046 1 1 1
v 0.16593 4.46748 2.78969 1 1 1
v 0.185451 4.46655 2.7893 1 1 1
v 0.204972 4.46537 2.78881 1 1 1
v 0.224494 4.46475 2.78855 1 1 1
v 0.244015 4.46398 2.78823 1 1 1
v 0.263536 4.46265 2.78767 1 1 1
v 0.278498 4.45472 2.78437 1 1 1
v -0.419705 4.43828 2.77752 1 1 1
v -0.425556 4.4367 2.77686 1 1 1
v -0.400184 4.44406 2.77993 1 1 1
v -0.380663 4.44783 2.7815 1 1 1
v -0.361142 4.43717 2.77706 1 1 1
v -0.360776 4.4367 2.77686 1 1 1
v -0.274163 4.4367 2.77686 1 1 1
v 0.274163 4.4367 2.77686 1 1 1
v 0.361142 4.43717 2.77706 1 1 1
v 0.360776 4.4367 2.77686 1 1 1
v 0.380663 4.44783 2.7815 1 1 1
v 0.400184 4.44406 2.77993 1 1 1
v 0.419705 4.43828 2.77752 1 1 1
v 0.425556 4.4367 2.77686 1 1 1
v -0.478269 4.42337 2.7713 1 1 1
v -0.49618 4.41868 2.76935 1 1 1
v -0.458747 4.42842 2.77341 1 1 1
v -0.439226 4.43324 2.77542 1 1 1
v -0.347991 4.41868 2.76935 1 1 1
v -0.263536 4.41986 2.76984 1 1 1
v -0.2629 4.41868 2.76935 1 1 1
v 0.263536 4.41986 2.76984 1 1 1
v 0.2629 4.41868 2.76935 1 1 1
v 0.347991 4.41868 2.76935 1 1 1
v 0.439226 4.43324 2.77542 1 1 1
v 0.458748 4.42842 2.77341 1 1 1
v 0.478269 4.42337 2.7713 1 1 1
v 0.49618 4.41868 2.76935 1 1 1
v -0.556353 4.40332 2.76295 1 1 1
v -0.566988 4.40066 2.76184 1 1 1
v -0.536832 4.40885 2.76525 1 1 1
v -0.517311 4.41321 2.76707 1 1 1
v -0.49779 4.41829 2.76919 1 1 1
v -0.34162 4.40966 2.76559 1 1 1
v -0.334218 4.40066 2.76184 1 1 1
v -0.254575 4.40066 2.76184 1 1 1
v 0.254575 4.40066 2.76184 1 1 1
v 0.34162 4.40966 2.76559 1 1 1
v 0.334218 4.40066 2.76184 1 1 1
v 0.49779 4.41829 2.76919 1 1 1
v 0.517311 4.41321 2.76707 1 1 1
v 0.536832 4.40885 2.76525 1 1 1
v 0.556353 4.40332 2.76295 1 1 1
v 0.566988 4.40066 2.76184 1 1 1
v -0.634438 4.38386 2.75484 1 1 1
v -0.639014 4.38264 2.75433 1 1 1
v -0.614917 4.38855 2.75679 1 1 1
v -0.595396 4.39372 2.75895 1 1 1
v -0.575874 4.39861 2.76099 1 1 1
v -0.322113 4.38264 2.75433 1 1 1
v -0.245317 4.38264 2.75433 1 1 1
v 0.245317 4.38264 2.75433 1 1 1
v 0.322113 4.38264 2.75433 1 1 1
v 0.575874 4.39861 2.76099 1 1 1
v 0.595396 4.39372 2.75895 1 1 1
v 0.614917 4.38855 2.75679 1 1 1
v 0.634438 4.38386 2.75484 1 1 1
v 0.639014 4.38264 2.75433 1 1 1
v -0.693001 4.36898 2.74864 1 1 1
v -0.711268 4.36462 2.74682 1 1 1
v -0.67348 4.37394 2.75071 1 1 1
v -0.653959 4.37881 2.75274 1 1 1
v -0.306508 4.36462 2.74682 1 1 1
v -0.244015 4.38012 2.75328 1 1 1
v -0.238195 4.36462 2.74682 1 1 1
v 0.244015 4.38012 2.75328 1 1 1
v 0.238195 4.36462 2.74682 1 1 1
v 0.306507 4.36462 2.74682 1 1 1
v 0.653959 4.37881 2.75274 1 1 1
v 0.67348 4.37394 2.75071 1 1 1
v 0.693002 4.36898 2.74864 1 1 1
v 0.711268 4.36462 2.74682 1 1 1
v -0.771086 4.34909 2.74035 1 1 1
v -0.781502 4.3466 2.73931 1 1 1
v -0.751565 4.35381 2.74231 1 1 1
v -0.732044 4.35896 2.74446 1 1 1
v -0.712523 4.36429 2.74668 1 1 1
v -0.302578 4.35852 2.74428 1 1 1
v -0.292637 4.3466 2.73931 1 1 1
v -0.228926 4.3466 2.73931 1 1 1
v 0.228926 4.3466 2.73931 1 1 1
v 0.302578 4.35852 2.74428 1 1 1
v 0.292637 4.3466 2.73931 1 1 1
v 0.712523 4.36429 2.74668 1 1 1
v 0.732044 4.35896 2.74446 1 1 1
v 0.751565 4.35381 2.74231 1 1 1
v 0.771086 4.34909 2.74035 1 1 1
v 0.781502 4.3466 2.73931 1 1 1
v -0.849171 4.32976 2.73229 1 1 1
v -0.853917 4.32859 2.7318 1 1 1
v -0.82965 4.33427 2.73417 1 1 1
v -0.810128 4.33905 2.73616 1 1 1
v -0.790607 4.34427 2.73834 1 1 1
v -0.283057 4.33397 2.73404 1 1 1
v -0.2778 4.32859 2.7318 1 1 1
v -0.224493 4.33952 2.73636 1 1 1
v -0.220423 4.32859 2.7318 1 1 1
v 0.224494 4.33952 2.73636 1 1 1
v 0.220423 4.32859 2.7318 1 1 1
v 0.283057 4.33397 2.73404 1 1 1
v 0.2778 4.32859 2.7318 1 1 1
v 0.790607 4.34427 2.73834 1 1 1
v 0.810129 4.33905 2.73616 1 1 1
v 0.82965 4.33427 2.73417 1 1 1
v 0.849171 4.32976 2.73229 1 1 1
v 0.853917 4.32859 2.7318 1 1 1
v -0.868692 4.32368 2.72976 1 1 1
v -0.885515 4.31057 2.72429 1 1 1
v -0.265338 4.31057 2.72429 1 1 1
v -0.220619 4.31057 2.72429 1 1 1
v 0.220619 4.31057 2.72429 1 1 1
v 0.265338 4.31057 2.72429 1 1 1
v 0.868692 4.32368 2.72976 1 1 1
v 0.885515 4.31057 2.72429 1 1 1
v -0.869589 4.29255 2.71678 1 1 1
v -0.263536 4.30777 2.72313 1 1 1
v -0.248406 4.29255 2.71678 1 1 1
v -0.224493 4.30284 2.72107 1 1 1
v -0.237792 4.29255 2.71678 1 1 1
v 0.224494 4.30284 2.72107 1 1 1
v 0.237792 4.29255 2.71678 1 1 1
v 0.263536 4.30777 2.72313 1 1 1
v 0.248406 4.29255 2.71678 1 1 1
v 0.869589 4.29255 2.71678 1 1 1
v -0.868692 4.2917 2.71643 1 1 1
v -0.850726 4.27453 2.70927 1 1 1
v -0.244015 4.28944 2.71549 1 1 1
v 0.244015 4.28944 2.71549 1 1 1
v 0.868692 4.2917 2.71643 1 1 1
v 0.850726 4.27453 2.70927 1 1 1
v -0.849171 4.27285 2.70857 1 1 1
v -0.832925 4.25651 2.70176 1 1 1
v 0.849171 4.27285 2.70857 1 1 1
v 0.832925 4.25651 2.70176 1 1 1
v -0.82965 4.25326 2.70041 1 1 1
v -0.815886 4.23849 2.69425 1 1 1
v -0.185451 4.25391 2.70068 1 1 1
v -0.189587 4.23849 2.69425 1 1 1
v -0.16593 4.24405 2.69657 1 1 1
v -0.162648 4.23849 2.69425 1 1 1
v 0.16593 4.24405 2.69657 1 1 1
v 0.162648 4.23849 2.69425 1 1 1
v 0.185451 4.25391 2.70068 1 1 1
v 0.189587 4.23849 2.69425 1 1 1
v 0.82965 4.25326 2.70041 1 1 1
v 0.815886 4.23849 2.69425 1 1 1
v -0.810128 4.2321 2.69159 1 1 1
v -0.798849 4.22047 2.68674 1 1 1
v -0.190412 4.22047 2.68674 1 1 1
v -0.155326 4.22047 2.68674 1 1 1
v 0.155326 4.22047 2.68674 1 1 1
v 0.190412 4.22047 2.68674 1 1 1
v 0.810129 4.2321 2.69159 1 1 1
v 0.798849 4.22047 2.68674 1 1 1
v -0.790607 4.21252 2.68343 1 1 1
v -0.780506 4.20245 2.67923 1 1 1
v -0.18781 4.20245 2.67923 1 1 1
v -0.146409 4.20724 2.68123 1 1 1
v -0.145362 4.20245 2.67923 1 1 1
v 0.146409 4.20724 2.68123 1 1 1
v 0.145362 4.20245 2.67923 1 1 1
v 0.18781 4.20245 2.67923 1 1 1
v 0.790607 4.21252 2.68343 1 1 1
v 0.780506 4.20245 2.67923 1 1 1
v -0.771086 4.1931 2.67533 1 1 1
v -0.762431 4.18443 2.67172 1 1 1
v -0.185451 4.18546 2.67215 1 1 1
v -0.185028 4.18443 2.67172 1 1 1
v -0.145526 4.18443 2.67172 1 1 1
v 0.145526 4.18443 2.67172 1 1 1
v 0.185451 4.18546 2.67215 1 1 1
v 0.185028 4.18443 2.67172 1 1 1
v 0.771086 4.1931 2.67533 1 1 1
v 0.762431 4.18443 2.67172 1 1 1
v -0.751565 4.17283 2.66689 1 1 1
v -0.745654 4.16642 2.66421 1 1 1
v -0.170202 4.16642 2.66421 1 1 1
v -0.146409 4.17779 2.66895 1 1 1
v -0.155008 4.16642 2.66421 1 1 1
v 0.146409 4.17779 2.66895 1 1 1
v 0.155008 4.16642 2.66421 1 1 1
v 0.170202 4.16642 2.66421 1 1 1
v 0.751565 4.17283 2.66689 1 1 1
v 0.745654 4.16642 2.66421 1 1 1
v -0.732044 4.1532 2.65871 1 1 1
v -0.727288 4.1484 2.6567 1 1 1
v -0.16593 4.15908 2.66115 1 1 1
v 0.16593 4.15908 2.66115 1 1 1
v 0.732044 4.1532 2.65871 1 1 1
v 0.727288 4.1484 2.6567 1 1 1
v -0.712523 4.13243 2.65005 1 1 1
v -0.710498 4.13038 2.64919 1 1 1
v 0.712523 4.13243 2.65005 1 1 1
v 0.710498 4.13038 2.64919 1 1 1
v -0.693001 4.11252 2.64175 1 1 1
v -0.692841 4.11236 2.64168 1 1 1
v 0.693002 4.11252 2.64175 1 1 1
v 0.692842 4.11236 2.64168 1 1 1
v -0.674897 4.09434 2.63417 1 1 1
v 0.674897 4.09434 2.63417 1 1 1
v -0.67348 4.09294 2.63359 1 1 1
v -0.657713 4.07632 2.62666 1 1 1
v -0.107366 4.08791 2.6315 1 1 1
v -0.115907 4.07632 2.62666 1 1 1
v -0.0878452 4.08956 2.63218 1 1 1
v -0.0683241 4.08065 2.62847 1 1 1
v -0.0499996 4.07632 2.62666 1 1 1
v -0.0292817 4.07675 2.62684 1 1 1
v -0.0440244 4.07632 2.62666 1 1 1
v -0.0097605 4.07684 2.62688 1 1 1
v 0.00976062 4.07684 2.62688 1 1 1
v 0.0292817 4.07675 2.62684 1 1 1
v 0.0440243 4.07632 2.62666 1 1 1
v 0.0683241 4.08066 2.62847 1 1 1
v 0.0499997 4.07632 2.62666 1 1 1
v 0.0878453 4.08956 2.63218 1 1 1
v 0.107366 4.08791 2.6315 1 1 1
v 0.115907 4.07632 2.62666 1 1 1
v 0.67348 4.09294 2.63359 1 1 1
v 0.657713 4.07632 2.62666 1 1 1
v -0.653959 4.0722 2.62495 1 1 1
v -0.640313 4.0583 2.61916 1 1 1
v -0.185451 4.06013 2.61992 1 1 1
v -0.195085 4.0583 2.61916 1 1 1
v -0.16593 4.06127 2.62039 1 1 1
v -0.146409 4.06299 2.62111 1 1 1
v -0.126888 4.06617 2.62243 1 1 1
v -0.0488029 4.07584 2.62647 1 1 1
v 0.048803 4.07584 2.62647 1 1 1
v 0.126888 4.06617 2.62243 1 1 1
v 0.146409 4.06299 2.62111 1 1 1
v 0.16593 4.06127 2.62039 1 1 1
v 0.185451 4.06013 2.61992 1 1 1
v 0.195085 4.0583 2.61916 1 1 1
v 0.653959 4.0722 2.62495 1 1 1
v 0.640313 4.0583 2.61916 1 1 1
v -0.634438 4.05228 2.61665 1 1 1
v -0.622784 4.04028 2.61165 1 1 1
v -0.283057 4.04171 2.61224 1 1 1
v -0.292813 4.04028 2.61165 1 1 1
v -0.263536 4.04282 2.6127 1 1 1
v -0.244015 4.0452 2.6137 1 1 1
v -0.224493 4.04856 2.61509 1 1 1
v -0.204972 4.05434 2.6175 1 1 1
v 0.204972 4.05434 2.6175 1 1 1
v 0.224494 4.04856 2.61509 1 1 1
v 0.244015 4.0452 2.6137 1 1 1
v 0.263536 4.04282 2.6127 1 1 1
v 0.283057 4.04171 2.61224 1 1 1
v 0.292813 4.04028 2.61165 1 1 1
v 0.634438 4.05228 2.61665 1 1 1
v 0.622785 4.04028 2.61165 1 1 1
v -0.614917 4.03284 2.60854 1 1 1
v -0.6044 4.02226 2.60414 1 1 1
v -0.380663 4.02345 2.60463 1 1 1
v -0.387436 4.02226 2.60414 1 1 1
v -0.361142 4.02487 2.60522 1 1 1
v -0.34162 4.02672 2.60599 1 1 1
v -0.322099 4.03038 2.60752 1 1 1
v -0.302578 4.03584 2.60979 1 1 1
v 0.302578 4.03584 2.60979 1 1 1
v 0.322099 4.03038 2.60752 1 1 1
v 0.34162 4.02672 2.60599 1 1 1
v 0.361142 4.02487 2.60522 1 1 1
v 0.380663 4.02345 2.60463 1 1 1
v 0.387436 4.02226 2.60414 1 1 1
v 0.614917 4.03284 2.60854 1 1 1
v 0.6044 4.02226 2.60414 1 1 1
v -0.595396 4.01251 2.60007 1 1 1
v -0.586586 4.00425 2.59663 1 1 1
v -0.478269 4.00497 2.59693 1 1 1
v -0.483905 4.00425 2.59663 1 1 1
v -0.458747 4.00709 2.59781 1 1 1
v -0.439226 4.00873 2.59849 1 1 1
v -0.419705 4.01115 2.5995 1 1 1
v -0.400184 4.01613 2.60158 1 1 1
v 0.400184 4.01613 2.60158 1 1 1
v 0.419705 4.01115 2.5995 1 1 1
v 0.439226 4.00873 2.59849 1 1 1
v 0.458748 4.00709 2.59781 1 1 1
v 0.478269 4.00497 2.59693 1 1 1
v 0.483905 4.00425 2.59663 1 1 1
v 0.595396 4.01251 2.60007 1 1 1
v 0.586586 4.00425 2.59663 1 1 1
v -0.575874 3.99573 2.59308 1 1 1
v -0.556353 3.99371 2.59223 1 1 1
v -0.536832 3.99515 2.59283 1 1 1
v -0.517311 3.99617 2.59326 1 1 1
v -0.49779 4.0003 2.59498 1 1 1
v 0.49779 4.0003 2.59498 1 1 1
v 0.517311 3.99617 2.59326 1 1 1
v 0.536832 3.99515 2.59283 1 1 1
v 0.556353 3.99371 2.59223 1 1 1
v 0.575874 3.99573 2.59308 1 1 1
v -0.263536 4.52903 2.63252 1 1 1
v -0.281667 4.51944 2.62884 1 1 1
v -0.244015 4.53013 2.63295 1 1 1
v -0.224493 4.53082 2.63321 1 1 1
v -0.204972 4.53137 2.63342 1 1 1
v -0.185451 4.53258 2.63389 1 1 1
v -0.16593 4.53337 2.63419 1 1 1
v -0.146409 4.53498 2.63481 1 1 1
v -0.126888 4.5354 2.63497 1 1 1
v -0.107366 4.53649 2.63539 1 1 1
v -0.0878452 4.53679 2.6355 1 1 1
v -0.0683241 4.53638 2.63535 1 1 1
v -0.0488029 4.53687 2.63554 1 1 1
v -0.0292817 4.53649 2.63539 1 1 1
v -0.0097605 4.53675 2.63549 1 1 1
v 0.00976062 4.53675 2.63549 1 1 1
v 0.0292817 4.53649 2.63539 1 1 1
v 0.048803 4.53687 2.63554 1 1 1
v 0.0683241 4.53638 2.63535 1 1 1
v 0.0878453 4.53679 2.6355 1 1 1
v 0.107366 4.53649 2.63539 1 1 1
v 0.126888 4.5354 2.63497 1 1 1
v 0.146409 4.53498 2.63481 1 1 1
v 0.16593 4.53337 2.63419 1 1 1
v 0.185451 4.53258 2.63389 1 1 1
v 0.204972 4.53137 2.63342 1 1 1
v 0.224494 4.53082 2.63321 1 1 1
v 0.244015 4.53013 2.63295 1 1 1
v 0.263536 4.52903 2.63252 1 1 1
v 0.281667 4.51944 2.62884 1 1 1
v -0.419705 4.50547 2.62347 1 1 1
v -0.435829 4.50121 2.62184 1 1 1
v -0.400184 4.51116 2.62566 1 1 1
v -0.380663 4.51511 2.62718 1 1 1
v -0.361142 4.50568 2.62355 1 1 1
v -0.357784 4.50121 2.62184 1 1 1
v -0.275998 4.50121 2.62184 1 1 1
v 0.275998 4.50121 2.62184 1 1 1
v 0.361142 4.50568 2.62355 1 1 1
v 0.357784 4.50121 2.62184 1 1 1
v 0.380663 4.51511 2.62718 1 1 1
v 0.400184 4.51116 2.62566 1 1 1
v 0.419705 4.50547 2.62347 1 1 1
v 0.435829 4.50121 2.62184 1 1 1
v -0.49779 4.48575 2.61589 1 1 1
v -0.507957 4.48299 2.61483 1 1 1
v -0.478269 4.49079 2.61783 1 1 1
v -0.458747 4.49577 2.61974 1 1 1
v -0.439226 4.50038 2.62151 1 1 1
v -0.345507 4.48299 2.61483 1 1 1
v -0.26479 4.48299 2.61483 1 1 1
v 0.26479 4.48299 2.61483 1 1 1
v 0.345507 4.48299 2.61483 1 1 1
v 0.439226 4.50038 2.62151 1 1 1
v 0.458748 4.49577 2.61974 1 1 1
v 0.478269 4.49079 2.61783 1 1 1
v 0.49779 4.48575 2.61589 1 1 1
v 0.507958 4.48299 2.61483 1 1 1
v -0.575874 4.46613 2.60835 1 1 1
v -0.581251 4.46477 2.60783 1 1 1
v -0.556353 4.47103 2.61024 1 1 1
v -0.536832 4.47641 2.6123 1 1 1
v -0.517311 4.48057 2.6139 1 1 1
v -0.34162 4.47728 2.61264 1 1 1
v -0.33173 4.46477 2.60783 1 1 1
v -0.263536 4.48113 2.61412 1 1 1
v -0.255923 4.46477 2.60783 1 1 1
v 0.263536 4.48113 2.61412 1 1 1
v 0.255923 4.46477 2.60783 1 1 1
v 0.34162 4.47728 2.61264 1 1 1
v 0.33173 4.46477 2.60783 1 1 1
v 0.517311 4.48057 2.6139 1 1 1
v 0.536832 4.47641 2.6123 1 1 1
v 0.556353 4.47103 2.61024 1 1 1
v 0.575874 4.46613 2.60835 1 1 1
v 0.581251 4.46477 2.60783 1 1 1
v -0.653959 4.44661 2.60086 1 1 1
v -0.654222 4.44655 2.60083 1 1 1
v -0.634438 4.45174 2.60283 1 1 1
v -0.614917 4.45625 2.60456 1 1 1
v -0.595396 4.4613 2.6065 1 1 1
v -0.322099 4.45 2.60215 1 1 1
v -0.318975 4.44655 2.60083 1 1 1
v -0.246962 4.44655 2.60083 1 1 1
v 0.246962 4.44655 2.60083 1 1 1
v 0.322099 4.45 2.60215 1 1 1
v 0.318974 4.44655 2.60083 1 1 1
v 0.595396 4.4613 2.6065 1 1 1
v 0.614917 4.45625 2.60456 1 1 1
v 0.634438 4.45174 2.60283 1 1 1
v 0.653959 4.44661 2.60086 1 1 1
v 0.654222 4.44655 2.60083 1 1 1
v -0.712523 4.43237 2.59538 1 1 1
v -0.72779 4.42832 2.59383 1 1 1
v -0.693001 4.43683 2.5971 1 1 1
v -0.67348 4.44181 2.59901 1 1 1
v -0.304786 4.42832 2.59383 1 1 1
v -0.244015 4.44108 2.59873 1 1 1
v -0.239065 4.42832 2.59383 1 1 1
v 0.244015 4.44108 2.59873 1 1 1
v 0.239065 4.42832 2.59383 1 1 1
v 0.304786 4.42832 2.59383 1 1 1
v 0.67348 4.44181 2.59901 1 1 1
v 0.693002 4.43683 2.5971 1 1 1
v 0.712523 4.43237 2.59538 1 1 1
v 0.72779 4.42832 2.59383 1 1 1
v -0.790607 4.41267 2.58781 1 1 1
v -0.800215 4.4101 2.58683 1 1 1
v -0.771086 4.4173 2.58959 1 1 1
v -0.751565 4.42201 2.5914 1 1 1
v -0.732044 4.42717 2.59338 1 1 1
v -0.302578 4.42478 2.59247 1 1 1
v -0.290906 4.4101 2.58683 1 1 1
v -0.229889 4.4101 2.58683 1 1 1
v 0.229889 4.4101 2.58683 1 1 1
v 0.302578 4.42478 2.59247 1 1 1
v 0.290906 4.4101 2.58683 1 1 1
v 0.732044 4.42717 2.59338 1 1 1
v 0.751565 4.42201 2.5914 1 1 1
v 0.771086 4.4173 2.58959 1 1 1
v 0.790607 4.41267 2.58781 1 1 1
v 0.800215 4.4101 2.58683 1 1 1
v -0.868692 4.39321 2.58033 1 1 1
v -0.873358 4.39188 2.57982 1 1 1
v -0.849171 4.39796 2.58216 1 1 1
v -0.82965 4.4025 2.5839 1 1 1
v -0.810128 4.40742 2.5858 1 1 1
v -0.283057 4.39918 2.58263 1 1 1
v -0.276193 4.39188 2.57982 1 1 1
v -0.224493 4.40159 2.58356 1 1 1
v -0.220749 4.39188 2.57982 1 1 1
v 0.224494 4.40159 2.58356 1 1 1
v 0.220749 4.39188 2.57982 1 1 1
v 0.283057 4.39918 2.58263 1 1 1
v 0.276193 4.39188 2.57982 1 1 1
v 0.810129 4.40742 2.5858 1 1 1
v 0.82965 4.4025 2.5839 1 1 1
v 0.849171 4.39796 2.58216 1 1 1
v 0.868692 4.39321 2.58033 1 1 1
v 0.873358 4.39188 2.57982 1 1 1
v -0.888213 4.38196 2.57601 1 1 1
v -0.893596 4.37366 2.57282 1 1 1
v -0.264708 4.37366 2.57282 1 1 1
v -0.220219 4.37366 2.57282 1 1 1
v 0.220219 4.37366 2.57282 1 1 1
v 0.264708 4.37366 2.57282 1 1 1
v 0.888213 4.38196 2.57601 1 1 1
v 0.893596 4.37366 2.57282 1 1 1
v -0.888213 4.36812 2.5707 1 1 1
v -0.876601 4.35544 2.56582 1 1 1
v -0.263536 4.37176 2.57209 1 1 1
v -0.248076 4.35544 2.56582 1 1 1
v -0.224493 4.36431 2.56923 1 1 1
v -0.236569 4.35544 2.56582 1 1 1
v 0.224494 4.36431 2.56923 1 1 1
v 0.236569 4.35544 2.56582 1 1 1
v 0.263536 4.37176 2.57209 1 1 1
v 0.248076 4.35544 2.56582 1 1 1
v 0.888213 4.36812 2.5707 1 1 1
v 0.876601 4.35544 2.56582 1 1 1
v -0.868692 4.34801 2.56297 1 1 1
v -0.85731 4.33721 2.55882 1 1 1
v -0.244015 4.35221 2.56458 1 1 1
v 0.244015 4.35221 2.56458 1 1 1
v 0.868692 4.34801 2.56297 1 1 1
v 0.85731 4.33721 2.55882 1 1 1
v -0.849171 4.32851 2.55547 1 1 1
v -0.8396 4.31899 2.55182 1 1 1
v 0.849171 4.32851 2.55547 1 1 1
v 0.8396 4.31899 2.55182 1 1 1
v -0.82965 4.30923 2.54807 1 1 1
v -0.821668 4.30077 2.54481 1 1 1
v -0.185451 4.31799 2.55143 1 1 1
v -0.19022 4.30077 2.54481 1 1 1
v -0.16593 4.30578 2.54674 1 1 1
v -0.163014 4.30077 2.54481 1 1 1
v 0.16593 4.30578 2.54674 1 1 1
v 0.163014 4.30077 2.54481 1 1 1
v 0.185451 4.31799 2.55143 1 1 1
v 0.19022 4.30077 2.54481 1 1 1
v 0.82965 4.30923 2.54807 1 1 1
v 0.821668 4.30077 2.54481 1 1 1
v -0.810128 4.28812 2.53995 1 1 1
v -0.804667 4.28255 2.53781 1 1 1
v -0.1909 4.28255 2.53781 1 1 1
v -0.155708 4.28255 2.53781 1 1 1
v 0.155708 4.28255 2.53781 1 1 1
v 0.1909 4.28255 2.53781 1 1 1
v 0.810129 4.28812 2.53995 1 1 1
v 0.804667 4.28255 2.53781 1 1 1
v -0.790607 4.2691 2.53265 1 1 1
v -0.785774 4.26432 2.53081 1 1 1
v -0.187932 4.26432 2.53081 1 1 1
v -0.146409 4.26913 2.53266 1 1 1
v -0.145257 4.26432 2.53081 1 1 1
v 0.146409 4.26913 2.53266 1 1 1
v 0.145257 4.26432 2.53081 1 1 1
v 0.187932 4.26432 2.53081 1 1 1
v 0.790607 4.2691 2.53265 1 1 1
v 0.785774 4.26432 2.53081 1 1 1
v -0.771086 4.24985 2.52525 1 1 1
v -0.76732 4.2461 2.52381 1 1 1
v -0.185451 4.24825 2.52463 1 1 1
v -0.184507 4.2461 2.52381 1 1 1
v -0.14508 4.2461 2.52381 1 1 1
v 0.14508 4.2461 2.52381 1 1 1
v 0.185451 4.24825 2.52463 1 1 1
v 0.184507 4.2461 2.52381 1 1 1
v 0.771086 4.24985 2.52525 1 1 1
v 0.76732 4.2461 2.52381 1 1 1
v -0.751565 4.22945 2.51741 1 1 1
v -0.7501 4.22788 2.51681 1 1 1
v -0.169917 4.22788 2.51681 1 1 1
v -0.146409 4.23489 2.5195 1 1 1
v -0.152063 4.22788 2.51681 1 1 1
v 0.146409 4.23489 2.5195 1 1 1
v 0.152063 4.22788 2.51681 1 1 1
v 0.169917 4.22788 2.51681 1 1 1
v 0.751565 4.22945 2.51741 1 1 1
v 0.7501 4.22788 2.51681 1 1 1
v -0.732044 4.21048 2.51012 1 1 1
v -0.731222 4.20966 2.50981 1 1 1
v -0.16593 4.22076 2.51407 1 1 1
v 0.16593 4.22076 2.51407 1 1 1
v 0.732044 4.21048 2.51012 1 1 1
v 0.731222 4.20966 2.50981 1 1 1
v -0.714412 4.19144 2.5028 1 1 1
v 0.714412 4.19144 2.5028 1 1 1
v -0.712523 4.18957 2.50209 1 1 1
v -0.696491 4.17321 2.4958 1 1 1
v 0.712523 4.18957 2.50209 1 1 1
v 0.696491 4.17321 2.4958 1 1 1
v -0.693001 4.16936 2.49432 1 1 1
v -0.678515 4.15499 2.4888 1 1 1
v 0.693002 4.16936 2.49432 1 1 1
v 0.678515 4.15499 2.4888 1 1 1
v -0.67348 4.15004 2.4869 1 1 1
v -0.660805 4.13677 2.4818 1 1 1
v -0.107366 4.15053 2.48708 1 1 1
v -0.115217 4.13677 2.4818 1 1 1
v -0.0878452 4.15167 2.48752 1 1 1
v -0.0683241 4.14116 2.48349 1 1 1
v -0.0513537 4.13677 2.4818 1 1 1
v -0.0292817 4.13704 2.4819 1 1 1
v -0.0383377 4.13677 2.4818 1 1 1
v -0.0097605 4.13713 2.48194 1 1 1
v 0.00976062 4.13713 2.48194 1 1 1
v 0.0292817 4.13704 2.4819 1 1 1
v 0.0383369 4.13677 2.4818 1 1 1
v 0.0683241 4.14116 2.48349 1 1 1
v 0.0513539 4.13677 2.4818 1 1 1
v 0.0878453 4.15167 2.48752 1 1 1
v 0.107366 4.15053 2.48708 1 1 1
v 0.115217 4.13677 2.4818 1 1 1
v 0.67348 4.15004 2.4869 1 1 1
v 0.660805 4.13677 2.4818 1 1 1
v -0.653959 4.12934 2.47894 1 1 1
v -0.643295 4.11855 2.4748 1 1 1
v -0.185451 4.11994 2.47533 1 1 1
v -0.192789 4.11855 2.4748 1 1 1
v -0.16593 4.12123 2.47583 1 1 1
v -0.146409 4.12281 2.47643 1 1 1
v -0.126888 4.1256 2.4775 1 1 1
v -0.0488029 4.13573 2.4814 1 1 1
v 0.048803 4.13573 2.4814 1 1 1
v 0.126888 4.1256 2.4775 1 1 1
v 0.146409 4.12281 2.47643 1 1 1
v 0.16593 4.12123 2.47583 1 1 1
v 0.185451 4.11994 2.47533 1 1 1
v 0.192789 4.11855 2.4748 1 1 1
v 0.653959 4.12934 2.47894 1 1 1
v 0.643295 4.11855 2.4748 1 1 1
v -0.634438 4.10956 2.47134 1 1 1
v -0.625335 4.10032 2.46779 1 1 1
v -0.283057 4.1014 2.46821 1 1 1
v -0.290317 4.10032 2.46779 1 1 1
v -0.263536 4.10252 2.46864 1 1 1
v -0.244015 4.10481 2.46952 1 1 1
v -0.224493 4.10801 2.47075 1 1 1
v -0.204972 4.11359 2.47289 1 1 1
v 0.204972 4.11359 2.47289 1 1 1
v 0.224494 4.10801 2.47075 1 1 1
v 0.244015 4.10481 2.46952 1 1 1
v 0.263536 4.10252 2.46864 1 1 1
v 0.283057 4.1014 2.46821 1 1 1
v 0.290317 4.10032 2.46779 1 1 1
v 0.634438 4.10956 2.47134 1 1 1
v 0.625335 4.10032 2.46779 1 1 1
v -0.614917 4.09048 2.46401 1 1 1
v -0.606554 4.0821 2.46079 1 1 1
v -0.380663 4.08302 2.46115 1 1 1
v -0.385976 4.0821 2.46079 1 1 1
v -0.361142 4.08443 2.46169 1 1 1
v -0.34162 4.08627 2.46239 1 1 1
v -0.322099 4.08959 2.46367 1 1 1
v -0.302578 4.09476 2.46565 1 1 1
v 0.302578 4.09476 2.46565 1 1 1
v 0.322099 4.08959 2.46367 1 1 1
v 0.34162 4.08627 2.46239 1 1 1
v 0.361142 4.08443 2.46169 1 1 1
v 0.380663 4.08302 2.46115 1 1 1
v 0.385976 4.0821 2.46079 1 1 1
v 0.614917 4.09048 2.46401 1 1 1
v 0.606554 4.0821 2.46079 1 1 1
v -0.595396 4.07014 2.45619 1 1 1
v -0.588677 4.06388 2.45379 1 1 1
v -0.478269 4.06433 2.45396 1 1 1
v -0.481608 4.06388 2.45379 1 1 1
v -0.458747 4.06644 2.45477 1 1 1
v -0.439226 4.0681 2.45541 1 1 1
v -0.419705 4.07033 2.45627 1 1 1
v -0.400184 4.07534 2.45819 1 1 1
v 0.400184 4.07534 2.45819 1 1 1
v 0.419705 4.07033 2.45627 1 1 1
v 0.439226 4.0681 2.45541 1 1 1
v 0.458748 4.06644 2.45477 1 1 1
v 0.478269 4.06433 2.45396 1 1 1
v 0.481608 4.06388 2.45379 1 1 1
v 0.595396 4.07014 2.45619 1 1 1
v 0.588677 4.06388 2.45379 1 1 1
v -0.575874 4.05371 2.44988 1 1 1
v -0.556353 4.05218 2.44929 1 1 1
v -0.536832 4.0537 2.44988 1 1 1
v -0.517311 4.05481 2.4503 1 1 1
v -0.49779 4.05904 2.45193 1 1 1
v 0.49779 4.05904 2.45193 1 1 1
v 0.517311 4.05481 2.4503 1 1 1
v 0.536832 4.0537 2.44988 1 1 1
v 0.556353 4.05218 2.44929 1 1 1
v 0.575874 4.05371 2.44988 1 1 1
v -0.283057 4.58048 2.47578 1 1 1
v -0.28472 4.57851 2.47505 1 1 1
v -0.263536 4.5896 2.47915 1 1 1
v -0.244015 4.59046 2.47947 1 1 1
v -0.224493 4.59109 2.4797 1 1 1
v -0.204972 4.59158 2.47988 1 1 1
v -0.185451 4.5928 2.48034 1 1 1
v -0.16593 4.59347 2.48058 1 1 1
v -0.146409 4.59484 2.48109 1 1 1
v -0.126888 4.59522 2.48123 1 1 1
v -0.107366 4.59616 2.48158 1 1 1
v -0.0878452 4.59637 2.48165 1 1 1
v -0.0683241 4.596 2.48152 1 1 1
v -0.0488029 4.59643 2.48168 1 1 1
v -0.0292817 4.59608 2.48155 1 1 1
v -0.0097605 4.59634 2.48164 1 1 1
v 0.00976062 4.59634 2.48164 1 1 1
v 0.0292817 4.59608 2.48155 1 1 1
v 0.048803 4.59643 2.48168 1 1 1
v 0.0683241 4.596 2.48152 1 1 1
v 0.0878453 4.59637 2.48165 1 1 1
v 0.107366 4.59616 2.48158 1 1 1
v 0.126888 4.59522 2.48123 1 1 1
v 0.146409 4.59484 2.48109 1 1 1
v 0.16593 4.59347 2.48058 1 1 1
v 0.185451 4.5928 2.48034 1 1 1
v 0.204972 4.59158 2.47988 1 1 1
v 0.224494 4.59109 2.4797 1 1 1
v 0.244015 4.59046 2.47947 1 1 1
v 0.263536 4.5896 2.47915 1 1 1
v 0.283057 4.58048 2.47578 1 1 1
v 0.28472 4.57851 2.47505 1 1 1
v -0.439226 4.56207 2.46898 1 1 1
v -0.446644 4.5602 2.46828 1 1 1
v -0.419705 4.56695 2.47078 1 1 1
v -0.400184 4.57249 2.47283 1 1 1
v -0.380663 4.57661 2.47435 1 1 1
v -0.361142 4.5684 2.47131 1 1 1
v -0.355133 4.5602 2.46828 1 1 1
v -0.283057 4.57551 2.47394 1 1 1
v -0.277693 4.5602 2.46828 1 1 1
v 0.283057 4.57551 2.47394 1 1 1
v 0.277693 4.5602 2.46828 1 1 1
v 0.361142 4.5684 2.47131 1 1 1
v 0.355133 4.5602 2.46828 1 1 1
v 0.380663 4.57661 2.47435 1 1 1
v 0.400184 4.57249 2.47283 1 1 1
v 0.419705 4.56695 2.47078 1 1 1
v 0.439226 4.56207 2.46898 1 1 1
v 0.446644 4.5602 2.46828 1 1 1
v -0.517311 4.54237 2.46169 1 1 1
v -0.519611 4.54189 2.46151 1 1 1
v -0.49779 4.54756 2.46361 1 1 1
v -0.478269 4.55254 2.46545 1 1 1
v -0.458747 4.55742 2.46726 1 1 1
v -0.343311 4.54189 2.46151 1 1 1
v -0.267016 4.54189 2.46151 1 1 1
v 0.267016 4.54189 2.46151 1 1 1
v 0.343311 4.54189 2.46151 1 1 1
v 0.458748 4.55742 2.46726 1 1 1
v 0.478269 4.55254 2.46545 1 1 1
v 0.49779 4.54756 2.46361 1 1 1
v 0.517311 4.54237 2.46169 1 1 1
v 0.519611 4.54189 2.46151 1 1 1
v -0.575874 4.5282 2.45645 1 1 1
v -0.594484 4.52358 2.45475 1 1 1
v -0.556353 4.53315 2.45829 1 1 1
v -0.536832 4.53837 2.46021 1 1 1
v -0.34162 4.53933 2.46057 1 1 1
v -0.329539 4.52358 2.45475 1 1 1
v -0.263536 4.53687 2.45966 1 1 1
v -0.257169 4.52358 2.45475 1 1 1
v 0.263536 4.53687 2.45966 1 1 1
v 0.257169 4.52358 2.45475 1 1 1
v 0.34162 4.53933 2.46057 1 1 1
v 0.329539 4.52358 2.45475 1 1 1
v 0.536832 4.53837 2.46021 1 1 1
v 0.556353 4.53315 2.45829 1 1 1
v 0.575874 4.5282 2.45645 1 1 1
v 0.594484 4.52358 2.45475 1 1 1
v -0.653959 4.50906 2.44938 1 1 1
v -0.669293 4.50527 2.44798 1 1 1
v -0.634438 4.51413 2.45125 1 1 1
v -0.614917 4.51846 2.45285 1 1 1
v -0.595396 4.52336 2.45466 1 1 1
v -0.322099 4.51191 2.45043 1 1 1
v -0.316285 4.50527 2.44798 1 1 1
v -0.248522 4.50527 2.44798 1 1 1
v 0.248522 4.50527 2.44798 1 1 1
v 0.322099 4.51191 2.45043 1 1 1
v 0.316285 4.50527 2.44798 1 1 1
v 0.595396 4.52336 2.45466 1 1 1
v 0.614917 4.51846 2.45285 1 1 1
v 0.634438 4.51413 2.45125 1 1 1
v 0.653959 4.50906 2.44938 1 1 1
v 0.669292 4.50527 2.44798 1 1 1
v -0.732044 4.48998 2.44233 1 1 1
v -0.743508 4.48696 2.44121 1 1 1
v -0.712523 4.49505 2.4442 1 1 1
v -0.693001 4.49928 2.44577 1 1 1
v -0.67348 4.50425 2.4476 1 1 1
v -0.303261 4.48696 2.44121 1 1 1
v -0.244015 4.49726 2.44502 1 1 1
v -0.239876 4.48696 2.44121 1 1 1
v 0.244015 4.49726 2.44502 1 1 1
v 0.239876 4.48696 2.44121 1 1 1
v 0.303261 4.48696 2.44121 1 1 1
v 0.67348 4.50425 2.4476 1 1 1
v 0.693002 4.49928 2.44577 1 1 1
v 0.712523 4.49505 2.4442 1 1 1
v 0.732044 4.48998 2.44233 1 1 1
v 0.743508 4.48696 2.44121 1 1 1
v -0.810128 4.47055 2.43514 1 1 1
v -0.817291 4.46865 2.43444 1 1 1
v -0.790607 4.47562 2.43702 1 1 1
v -0.771086 4.48021 2.43871 1 1 1
v -0.751565 4.48487 2.44044 1 1 1
v -0.302578 4.48583 2.44079 1 1 1
v -0.289415 4.46865 2.43444 1 1 1
v -0.230781 4.46865 2.43444 1 1 1
v 0.230781 4.46865 2.43444 1 1 1
v 0.302578 4.48583 2.44079 1 1 1
v 0.289415 4.46865 2.43444 1 1 1
v 0.751565 4.48487 2.44044 1 1 1
v 0.771086 4.48021 2.43871 1 1 1
v 0.790607 4.47562 2.43702 1 1 1
v 0.810129 4.47055 2.43514 1 1 1
v 0.81729 4.46865 2.43444 1 1 1
v -0.888213 4.45096 2.4279 1 1 1
v -0.891049 4.45034 2.42767 1 1 1
v -0.868692 4.45639 2.42991 1 1 1
v -0.849171 4.46094 2.43159 1 1 1
v -0.82965 4.4655 2.43328 1 1 1
v -0.283057 4.45942 2.43103 1 1 1
v -0.274769 4.45034 2.42767 1 1 1
v -0.224493 4.4589 2.43084 1 1 1
v -0.221063 4.45034 2.42767 1 1 1
v 0.224494 4.4589 2.43084 1 1 1
v 0.221063 4.45034 2.42767 1 1 1
v 0.283057 4.45942 2.43103 1 1 1
v 0.274769 4.45034 2.42767 1 1 1
v 0.82965 4.4655 2.43328 1 1 1
v 0.849171 4.46094 2.43159 1 1 1
v 0.868692 4.45639 2.42991 1 1 1
v 0.888213 4.45096 2.4279 1 1 1
v 0.891049 4.45034 2.42767 1 1 1
v -0.900877 4.43203 2.4209 1 1 1
v -0.264151 4.43203 2.4209 1 1 1
v -0.21978 4.43203 2.4209 1 1 1
v 0.21978 4.43203 2.4209 1 1 1
v 0.264151 4.43203 2.4209 1 1 1
v 0.900877 4.43203 2.4209 1 1 1
v -0.888213 4.41922 2.41617 1 1 1
v -0.883095 4.41372 2.41413 1 1 1
v -0.263536 4.431 2.42052 1 1 1
v -0.247788 4.41372 2.41413 1 1 1
v -0.224493 4.42062 2.41669 1 1 1
v -0.234706 4.41372 2.41413 1 1 1
v 0.224494 4.42062 2.41669 1 1 1
v 0.234706 4.41372 2.41413 1 1 1
v 0.263536 4.431 2.42052 1 1 1
v 0.247788 4.41372 2.41413 1 1 1
v 0.888213 4.41922 2.41617 1 1 1
v 0.883095 4.41372 2.41413 1 1 1
v -0.868692 4.40035 2.40919 1 1 1
v -0.863418 4.3954 2.40737 1 1 1
v -0.244015 4.41037 2.4129 1 1 1
v 0.244015 4.41037 2.4129 1 1 1
v 0.868692 4.40035 2.40919 1 1 1
v 0.863418 4.3954 2.40737 1 1 1
v -0.849171 4.3804 2.40182 1 1 1
v -0.84579 4.37709 2.4006 1 1 1
v -0.185451 4.37758 2.40078 1 1 1
v -0.185737 4.37709 2.4006 1 1 1
v -0.184869 4.37709 2.4006 1 1 1
v 0.185451 4.37758 2.40078 1 1 1
v 0.184869 4.37709 2.4006 1 1 1
v 0.185737 4.37709 2.4006 1 1 1
v 0.849171 4.3804 2.40182 1 1 1
v 0.84579 4.37709 2.4006 1 1 1
v -0.82965 4.3615 2.39483 1 1 1
v -0.827044 4.35878 2.39383 1 1 1
v -0.190985 4.35878 2.39383 1 1 1
v -0.16593 4.36325 2.39548 1 1 1
v -0.163355 4.35878 2.39383 1 1 1
v 0.16593 4.36325 2.39548 1 1 1
v 0.163355 4.35878 2.39383 1 1 1
v 0.190985 4.35878 2.39383 1 1 1
v 0.82965 4.3615 2.39483 1 1 1
v 0.827044 4.35878 2.39383 1 1 1
v -0.810128 4.34056 2.38709 1 1 1
v -0.810045 4.34047 2.38706 1 1 1
v -0.191458 4.34047 2.38706 1 1 1
v -0.156069 4.34047 2.38706 1 1 1
v 0.156069 4.34047 2.38706 1 1 1
v 0.191458 4.34047 2.38706 1 1 1
v 0.810129 4.34056 2.38709 1 1 1
v 0.810045 4.34047 2.38706 1 1 1
v -0.790648 4.32216 2.38029 1 1 1
v -0.18806 4.32216 2.38029 1 1 1
v -0.146409 4.32697 2.38207 1 1 1
v -0.145143 4.32216 2.38029 1 1 1
v 0.146409 4.32697 2.38207 1 1 1
v 0.145143 4.32216 2.38029 1 1 1
v 0.18806 4.32216 2.38029 1 1 1
v 0.790648 4.32216 2.38029 1 1 1
v -0.771981 4.30385 2.37352 1 1 1
v -0.185451 4.30693 2.37466 1 1 1
v -0.184008 4.30385 2.37352 1 1 1
v -0.144571 4.30385 2.37352 1 1 1
v 0.144571 4.30385 2.37352 1 1 1
v 0.185451 4.30693 2.37466 1 1 1
v 0.184008 4.30385 2.37352 1 1 1
v 0.77198 4.30385 2.37352 1 1 1
v -0.771086 4.30296 2.37319 1 1 1
v -0.75459 4.28554 2.36675 1 1 1
v -0.169667 4.28554 2.36675 1 1 1
v -0.146409 4.2861 2.36696 1 1 1
v -0.146912 4.28554 2.36675 1 1 1
v 0.146409 4.2861 2.36696 1 1 1
v 0.146912 4.28554 2.36675 1 1 1
v 0.169667 4.28554 2.36675 1 1 1
v 0.771086 4.30296 2.37319 1 1 1
v 0.75459 4.28554 2.36675 1 1 1
v -0.751565 4.28252 2.36564 1 1 1
v -0.73554 4.26723 2.35999 1 1 1
v -0.16593 4.27867 2.36421 1 1 1
v 0.16593 4.27867 2.36421 1 1 1
v 0.751565 4.28252 2.36564 1 1 1
v 0.73554 4.26723 2.35999 1 1 1
v -0.732044 4.26366 2.35867 1 1 1
v -0.718267 4.24892 2.35322 1 1 1
v 0.732044 4.26366 2.35867 1 1 1
v 0.718267 4.24892 2.35322 1 1 1
v -0.712523 4.24333 2.35115 1 1 1
v -0.699905 4.23061 2.34645 1 1 1
v 0.712523 4.24333 2.35115 1 1 1
v 0.699905 4.23061 2.34645 1 1 1
v -0.693001 4.22313 2.34368 1 1 1
v -0.681884 4.2123 2.33968 1 1 1
v 0.693002 4.22313 2.34368 1 1 1
v 0.681884 4.2123 2.33968 1 1 1
v -0.67348 4.20412 2.33666 1 1 1
v -0.663692 4.19399 2.33291 1 1 1
v -0.107366 4.21098 2.33919 1 1 1
v -0.114593 4.19399 2.33291 1 1 1
v -0.0878452 4.21081 2.33913 1 1 1
v -0.0683241 4.19842 2.33455 1 1 1
v -0.0525944 4.19399 2.33291 1 1 1
v -0.0292817 4.1941 2.33295 1 1 1
v -0.0328451 4.19399 2.33291 1 1 1
v -0.0097605 4.19419 2.33299 1 1 1
v 0.00976062 4.19419 2.33299 1 1 1
v 0.0292817 4.1941 2.33295 1 1 1
v 0.0328451 4.19399 2.33291 1 1 1
v 0.0683241 4.19842 2.33455 1 1 1
v 0.0525947 4.19399 2.33291 1 1 1
v 0.0878453 4.21081 2.33913 1 1 1
v 0.107366 4.21098 2.33919 1 1 1
v 0.114593 4.19399 2.33291 1 1 1
v 0.67348 4.20412 2.33666 1 1 1
v 0.663692 4.19399 2.33291 1 1 1
v -0.653959 4.18359 2.32907 1 1 1
v -0.646056 4.17568 2.32614 1 1 1
v -0.185451 4.17666 2.3265 1 1 1
v -0.19062 4.17568 2.32614 1 1 1
v -0.16593 4.17809 2.32703 1 1 1
v -0.146409 4.17951 2.32756 1 1 1
v -0.126888 4.1819 2.32844 1 1 1
v -0.0488029 4.19242 2.33233 1 1 1
v 0.048803 4.19242 2.33233 1 1 1
v 0.126888 4.1819 2.32844 1 1 1
v 0.146409 4.17951 2.32756 1 1 1
v 0.16593 4.17809 2.32703 1 1 1
v 0.185451 4.17666 2.3265 1 1 1
v 0.19062 4.17568 2.32614 1 1 1
v 0.653959 4.18359 2.32907 1 1 1
v 0.646056 4.17568 2.32614 1 1 1
v -0.634438 4.16405 2.32184 1 1 1
v -0.627722 4.15737 2.31938 1 1 1
v -0.283057 4.15811 2.31965 1 1 1
v -0.288003 4.15737 2.31938 1 1 1
v -0.263536 4.15924 2.32007 1 1 1
v -0.244015 4.16142 2.32087 1 1 1
v -0.224493 4.16445 2.32199 1 1 1
v -0.204972 4.1698 2.32397 1 1 1
v 0.204972 4.1698 2.32397 1 1 1
v 0.224494 4.16445 2.32199 1 1 1
v 0.244015 4.16142 2.32087 1 1 1
v 0.263536 4.15924 2.32007 1 1 1
v 0.283057 4.15811 2.31965 1 1 1
v 0.288003 4.15737 2.31938 1 1 1
v 0.634438 4.16405 2.32184 1 1 1
v 0.627722 4.15737 2.31938 1 1 1
v -0.614917 4.14535 2.31493 1 1 1
v -0.60858 4.13906 2.31261 1 1 1
v -0.380663 4.13972 2.31285 1 1 1
v -0.384537 4.13906 2.31261 1 1 1
v -0.361142 4.14112 2.31337 1 1 1
v -0.34162 4.14292 2.31403 1 1 1
v -0.322099 4.14592 2.31514 1 1 1
v -0.302578 4.1508 2.31695 1 1 1
v 0.302578 4.1508 2.31695 1 1 1
v 0.322099 4.14592 2.31514 1 1 1
v 0.34162 4.14292 2.31403 1 1 1
v 0.361142 4.14112 2.31337 1 1 1
v 0.380663 4.13972 2.31285 1 1 1
v 0.384537 4.13906 2.31261 1 1 1
v 0.614917 4.14535 2.31493 1 1 1
v 0.60858 4.13906 2.31261 1 1 1
v -0.595396 4.12513 2.30746 1 1 1
v -0.590632 4.12075 2.30584 1 1 1
v -0.478269 4.12093 2.30591 1 1 1
v -0.479584 4.12075 2.30584 1 1 1
v -0.458747 4.12303 2.30668 1 1 1
v -0.439226 4.12468 2.30729 1 1 1
v -0.419705 4.12674 2.30805 1 1 1
v -0.400184 4.13175 2.3099 1 1 1
v 0.400184 4.13175 2.3099 1 1 1
v 0.419705 4.12674 2.30805 1 1 1
v 0.439226 4.12468 2.30729 1 1 1
v 0.458748 4.12303 2.30668 1 1 1
v 0.478269 4.12093 2.30591 1 1 1
v 0.479584 4.12075 2.30584 1 1 1
v 0.595396 4.12513 2.30746 1 1 1
v 0.590632 4.12075 2.30584 1 1 1
v -0.575874 4.10909 2.30153 1 1 1
v -0.556353 4.10804 2.30114 1 1 1
v -0.536832 4.10962 2.30172 1 1 1
v -0.517311 4.11078 2.30215 1 1 1
v -0.49779 4.11508 2.30374 1 1 1
v 0.49779 4.11508 2.30374 1 1 1
v 0.517311 4.11078 2.30215 1 1 1
v 0.536832 4.10962 2.30172 1 1 1
v 0.556353 4.10804 2.30114 1 1 1
v 0.575874 4.10909 2.30153 1 1 1
v -0.380663 4.63673 2.31881 1 1 1
v -0.382099 4.63627 2.31865 1 1 1
v -0.37905 4.63627 2.31865 1 1 1
v -0.283057 4.64169 2.32052 1 1 1
v -0.287588 4.63627 2.31865 1 1 1
v -0.263536 4.64882 2.32299 1 1 1
v -0.244015 4.64943 2.3232 1 1 1
v -0.224493 4.65001 2.3234 1 1 1
v -0.204972 4.65046 2.32356 1 1 1
v -0.185451 4.65168 2.32398 1 1 1
v -0.16593 4.65223 2.32417 1 1 1
v -0.146409 4.65338 2.32457 1 1 1
v -0.126888 4.65372 2.32469 1 1 1
v -0.107366 4.65453 2.32497 1 1 1
v -0.0878452 4.65466 2.32501 1 1 1
v -0.0683241 4.65431 2.32489 1 1 1
v -0.0488029 4.6547 2.32503 1 1 1
v -0.0292817 4.65438 2.32491 1 1 1
v -0.0097605 4.65463 2.325 1 1 1
v 0.00976062 4.65463 2.325 1 1 1
v 0.0292817 4.65438 2.32491 1 1 1
v 0.048803 4.6547 2.32503 1 1 1
v 0.0683241 4.65431 2.32489 1 1 1
v 0.0878453 4.65466 2.32501 1 1 1
v 0.107366 4.65453 2.32497 1 1 1
v 0.126888 4.65372 2.32469 1 1 1
v 0.146409 4.65338 2.32457 1 1 1
v 0.16593 4.65223 2.32417 1 1 1
v 0.185451 4.65168 2.32398 1 1 1
v 0.204972 4.65046 2.32356 1 1 1
v 0.224494 4.65001 2.3234 1 1 1
v 0.244015 4.64943 2.3232 1 1 1
v 0.263536 4.64882 2.32299 1 1 1
v 0.283057 4.64169 2.32052 1 1 1
v 0.287588 4.63627 2.31865 1 1 1
v 0.380663 4.63673 2.31881 1 1 1
v 0.37905 4.63627 2.31865 1 1 1
v 0.382099 4.63627 2.31865 1 1 1
v -0.439226 4.62235 2.31383 1 1 1
v -0.457417 4.61782 2.31226 1 1 1
v -0.419705 4.62693 2.31542 1 1 1
v -0.400184 4.63233 2.31729 1 1 1
v -0.361142 4.62956 2.31633 1 1 1
v -0.352766 4.61782 2.31226 1 1 1
v -0.283057 4.62832 2.3159 1 1 1
v -0.279261 4.61782 2.31226 1 1 1
v 0.283057 4.62832 2.3159 1 1 1
v 0.279261 4.61782 2.31226 1 1 1
v 0.361142 4.62956 2.31633 1 1 1
v 0.352766 4.61782 2.31226 1 1 1
v 0.400184 4.63233 2.31729 1 1 1
v 0.419705 4.62693 2.31542 1 1 1
v 0.439226 4.62235 2.31383 1 1 1
v 0.457417 4.61782 2.31226 1 1 1
v -0.517311 4.60274 2.30704 1 1 1
v -0.533555 4.59937 2.30588 1 1 1
v -0.49779 4.60776 2.30878 1 1 1
v -0.478269 4.6127 2.31049 1 1 1
v -0.458747 4.61752 2.31216 1 1 1
v -0.34162 4.59984 2.30604 1 1 1
v -0.34117 4.59937 2.30588 1 1 1
v -0.269085 4.59937 2.30588 1 1 1
v 0.269085 4.59937 2.30588 1 1 1
v 0.34162 4.59984 2.30604 1 1 1
v 0.34117 4.59937 2.30588 1 1 1
v 0.458748 4.61752 2.31216 1 1 1
v 0.478269 4.6127 2.31049 1 1 1
v 0.49779 4.60776 2.30878 1 1 1
v 0.517311 4.60274 2.30704 1 1 1
v 0.533555 4.59937 2.30588 1 1 1
v -0.595396 4.58393 2.30054 1 1 1
v -0.606993 4.58092 2.2995 1 1 1
v -0.575874 4.5886 2.30215 1 1 1
v -0.556353 4.59361 2.30389 1 1 1
v -0.536832 4.59871 2.30565 1 1 1
v -0.327596 4.58092 2.2995 1 1 1
v -0.263536 4.59157 2.30318 1 1 1
v -0.258324 4.58092 2.2995 1 1 1
v 0.263536 4.59157 2.30318 1 1 1
v 0.258324 4.58092 2.2995 1 1 1
v 0.327596 4.58092 2.2995 1 1 1
v 0.536832 4.59871 2.30565 1 1 1
v 0.556353 4.59361 2.30389 1 1 1
v 0.575874 4.5886 2.30215 1 1 1
v 0.595396 4.58393 2.30054 1 1 1
v 0.606993 4.58092 2.2995 1 1 1
v -0.67348 4.56497 2.29398 1 1 1
v -0.682991 4.56247 2.29311 1 1 1
v -0.653959 4.56976 2.29563 1 1 1
v -0.634438 4.57478 2.29737 1 1 1
v -0.614917 4.57898 2.29882 1 1 1
v -0.322099 4.57211 2.29645 1 1 1
v -0.313961 4.56247 2.29311 1 1 1
v -0.250004 4.56247 2.29311 1 1 1
v 0.250004 4.56247 2.29311 1 1 1
v 0.322099 4.57211 2.29645 1 1 1
v 0.313961 4.56247 2.29311 1 1 1
v 0.614917 4.57898 2.29882 1 1 1
v 0.634438 4.57478 2.29737 1 1 1
v 0.653959 4.56976 2.29563 1 1 1
v 0.67348 4.56497 2.29398 1 1 1
v 0.682991 4.56247 2.29311 1 1 1
v -0.751565 4.54592 2.28739 1 1 1
v -0.759362 4.54403 2.28673 1 1 1
v -0.732044 4.55097 2.28913 1 1 1
v -0.712523 4.55593 2.29085 1 1 1
v -0.693001 4.55996 2.29224 1 1 1
v -0.302578 4.54544 2.28722 1 1 1
v -0.301248 4.54403 2.28673 1 1 1
v -0.244015 4.55221 2.28956 1 1 1
v -0.240633 4.54403 2.28673 1 1 1
v 0.244015 4.55221 2.28956 1 1 1
v 0.240633 4.54403 2.28673 1 1 1
v 0.302578 4.54544 2.28722 1 1 1
v 0.301248 4.54403 2.28673 1 1 1
v 0.693002 4.55996 2.29224 1 1 1
v 0.712523 4.55593 2.29085 1 1 1
v 0.732044 4.55097 2.28913 1 1 1
v 0.751565 4.54592 2.28739 1 1 1
v 0.759362 4.54403 2.28673 1 1 1
v -0.82965 4.52667 2.28072 1 1 1
v -0.833858 4.52558 2.28035 1 1 1
v -0.810128 4.53175 2.28248 1 1 1
v -0.790607 4.53668 2.28419 1 1 1
v -0.771086 4.54125 2.28577 1 1 1
v -0.288117 4.52558 2.28035 1 1 1
v -0.231608 4.52558 2.28035 1 1 1
v 0.231608 4.52558 2.28035 1 1 1
v 0.288117 4.52558 2.28035 1 1 1
v 0.771086 4.54125 2.28577 1 1 1
v 0.790607 4.53668 2.28419 1 1 1
v 0.810129 4.53175 2.28248 1 1 1
v 0.82965 4.52667 2.28072 1 1 1
v 0.833857 4.52558 2.28035 1 1 1
v -0.907734 4.50826 2.27435 1 1 1
v -0.911346 4.50713 2.27396 1 1 1
v -0.888213 4.51247 2.27581 1 1 1
v -0.868692 4.51761 2.27759 1 1 1
v -0.849171 4.52199 2.2791 1 1 1
v -0.283057 4.51792 2.2777 1 1 1
v -0.273499 4.50713 2.27396 1 1 1
v -0.224493 4.51469 2.27658 1 1 1
v -0.221367 4.50713 2.27396 1 1 1
v 0.224494 4.51469 2.27658 1 1 1
v 0.221367 4.50713 2.27396 1 1 1
v 0.283057 4.51792 2.2777 1 1 1
v 0.273499 4.50713 2.27396 1 1 1
v 0.849171 4.52199 2.2791 1 1 1
v 0.868692 4.51761 2.27759 1 1 1
v 0.888213 4.51247 2.27581 1 1 1
v 0.907734 4.50826 2.27435 1 1 1
v 0.911346 4.50713 2.27396 1 1 1
v -0.907734 4.48956 2.26788 1 1 1
v -0.907654 4.48868 2.26758 1 1 1
v -0.263655 4.48868 2.26758 1 1 1
v -0.219296 4.48868 2.26758 1 1 1
v 0.219297 4.48868 2.26758 1 1 1
v 0.263655 4.48868 2.26758 1 1 1
v 0.907734 4.48956 2.26788 1 1 1
v 0.907654 4.48868 2.26758 1 1 1
v -0.889129 4.47023 2.26119 1 1 1
v -0.263536 4.48848 2.26751 1 1 1
v -0.247534 4.47023 2.26119 1 1 1
v -0.224493 4.47442 2.26264 1 1 1
v -0.231528 4.47023 2.26119 1 1 1
v 0.224494 4.47442 2.26264 1 1 1
v 0.231528 4.47023 2.26119 1 1 1
v 0.263536 4.48848 2.26751 1 1 1
v 0.247534 4.47023 2.26119 1 1 1
v 0.889129 4.47023 2.26119 1 1 1
v -0.888213 4.46934 2.26089 1 1 1
v -0.86913 4.45179 2.25481 1 1 1
v -0.244015 4.46676 2.25999 1 1 1
v 0.244015 4.46676 2.25999 1 1 1
v 0.888213 4.46934 2.26089 1 1 1
v 0.86913 4.45179 2.25481 1 1 1
v -0.868692 4.45133 2.25465 1 1 1
v -0.851517 4.43334 2.24843 1 1 1
v -0.185451 4.43501 2.249 1 1 1
v -0.186561 4.43334 2.24843 1 1 1
v -0.183763 4.43334 2.24843 1 1 1
v 0.185451 4.43501 2.249 1 1 1
v 0.183763 4.43334 2.24843 1 1 1
v 0.186561 4.43334 2.24843 1 1 1
v 0.868692 4.45133 2.25465 1 1 1
v 0.851517 4.43334 2.24843 1 1 1
v -0.849171 4.43093 2.24759 1 1 1
v -0.832408 4.41489 2.24204 1 1 1
v -0.191929 4.41489 2.24204 1 1 1
v -0.16593 4.41884 2.24341 1 1 1
v -0.163671 4.41489 2.24204 1 1 1
v 0.16593 4.41884 2.24341 1 1 1
v 0.163671 4.41489 2.24204 1 1 1
v 0.19193 4.41489 2.24204 1 1 1
v 0.849171 4.43093 2.24759 1 1 1
v 0.832408 4.41489 2.24204 1 1 1
v -0.82965 4.41214 2.24109 1 1 1
v -0.815017 4.39644 2.23566 1 1 1
v -0.1921 4.39644 2.23566 1 1 1
v -0.156412 4.39644 2.23566 1 1 1
v 0.156412 4.39644 2.23566 1 1 1
v 0.1921 4.39644 2.23566 1 1 1
v 0.82965 4.41214 2.24109 1 1 1
v 0.815017 4.39644 2.23566 1 1 1
v -0.810128 4.3918 2.23405 1 1 1
v -0.795374 4.37799 2.22928 1 1 1
v -0.188193 4.37799 2.22928 1 1 1
v -0.146409 4.38281 2.23094 1 1 1
v -0.145021 4.37799 2.22928 1 1 1
v 0.146409 4.38281 2.23094 1 1 1
v 0.145021 4.37799 2.22928 1 1 1
v 0.188193 4.37799 2.22928 1 1 1
v 0.810129 4.3918 2.23405 1 1 1
v 0.795374 4.37799 2.22928 1 1 1
v -0.790607 4.37279 2.22748 1 1 1
v -0.776952 4.35955 2.22289 1 1 1
v -0.185451 4.36344 2.22424 1 1 1
v -0.183529 4.35955 2.22289 1 1 1
v -0.143986 4.35955 2.22289 1 1 1
v 0.143986 4.35955 2.22289 1 1 1
v 0.185451 4.36344 2.22424 1 1 1
v 0.183529 4.35955 2.22289 1 1 1
v 0.790607 4.37279 2.22748 1 1 1
v 0.776952 4.35955 2.22289 1 1 1
v -0.771086 4.35377 2.22089 1 1 1
v -0.75894 4.3411 2.21651 1 1 1
v -0.169446 4.3411 2.21651 1 1 1
v -0.145423 4.3411 2.21651 1 1 1
v 0.145423 4.3411 2.21651 1 1 1
v 0.169446 4.3411 2.21651 1 1 1
v 0.771086 4.35377 2.22089 1 1 1
v 0.75894 4.3411 2.21651 1 1 1
v -0.751565 4.33382 2.21399 1 1 1
v -0.73972 4.32265 2.21013 1 1 1
v -0.16593 4.33444 2.21421 1 1 1
v -0.146409 4.33658 2.21495 1 1 1
v 0.146409 4.33658 2.21495 1 1 1
v 0.16593 4.33444 2.21421 1 1 1
v 0.751565 4.33382 2.21399 1 1 1
v 0.73972 4.32265 2.21013 1 1 1
v -0.732044 4.31487 2.20743 1 1 1
v -0.721904 4.3042 2.20374 1 1 1
v 0.732044 4.31487 2.20743 1 1 1
v 0.721904 4.3042 2.20374 1 1 1
v -0.712523 4.29518 2.20062 1 1 1
v -0.703098 4.28575 2.19736 1 1 1
v 0.712523 4.29518 2.20062 1 1 1
v 0.703098 4.28575 2.19736 1 1 1
v -0.693001 4.27497 2.19363 1 1 1
v -0.685028 4.26731 2.19098 1 1 1
v -0.107366 4.26805 2.19123 1 1 1
v -0.109185 4.26731 2.19098 1 1 1
v -0.0878452 4.26758 2.19107 1 1 1
v -0.0873229 4.26731 2.19098 1 1 1
v 0.0878453 4.26758 2.19107 1 1 1
v 0.087323 4.26731 2.19098 1 1 1
v 0.107366 4.26805 2.19123 1 1 1
v 0.109185 4.26731 2.19098 1 1 1
v 0.693002 4.27497 2.19363 1 1 1
v 0.685028 4.26731 2.19098 1 1 1
v -0.67348 4.25613 2.18711 1 1 1
v -0.666395 4.24886 2.18459 1 1 1
v -0.114025 4.24886 2.18459 1 1 1
v -0.0683241 4.25333 2.18614 1 1 1
v -0.0537356 4.24886 2.18459 1 1 1
v -0.0097605 4.24889 2.1846 1 1 1
v -0.0171295 4.24886 2.18459 1 1 1
v 0.00976062 4.24889 2.1846 1 1 1
v 0.0171287 4.24886 2.18459 1 1 1
v 0.0683241 4.25333 2.18614 1 1 1
v 0.0537357 4.24886 2.18459 1 1 1
v 0.114025 4.24886 2.18459 1 1 1
v 0.67348 4.25613 2.18711 1 1 1
v 0.666395 4.24886 2.18459 1 1 1
v -0.653959 4.23572 2.18004 1 1 1
v -0.64862 4.23041 2.17821 1 1 1
v -0.185451 4.231 2.17841 1 1 1
v -0.188569 4.23041 2.17821 1 1 1
v -0.16593 4.23256 2.17895 1 1 1
v -0.146409 4.23383 2.17939 1 1 1
v -0.126888 4.23585 2.18009 1 1 1
v -0.0488029 4.24677 2.18387 1 1 1
v -0.0292817 4.24867 2.18453 1 1 1
v 0.0292817 4.24867 2.18453 1 1 1
v 0.048803 4.24677 2.18387 1 1 1
v 0.126888 4.23585 2.18009 1 1 1
v 0.146409 4.23383 2.17939 1 1 1
v 0.16593 4.23256 2.17895 1 1 1
v 0.185451 4.231 2.17841 1 1 1
v 0.188569 4.23041 2.17821 1 1 1
v 0.653959 4.23572 2.18004 1 1 1
v 0.648619 4.23041 2.17821 1 1 1
v -0.634438 4.21635 2.17334 1 1 1
v -0.629961 4.21196 2.17183 1 1 1
v -0.283057 4.21239 2.17197 1 1 1
v -0.285853 4.21196 2.17183 1 1 1
v -0.263536 4.21354 2.17237 1 1 1
v -0.244015 4.21561 2.17309 1 1 1
v -0.224493 4.21848 2.17408 1 1 1
v -0.204972 4.22363 2.17586 1 1 1
v 0.204972 4.22363 2.17586 1 1 1
v 0.224494 4.21848 2.17408 1 1 1
v 0.244015 4.21561 2.17309 1 1 1
v 0.263536 4.21354 2.17237 1 1 1
v 0.283057 4.21239 2.17197 1 1 1
v 0.285853 4.21196 2.17183 1 1 1
v 0.634438 4.21635 2.17334 1 1 1
v 0.629961 4.21196 2.17183 1 1 1
v -0.614917 4.19789 2.16696 1 1 1
v -0.610489 4.19351 2.16544 1 1 1
v -0.380663 4.19393 2.16558 1 1 1
v -0.383118 4.19351 2.16544 1 1 1
v -0.361142 4.19533 2.16607 1 1 1
v -0.34162 4.1971 2.16668 1 1 1
v -0.322099 4.19979 2.16761 1 1 1
v -0.302578 4.20446 2.16923 1 1 1
v 0.302578 4.20446 2.16923 1 1 1
v 0.322099 4.19979 2.16761 1 1 1
v 0.34162 4.1971 2.16668 1 1 1
v 0.361142 4.19533 2.16607 1 1 1
v 0.380663 4.19393 2.16558 1 1 1
v 0.383118 4.19351 2.16544 1 1 1
v 0.614917 4.19789 2.16696 1 1 1
v 0.610489 4.19351 2.16544 1 1 1
v -0.595396 4.17774 2.15998 1 1 1
v -0.592465 4.17507 2.15906 1 1 1
v -0.458747 4.17707 2.15975 1 1 1
v -0.477613 4.17507 2.15906 1 1 1
v -0.439226 4.17874 2.16033 1 1 1
v -0.419705 4.18062 2.16098 1 1 1
v -0.400184 4.18565 2.16272 1 1 1
v 0.400184 4.18565 2.16272 1 1 1
v 0.419705 4.18062 2.16098 1 1 1
v 0.439226 4.17874 2.16033 1 1 1
v 0.458748 4.17707 2.15975 1 1 1
v 0.477613 4.17507 2.15906 1 1 1
v 0.595396 4.17774 2.15998 1 1 1
v 0.592465 4.17507 2.15906 1 1 1
v -0.575874 4.16198 2.15453 1 1 1
v -0.556353 4.16138 2.15432 1 1 1
v -0.536832 4.16302 2.15489 1 1 1
v -0.517311 4.16422 2.1553 1 1 1
v -0.49779 4.16858 2.15681 1 1 1
v -0.478269 4.17487 2.15899 1 1 1
v 0.478269 4.17487 2.15899 1 1 1
v 0.49779 4.16858 2.15681 1 1 1
v 0.517311 4.16422 2.1553 1 1 1
v 0.536832 4.16302 2.15489 1 1 1
v 0.556353 4.16138 2.15432 1 1 1
v 0.575874 4.16198 2.15453 1 1 1
v -0.107366 4.70931 2.16969 1 1 1
v -0.115266 4.70854 2.16943 1 1 1
v -0.0878452 4.7095 2.16975 1 1 1
v -0.0685476 4.70854 2.16943 1 1 1
v -0.0488029 4.70952 2.16976 1 1 1
v -0.0681131 4.70854 2.16943 1 1 1
v -0.0292817 4.70864 2.16946 1 1 1
v -0.0097605 4.70938 2.16971 1 1 1
v 0.00976062 4.70938 2.16971 1 1 1
v 0.0292817 4.70864 2.16946 1 1 1
v 0.048803 4.70952 2.16976 1 1 1
v 0.0681134 4.70854 2.16943 1 1 1
v 0.0878453 4.7095 2.16975 1 1 1
v 0.0685474 4.70854 2.16943 1 1 1
v 0.107366 4.70931 2.16969 1 1 1
v 0.115266 4.70854 2.16943 1 1 1
v -0.380663 4.69328 2.16434 1 1 1
v -0.390958 4.69002 2.16326 1 1 1
v -0.369908 4.69002 2.16326 1 1 1
v -0.283057 4.69867 2.16614 1 1 1
v -0.290242 4.69002 2.16326 1 1 1
v -0.263536 4.7039 2.16788 1 1 1
v -0.244015 4.70427 2.16801 1 1 1
v -0.224493 4.70482 2.16819 1 1 1
v -0.204972 4.70522 2.16832 1 1 1
v -0.185451 4.70643 2.16873 1 1 1
v -0.16593 4.70687 2.16888 1 1 1
v -0.146409 4.7078 2.16918 1 1 1
v -0.126888 4.70812 2.16929 1 1 1
v -0.0683241 4.70853 2.16943 1 1 1
v 0.0683241 4.70853 2.16943 1 1 1
v 0.126888 4.70812 2.16929 1 1 1
v 0.146409 4.7078 2.16918 1 1 1
v 0.16593 4.70687 2.16888 1 1 1
v 0.185451 4.70643 2.16873 1 1 1
v 0.204972 4.70522 2.16832 1 1 1
v 0.224494 4.70482 2.16819 1 1 1
v 0.244015 4.70427 2.16801 1 1 1
v 0.263536 4.7039 2.16788 1 1 1
v 0.283057 4.69867 2.16614 1 1 1
v 0.290242 4.69002 2.16326 1 1 1
v 0.380663 4.69328 2.16434 1 1 1
v 0.369908 4.69002 2.16326 1 1 1
v 0.390958 4.69002 2.16326 1 1 1
v -0.458747 4.67409 2.15795 1 1 1
v -0.467078 4.6715 2.15709 1 1 1
v -0.439226 4.6785 2.15942 1 1 1
v -0.419705 4.68281 2.16086 1 1 1
v -0.400184 4.68805 2.1626 1 1 1
v -0.361142 4.68654 2.1621 1 1 1
v -0.350642 4.6715 2.15709 1 1 1
v -0.283057 4.67778 2.15918 1 1 1
v -0.280718 4.6715 2.15709 1 1 1
v 0.283057 4.67778 2.15918 1 1 1
v 0.280718 4.6715 2.15709 1 1 1
v 0.361142 4.68654 2.1621 1 1 1
v 0.350642 4.6715 2.15709 1 1 1
v 0.400184 4.68805 2.1626 1 1 1
v 0.419705 4.68281 2.16086 1 1 1
v 0.439226 4.6785 2.15942 1 1 1
v 0.458748 4.67409 2.15795 1 1 1
v 0.467078 4.6715 2.15709 1 1 1
v -0.536832 4.65528 2.15168 1 1 1
v -0.544712 4.65298 2.15091 1 1 1
v -0.517311 4.65903 2.15293 1 1 1
v -0.49779 4.66386 2.15454 1 1 1
v -0.478269 4.66877 2.15618 1 1 1
v -0.34162 4.65663 2.15213 1 1 1
v -0.338202 4.65298 2.15091 1 1 1
v -0.271015 4.65298 2.15091 1 1 1
v 0.271015 4.65298 2.15091 1 1 1
v 0.34162 4.65663 2.15213 1 1 1
v 0.338202 4.65298 2.15091 1 1 1
v 0.478269 4.66877 2.15618 1 1 1
v 0.49779 4.66386 2.15454 1 1 1
v 0.517311 4.65903 2.15293 1 1 1
v 0.536832 4.65528 2.15168 1 1 1
v 0.544712 4.65298 2.15091 1 1 1
v -0.614917 4.63568 2.14515 1 1 1
v -0.619975 4.63446 2.14474 1 1 1
v -0.595396 4.64051 2.14676 1 1 1
v -0.575874 4.64498 2.14825 1 1 1
v -0.556353 4.65 2.14992 1 1 1
v -0.32586 4.63446 2.14474 1 1 1
v -0.263536 4.64271 2.14749 1 1 1
v -0.259399 4.63446 2.14474 1 1 1
v 0.263536 4.64271 2.14749 1 1 1
v 0.259399 4.63446 2.14474 1 1 1
v 0.32586 4.63446 2.14474 1 1 1
v 0.556353 4.65 2.14992 1 1 1
v 0.575874 4.64498 2.14825 1 1 1
v 0.595396 4.64051 2.14676 1 1 1
v 0.614917 4.63568 2.14515 1 1 1
v 0.619975 4.63446 2.14474 1 1 1
v -0.693001 4.61678 2.13885 1 1 1
v -0.696909 4.61594 2.13857 1 1 1
v -0.67348 4.62174 2.14051 1 1 1
v -0.653959 4.62645 2.14208 1 1 1
v -0.634438 4.63141 2.14373 1 1 1
v -0.322099 4.62832 2.1427 1 1 1
v -0.311932 4.61594 2.13857 1 1 1
v -0.251413 4.61594 2.13857 1 1 1
v 0.251413 4.61594 2.13857 1 1 1
v 0.322099 4.62832 2.1427 1 1 1
v 0.311932 4.61594 2.13857 1 1 1
v 0.634438 4.63141 2.14373 1 1 1
v 0.653959 4.62645 2.14208 1 1 1
v 0.67348 4.62174 2.14051 1 1 1
v 0.693002 4.61678 2.13885 1 1 1
v 0.696909 4.61594 2.13857 1 1 1
v -0.771086 4.59841 2.13273 1 1 1
v -0.77517 4.59742 2.1324 1 1 1
v -0.751565 4.60306 2.13428 1 1 1
v -0.732044 4.60803 2.13594 1 1 1
v -0.712523 4.61285 2.13754 1 1 1
v -0.302578 4.60146 2.13375 1 1 1
v -0.298908 4.59742 2.1324 1 1 1
v -0.244015 4.60371 2.1345 1 1 1
v -0.241342 4.59742 2.1324 1 1 1
v 0.244015 4.60371 2.1345 1 1 1
v 0.241342 4.59742 2.1324 1 1 1
v 0.302578 4.60146 2.13375 1 1 1
v 0.298908 4.59742 2.1324 1 1 1
v 0.712523 4.61285 2.13754 1 1 1
v 0.732044 4.60803 2.13594 1 1 1
v 0.751565 4.60306 2.13428 1 1 1
v 0.771086 4.59841 2.13273 1 1 1
v 0.77517 4.59742 2.1324 1 1 1
v -0.849171 4.5792 2.12633 1 1 1
v -0.850453 4.5789 2.12623 1 1 1
v -0.82965 4.58422 2.128 1 1 1
v -0.810128 4.58904 2.12961 1 1 1
v -0.790607 4.59383 2.13121 1 1 1
v -0.286976 4.5789 2.12623 1 1 1
v -0.232379 4.5789 2.12623 1 1 1
v 0.232379 4.5789 2.12623 1 1 1
v 0.286976 4.5789 2.12623 1 1 1
v 0.790607 4.59383 2.13121 1 1 1
v 0.810129 4.58904 2.12961 1 1 1
v 0.82965 4.58422 2.128 1 1 1
v 0.849171 4.5792 2.12633 1 1 1
v 0.850453 4.5789 2.12623 1 1 1
v -0.907734 4.56607 2.12195 1 1 1
v -0.926119 4.56038 2.12006 1 1 1
v -0.888213 4.57011 2.1233 1 1 1
v -0.868692 4.57498 2.12492 1 1 1
v -0.283057 4.57276 2.12418 1 1 1
v -0.272359 4.56038 2.12006 1 1 1
v -0.224493 4.567 2.12227 1 1 1
v -0.22166 4.56038 2.12006 1 1 1
v 0.224494 4.567 2.12227 1 1 1
v 0.22166 4.56038 2.12006 1 1 1
v 0.283057 4.57276 2.12418 1 1 1
v 0.272359 4.56038 2.12006 1 1 1
v 0.868692 4.57498 2.12492 1 1 1
v 0.888213 4.57011 2.1233 1 1 1
v 0.907734 4.56607 2.12195 1 1 1
v 0.926119 4.56038 2.12006 1 1 1
v -0.913954 4.54186 2.11389 1 1 1
v -0.263536 4.54288 2.11423 1 1 1
v -0.262571 4.54186 2.11389 1 1 1
v -0.218762 4.54186 2.11389 1 1 1
v 0.218762 4.54186 2.11389 1 1 1
v 0.263536 4.54288 2.11423 1 1 1
v 0.262571 4.54186 2.11389 1 1 1
v 0.913954 4.54186 2.11389 1 1 1
v -0.907734 4.53608 2.11196 1 1 1
v -0.894764 4.52334 2.10771 1 1 1
v -0.247308 4.52334 2.10771 1 1 1
v -0.224493 4.52352 2.10778 1 1 1
v -0.224881 4.52334 2.10771 1 1 1
v 0.224494 4.52352 2.10778 1 1 1
v 0.224881 4.52334 2.10771 1 1 1
v 0.247308 4.52334 2.10771 1 1 1
v 0.907734 4.53608 2.11196 1 1 1
v 0.894764 4.52334 2.10771 1 1 1
v -0.888213 4.517 2.1056 1 1 1
v -0.874826 4.50482 2.10154 1 1 1
v -0.244015 4.51974 2.10651 1 1 1
v 0.244015 4.51974 2.10651 1 1 1
v 0.888213 4.517 2.1056 1 1 1
v 0.874826 4.50482 2.10154 1 1 1
v -0.868692 4.49856 2.09946 1 1 1
v -0.856818 4.4863 2.09537 1 1 1
v -0.185451 4.48924 2.09635 1 1 1
v -0.187737 4.4863 2.09537 1 1 1
v -0.182898 4.4863 2.09537 1 1 1
v 0.185451 4.48924 2.09635 1 1 1
v 0.182898 4.4863 2.09537 1 1 1
v 0.187738 4.4863 2.09537 1 1 1
v 0.868692 4.49856 2.09946 1 1 1
v 0.856818 4.4863 2.09537 1 1 1
v -0.849171 4.47855 2.09279 1 1 1
v -0.837757 4.46778 2.0892 1 1 1
v -0.193124 4.46778 2.0892 1 1 1
v -0.16593 4.47124 2.09035 1 1 1
v -0.163967 4.46778 2.0892 1 1 1
v 0.16593 4.47124 2.09035 1 1 1
v 0.163967 4.46778 2.0892 1 1 1
v 0.193124 4.46778 2.0892 1 1 1
v 0.849171 4.47855 2.09279 1 1 1
v 0.837757 4.46778 2.0892 1 1 1
v -0.82965 4.45978 2.08653 1 1 1
v -0.819689 4.44926 2.08303 1 1 1
v -0.192849 4.44926 2.08303 1 1 1
v -0.156737 4.44926 2.08303 1 1 1
v 0.156737 4.44926 2.08303 1 1 1
v 0.192849 4.44926 2.08303 1 1 1
v 0.82965 4.45978 2.08653 1 1 1
v 0.819689 4.44926 2.08303 1 1 1
v -0.810128 4.44029 2.08004 1 1 1
v -0.799798 4.43074 2.07686 1 1 1
v -0.188331 4.43074 2.07686 1 1 1
v -0.146409 4.43555 2.07846 1 1 1
v -0.144889 4.43074 2.07686 1 1 1
v 0.146409 4.43555 2.07846 1 1 1
v 0.144889 4.43074 2.07686 1 1 1
v 0.188331 4.43074 2.07686 1 1 1
v 0.810129 4.44029 2.08004 1 1 1
v 0.799798 4.43074 2.07686 1 1 1
v -0.790607 4.42087 2.07357 1 1 1
v -0.781576 4.41222 2.07068 1 1 1
v -0.185451 4.4168 2.07221 1 1 1
v -0.18307 4.41222 2.07068 1 1 1
v -0.143307 4.41222 2.07068 1 1 1
v 0.143307 4.41222 2.07068 1 1 1
v 0.185451 4.4168 2.07221 1 1 1
v 0.18307 4.41222 2.07068 1 1 1
v 0.790607 4.42087 2.07357 1 1 1
v 0.781576 4.41222 2.07068 1 1 1
v -0.771086 4.40202 2.06729 1 1 1
v -0.762994 4.3937 2.06451 1 1 1
v -0.169248 4.3937 2.06451 1 1 1
v -0.144142 4.3937 2.06451 1 1 1
v 0.144142 4.3937 2.06451 1 1 1
v 0.169248 4.3937 2.06451 1 1 1
v 0.771086 4.40202 2.06729 1 1 1
v 0.762994 4.3937 2.06451 1 1 1
v -0.751565 4.38259 2.06081 1 1 1
v -0.7436 4.37518 2.05834 1 1 1
v -0.16593 4.38726 2.06237 1 1 1
v -0.146409 4.38364 2.06116 1 1 1
v 0.146409 4.38364 2.06116 1 1 1
v 0.16593 4.38726 2.06237 1 1 1
v 0.751565 4.38259 2.06081 1 1 1
v 0.7436 4.37518 2.05834 1 1 1
v -0.732044 4.36358 2.05448 1 1 1
v -0.725341 4.35666 2.05217 1 1 1
v 0.732044 4.36358 2.05448 1 1 1
v 0.725341 4.35666 2.05217 1 1 1
v -0.712523 4.34451 2.04812 1 1 1
v -0.706091 4.33814 2.046 1 1 1
v 0.712523 4.34451 2.04812 1 1 1
v 0.706091 4.33814 2.046 1 1 1
v -0.693001 4.32438 2.04141 1 1 1
v -0.68797 4.31962 2.03983 1 1 1
v -0.107366 4.32176 2.04054 1 1 1
v -0.111622 4.31962 2.03983 1 1 1
v -0.0878452 4.32085 2.04024 1 1 1
v -0.0857754 4.31962 2.03983 1 1 1
v 0.0878453 4.32085 2.04024 1 1 1
v 0.0857754 4.31962 2.03983 1 1 1
v 0.107366 4.32176 2.04054 1 1 1
v 0.111622 4.31962 2.03983 1 1 1
v 0.693002 4.32438 2.04141 1 1 1
v 0.68797 4.31962 2.03983 1 1 1
v -0.67348 4.30572 2.0352 1 1 1
v -0.66893 4.3011 2.03366 1 1 1
v -0.113506 4.3011 2.03366 1 1 1
v -0.0683241 4.30561 2.03516 1 1 1
v -0.0547887 4.3011 2.03366 1 1 1
v 0.0683241 4.30561 2.03516 1 1 1
v 0.0547888 4.3011 2.03366 1 1 1
v 0.113506 4.3011 2.03366 1 1 1
v 0.67348 4.30572 2.0352 1 1 1
v 0.66893 4.3011 2.03366 1 1 1
v -0.653959 4.28548 2.02845 1 1 1
v -0.651006 4.28258 2.02748 1 1 1
v -0.185451 4.2828 2.02756 1 1 1
v -0.186625 4.28258 2.02748 1 1 1
v -0.16593 4.28447 2.02812 1 1 1
v -0.146409 4.28559 2.02849 1 1 1
v -0.126888 4.28724 2.02904 1 1 1
v -0.0488029 4.29853 2.0328 1 1 1
v -0.0292817 4.30037 2.03341 1 1 1
v -0.0097605 4.30056 2.03348 1 1 1
v 0.00976062 4.30056 2.03348 1 1 1
v 0.0292817 4.30037 2.03341 1 1 1
v 0.048803 4.29853 2.0328 1 1 1
v 0.126888 4.28724 2.02904 1 1 1
v 0.146409 4.28559 2.02849 1 1 1
v 0.16593 4.28447 2.02812 1 1 1
v 0.185451 4.2828 2.02756 1 1 1
v 0.186626 4.28258 2.02748 1 1 1
v 0.653959 4.28548 2.02845 1 1 1
v 0.651006 4.28258 2.02748 1 1 1
v -0.634438 4.26635 2.02207 1 1 1
v -0.632065 4.26406 2.02131 1 1 1
v -0.283057 4.26418 2.02135 1 1 1
v -0.28385 4.26406 2.02131 1 1 1
v -0.263536 4.26536 2.02175 1 1 1
v -0.244015 4.26732 2.0224 1 1 1
v -0.224493 4.27002 2.0233 1 1 1
v -0.204972 4.27495 2.02494 1 1 1
v 0.204972 4.27495 2.02494 1 1 1
v 0.224494 4.27002 2.0233 1 1 1
v 0.244015 4.26732 2.0224 1 1 1
v 0.263536 4.26536 2.02175 1 1 1
v 0.283057 4.26418 2.02135 1 1 1
v 0.28385 4.26406 2.02131 1 1 1
v 0.634438 4.26635 2.02207 1 1 1
v 0.632065 4.26406 2.02131 1 1 1
v -0.614917 4.24811 2.016 1 1 1
v -0.61229 4.24554 2.01514 1 1 1
v -0.380663 4.24571 2.0152 1 1 1
v -0.38172 4.24554 2.01514 1 1 1
v -0.361142 4.24711 2.01567 1 1 1
v -0.34162 4.24885 2.01625 1 1 1
v -0.322099 4.25126 2.01705 1 1 1
v -0.302578 4.25571 2.01853 1 1 1
v 0.302578 4.25571 2.01853 1 1 1
v 0.322099 4.25126 2.01705 1 1 1
v 0.34162 4.24885 2.01625 1 1 1
v 0.361142 4.24711 2.01567 1 1 1
v 0.380663 4.24571 2.0152 1 1 1
v 0.38172 4.24554 2.01514 1 1 1
v 0.614917 4.24811 2.016 1 1 1
v 0.61229 4.24554 2.01514 1 1 1
v -0.595396 4.22811 2.00933 1 1 1
v -0.594187 4.22702 2.00897 1 1 1
v -0.458747 4.22876 2.00955 1 1 1
v -0.47529 4.22702 2.00897 1 1 1
v -0.439226 4.23042 2.0101 1 1 1
v -0.419705 4.23215 2.01068 1 1 1
v -0.400184 4.23717 2.01235 1 1 1
v 0.400184 4.23717 2.01235 1 1 1
v 0.419705 4.23215 2.01068 1 1 1
v 0.439226 4.23042 2.0101 1 1 1
v 0.458748 4.22876 2.00955 1 1 1
v 0.47529 4.22702 2.00897 1 1 1
v 0.595396 4.22811 2.00933 1 1 1
v 0.594187 4.22702 2.00897 1 1 1
v -0.575874 4.21265 2.00418 1 1 1
v -0.556353 4.21248 2.00413 1 1 1
v -0.536832 4.21417 2.00469 1 1 1
v -0.517311 4.21536 2.00508 1 1 1
v -0.49779 4.21977 2.00655 1 1 1
v -0.478269 4.22614 2.00868 1 1 1
v 0.478269 4.22614 2.00868 1 1 1
v 0.49779 4.21977 2.00655 1 1 1
v 0.517311 4.21536 2.00508 1 1 1
v 0.536832 4.21417 2.00469 1 1 1
v 0.556353 4.21248 2.00413 1 1 1
v 0.575874 4.21265 2.00418 1 1 1
v -0.126888 4.76139 2.01187 1 1 1
v -0.134698 4.76104 2.01176 1 1 1
v -0.107366 4.76303 2.01238 1 1 1
v -0.0878452 4.76309 2.0124 1 1 1
v -0.0683241 4.76222 2.01213 1 1 1
v -0.0488029 4.76303 2.01238 1 1 1
v -0.0292817 4.76225 2.01214 1 1 1
v -0.0097605 4.76296 2.01236 1 1 1
v 0.00976062 4.76296 2.01236 1 1 1
v 0.0292817 4.76225 2.01214 1 1 1
v 0.048803 4.76303 2.01238 1 1 1
v 0.0683241 4.76222 2.01213 1 1 1
v 0.0878453 4.76309 2.0124 1 1 1
v 0.107366 4.76303 2.01238 1 1 1
v 0.126888 4.76139 2.01187 1 1 1
v 0.134698 4.76104 2.01176 1 1 1
v -0.380663 4.74831 2.00776 1 1 1
v -0.399494 4.74241 2.00591 1 1 1
v -0.362219 4.74241 2.00591 1 1 1
v -0.283057 4.75411 2.00958 1 1 1
v -0.292706 4.74241 2.00591 1 1 1
v -0.263536 4.75758 2.01067 1 1 1
v -0.244015 4.75771 2.01071 1 1 1
v -0.224493 4.75824 2.01088 1 1 1
v -0.204972 4.7586 2.01099 1 1 1
v -0.185451 4.75979 2.01137 1 1 1
v -0.16593 4.76014 2.01148 1 1 1
v -0.146409 4.76086 2.0117 1 1 1
v 0.146409 4.76086 2.0117 1 1 1
v 0.16593 4.76014 2.01148 1 1 1
v 0.185451 4.75979 2.01137 1 1 1
v 0.204972 4.7586 2.01099 1 1 1
v 0.224494 4.75824 2.01088 1 1 1
v 0.244015 4.75771 2.01071 1 1 1
v 0.263536 4.75758 2.01067 1 1 1
v 0.283057 4.75411 2.00958 1 1 1
v 0.292706 4.74241 2.00591 1 1 1
v 0.380663 4.74831 2.00776 1 1 1
v 0.362219 4.74241 2.00591 1 1 1
v 0.399494 4.74241 2.00591 1 1 1
v -0.458747 4.72919 2.00175 1 1 1
v -0.476177 4.72379 2.00006 1 1 1
v -0.439226 4.73312 2.00299 1 1 1
v -0.419705 4.73719 2.00427 1 1 1
v -0.400184 4.74227 2.00586 1 1 1
v -0.361142 4.74196 2.00577 1 1 1
v -0.348723 4.72379 2.00006 1 1 1
v -0.283057 4.72636 2.00087 1 1 1
v -0.282075 4.72379 2.00006 1 1 1
v 0.283057 4.72636 2.00087 1 1 1
v 0.282075 4.72379 2.00006 1 1 1
v 0.361142 4.74196 2.00577 1 1 1
v 0.348723 4.72379 2.00006 1 1 1
v 0.400184 4.74227 2.00586 1 1 1
v 0.419705 4.73719 2.00427 1 1 1
v 0.439226 4.73312 2.00299 1 1 1
v 0.458748 4.72919 2.00175 1 1 1
v 0.476177 4.72379 2.00006 1 1 1
v -0.536832 4.71033 1.99583 1 1 1
v -0.554809 4.70517 1.99421 1 1 1
v -0.517311 4.71373 1.9969 1 1 1
v -0.49779 4.71838 1.99836 1 1 1
v -0.478269 4.72328 1.9999 1 1 1
v -0.34162 4.71182 1.9963 1 1 1
v -0.335535 4.70517 1.99421 1 1 1
v -0.272818 4.70517 1.99421 1 1 1
v 0.272818 4.70517 1.99421 1 1 1
v 0.34162 4.71182 1.9963 1 1 1
v 0.335535 4.70517 1.99421 1 1 1
v 0.478269 4.72328 1.9999 1 1 1
v 0.49779 4.71838 1.99836 1 1 1
v 0.517311 4.71373 1.9969 1 1 1
v 0.536832 4.71033 1.99583 1 1 1
v 0.554809 4.70517 1.99421 1 1 1
v -0.614917 4.69105 1.98977 1 1 1
v -0.633688 4.68654 1.98836 1 1 1
v -0.595396 4.69546 1.99116 1 1 1
v -0.575874 4.69975 1.99251 1 1 1
v -0.556353 4.70478 1.99409 1 1 1
v -0.3243 4.68654 1.98836 1 1 1
v -0.263536 4.69268 1.99029 1 1 1
v -0.2604 4.68654 1.98836 1 1 1
v 0.263536 4.69268 1.99029 1 1 1
v 0.2604 4.68654 1.98836 1 1 1
v 0.3243 4.68654 1.98836 1 1 1
v 0.556353 4.70478 1.99409 1 1 1
v 0.575874 4.69975 1.99251 1 1 1
v 0.595396 4.69546 1.99116 1 1 1
v 0.614917 4.69105 1.98977 1 1 1
v 0.633688 4.68654 1.98836 1 1 1
v -0.712523 4.66809 1.98256 1 1 1
v -0.713161 4.66792 1.98251 1 1 1
v -0.693001 4.6722 1.98385 1 1 1
v -0.67348 4.67684 1.98531 1 1 1
v -0.653959 4.68147 1.98677 1 1 1
v -0.634438 4.68638 1.98831 1 1 1
v -0.322099 4.68289 1.98721 1 1 1
v -0.310146 4.66792 1.98251 1 1 1
v -0.252753 4.66792 1.98251 1 1 1
v 0.252753 4.66792 1.98251 1 1 1
v 0.322099 4.68289 1.98721 1 1 1
v 0.310146 4.66792 1.98251 1 1 1
v 0.634438 4.68638 1.98831 1 1 1
v 0.653959 4.68147 1.98677 1 1 1
v 0.67348 4.67684 1.98531 1 1 1
v 0.693002 4.6722 1.98385 1 1 1
v 0.712523 4.66809 1.98256 1 1 1
v 0.713161 4.66792 1.98251 1 1 1
v -0.771086 4.6539 1.9781 1 1 1
v -0.79029 4.64929 1.97666 1 1 1
v -0.751565 4.65843 1.97953 1 1 1
v -0.732044 4.66338 1.98108 1 1 1
v -0.302578 4.65582 1.97871 1 1 1
v -0.296859 4.64929 1.97666 1 1 1
v -0.244015 4.65391 1.97811 1 1 1
v -0.242006 4.64929 1.97666 1 1 1
v 0.244015 4.65391 1.97811 1 1 1
v 0.242006 4.64929 1.97666 1 1 1
v 0.302578 4.65582 1.97871 1 1 1
v 0.296859 4.64929 1.97666 1 1 1
v 0.732044 4.66338 1.98108 1 1 1
v 0.751565 4.65843 1.97953 1 1 1
v 0.771086 4.6539 1.9781 1 1 1
v 0.79029 4.64929 1.97666 1 1 1
v -0.849171 4.63508 1.97219 1 1 1
v -0.868046 4.63067 1.97081 1 1 1
v -0.82965 4.63993 1.97372 1 1 1
v -0.810128 4.64454 1.97517 1 1 1
v -0.790607 4.64922 1.97664 1 1 1
v -0.285966 4.63067 1.97081 1 1 1
v -0.233098 4.63067 1.97081 1 1 1
v 0.233098 4.63067 1.97081 1 1 1
v 0.285966 4.63067 1.97081 1 1 1
v 0.790607 4.64922 1.97664 1 1 1
v 0.810129 4.64454 1.97517 1 1 1
v 0.82965 4.63993 1.97372 1 1 1
v 0.849171 4.63508 1.97219 1 1 1
v 0.868046 4.63067 1.97081 1 1 1
v -0.927255 4.61641 1.96633 1 1 1
v -0.93409 4.61205 1.96496 1 1 1
v -0.907734 4.62201 1.96809 1 1 1
v -0.888213 4.6259 1.96931 1 1 1
v -0.868692 4.63053 1.97077 1 1 1
v -0.283057 4.62596 1.96933 1 1 1
v -0.27133 4.61205 1.96496 1 1 1
v -0.224493 4.61784 1.96678 1 1 1
v -0.221944 4.61205 1.96496 1 1 1
v 0.224494 4.61784 1.96678 1 1 1
v 0.221944 4.61205 1.96496 1 1 1
v 0.283057 4.62596 1.96933 1 1 1
v 0.27133 4.61205 1.96496 1 1 1
v 0.868692 4.63053 1.97077 1 1 1
v 0.888213 4.6259 1.96931 1 1 1
v 0.907734 4.62201 1.96809 1 1 1
v 0.927256 4.61641 1.96633 1 1 1
v 0.93409 4.61205 1.96496 1 1 1
v -0.927255 4.60402 1.96244 1 1 1
v -0.919842 4.59342 1.95911 1 1 1
v -0.263536 4.59581 1.95986 1 1 1
v -0.261414 4.59342 1.95911 1 1 1
v -0.218167 4.59342 1.95911 1 1 1
v 0.218167 4.59342 1.95911 1 1 1
v 0.263536 4.59581 1.95986 1 1 1
v 0.261414 4.59342 1.95911 1 1 1
v 0.927256 4.60402 1.96244 1 1 1
v 0.919842 4.59342 1.95911 1 1 1
v -0.907734 4.5823 1.95561 1 1 1
v -0.900026 4.5748 1.95326 1 1 1
v -0.247106 4.5748 1.95326 1 1 1
v -0.222396 4.5748 1.95326 1 1 1
v 0.222396 4.5748 1.95326 1 1 1
v 0.247106 4.5748 1.95326 1 1 1
v 0.907734 4.5823 1.95561 1 1 1
v 0.900026 4.5748 1.95326 1 1 1
v -0.888213 4.56346 1.9497 1 1 1
v -0.880146 4.55617 1.94741 1 1 1
v -0.244015 4.57105 1.95208 1 1 1
v -0.224493 4.57246 1.95252 1 1 1
v 0.224494 4.57246 1.95252 1 1 1
v 0.244015 4.57105 1.95208 1 1 1
v 0.888213 4.56346 1.9497 1 1 1
v 0.880146 4.55617 1.94741 1 1 1
v -0.868692 4.54462 1.94378 1 1 1
v -0.861769 4.53755 1.94156 1 1 1
v -0.185451 4.54188 1.94292 1 1 1
v -0.189551 4.53755 1.94156 1 1 1
v -0.182203 4.53755 1.94156 1 1 1
v 0.185451 4.54188 1.94292 1 1 1
v 0.182203 4.53755 1.94156 1 1 1
v 0.189551 4.53755 1.94156 1 1 1
v 0.868692 4.54462 1.94378 1 1 1
v 0.861769 4.53755 1.94156 1 1 1
v -0.849171 4.52492 1.93759 1 1 1
v -0.842748 4.51893 1.93571 1 1 1
v -0.194683 4.51893 1.93571 1 1 1
v -0.16593 4.52192 1.93665 1 1 1
v -0.164244 4.51893 1.93571 1 1 1
v 0.16593 4.52192 1.93665 1 1 1
v 0.164244 4.51893 1.93571 1 1 1
v 0.194683 4.51893 1.93571 1 1 1
v 0.849171 4.52492 1.93759 1 1 1
v 0.842748 4.51893 1.93571 1 1 1
v -0.82965 4.5061 1.93168 1 1 1
v -0.824089 4.5003 1.92986 1 1 1
v -0.193733 4.5003 1.92986 1 1 1
v -0.157045 4.5003 1.92986 1 1 1
v 0.157045 4.5003 1.92986 1 1 1
v 0.193733 4.5003 1.92986 1 1 1
v 0.82965 4.5061 1.93168 1 1 1
v 0.824089 4.5003 1.92986 1 1 1
v -0.810128 4.48734 1.92579 1 1 1
v -0.803949 4.48168 1.92401 1 1 1
v -0.188476 4.48168 1.92401 1 1 1
v -0.146409 4.48649 1.92552 1 1 1
v -0.144745 4.48168 1.92401 1 1 1
v 0.146409 4.48649 1.92552 1 1 1
v 0.144745 4.48168 1.92401 1 1 1
v 0.188476 4.48168 1.92401 1 1 1
v 0.810129 4.48734 1.92579 1 1 1
v 0.803949 4.48168 1.92401 1 1 1
v -0.790607 4.46753 1.91957 1 1 1
v -0.785887 4.46305 1.91816 1 1 1
v -0.185451 4.46825 1.91979 1 1 1
v -0.182629 4.46305 1.91816 1 1 1
v -0.142507 4.46305 1.91816 1 1 1
v 0.142507 4.46305 1.91816 1 1 1
v 0.185451 4.46825 1.91979 1 1 1
v 0.182629 4.46305 1.91816 1 1 1
v 0.790607 4.46753 1.91957 1 1 1
v 0.785887 4.46305 1.91816 1 1 1
v -0.771086 4.44881 1.91369 1 1 1
v -0.766781 4.44443 1.91231 1 1 1
v -0.169071 4.44443 1.91231 1 1 1
v -0.142547 4.44443 1.91231 1 1 1
v 0.142548 4.44443 1.91231 1 1 1
v 0.169071 4.44443 1.91231 1 1 1
v 0.771086 4.44881 1.91369 1 1 1
v 0.766781 4.44443 1.91231 1 1 1
v -0.751565 4.42981 1.90772 1 1 1
v -0.747212 4.42581 1.90646 1 1 1
v -0.16593 4.43818 1.91035 1 1 1
v -0.146409 4.42793 1.90713 1 1 1
v 0.146409 4.42793 1.90713 1 1 1
v 0.16593 4.43818 1.91035 1 1 1
v 0.751565 4.42981 1.90772 1 1 1
v 0.747212 4.42581 1.90646 1 1 1
v -0.732044 4.41069 1.90171 1 1 1
v -0.728594 4.40718 1.90061 1 1 1
v 0.732044 4.41069 1.90171 1 1 1
v 0.728594 4.40718 1.90061 1 1 1
v -0.712523 4.39212 1.89588 1 1 1
v -0.708901 4.38856 1.89476 1 1 1
v 0.712523 4.39212 1.89588 1 1 1
v 0.708902 4.38856 1.89476 1 1 1
v -0.693001 4.37206 1.88958 1 1 1
v -0.690728 4.36993 1.88891 1 1 1
v -0.107366 4.3741 1.89022 1 1 1
v -0.113878 4.36993 1.88891 1 1 1
v -0.0878452 4.37237 1.88968 1 1 1
v -0.0843579 4.36993 1.88891 1 1 1
v 0.0878453 4.37237 1.88968 1 1 1
v 0.0843579 4.36993 1.88891 1 1 1
v 0.107366 4.3741 1.89022 1 1 1
v 0.113878 4.36993 1.88891 1 1 1
v 0.693002 4.37206 1.88958 1 1 1
v 0.690728 4.36993 1.88891 1 1 1
v -0.67348 4.3535 1.88375 1 1 1
v -0.671313 4.35131 1.88306 1 1 1
v -0.11303 4.35131 1.88306 1 1 1
v -0.0683241 4.35586 1.88449 1 1 1
v -0.0557634 4.35131 1.88306 1 1 1
v 0.0683241 4.35586 1.88449 1 1 1
v 0.0557634 4.35131 1.88306 1 1 1
v 0.11303 4.35131 1.88306 1 1 1
v 0.67348 4.3535 1.88375 1 1 1
v 0.671313 4.35131 1.88306 1 1 1
v -0.653959 4.3334 1.87743 1 1 1
v -0.653233 4.33268 1.87721 1 1 1
v -0.16593 4.33435 1.87773 1 1 1
v -0.184041 4.33268 1.87721 1 1 1
v -0.146409 4.33532 1.87804 1 1 1
v -0.126888 4.33662 1.87845 1 1 1
v -0.0488029 4.34828 1.88211 1 1 1
v -0.0292817 4.35006 1.88267 1 1 1
v -0.0097605 4.3501 1.88268 1 1 1
v 0.00976062 4.3501 1.88268 1 1 1
v 0.0292817 4.35006 1.88267 1 1 1
v 0.048803 4.34828 1.88211 1 1 1
v 0.126888 4.33662 1.87845 1 1 1
v 0.146409 4.33532 1.87804 1 1 1
v 0.16593 4.33435 1.87773 1 1 1
v 0.184041 4.33268 1.87721 1 1 1
v 0.653959 4.3334 1.87743 1 1 1
v 0.653233 4.33268 1.87721 1 1 1
v -0.634438 4.31443 1.87148 1 1 1
v -0.634047 4.31406 1.87136 1 1 1
v -0.263536 4.31512 1.87169 1 1 1
v -0.279899 4.31406 1.87136 1 1 1
v -0.244015 4.31696 1.87227 1 1 1
v -0.224493 4.3195 1.87307 1 1 1
v -0.204972 4.32422 1.87455 1 1 1
v -0.185451 4.33225 1.87707 1 1 1
v 0.185451 4.33225 1.87707 1 1 1
v 0.204972 4.32422 1.87455 1 1 1
v 0.224494 4.3195 1.87307 1 1 1
v 0.244015 4.31696 1.87227 1 1 1
v 0.263536 4.31512 1.87169 1 1 1
v 0.279899 4.31406 1.87136 1 1 1
v 0.634438 4.31443 1.87148 1 1 1
v 0.634047 4.31406 1.87136 1 1 1
v -0.614917 4.29634 1.86579 1 1 1
v -0.613992 4.29544 1.86551 1 1 1
v -0.361142 4.29679 1.86594 1 1 1
v -0.379835 4.29544 1.86551 1 1 1
v -0.34162 4.2985 1.86647 1 1 1
v -0.322099 4.30064 1.86715 1 1 1
v -0.302578 4.30491 1.86849 1 1 1
v -0.283057 4.31351 1.87119 1 1 1
v 0.283057 4.31351 1.87119 1 1 1
v 0.302578 4.30491 1.86849 1 1 1
v 0.322099 4.30064 1.86715 1 1 1
v 0.34162 4.2985 1.86647 1 1 1
v 0.361142 4.29679 1.86594 1 1 1
v 0.379834 4.29544 1.86551 1 1 1
v 0.614917 4.29634 1.86579 1 1 1
v 0.613992 4.29544 1.86551 1 1 1
v -0.596053 4.27681 1.85966 1 1 1
v -0.458747 4.2783 1.86013 1 1 1
v -0.473015 4.27681 1.85966 1 1 1
v -0.439226 4.27996 1.86065 1 1 1
v -0.419705 4.28155 1.86115 1 1 1
v -0.400184 4.28657 1.86273 1 1 1
v -0.380663 4.29523 1.86545 1 1 1
v 0.380663 4.29523 1.86545 1 1 1
v 0.400184 4.28657 1.86273 1 1 1
v 0.419705 4.28155 1.86115 1 1 1
v 0.439226 4.27996 1.86065 1 1 1
v 0.458748 4.2783 1.86013 1 1 1
v 0.473015 4.27681 1.85966 1 1 1
v 0.596053 4.27681 1.85966 1 1 1
v -0.595396 4.27612 1.85944 1 1 1
v -0.575874 4.26122 1.85476 1 1 1
v -0.556353 4.26146 1.85484 1 1 1
v -0.536832 4.26319 1.85538 1 1 1
v -0.517311 4.26437 1.85575 1 1 1
v -0.49779 4.26882 1.85715 1 1 1
v -0.478269 4.27526 1.85917 1 1 1
v 0.478269 4.27526 1.85917 1 1 1
v 0.49779 4.26882 1.85715 1 1 1
v 0.517311 4.26437 1.85575 1 1 1
v 0.536832 4.26319 1.85538 1 1 1
v 0.556353 4.26146 1.85484 1 1 1
v 0.575874 4.26122 1.85476 1 1 1
v 0.595396 4.27612 1.85944 1 1 1
v -0.146409 4.81122 1.85557 1 1 1
v -0.159615 4.81018 1.85526 1 1 1
v -0.126888 4.81205 1.85582 1 1 1
v -0.107366 4.81333 1.85621 1 1 1
v -0.0878452 4.81328 1.8562 1 1 1
v -0.0683241 4.81254 1.85597 1 1 1
v -0.0488029 4.81316 1.85616 1 1 1
v -0.0292817 4.81248 1.85595 1 1 1
v -0.0097605 4.81318 1.85617 1 1 1
v 0.00976062 4.81318 1.85617 1 1 1
v 0.0292817 4.81248 1.85595 1 1 1
v 0.048803 4.81316 1.85616 1 1 1
v 0.0683241 4.81254 1.85597 1 1 1
v 0.0878453 4.81328 1.8562 1 1 1
v 0.107366 4.81333 1.85621 1 1 1
v 0.126888 4.81205 1.85582 1 1 1
v 0.146409 4.81122 1.85557 1 1 1
v 0.159616 4.81018 1.85526 1 1 1
v -0.400184 4.79422 1.8504 1 1 1
v -0.406687 4.79151 1.84958 1 1 1
v -0.380663 4.79987 1.85212 1 1 1
v -0.361142 4.79416 1.85038 1 1 1
v -0.358137 4.79151 1.84958 1 1 1
v -0.283057 4.80605 1.854 1 1 1
v -0.295 4.79151 1.84958 1 1 1
v -0.263536 4.80784 1.85454 1 1 1
v -0.244015 4.80773 1.85451 1 1 1
v -0.224493 4.80826 1.85467 1 1 1
v -0.204972 4.80859 1.85477 1 1 1
v -0.185451 4.80975 1.85512 1 1 1
v -0.16593 4.81002 1.8552 1 1 1
v 0.16593 4.81002 1.8552 1 1 1
v 0.185451 4.80975 1.85512 1 1 1
v 0.204972 4.80859 1.85477 1 1 1
v 0.224494 4.80826 1.85467 1 1 1
v 0.244015 4.80773 1.85451 1 1 1
v 0.263536 4.80784 1.85454 1 1 1
v 0.283057 4.80605 1.854 1 1 1
v 0.295 4.79151 1.84958 1 1 1
v 0.361142 4.79416 1.85038 1 1 1
v 0.358137 4.79151 1.84958 1 1 1
v 0.380663 4.79987 1.85212 1 1 1
v 0.400184 4.79422 1.8504 1 1 1
v 0.406687 4.79151 1.84958 1 1 1
v -0.478269 4.77552 1.84471 1 1 1
v -0.484393 4.77283 1.8439 1 1 1
v -0.458747 4.78086 1.84634 1 1 1
v -0.439226 4.78431 1.84739 1 1 1
v -0.419705 4.78817 1.84856 1 1 1
v -0.346983 4.77283 1.8439 1 1 1
v -0.283703 4.77283 1.8439 1 1 1
v 0.283703 4.77283 1.8439 1 1 1
v 0.346983 4.77283 1.8439 1 1 1
v 0.419705 4.78817 1.84856 1 1 1
v 0.439226 4.78431 1.84739 1 1 1
v 0.458748 4.78086 1.84634 1 1 1
v 0.478269 4.77552 1.84471 1 1 1
v 0.484393 4.77283 1.8439 1 1 1
v -0.556353 4.75727 1.83917 1 1 1
v -0.564158 4.75415 1.83822 1 1 1
v -0.536832 4.762 1.8406 1 1 1
v -0.517311 4.76505 1.84153 1 1 1
v -0.49779 4.76951 1.84289 1 1 1
v -0.34162 4.76363 1.8411 1 1 1
v -0.333125 4.75415 1.83822 1 1 1
v -0.283057 4.77191 1.84362 1 1 1
v -0.274506 4.75415 1.83822 1 1 1
v 0.283057 4.77191 1.84362 1 1 1
v 0.274506 4.75415 1.83822 1 1 1
v 0.34162 4.76363 1.8411 1 1 1
v 0.333125 4.75415 1.83822 1 1 1
v 0.49779 4.76951 1.84289 1 1 1
v 0.517311 4.76505 1.84153 1 1 1
v 0.536832 4.762 1.8406 1 1 1
v 0.556353 4.75727 1.83917 1 1 1
v 0.564159 4.75415 1.83822 1 1 1
v -0.634438 4.73889 1.83358 1 1 1
v -0.644627 4.73548 1.83254 1 1 1
v -0.614917 4.74304 1.83484 1 1 1
v -0.595396 4.74706 1.83606 1 1 1
v -0.575874 4.75116 1.83731 1 1 1
v -0.322891 4.73548 1.83254 1 1 1
v -0.263536 4.7397 1.83382 1 1 1
v -0.261336 4.73548 1.83254 1 1 1
v 0.263536 4.7397 1.83382 1 1 1
v 0.261336 4.73548 1.83254 1 1 1
v 0.322891 4.73548 1.83254 1 1 1
v 0.575874 4.75116 1.83731 1 1 1
v 0.595396 4.74706 1.83606 1 1 1
v 0.614917 4.74304 1.83484 1 1 1
v 0.634438 4.73889 1.83358 1 1 1
v 0.644627 4.73548 1.83254 1 1 1
v -0.712523 4.72055 1.828 1 1 1
v -0.726355 4.7168 1.82686 1 1 1
v -0.693001 4.72428 1.82914 1 1 1
v -0.67348 4.72862 1.83045 1 1 1
v -0.653959 4.73317 1.83184 1 1 1
v -0.322099 4.73414 1.83213 1 1 1
v -0.308561 4.7168 1.82686 1 1 1
v -0.254031 4.7168 1.82686 1 1 1
v 0.254031 4.7168 1.82686 1 1 1
v 0.322099 4.73414 1.83213 1 1 1
v 0.308561 4.7168 1.82686 1 1 1
v 0.653959 4.73317 1.83184 1 1 1
v 0.67348 4.72862 1.83045 1 1 1
v 0.693002 4.72428 1.82913 1 1 1
v 0.712523 4.72055 1.828 1 1 1
v 0.726355 4.7168 1.82686 1 1 1
v -0.790607 4.70195 1.82234 1 1 1
v -0.804397 4.69812 1.82118 1 1 1
v -0.771086 4.7061 1.82361 1 1 1
v -0.751565 4.71049 1.82494 1 1 1
v -0.732044 4.71546 1.82645 1 1 1
v -0.302578 4.70697 1.82387 1 1 1
v -0.295051 4.69812 1.82118 1 1 1
v -0.244015 4.70123 1.82212 1 1 1
v -0.24263 4.69812 1.82118 1 1 1
v 0.244015 4.70123 1.82212 1 1 1
v 0.24263 4.69812 1.82118 1 1 1
v 0.302578 4.70697 1.82387 1 1 1
v 0.295051 4.69812 1.82118 1 1 1
v 0.732044 4.71546 1.82645 1 1 1
v 0.751565 4.71049 1.82494 1 1 1
v 0.771086 4.7061 1.82361 1 1 1
v 0.790607 4.70195 1.82234 1 1 1
v 0.804397 4.69812 1.82118 1 1 1
v -0.868692 4.68349 1.81673 1 1 1
v -0.883999 4.67945 1.8155 1 1 1
v -0.849171 4.6877 1.81801 1 1 1
v -0.82965 4.69237 1.81943 1 1 1
v -0.810128 4.69677 1.82077 1 1 1
v -0.285066 4.67945 1.8155 1 1 1
v -0.23377 4.67945 1.8155 1 1 1
v 0.23377 4.67945 1.8155 1 1 1
v 0.285066 4.67945 1.8155 1 1 1
v 0.810129 4.69677 1.82077 1 1 1
v 0.82965 4.69237 1.81943 1 1 1
v 0.849171 4.6877 1.81801 1 1 1
v 0.868692 4.68349 1.81673 1 1 1
v 0.883999 4.67945 1.8155 1 1 1
v -0.927255 4.66958 1.8125 1 1 1
v -0.941093 4.66077 1.80982 1 1 1
v -0.907734 4.6747 1.81406 1 1 1
v -0.888213 4.67846 1.8152 1 1 1
v -0.283057 4.6761 1.81448 1 1 1
v -0.270396 4.66077 1.80982 1 1 1
v -0.224493 4.66579 1.81135 1 1 1
v -0.222219 4.66077 1.80982 1 1 1
v 0.224494 4.66579 1.81135 1 1 1
v 0.222219 4.66077 1.80982 1 1 1
v 0.283057 4.6761 1.81448 1 1 1
v 0.270396 4.66077 1.80982 1 1 1
v 0.888213 4.67846 1.8152 1 1 1
v 0.907734 4.6747 1.81406 1 1 1
v 0.927256 4.66958 1.8125 1 1 1
v 0.941093 4.66077 1.80982 1 1 1
v -0.927255 4.64477 1.80496 1 1 1
v -0.925357 4.64209 1.80414 1 1 1
v -0.263536 4.64584 1.80528 1 1 1
v -0.260395 4.64209 1.80414 1 1 1
v -0.217501 4.64209 1.80414 1 1 1
v 0.217501 4.64209 1.80414 1 1 1
v 0.263536 4.64584 1.80528 1 1 1
v 0.260395 4.64209 1.80414 1 1 1
v 0.927256 4.64477 1.80496 1 1 1
v 0.925357 4.64209 1.80414 1 1 1
v -0.907734 4.62609 1.79928 1 1 1
v -0.90495 4.62342 1.79846 1 1 1
v -0.246924 4.62342 1.79846 1 1 1
v -0.219601 4.62342 1.79846 1 1 1
v 0.219601 4.62342 1.79846 1 1 1
v 0.246924 4.62342 1.79846 1 1 1
v 0.907734 4.62609 1.79928 1 1 1
v 0.90495 4.62342 1.79846 1 1 1
v -0.888213 4.6075 1.79362 1 1 1
v -0.885127 4.60474 1.79279 1 1 1
v -0.244015 4.61952 1.79728 1 1 1
v -0.224493 4.61779 1.79676 1 1 1
v 0.224494 4.61779 1.79676 1 1 1
v 0.244015 4.61952 1.79728 1 1 1
v 0.888213 4.6075 1.79362 1 1 1
v 0.885127 4.60474 1.79279 1 1 1
v -0.868692 4.58837 1.78781 1 1 1
v -0.866405 4.58606 1.78711 1 1 1
v -0.185451 4.59188 1.78888 1 1 1
v -0.192715 4.58606 1.78711 1 1 1
v -0.181633 4.58606 1.78711 1 1 1
v 0.185451 4.59188 1.78888 1 1 1
v 0.181633 4.58606 1.78711 1 1 1
v 0.192715 4.58606 1.78711 1 1 1
v 0.868692 4.58837 1.78781 1 1 1
v 0.866404 4.58606 1.78711 1 1 1
v -0.849171 4.56901 1.78192 1 1 1
v -0.847414 4.56739 1.78143 1 1 1
v -0.196803 4.56739 1.78143 1 1 1
v -0.16593 4.56993 1.7822 1 1 1
v -0.164504 4.56739 1.78143 1 1 1
v 0.16593 4.56993 1.7822 1 1 1
v 0.164504 4.56739 1.78143 1 1 1
v 0.196803 4.56739 1.78143 1 1 1
v 0.849171 4.56901 1.78192 1 1 1
v 0.847414 4.56739 1.78143 1 1 1
v -0.82965 4.55016 1.77619 1 1 1
v -0.828239 4.54871 1.77575 1 1 1
v -0.194792 4.54871 1.77575 1 1 1
v -0.157339 4.54871 1.77575 1 1 1
v 0.157339 4.54871 1.77575 1 1 1
v 0.194792 4.54871 1.77575 1 1 1
v 0.82965 4.55016 1.77619 1 1 1
v 0.828239 4.54871 1.77575 1 1 1
v -0.810128 4.5321 1.7707 1 1 1
v -0.807851 4.53003 1.77007 1 1 1
v -0.188627 4.53003 1.77007 1 1 1
v -0.146409 4.53484 1.77153 1 1 1
v -0.144589 4.53003 1.77007 1 1 1
v 0.146409 4.53484 1.77153 1 1 1
v 0.144589 4.53003 1.77007 1 1 1
v 0.188627 4.53003 1.77007 1 1 1
v 0.810129 4.5321 1.7707 1 1 1
v 0.807851 4.53003 1.77007 1 1 1
v -0.790607 4.512 1.76459 1 1 1
v -0.789917 4.51135 1.76439 1 1 1
v -0.185451 4.51708 1.76613 1 1 1
v -0.182204 4.51135 1.76439 1 1 1
v -0.141551 4.51135 1.76439 1 1 1
v 0.141552 4.51135 1.76439 1 1 1
v 0.185451 4.51708 1.76613 1 1 1
v 0.182205 4.51135 1.76439 1 1 1
v 0.790607 4.512 1.76459 1 1 1
v 0.789917 4.51135 1.76439 1 1 1
v -0.771086 4.49344 1.75894 1 1 1
v -0.770326 4.49268 1.75871 1 1 1
v -0.168912 4.49268 1.75871 1 1 1
v -0.140509 4.49268 1.75871 1 1 1
v 0.140509 4.49268 1.75871 1 1 1
v 0.168912 4.49268 1.75871 1 1 1
v 0.771086 4.49344 1.75894 1 1 1
v 0.770326 4.49268 1.75871 1 1 1
v -0.751565 4.4749 1.7533 1 1 1
v -0.750583 4.474 1.75303 1 1 1
v -0.16593 4.48663 1.75687 1 1 1
v -0.149103 4.474 1.75303 1 1 1
v -0.144244 4.474 1.75303 1 1 1
v 0.144244 4.474 1.75303 1 1 1
v 0.16593 4.48663 1.75687 1 1 1
v 0.149103 4.474 1.75303 1 1 1
v 0.751565 4.4749 1.7533 1 1 1
v 0.750583 4.474 1.75303 1 1 1
v -0.732044 4.45569 1.74746 1 1 1
v -0.731677 4.45532 1.74735 1 1 1
v -0.146409 4.47175 1.75235 1 1 1
v 0.146409 4.47175 1.75235 1 1 1
v 0.732044 4.45569 1.74746 1 1 1
v 0.731677 4.45532 1.74735 1 1 1
v -0.712523 4.4376 1.74196 1 1 1
v -0.711546 4.43665 1.74167 1 1 1
v 0.712523 4.4376 1.74196 1 1 1
v 0.711546 4.43665 1.74167 1 1 1
v -0.693478 4.41797 1.73599 1 1 1
v -0.107366 4.42533 1.73823 1 1 1
v -0.115973 4.41797 1.73599 1 1 1
v -0.0878452 4.42194 1.7372 1 1 1
v -0.0830549 4.41797 1.73599 1 1 1
v 0.0878453 4.42194 1.7372 1 1 1
v 0.0830549 4.41797 1.73599 1 1 1
v 0.107366 4.42533 1.73823 1 1 1
v 0.115973 4.41797 1.73599 1 1 1
v 0.693478 4.41797 1.73599 1 1 1
v -0.693001 4.41749 1.73585 1 1 1
v -0.673612 4.39929 1.73032 1 1 1
v -0.112591 4.39929 1.73032 1 1 1
v -0.0683241 4.40388 1.73171 1 1 1
v -0.0566681 4.39929 1.73032 1 1 1
v 0.0683241 4.40388 1.73171 1 1 1
v 0.0566681 4.39929 1.73032 1 1 1
v 0.112591 4.39929 1.73032 1 1 1
v 0.693002 4.41749 1.73585 1 1 1
v 0.673611 4.39929 1.73032 1 1 1
v -0.67348 4.39915 1.73027 1 1 1
v -0.65621 4.38062 1.72464 1 1 1
v -0.16593 4.38206 1.72507 1 1 1
v -0.180672 4.38062 1.72464 1 1 1
v -0.146409 4.38288 1.72532 1 1 1
v -0.126888 4.38384 1.72562 1 1 1
v -0.0488029 4.39583 1.72926 1 1 1
v -0.0292817 4.39754 1.72978 1 1 1
v -0.0097605 4.39745 1.72975 1 1 1
v 0.00976062 4.39745 1.72975 1 1 1
v 0.0292817 4.39754 1.72978 1 1 1
v 0.048803 4.39583 1.72926 1 1 1
v 0.126888 4.38384 1.72562 1 1 1
v 0.146409 4.38288 1.72532 1 1 1
v 0.16593 4.38206 1.72507 1 1 1
v 0.180673 4.38062 1.72464 1 1 1
v 0.67348 4.39915 1.73027 1 1 1
v 0.65621 4.38062 1.72464 1 1 1
v -0.653959 4.37823 1.72391 1 1 1
v -0.637073 4.36194 1.71896 1 1 1
v -0.263536 4.36277 1.71921 1 1 1
v -0.275426 4.36194 1.71896 1 1 1
v -0.244015 4.36449 1.71973 1 1 1
v -0.224493 4.36687 1.72045 1 1 1
v -0.204972 4.37137 1.72183 1 1 1
v -0.185451 4.37903 1.72415 1 1 1
v 0.185451 4.37903 1.72415 1 1 1
v 0.204972 4.37137 1.72183 1 1 1
v 0.224494 4.36687 1.72045 1 1 1
v 0.244015 4.36449 1.71973 1 1 1
v 0.263536 4.36277 1.71921 1 1 1
v 0.275426 4.36194 1.71896 1 1 1
v 0.653959 4.37823 1.72391 1 1 1
v 0.637073 4.36194 1.71896 1 1 1
v -0.634438 4.35952 1.71822 1 1 1
v -0.616237 4.34326 1.71328 1 1 1
v -0.361142 4.3444 1.71362 1 1 1
v -0.376522 4.34326 1.71328 1 1 1
v -0.34162 4.34607 1.71413 1 1 1
v -0.322099 4.34796 1.71471 1 1 1
v -0.302578 4.35208 1.71596 1 1 1
v -0.283057 4.36048 1.71851 1 1 1
v 0.283057 4.36048 1.71851 1 1 1
v 0.302578 4.35208 1.71596 1 1 1
v 0.322099 4.34796 1.71471 1 1 1
v 0.34162 4.34607 1.71413 1 1 1
v 0.361142 4.3444 1.71362 1 1 1
v 0.376522 4.34326 1.71328 1 1 1
v 0.634438 4.35952 1.71822 1 1 1
v 0.616237 4.34326 1.71328 1 1 1
v -0.614917 4.34194 1.71287 1 1 1
v -0.598508 4.32459 1.7076 1 1 1
v -0.458747 4.32583 1.70798 1 1 1
v -0.470785 4.32459 1.7076 1 1 1
v -0.439226 4.32748 1.70848 1 1 1
v -0.419705 4.32893 1.70892 1 1 1
v -0.400184 4.33394 1.71044 1 1 1
v -0.380663 4.3422 1.71295 1 1 1
v 0.380663 4.3422 1.71295 1 1 1
v 0.400184 4.33394 1.71044 1 1 1
v 0.419705 4.32893 1.70892 1 1 1
v 0.439226 4.32748 1.70848 1 1 1
v 0.458748 4.32583 1.70798 1 1 1
v 0.470785 4.32459 1.7076 1 1 1
v 0.614917 4.34194 1.71287 1 1 1
v 0.598508 4.32459 1.7076 1 1 1
v -0.595396 4.32129 1.7066 1 1 1
v -0.575874 4.30788 1.70252 1 1 1
v -0.556353 4.3085 1.70271 1 1 1
v -0.536832 4.31027 1.70325 1 1 1
v -0.517311 4.31142 1.7036 1 1 1
v -0.49779 4.31589 1.70496 1 1 1
v -0.478269 4.32238 1.70693 1 1 1
v 0.478269 4.32238 1.70693 1 1 1
v 0.49779 4.31589 1.70496 1 1 1
v 0.517311 4.31142 1.7036 1 1 1
v 0.536832 4.31027 1.70325 1 1 1
v 0.556353 4.3085 1.70271 1 1 1
v 0.575874 4.30788 1.70252 1 1 1
v 0.595396 4.32129 1.7066 1 1 1
v -0.185451 4.85946 1.69613 1 1 1
v -0.190869 4.85859 1.69589 1 1 1
v -0.16593 4.86 1.69629 1 1 1
v -0.146409 4.86115 1.69661 1 1 1
v -0.126888 4.86193 1.69683 1 1 1
v -0.107366 4.86285 1.69709 1 1 1
v -0.0878452 4.86273 1.69706 1 1 1
v -0.0683241 4.86212 1.69689 1 1 1
v -0.0488029 4.86255 1.69701 1 1 1
v -0.0292817 4.86197 1.69684 1 1 1
v -0.0097605 4.86265 1.69704 1 1 1
v 0.00976062 4.86265 1.69704 1 1 1
v 0.0292817 4.86197 1.69684 1 1 1
v 0.048803 4.86255 1.69701 1 1 1
v 0.0683241 4.86212 1.69689 1 1 1
v 0.0878453 4.86273 1.69706 1 1 1
v 0.107366 4.86285 1.69709 1 1 1
v 0.126888 4.86193 1.69683 1 1 1
v 0.146409 4.86115 1.69661 1 1 1
v 0.16593 4.86 1.69629 1 1 1
v 0.185451 4.85946 1.69613 1 1 1
v 0.190869 4.85859 1.69589 1 1 1
v -0.400184 4.84533 1.69212 1 1 1
v -0.413536 4.83981 1.69056 1 1 1
v -0.380663 4.85052 1.6936 1 1 1
v -0.361142 4.8455 1.69217 1 1 1
v -0.354874 4.83981 1.69056 1 1 1
v -0.283057 4.85708 1.69546 1 1 1
v -0.297139 4.83981 1.69056 1 1 1
v -0.263536 4.85731 1.69552 1 1 1
v -0.244015 4.85696 1.69542 1 1 1
v -0.224493 4.85749 1.69557 1 1 1
v -0.204972 4.8578 1.69566 1 1 1
v 0.204972 4.8578 1.69566 1 1 1
v 0.224494 4.85749 1.69557 1 1 1
v 0.244015 4.85696 1.69542 1 1 1
v 0.263536 4.85731 1.69552 1 1 1
v 0.283057 4.85708 1.69546 1 1 1
v 0.297139 4.83981 1.69056 1 1 1
v 0.361142 4.8455 1.69217 1 1 1
v 0.354874 4.83981 1.69056 1 1 1
v 0.380663 4.85052 1.6936 1 1 1
v 0.400184 4.84533 1.69212 1 1 1
v 0.413536 4.83981 1.69056 1 1 1
v -0.478269 4.8271 1.68695 1 1 1
v -0.492169 4.82103 1.68523 1 1 1
v -0.458747 4.83157 1.68822 1 1 1
v -0.439226 4.83457 1.68907 1 1 1
v -0.419705 4.83825 1.69011 1 1 1
v -0.345397 4.82103 1.68523 1 1 1
v -0.286432 4.82103 1.68523 1 1 1
v 0.286432 4.82103 1.68523 1 1 1
v 0.345397 4.82103 1.68523 1 1 1
v 0.419705 4.83825 1.69011 1 1 1
v 0.439226 4.83457 1.68907 1 1 1
v 0.458748 4.83157 1.68822 1 1 1
v 0.478269 4.8271 1.68695 1 1 1
v 0.492169 4.82103 1.68523 1 1 1
v -0.556353 4.80888 1.68178 1 1 1
v -0.573057 4.80225 1.6799 1 1 1
v -0.536832 4.81264 1.68285 1 1 1
v -0.517311 4.81537 1.68362 1 1 1
v -0.49779 4.81966 1.68484 1 1 1
v -0.34162 4.81443 1.68336 1 1 1
v -0.330938 4.80225 1.6799 1 1 1
v -0.283057 4.81638 1.68391 1 1 1
v -0.276091 4.80225 1.6799 1 1 1
v 0.283057 4.81638 1.68391 1 1 1
v 0.276091 4.80225 1.6799 1 1 1
v 0.34162 4.81443 1.68336 1 1 1
v 0.330938 4.80225 1.6799 1 1 1
v 0.49779 4.81966 1.68484 1 1 1
v 0.517311 4.81537 1.68362 1 1 1
v 0.536832 4.81264 1.68285 1 1 1
v 0.556353 4.80888 1.68178 1 1 1
v 0.573058 4.80225 1.6799 1 1 1
v -0.653959 4.784 1.67472 1 1 1
v -0.655167 4.78347 1.67458 1 1 1
v -0.634438 4.79034 1.67652 1 1 1
v -0.614917 4.79391 1.67754 1 1 1
v -0.595396 4.79761 1.67859 1 1 1
v -0.575874 4.80154 1.6797 1 1 1
v -0.322099 4.78488 1.67497 1 1 1
v -0.320829 4.78347 1.67458 1 1 1
v -0.263536 4.78598 1.67529 1 1 1
v -0.262213 4.78347 1.67458 1 1 1
v 0.263536 4.78598 1.67529 1 1 1
v 0.262213 4.78347 1.67458 1 1 1
v 0.322099 4.78488 1.67497 1 1 1
v 0.320829 4.78347 1.67458 1 1 1
v 0.575874 4.80154 1.6797 1 1 1
v 0.595396 4.79761 1.67859 1 1 1
v 0.614917 4.79391 1.67754 1 1 1
v 0.634438 4.79034 1.67652 1 1 1
v 0.653959 4.784 1.67472 1 1 1
v 0.655167 4.78347 1.67458 1 1 1
v -0.732044 4.76715 1.66994 1 1 1
v -0.738429 4.76469 1.66925 1 1 1
v -0.712523 4.77181 1.67127 1 1 1
v -0.693001 4.77518 1.67222 1 1 1
v -0.67348 4.77928 1.67339 1 1 1
v -0.307145 4.76469 1.66925 1 1 1
v -0.255251 4.76469 1.66925 1 1 1
v 0.255251 4.76469 1.66925 1 1 1
v 0.307145 4.76469 1.66925 1 1 1
v 0.67348 4.77928 1.67339 1 1 1
v 0.693002 4.77518 1.67222 1 1 1
v 0.712523 4.77181 1.67127 1 1 1
v 0.732044 4.76715 1.66994 1 1 1
v 0.738429 4.76469 1.66925 1 1 1
v -0.810128 4.74869 1.66471 1 1 1
v -0.818807 4.74591 1.66392 1 1 1
v -0.790607 4.75344 1.66606 1 1 1
v -0.771086 4.75707 1.66709 1 1 1
v -0.751565 4.76133 1.66829 1 1 1
v -0.302578 4.75698 1.66706 1 1 1
v -0.293444 4.74591 1.66392 1 1 1
v -0.244015 4.74767 1.66442 1 1 1
v -0.243218 4.74591 1.66392 1 1 1
v 0.244015 4.74767 1.66442 1 1 1
v 0.243218 4.74591 1.66392 1 1 1
v 0.302578 4.75698 1.66706 1 1 1
v 0.293444 4.74591 1.66392 1 1 1
v 0.751565 4.76133 1.66829 1 1 1
v 0.771086 4.75707 1.66709 1 1 1
v 0.790607 4.75344 1.66606 1 1 1
v 0.810129 4.74869 1.66471 1 1 1
v 0.818807 4.74591 1.66392 1 1 1
v -0.888213 4.73058 1.65957 1 1 1
v -0.90195 4.72713 1.65859 1 1 1
v -0.868692 4.73514 1.66086 1 1 1
v -0.849171 4.73903 1.66197 1 1 1
v -0.82965 4.74351 1.66324 1 1 1
v -0.284258 4.72713 1.65859 1 1 1
v -0.2344 4.72713 1.65859 1 1 1
v 0.2344 4.72713 1.65859 1 1 1
v 0.284258 4.72713 1.65859 1 1 1
v 0.82965 4.74351 1.66324 1 1 1
v 0.849171 4.73903 1.66197 1 1 1
v 0.868692 4.73514 1.66086 1 1 1
v 0.888213 4.73058 1.65957 1 1 1
v 0.90195 4.72713 1.65859 1 1 1
v -0.946777 4.7093 1.65353 1 1 1
v -0.947776 4.70835 1.65326 1 1 1
v -0.927255 4.72137 1.65696 1 1 1
v -0.907734 4.72603 1.65828 1 1 1
v -0.283057 4.72507 1.65801 1 1 1
v -0.269546 4.70835 1.65326 1 1 1
v -0.224493 4.71268 1.65449 1 1 1
v -0.222485 4.70835 1.65326 1 1 1
v 0.224494 4.71268 1.65449 1 1 1
v 0.222485 4.70835 1.65326 1 1 1
v 0.283057 4.72507 1.65801 1 1 1
v 0.269546 4.70835 1.65326 1 1 1
v 0.907734 4.72603 1.65828 1 1 1
v 0.927256 4.72137 1.65696 1 1 1
v 0.946777 4.7093 1.65353 1 1 1
v 0.947776 4.70835 1.65326 1 1 1
v -0.946777 4.70734 1.65298 1 1 1
v -0.93116 4.68957 1.64794 1 1 1
v -0.263536 4.69469 1.64939 1 1 1
v -0.259492 4.68957 1.64794 1 1 1
v -0.216751 4.68957 1.64794 1 1 1
v 0.216751 4.68957 1.64794 1 1 1
v 0.263536 4.69469 1.64939 1 1 1
v 0.259492 4.68957 1.64794 1 1 1
v 0.946777 4.70734 1.65298 1 1 1
v 0.93116 4.68957 1.64794 1 1 1
v -0.927255 4.68589 1.64689 1 1 1
v -0.910201 4.67079 1.64261 1 1 1
v -0.24676 4.67079 1.64261 1 1 1
v -0.215866 4.67079 1.64261 1 1 1
v 0.215866 4.67079 1.64261 1 1 1
v 0.24676 4.67079 1.64261 1 1 1
v 0.927256 4.68589 1.64689 1 1 1
v 0.910201 4.67079 1.64261 1 1 1
v -0.907734 4.66823 1.64188 1 1 1
v -0.890436 4.65201 1.63728 1 1 1
v -0.244015 4.66673 1.64146 1 1 1
v -0.224493 4.66046 1.63968 1 1 1
v 0.224494 4.66046 1.63968 1 1 1
v 0.244015 4.66673 1.64146 1 1 1
v 0.907734 4.66823 1.64188 1 1 1
v 0.890436 4.65201 1.63728 1 1 1
v -0.888213 4.64979 1.63665 1 1 1
v -0.871627 4.63323 1.63195 1 1 1
v -0.185451 4.6407 1.63407 1 1 1
v -0.199625 4.63323 1.63195 1 1 1
v -0.181156 4.63323 1.63195 1 1 1
v 0.185451 4.6407 1.63407 1 1 1
v 0.181156 4.63323 1.63195 1 1 1
v 0.199625 4.63323 1.63195 1 1 1
v 0.888213 4.64979 1.63665 1 1 1
v 0.871627 4.63323 1.63195 1 1 1
v -0.868692 4.63034 1.63113 1 1 1
v -0.852634 4.61445 1.62663 1 1 1
v -0.199854 4.61445 1.62663 1 1 1
v -0.16593 4.61658 1.62723 1 1 1
v -0.164748 4.61445 1.62663 1 1 1
v 0.16593 4.61658 1.62723 1 1 1
v 0.164747 4.61445 1.62663 1 1 1
v 0.199854 4.61445 1.62663 1 1 1
v 0.868692 4.63034 1.63113 1 1 1
v 0.852634 4.61445 1.62663 1 1 1
v -0.849171 4.61108 1.62567 1 1 1
v -0.833195 4.59567 1.6213 1 1 1
v -0.196084 4.59567 1.6213 1 1 1
v -0.157619 4.59567 1.6213 1 1 1
v 0.157619 4.59567 1.6213 1 1 1
v 0.196084 4.59567 1.6213 1 1 1
v 0.849171 4.61108 1.62567 1 1 1
v 0.833195 4.59567 1.6213 1 1 1
v -0.82965 4.59233 1.62035 1 1 1
v -0.812213 4.57689 1.61597 1 1 1
v -0.188785 4.57689 1.61597 1 1 1
v -0.146409 4.58171 1.61734 1 1 1
v -0.144419 4.57689 1.61597 1 1 1
v 0.146409 4.58171 1.61734 1 1 1
v 0.144419 4.57689 1.61597 1 1 1
v 0.188785 4.57689 1.61597 1 1 1
v 0.82965 4.59233 1.62035 1 1 1
v 0.812213 4.57689 1.61597 1 1 1
v -0.810128 4.57456 1.61531 1 1 1
v -0.794899 4.55811 1.61064 1 1 1
v -0.185451 4.56432 1.6124 1 1 1
v -0.181796 4.55811 1.61064 1 1 1
v -0.140391 4.55811 1.61064 1 1 1
v 0.140391 4.55811 1.61064 1 1 1
v 0.185451 4.56432 1.6124 1 1 1
v 0.181797 4.55811 1.61064 1 1 1
v 0.810129 4.57456 1.61531 1 1 1
v 0.794899 4.55811 1.61064 1 1 1
v -0.790607 4.5541 1.60951 1 1 1
v -0.774842 4.53933 1.60532 1 1 1
v -0.168767 4.53933 1.60532 1 1 1
v -0.137812 4.53933 1.60532 1 1 1
v 0.137812 4.53933 1.60532 1 1 1
v 0.168767 4.53933 1.60532 1 1 1
v 0.790607 4.5541 1.60951 1 1 1
v 0.774842 4.53933 1.60532 1 1 1
v -0.771086 4.53561 1.60426 1 1 1
v -0.754829 4.52055 1.59999 1 1 1
v -0.16593 4.53345 1.60365 1 1 1
v -0.151699 4.52055 1.59999 1 1 1
v -0.139025 4.52055 1.59999 1 1 1
v 0.139025 4.52055 1.59999 1 1 1
v 0.16593 4.53345 1.60365 1 1 1
v 0.151699 4.52055 1.59999 1 1 1
v 0.771086 4.53561 1.60426 1 1 1
v 0.754829 4.52055 1.59999 1 1 1
v -0.751565 4.5172 1.59904 1 1 1
v -0.736042 4.50177 1.59466 1 1 1
v -0.146409 4.51464 1.59831 1 1 1
v 0.146409 4.51464 1.59831 1 1 1
v 0.751565 4.5172 1.59904 1 1 1
v 0.736042 4.50177 1.59466 1 1 1
v -0.732044 4.49785 1.59355 1 1 1
v -0.715288 4.48299 1.58933 1 1 1
v 0.732044 4.49785 1.59355 1 1 1
v 0.715288 4.48299 1.58933 1 1 1
v -0.712523 4.48032 1.58857 1 1 1
v -0.697173 4.46421 1.584 1 1 1
v -0.107366 4.47732 1.58772 1 1 1
v -0.117923 4.46421 1.584 1 1 1
v -0.0878452 4.47019 1.5857 1 1 1
v -0.081853 4.46421 1.584 1 1 1
v 0.0878453 4.47019 1.5857 1 1 1
v 0.081853 4.46421 1.584 1 1 1
v 0.107366 4.47732 1.58772 1 1 1
v 0.117923 4.46421 1.584 1 1 1
v 0.712523 4.48032 1.58857 1 1 1
v 0.697173 4.46421 1.584 1 1 1
v -0.693001 4.46004 1.58282 1 1 1
v -0.677256 4.44543 1.57868 1 1 1
v -0.112186 4.44543 1.57868 1 1 1
v -0.0683241 4.45006 1.57999 1 1 1
v -0.0575103 4.44543 1.57868 1 1 1
v 0.0683241 4.45006 1.57999 1 1 1
v 0.0575104 4.44543 1.57868 1 1 1
v 0.112186 4.44543 1.57868 1 1 1
v 0.693002 4.46004 1.58282 1 1 1
v 0.677256 4.44543 1.57868 1 1 1
v -0.67348 4.44138 1.57753 1 1 1
v -0.659494 4.42665 1.57335 1 1 1
v -0.16593 4.42789 1.5737 1 1 1
v -0.177841 4.42665 1.57335 1 1 1
v -0.146409 4.42857 1.57389 1 1 1
v -0.126888 4.4292 1.57407 1 1 1
v -0.0488029 4.44155 1.57757 1 1 1
v -0.0292817 4.4432 1.57804 1 1 1
v -0.0097605 4.44297 1.57798 1 1 1
v 0.00976062 4.44297 1.57798 1 1 1
v 0.0292817 4.4432 1.57804 1 1 1
v 0.048803 4.44155 1.57757 1 1 1
v 0.126888 4.4292 1.57407 1 1 1
v 0.146409 4.42857 1.57389 1 1 1
v 0.16593 4.42789 1.5737 1 1 1
v 0.177841 4.42665 1.57335 1 1 1
v 0.67348 4.44138 1.57753 1 1 1
v 0.659494 4.42665 1.57335 1 1 1
v -0.653959 4.42085 1.5717 1 1 1
v -0.640268 4.40787 1.56802 1 1 1
v -0.263536 4.40849 1.5682 1 1 1
v -0.271829 4.40787 1.56802 1 1 1
v -0.244015 4.41011 1.56866 1 1 1
v -0.224493 4.41232 1.56928 1 1 1
v -0.204972 4.41663 1.57051 1 1 1
v -0.185451 4.42396 1.57258 1 1 1
v 0.185451 4.42396 1.57258 1 1 1
v 0.204972 4.41663 1.57051 1 1 1
v 0.224494 4.41232 1.56928 1 1 1
v 0.244015 4.41011 1.56866 1 1 1
v 0.263536 4.40849 1.5682 1 1 1
v 0.271829 4.40787 1.56802 1 1 1
v 0.653959 4.42085 1.5717 1 1 1
v 0.640268 4.40787 1.56802 1 1 1
v -0.634438 4.40261 1.56653 1 1 1
v -0.619173 4.38909 1.56269 1 1 1
v -0.361142 4.39003 1.56296 1 1 1
v -0.37352 4.38909 1.56269 1 1 1
v -0.34162 4.39167 1.56343 1 1 1
v -0.322099 4.39333 1.5639 1 1 1
v -0.302578 4.39731 1.56503 1 1 1
v -0.283057 4.40554 1.56736 1 1 1
v 0.283057 4.40554 1.56736 1 1 1
v 0.302578 4.39731 1.56503 1 1 1
v 0.322099 4.39333 1.5639 1 1 1
v 0.34162 4.39167 1.56343 1 1 1
v 0.361142 4.39003 1.56296 1 1 1
v 0.37352 4.38909 1.56269 1 1 1
v 0.634438 4.40261 1.56653 1 1 1
v 0.619173 4.38909 1.56269 1 1 1
v -0.614917 4.38489 1.5615 1 1 1
v -0.600852 4.37031 1.55737 1 1 1
v -0.458747 4.37133 1.55765 1 1 1
v -0.468599 4.37031 1.55737 1 1 1
v -0.439226 4.37297 1.55812 1 1 1
v -0.419705 4.3743 1.5585 1 1 1
v -0.400184 4.37931 1.55992 1 1 1
v -0.380663 4.38723 1.56216 1 1 1
v 0.380663 4.38723 1.56216 1 1 1
v 0.400184 4.37931 1.55992 1 1 1
v 0.419705 4.3743 1.5585 1 1 1
v 0.439226 4.37297 1.55812 1 1 1
v 0.458748 4.37133 1.55765 1 1 1
v 0.468599 4.37031 1.55737 1 1 1
v 0.614917 4.38489 1.5615 1 1 1
v 0.600852 4.37031 1.55737 1 1 1
v -0.595396 4.36452 1.55572 1 1 1
v -0.575874 4.35252 1.55232 1 1 1
v -0.556353 4.35351 1.5526 1 1 1
v -0.536832 4.35531 1.55311 1 1 1
v -0.517311 4.35643 1.55343 1 1 1
v -0.49779 4.36092 1.5547 1 1 1
v -0.478269 4.36746 1.55656 1 1 1
v 0.478269 4.36746 1.55656 1 1 1
v 0.49779 4.36092 1.5547 1 1 1
v 0.517311 4.35643 1.55343 1 1 1
v 0.536832 4.35531 1.55311 1 1 1
v 0.556353 4.35351 1.5526 1 1 1
v 0.575874 4.35252 1.55232 1 1 1
v 0.595396 4.36452 1.55572 1 1 1
v -0.283057 4.90393 1.54047 1 1 1
v -0.287047 4.90278 1.54014 1 1 1
v -0.271418 4.90278 1.54014 1 1 1
v -0.185451 4.90558 1.54094 1 1 1
v -0.204184 4.90278 1.54014 1 1 1
v -0.16593 4.90593 1.54104 1 1 1
v -0.146409 4.90678 1.54127 1 1 1
v -0.126888 4.90751 1.54148 1 1 1
v -0.107366 4.90807 1.54164 1 1 1
v -0.0878452 4.90789 1.54159 1 1 1
v -0.0683241 4.90743 1.54146 1 1 1
v -0.0488029 4.90766 1.54152 1 1 1
v -0.0292817 4.9072 1.54139 1 1 1
v -0.0097605 4.90787 1.54158 1 1 1
v 0.00976062 4.90787 1.54158 1 1 1
v 0.0292817 4.9072 1.54139 1 1 1
v 0.048803 4.90766 1.54152 1 1 1
v 0.0683241 4.90743 1.54146 1 1 1
v 0.0878453 4.90789 1.54159 1 1 1
v 0.107366 4.90807 1.54164 1 1 1
v 0.126888 4.90751 1.54148 1 1 1
v 0.146409 4.90678 1.54127 1 1 1
v 0.16593 4.90593 1.54104 1 1 1
v 0.185451 4.90558 1.54094 1 1 1
v 0.204184 4.90278 1.54014 1 1 1
v 0.283057 4.90393 1.54047 1 1 1
v 0.271418 4.90278 1.54014 1 1 1
v 0.287047 4.90278 1.54014 1 1 1
v -0.419705 4.88425 1.53491 1 1 1
v -0.420361 4.88399 1.53483 1 1 1
v -0.400184 4.89212 1.53713 1 1 1
v -0.380663 4.89686 1.53847 1 1 1
v -0.361142 4.89255 1.53725 1 1 1
v -0.351885 4.88399 1.53483 1 1 1
v -0.299141 4.88399 1.53483 1 1 1
v -0.263536 4.90249 1.54006 1 1 1
v -0.244015 4.90192 1.5399 1 1 1
v -0.224493 4.90245 1.54005 1 1 1
v -0.204972 4.90274 1.54013 1 1 1
v 0.204972 4.90274 1.54013 1 1 1
v 0.224494 4.90245 1.54005 1 1 1
v 0.244015 4.90192 1.5399 1 1 1
v 0.263536 4.90249 1.54006 1 1 1
v 0.299141 4.88399 1.53483 1 1 1
v 0.361142 4.89255 1.53725 1 1 1
v 0.351886 4.88399 1.53483 1 1 1
v 0.380663 4.89686 1.53847 1 1 1
v 0.400184 4.89212 1.53713 1 1 1
v 0.419705 4.88425 1.53491 1 1 1
v 0.420361 4.88399 1.53483 1 1 1
v -0.49779 4.86642 1.52987 1 1 1
v -0.500035 4.86521 1.52953 1 1 1
v -0.478269 4.87445 1.53214 1 1 1
v -0.458747 4.87806 1.53316 1 1 1
v -0.439226 4.8806 1.53388 1 1 1
v -0.343945 4.86521 1.52953 1 1 1
v -0.289032 4.86521 1.52953 1 1 1
v 0.289032 4.86521 1.52953 1 1 1
v 0.343945 4.86521 1.52953 1 1 1
v 0.439226 4.8806 1.53388 1 1 1
v 0.458748 4.87806 1.53316 1 1 1
v 0.478269 4.87445 1.53214 1 1 1
v 0.49779 4.86642 1.52987 1 1 1
v 0.500035 4.86521 1.52953 1 1 1
v -0.575874 4.8497 1.52514 1 1 1
v -0.583558 4.84642 1.52422 1 1 1
v -0.556353 4.85631 1.52701 1 1 1
v -0.536832 4.85915 1.52781 1 1 1
v -0.517311 4.86156 1.52849 1 1 1
v -0.34162 4.86109 1.52836 1 1 1
v -0.328943 4.84642 1.52422 1 1 1
v -0.283057 4.85724 1.52727 1 1 1
v -0.277581 4.84642 1.52422 1 1 1
v 0.283057 4.85724 1.52727 1 1 1
v 0.277581 4.84642 1.52422 1 1 1
v 0.34162 4.86109 1.52836 1 1 1
v 0.328943 4.84642 1.52422 1 1 1
v 0.517311 4.86156 1.52849 1 1 1
v 0.536832 4.85915 1.52781 1 1 1
v 0.556353 4.85631 1.52701 1 1 1
v 0.575874 4.8497 1.52514 1 1 1
v 0.583558 4.84642 1.52422 1 1 1
v -0.653959 4.83277 1.52036 1 1 1
v -0.66607 4.82764 1.51891 1 1 1
v -0.634438 4.83773 1.52176 1 1 1
v -0.614917 4.84072 1.52261 1 1 1
v -0.595396 4.84411 1.52356 1 1 1
v -0.322099 4.83255 1.5203 1 1 1
v -0.317833 4.82764 1.51891 1 1 1
v -0.263536 4.82857 1.51917 1 1 1
v -0.263035 4.82764 1.51891 1 1 1
v 0.263536 4.82857 1.51917 1 1 1
v 0.263035 4.82764 1.51891 1 1 1
v 0.322099 4.83255 1.5203 1 1 1
v 0.317833 4.82764 1.51891 1 1 1
v 0.595396 4.84411 1.52356 1 1 1
v 0.614917 4.84072 1.52261 1 1 1
v 0.634438 4.83773 1.52176 1 1 1
v 0.653959 4.83277 1.52036 1 1 1
v 0.66607 4.82764 1.51891 1 1 1
v -0.732044 4.81548 1.51547 1 1 1
v -0.749258 4.80885 1.5136 1 1 1
v -0.712523 4.81909 1.51649 1 1 1
v -0.693001 4.82209 1.51734 1 1 1
v -0.67348 4.82597 1.51844 1 1 1
v -0.305873 4.80885 1.5136 1 1 1
v -0.256415 4.80885 1.5136 1 1 1
v 0.256415 4.80885 1.5136 1 1 1
v 0.305873 4.80885 1.5136 1 1 1
v 0.67348 4.82597 1.51844 1 1 1
v 0.693002 4.82209 1.51734 1 1 1
v 0.712523 4.81909 1.51649 1 1 1
v 0.732044 4.81548 1.51547 1 1 1
v 0.749258 4.80885 1.5136 1 1 1
v -0.82965 4.79148 1.50869 1 1 1
v -0.833203 4.79007 1.50829 1 1 1
v -0.810128 4.79734 1.51035 1 1 1
v -0.790607 4.80105 1.51139 1 1 1
v -0.771086 4.80415 1.51227 1 1 1
v -0.751565 4.80826 1.51343 1 1 1
v -0.302578 4.80316 1.51199 1 1 1
v -0.292005 4.79007 1.50829 1 1 1
v -0.244015 4.79059 1.50844 1 1 1
v -0.243773 4.79007 1.50829 1 1 1
v 0.244015 4.79059 1.50844 1 1 1
v 0.243773 4.79007 1.50829 1 1 1
v 0.302578 4.80316 1.51199 1 1 1
v 0.292005 4.79007 1.50829 1 1 1
v 0.751565 4.80826 1.51343 1 1 1
v 0.771086 4.80415 1.51227 1 1 1
v 0.790607 4.80105 1.51139 1 1 1
v 0.810129 4.79734 1.51035 1 1 1
v 0.82965 4.79148 1.50869 1 1 1
v 0.833202 4.79007 1.50829 1 1 1
v -0.907734 4.77496 1.50402 1 1 1
v -0.919007 4.77128 1.50298 1 1 1
v -0.888213 4.77918 1.50521 1 1 1
v -0.868692 4.78296 1.50628 1 1 1
v -0.849171 4.78656 1.5073 1 1 1
v -0.283529 4.77128 1.50298 1 1 1
v -0.234992 4.77128 1.50298 1 1 1
v 0.234992 4.77128 1.50298 1 1 1
v 0.283529 4.77128 1.50298 1 1 1
v 0.849171 4.78656 1.5073 1 1 1
v 0.868692 4.78296 1.50628 1 1 1
v 0.888213 4.77918 1.50521 1 1 1
v 0.907734 4.77496 1.50402 1 1 1
v 0.919007 4.77128 1.50298 1 1 1
v -0.946777 4.75984 1.49975 1 1 1
v -0.954564 4.75249 1.49767 1 1 1
v -0.927255 4.7694 1.50245 1 1 1
v -0.283057 4.77045 1.50275 1 1 1
v -0.268768 4.75249 1.49767 1 1 1
v -0.224493 4.75616 1.49871 1 1 1
v -0.222742 4.75249 1.49767 1 1 1
v 0.224494 4.75616 1.49871 1 1 1
v 0.222743 4.75249 1.49767 1 1 1
v 0.283057 4.77045 1.50275 1 1 1
v 0.268768 4.75249 1.49767 1 1 1
v 0.927256 4.7694 1.50245 1 1 1
v 0.946777 4.75984 1.49975 1 1 1
v 0.954564 4.75249 1.49767 1 1 1
v -0.946777 4.74471 1.49547 1 1 1
v -0.936952 4.73371 1.49236 1 1 1
v -0.263536 4.74015 1.49418 1 1 1
v -0.258685 4.73371 1.49236 1 1 1
v -0.2159 4.73371 1.49236 1 1 1
v 0.2159 4.73371 1.49236 1 1 1
v 0.263536 4.74015 1.49418 1 1 1
v 0.258685 4.73371 1.49236 1 1 1
v 0.946777 4.74471 1.49547 1 1 1
v 0.936952 4.73371 1.49236 1 1 1
v -0.927255 4.72466 1.48981 1 1 1
v -0.916077 4.71492 1.48705 1 1 1
v -0.246611 4.71492 1.48705 1 1 1
v -0.210619 4.71492 1.48705 1 1 1
v 0.210619 4.71492 1.48705 1 1 1
v 0.246611 4.71492 1.48705 1 1 1
v 0.927256 4.72466 1.48981 1 1 1
v 0.916077 4.71492 1.48705 1 1 1
v -0.907734 4.70642 1.48465 1 1 1
v -0.896607 4.69614 1.48175 1 1 1
v -0.244015 4.71069 1.48586 1 1 1
v -0.224493 4.69741 1.4821 1 1 1
v 0.224494 4.69741 1.4821 1 1 1
v 0.244015 4.71069 1.48586 1 1 1
v 0.907734 4.70642 1.48465 1 1 1
v 0.896607 4.69614 1.48175 1 1 1
v -0.888213 4.68789 1.47941 1 1 1
v -0.877456 4.67735 1.47644 1 1 1
v -0.204972 4.69126 1.48037 1 1 1
v -0.208785 4.67735 1.47644 1 1 1
v -0.185451 4.68656 1.47904 1 1 1
v -0.180751 4.67735 1.47644 1 1 1
v 0.185451 4.68656 1.47904 1 1 1
v 0.180751 4.67735 1.47644 1 1 1
v 0.204972 4.69126 1.48037 1 1 1
v 0.208785 4.67735 1.47644 1 1 1
v 0.888213 4.68789 1.47941 1 1 1
v 0.877456 4.67735 1.47644 1 1 1
v -0.868692 4.66883 1.47403 1 1 1
v -0.858125 4.65857 1.47113 1 1 1
v -0.204972 4.65982 1.47148 1 1 1
v -0.204623 4.65857 1.47113 1 1 1
v -0.16593 4.66029 1.47161 1 1 1
v -0.164977 4.65857 1.47113 1 1 1
v 0.16593 4.66029 1.47161 1 1 1
v 0.164977 4.65857 1.47113 1 1 1
v 0.204972 4.65982 1.47148 1 1 1
v 0.204623 4.65857 1.47113 1 1 1
v 0.868692 4.66883 1.47403 1 1 1
v 0.858125 4.65857 1.47113 1 1 1
v -0.849171 4.64999 1.4687 1 1 1
v -0.838429 4.63978 1.46582 1 1 1
v -0.197696 4.63978 1.46582 1 1 1
v -0.157885 4.63978 1.46582 1 1 1
v 0.157885 4.63978 1.46582 1 1 1
v 0.197696 4.63978 1.46582 1 1 1
v 0.849171 4.64999 1.4687 1 1 1
v 0.838429 4.63978 1.46582 1 1 1
v -0.82965 4.63162 1.46351 1 1 1
v -0.81742 4.621 1.46051 1 1 1
v -0.188951 4.621 1.46051 1 1 1
v -0.146409 4.6258 1.46187 1 1 1
v -0.144232 4.621 1.46051 1 1 1
v 0.146409 4.6258 1.46187 1 1 1
v 0.144232 4.621 1.46051 1 1 1
v 0.188951 4.621 1.46051 1 1 1
v 0.82965 4.63162 1.46351 1 1 1
v 0.81742 4.621 1.46051 1 1 1
v -0.810128 4.61302 1.45825 1 1 1
v -0.799892 4.60221 1.4552 1 1 1
v -0.185451 4.60882 1.45707 1 1 1
v -0.181404 4.60221 1.4552 1 1 1
v -0.138952 4.60221 1.4552 1 1 1
v 0.138953 4.60221 1.4552 1 1 1
v 0.185451 4.60882 1.45707 1 1 1
v 0.181404 4.60221 1.4552 1 1 1
v 0.810129 4.61302 1.45825 1 1 1
v 0.799892 4.60221 1.4552 1 1 1
v -0.790607 4.59369 1.45279 1 1 1
v -0.779465 4.58343 1.44989 1 1 1
v -0.168635 4.58343 1.44989 1 1 1
v -0.134075 4.58343 1.44989 1 1 1
v 0.134075 4.58343 1.44989 1 1 1
v 0.168635 4.58343 1.44989 1 1 1
v 0.790607 4.59369 1.45279 1 1 1
v 0.779465 4.58343 1.44989 1 1 1
v -0.771086 4.57527 1.44759 1 1 1
v -0.759361 4.56464 1.44458 1 1 1
v -0.16593 4.57774 1.44828 1 1 1
v -0.153452 4.56464 1.44458 1 1 1
v -0.126888 4.56468 1.44459 1 1 1
v 0.126888 4.56468 1.44459 1 1 1
v 0.16593 4.57774 1.44828 1 1 1
v 0.153453 4.56464 1.44458 1 1 1
v 0.771086 4.57527 1.44759 1 1 1
v 0.759361 4.56464 1.44458 1 1 1
v -0.751565 4.55681 1.44237 1 1 1
v -0.740369 4.54586 1.43927 1 1 1
v -0.146409 4.55453 1.44172 1 1 1
v -0.126888 4.56457 1.44456 1 1 1
v 0.126888 4.56457 1.44456 1 1 1
v 0.146409 4.55453 1.44172 1 1 1
v 0.751565 4.55681 1.44237 1 1 1
v 0.740368 4.54586 1.43927 1 1 1
v -0.732044 4.53784 1.43701 1 1 1
v -0.719621 4.52707 1.43396 1 1 1
v -0.107366 4.53017 1.43484 1 1 1
v -0.122094 4.52707 1.43396 1 1 1
v -0.103521 4.52707 1.43396 1 1 1
v 0.107366 4.53017 1.43484 1 1 1
v 0.103521 4.52707 1.43396 1 1 1
v 0.122094 4.52707 1.43396 1 1 1
v 0.732044 4.53784 1.43701 1 1 1
v 0.719621 4.52707 1.43396 1 1 1
v -0.712523 4.52038 1.43207 1 1 1
v -0.700707 4.50828 1.42866 1 1 1
v -0.119743 4.50828 1.42866 1 1 1
v -0.0878452 4.51698 1.43111 1 1 1
v -0.0807409 4.50828 1.42866 1 1 1
v 0.0878453 4.51698 1.43111 1 1 1
v 0.0807409 4.50828 1.42866 1 1 1
v 0.119743 4.50828 1.42866 1 1 1
v 0.712523 4.52038 1.43207 1 1 1
v 0.700707 4.50828 1.42866 1 1 1
v -0.693001 4.50071 1.42652 1 1 1
v -0.680731 4.4895 1.42335 1 1 1
v -0.111811 4.4895 1.42335 1 1 1
v -0.0683241 4.49415 1.42466 1 1 1
v -0.0582963 4.4895 1.42335 1 1 1
v 0.0683241 4.49415 1.42466 1 1 1
v 0.0582963 4.4895 1.42335 1 1 1
v 0.111811 4.4895 1.42335 1 1 1
v 0.693002 4.50071 1.42652 1 1 1
v 0.68073 4.4895 1.42335 1 1 1
v -0.67348 4.48189 1.4212 1 1 1
v -0.662625 4.47071 1.41804 1 1 1
v -0.16593 4.47174 1.41833 1 1 1
v -0.175428 4.47071 1.41804 1 1 1
v -0.146409 4.47228 1.41848 1 1 1
v -0.126888 4.47259 1.41857 1 1 1
v -0.0488029 4.48523 1.42214 1 1 1
v -0.0292817 4.48681 1.42259 1 1 1
v -0.0097605 4.48645 1.42249 1 1 1
v 0.00976062 4.48645 1.42249 1 1 1
v 0.0292817 4.48681 1.42259 1 1 1
v 0.048803 4.48523 1.42214 1 1 1
v 0.126888 4.47259 1.41857 1 1 1
v 0.146409 4.47228 1.41848 1 1 1
v 0.16593 4.47174 1.41833 1 1 1
v 0.175428 4.47071 1.41804 1 1 1
v 0.67348 4.48189 1.4212 1 1 1
v 0.662625 4.47071 1.41804 1 1 1
v -0.653959 4.46179 1.41552 1 1 1
v -0.643337 4.45193 1.41273 1 1 1
v -0.263536 4.45235 1.41285 1 1 1
v -0.268873 4.45193 1.41273 1 1 1
v -0.244015 4.45385 1.41327 1 1 1
v -0.224493 4.4559 1.41385 1 1 1
v -0.204972 4.46 1.41501 1 1 1
v -0.185451 4.46698 1.41698 1 1 1
v 0.185451 4.46698 1.41698 1 1 1
v 0.204972 4.46 1.41501 1 1 1
v 0.224494 4.4559 1.41385 1 1 1
v 0.244015 4.45385 1.41327 1 1 1
v 0.263536 4.45235 1.41285 1 1 1
v 0.268873 4.45193 1.41273 1 1 1
v 0.653959 4.46179 1.41552 1 1 1
v 0.643337 4.45193 1.41273 1 1 1
v -0.634438 4.44404 1.4105 1 1 1
v -0.62196 4.43314 1.40742 1 1 1
v -0.361142 4.43388 1.40763 1 1 1
v -0.370788 4.43314 1.40742 1 1 1
v -0.34162 4.43549 1.40808 1 1 1
v -0.322099 4.43693 1.40849 1 1 1
v -0.302578 4.44077 1.40958 1 1 1
v -0.283057 4.44876 1.41183 1 1 1
v 0.283057 4.44876 1.41183 1 1 1
v 0.302578 4.44077 1.40958 1 1 1
v 0.322099 4.43693 1.40849 1 1 1
v 0.34162 4.43549 1.40808 1 1 1
v 0.361142 4.43388 1.40763 1 1 1
v 0.370788 4.43314 1.40742 1 1 1
v 0.634438 4.44404 1.4105 1 1 1
v 0.62196 4.43314 1.40742 1 1 1
v -0.614917 4.42632 1.40549 1 1 1
v -0.603092 4.41436 1.40211 1 1 1
v -0.458747 4.41514 1.40233 1 1 1
v -0.466456 4.41436 1.40211 1 1 1
v -0.439226 4.41677 1.40279 1 1 1
v -0.419705 4.41798 1.40313 1 1 1
v -0.400184 4.42297 1.40454 1 1 1
v -0.380663 4.43054 1.40668 1 1 1
v 0.380663 4.43054 1.40668 1 1 1
v 0.400184 4.42297 1.40454 1 1 1
v 0.419705 4.41798 1.40313 1 1 1
v 0.439226 4.41677 1.40279 1 1 1
v 0.458748 4.41514 1.40233 1 1 1
v 0.466456 4.41436 1.40211 1 1 1
v 0.614917 4.42632 1.40549 1 1 1
v 0.603092 4.41436 1.40211 1 1 1
v -0.595396 4.4062 1.39981 1 1 1
v -0.575874 4.39563 1.39682 1 1 1
v -0.556353 4.39696 1.3972 1 1 1
v -0.536832 4.39879 1.39771 1 1 1
v -0.517311 4.39985 1.39801 1 1 1
v -0.49779 4.40434 1.39928 1 1 1
v -0.478269 4.4109 1.40113 1 1 1
v 0.478269 4.4109 1.40113 1 1 1
v 0.49779 4.40434 1.39928 1 1 1
v 0.517311 4.39985 1.39801 1 1 1
v 0.536832 4.39879 1.39771 1 1 1
v 0.556353 4.39696 1.3972 1 1 1
v 0.575874 4.39563 1.39682 1 1 1
v 0.595396 4.4062 1.39981 1 1 1
v -0.283057 4.95216 1.38038 1 1 1
v -0.297261 4.94816 1.37934 1 1 1
v -0.263536 4.95013 1.37985 1 1 1
v -0.247799 4.94816 1.37934 1 1 1
v -0.224493 4.94967 1.37973 1 1 1
v -0.238738 4.94816 1.37934 1 1 1
v -0.204972 4.95037 1.37991 1 1 1
v -0.185451 4.95284 1.38056 1 1 1
v -0.16593 4.95298 1.3806 1 1 1
v -0.146409 4.95357 1.38075 1 1 1
v -0.126888 4.95427 1.38093 1 1 1
v -0.107366 4.95447 1.38098 1 1 1
v -0.0878452 4.95426 1.38093 1 1 1
v -0.0683241 4.95396 1.38085 1 1 1
v -0.0488029 4.95399 1.38086 1 1 1
v -0.0292817 4.95363 1.38077 1 1 1
v -0.0097605 4.9543 1.38094 1 1 1
v 0.00976062 4.9543 1.38094 1 1 1
v 0.0292817 4.95363 1.38077 1 1 1
v 0.048803 4.95399 1.38086 1 1 1
v 0.0683241 4.95396 1.38085 1 1 1
v 0.0878453 4.95426 1.38093 1 1 1
v 0.107366 4.95447 1.38098 1 1 1
v 0.126888 4.95427 1.38093 1 1 1
v 0.146409 4.95357 1.38075 1 1 1
v 0.16593 4.95298 1.3806 1 1 1
v 0.185451 4.95284 1.38056 1 1 1
v 0.204972 4.95037 1.37991 1 1 1
v 0.224494 4.94967 1.37973 1 1 1
v 0.238738 4.94816 1.37934 1 1 1
v 0.263536 4.95013 1.37985 1 1 1
v 0.2478 4.94816 1.37934 1 1 1
v 0.283057 4.95216 1.38038 1 1 1
v 0.297261 4.94816 1.37934 1 1 1
v -0.419705 4.93331 1.37547 1 1 1
v -0.429845 4.92927 1.37442 1 1 1
v -0.400184 4.93991 1.37719 1 1 1
v -0.380663 4.94425 1.37832 1 1 1
v -0.361142 4.94062 1.37738 1 1 1
v -0.349139 4.92927 1.37442 1 1 1
v -0.301017 4.92927 1.37442 1 1 1
v -0.244015 4.94802 1.37931 1 1 1
v 0.244015 4.94802 1.37931 1 1 1
v 0.301017 4.92927 1.37442 1 1 1
v 0.361142 4.94062 1.37738 1 1 1
v 0.349139 4.92927 1.37442 1 1 1
v 0.380663 4.94425 1.37832 1 1 1
v 0.400184 4.93991 1.37719 1 1 1
v 0.419705 4.93331 1.37547 1 1 1
v 0.429845 4.92927 1.37442 1 1 1
v -0.49779 4.91627 1.37104 1 1 1
v -0.508755 4.91038 1.3695 1 1 1
v -0.478269 4.92271 1.37271 1 1 1
v -0.458747 4.9255 1.37344 1 1 1
v -0.439226 4.92761 1.37399 1 1 1
v -0.342611 4.91038 1.3695 1 1 1
v -0.291514 4.91038 1.3695 1 1 1
v 0.291514 4.91038 1.3695 1 1 1
v 0.342611 4.91038 1.3695 1 1 1
v 0.439226 4.92761 1.37399 1 1 1
v 0.458748 4.9255 1.37344 1 1 1
v 0.478269 4.92271 1.37271 1 1 1
v 0.49779 4.91627 1.37104 1 1 1
v 0.508755 4.91038 1.3695 1 1 1
v -0.575874 4.89945 1.36666 1 1 1
v -0.594775 4.89149 1.36459 1 1 1
v -0.556353 4.90452 1.36798 1 1 1
v -0.536832 4.90649 1.36849 1 1 1
v -0.517311 4.90861 1.36904 1 1 1
v -0.34162 4.90859 1.36904 1 1 1
v -0.327117 4.89149 1.36459 1 1 1
v -0.283057 4.89938 1.36664 1 1 1
v -0.278985 4.89149 1.36459 1 1 1
v 0.283057 4.89938 1.36664 1 1 1
v 0.278985 4.89149 1.36459 1 1 1
v 0.34162 4.90859 1.36904 1 1 1
v 0.327117 4.89149 1.36459 1 1 1
v 0.517311 4.90861 1.36904 1 1 1
v 0.536832 4.90649 1.36849 1 1 1
v 0.556353 4.90452 1.36798 1 1 1
v 0.575874 4.89945 1.36666 1 1 1
v 0.594775 4.89149 1.36459 1 1 1
v -0.67348 4.8746 1.36019 1 1 1
v -0.677418 4.8726 1.35967 1 1 1
v -0.653959 4.88215 1.36215 1 1 1
v -0.634438 4.8858 1.36311 1 1 1
v -0.614917 4.88823 1.36374 1 1 1
v -0.595396 4.89137 1.36455 1 1 1
v -0.322099 4.88097 1.36185 1 1 1
v -0.315142 4.8726 1.35967 1 1 1
v -0.264592 4.8726 1.35967 1 1 1
v 0.264591 4.8726 1.35967 1 1 1
v 0.322099 4.88097 1.36185 1 1 1
v 0.315141 4.8726 1.35967 1 1 1
v 0.595396 4.89137 1.36455 1 1 1
v 0.614917 4.88823 1.36374 1 1 1
v 0.634438 4.8858 1.36311 1 1 1
v 0.653959 4.88215 1.36215 1 1 1
v 0.67348 4.8746 1.36019 1 1 1
v 0.677418 4.8726 1.35967 1 1 1
v -0.751565 4.85859 1.35602 1 1 1
v -0.761518 4.85371 1.35475 1 1 1
v -0.732044 4.86431 1.35751 1 1 1
v -0.712523 4.86695 1.3582 1 1 1
v -0.693001 4.86959 1.35888 1 1 1
v -0.304724 4.85371 1.35475 1 1 1
v -0.263536 4.87127 1.35932 1 1 1
v -0.257529 4.85371 1.35475 1 1 1
v 0.263536 4.87127 1.35932 1 1 1
v 0.257529 4.85371 1.35475 1 1 1
v 0.304724 4.85371 1.35475 1 1 1
v 0.693002 4.86959 1.35888 1 1 1
v 0.712523 4.86695 1.3582 1 1 1
v 0.732044 4.86431 1.35751 1 1 1
v 0.751565 4.85859 1.35602 1 1 1
v 0.761518 4.85371 1.35475 1 1 1
v -0.82965 4.84187 1.35167 1 1 1
v -0.847559 4.83482 1.34983 1 1 1
v -0.810128 4.84634 1.35283 1 1 1
v -0.790607 4.84913 1.35356 1 1 1
v -0.771086 4.85174 1.35424 1 1 1
v -0.302578 4.84991 1.35376 1 1 1
v -0.290709 4.83482 1.34983 1 1 1
v -0.244834 4.83482 1.34983 1 1 1
v 0.244834 4.83482 1.34983 1 1 1
v 0.302578 4.84991 1.35376 1 1 1
v 0.290709 4.83482 1.34983 1 1 1
v 0.771086 4.85174 1.35424 1 1 1
v 0.790607 4.84913 1.35356 1 1 1
v 0.810129 4.84634 1.35283 1 1 1
v 0.82965 4.84187 1.35167 1 1 1
v 0.847559 4.83482 1.34983 1 1 1
v -0.927255 4.81927 1.34578 1 1 1
v -0.934001 4.81592 1.34491 1 1 1
v -0.907734 4.82474 1.34721 1 1 1
v -0.888213 4.82807 1.34807 1 1 1
v -0.868692 4.83112 1.34887 1 1 1
v -0.849171 4.83447 1.34974 1 1 1
v -0.283057 4.81662 1.34509 1 1 1
v -0.282395 4.81592 1.34491 1 1 1
v -0.244015 4.83386 1.34958 1 1 1
v -0.235549 4.81592 1.34491 1 1 1
v 0.244015 4.83386 1.34958 1 1 1
v 0.235549 4.81592 1.34491 1 1 1
v 0.283057 4.81662 1.34509 1 1 1
v 0.282395 4.81592 1.34491 1 1 1
v 0.849171 4.83447 1.34974 1 1 1
v 0.868692 4.83112 1.34887 1 1 1
v 0.888213 4.82807 1.34807 1 1 1
v 0.907734 4.82474 1.34721 1 1 1
v 0.927256 4.81927 1.34578 1 1 1
v 0.934001 4.81592 1.34491 1 1 1
v -0.946777 4.81049 1.3435 1 1 1
v -0.961006 4.79703 1.33999 1 1 1
v -0.268053 4.79703 1.33999 1 1 1
v -0.224493 4.80011 1.34079 1 1 1
v -0.222992 4.79703 1.33999 1 1 1
v 0.224494 4.80011 1.34079 1 1 1
v 0.222992 4.79703 1.33999 1 1 1
v 0.268053 4.79703 1.33999 1 1 1
v 0.946777 4.81049 1.3435 1 1 1
v 0.961006 4.79703 1.33999 1 1 1
v -0.946777 4.78299 1.33634 1 1 1
v -0.942405 4.77814 1.33507 1 1 1
v -0.263536 4.78593 1.3371 1 1 1
v -0.25796 4.77814 1.33507 1 1 1
v -0.214925 4.77814 1.33507 1 1 1
v 0.214925 4.77814 1.33507 1 1 1
v 0.263536 4.78593 1.3371 1 1 1
v 0.25796 4.77814 1.33507 1 1 1
v 0.946777 4.78299 1.33634 1 1 1
v 0.942405 4.77814 1.33507 1 1 1
v -0.927255 4.76408 1.33141 1 1 1
v -0.921658 4.75925 1.33016 1 1 1
v -0.246475 4.75925 1.33016 1 1 1
v -0.204972 4.76112 1.33064 1 1 1
v -0.204243 4.75925 1.33016 1 1 1
v 0.204972 4.76112 1.33064 1 1 1
v 0.204243 4.75925 1.33016 1 1 1
v 0.246475 4.75925 1.33016 1 1 1
v 0.927256 4.76408 1.33141 1 1 1
v 0.921658 4.75925 1.33016 1 1 1
v -0.907734 4.7452 1.3265 1 1 1
v -0.902445 4.74036 1.32524 1 1 1
v -0.244015 4.75481 1.329 1 1 1
v -0.229294 4.74036 1.32524 1 1 1
v -0.195441 4.74036 1.32524 1 1 1
v 0.195441 4.74036 1.32524 1 1 1
v 0.244015 4.75481 1.329 1 1 1
v 0.229294 4.74036 1.32524 1 1 1
v 0.907734 4.7452 1.3265 1 1 1
v 0.902445 4.74036 1.32524 1 1 1
v -0.888213 4.72656 1.32164 1 1 1
v -0.882955 4.72147 1.32032 1 1 1
v -0.224493 4.7328 1.32327 1 1 1
v -0.216149 4.72147 1.32032 1 1 1
v -0.185451 4.73263 1.32323 1 1 1
v -0.180404 4.72147 1.32032 1 1 1
v 0.185451 4.73263 1.32323 1 1 1
v 0.180404 4.72147 1.32032 1 1 1
v 0.224494 4.7328 1.32327 1 1 1
v 0.216149 4.72147 1.32032 1 1 1
v 0.888213 4.72656 1.32164 1 1 1
v 0.882954 4.72147 1.32032 1 1 1
v -0.868692 4.7077 1.31673 1 1 1
v -0.863353 4.70258 1.3154 1 1 1
v -0.20744 4.70258 1.3154 1 1 1
v -0.16593 4.70391 1.31575 1 1 1
v -0.165194 4.70258 1.3154 1 1 1
v 0.16593 4.70391 1.31575 1 1 1
v 0.165194 4.70258 1.3154 1 1 1
v 0.207439 4.70258 1.3154 1 1 1
v 0.868692 4.7077 1.31673 1 1 1
v 0.863353 4.70258 1.3154 1 1 1
v -0.849171 4.68915 1.3119 1 1 1
v -0.84338 4.68368 1.31048 1 1 1
v -0.204972 4.69394 1.31315 1 1 1
v -0.199763 4.68368 1.31048 1 1 1
v -0.15814 4.68368 1.31048 1 1 1
v 0.15814 4.68368 1.31048 1 1 1
v 0.204972 4.69394 1.31315 1 1 1
v 0.199763 4.68368 1.31048 1 1 1
v 0.849171 4.68915 1.3119 1 1 1
v 0.84338 4.68368 1.31048 1 1 1
v -0.82965 4.67103 1.30719 1 1 1
v -0.822381 4.66479 1.30556 1 1 1
v -0.189124 4.66479 1.30556 1 1 1
v -0.146409 4.66961 1.30682 1 1 1
v -0.144026 4.66479 1.30556 1 1 1
v 0.146409 4.66961 1.30682 1 1 1
v 0.144026 4.66479 1.30556 1 1 1
v 0.189125 4.66479 1.30556 1 1 1
v 0.82965 4.67103 1.30719 1 1 1
v 0.822381 4.66479 1.30556 1 1 1
v -0.810128 4.65159 1.30213 1 1 1
v -0.804652 4.6459 1.30064 1 1 1
v -0.185451 4.65292 1.30247 1 1 1
v -0.181025 4.6459 1.30064 1 1 1
v -0.13712 4.6459 1.30064 1 1 1
v 0.13712 4.6459 1.30064 1 1 1
v 0.185451 4.65292 1.30247 1 1 1
v 0.181025 4.6459 1.30064 1 1 1
v 0.810129 4.65159 1.30213 1 1 1
v 0.804652 4.6459 1.30064 1 1 1
v -0.790607 4.63315 1.29732 1 1 1
v -0.783866 4.62701 1.29572 1 1 1
v -0.168514 4.62701 1.29572 1 1 1
v -0.128552 4.62701 1.29572 1 1 1
v 0.128552 4.62701 1.29572 1 1 1
v 0.168514 4.62701 1.29572 1 1 1
v 0.790607 4.63315 1.29732 1 1 1
v 0.783866 4.62701 1.29572 1 1 1
v -0.771086 4.61471 1.29252 1 1 1
v -0.763713 4.60812 1.29081 1 1 1
v -0.16593 4.62147 1.29428 1 1 1
v -0.154716 4.60812 1.29081 1 1 1
v -0.126888 4.62406 1.29496 1 1 1
v -0.119987 4.60812 1.29081 1 1 1
v 0.126888 4.62406 1.29496 1 1 1
v 0.119987 4.60812 1.29081 1 1 1
v 0.16593 4.62147 1.29428 1 1 1
v 0.154716 4.60812 1.29081 1 1 1
v 0.771086 4.61471 1.29252 1 1 1
v 0.763713 4.60812 1.29081 1 1 1
v -0.751565 4.59611 1.28768 1 1 1
v -0.74447 4.58923 1.28589 1 1 1
v -0.146409 4.59302 1.28688 1 1 1
v -0.139233 4.58923 1.28589 1 1 1
v -0.116216 4.58923 1.28589 1 1 1
v 0.116216 4.58923 1.28589 1 1 1
v 0.146409 4.59302 1.28688 1 1 1
v 0.139233 4.58923 1.28589 1 1 1
v 0.751565 4.59611 1.28768 1 1 1
v 0.74447 4.58923 1.28589 1 1 1
v -0.732044 4.5774 1.28281 1 1 1
v -0.723763 4.57034 1.28097 1 1 1
v -0.130209 4.57034 1.28097 1 1 1
v -0.107366 4.58394 1.28451 1 1 1
v -0.095386 4.57034 1.28097 1 1 1
v 0.107366 4.58394 1.28451 1 1 1
v 0.0953859 4.57034 1.28097 1 1 1
v 0.130209 4.57034 1.28097 1 1 1
v 0.732044 4.5774 1.28281 1 1 1
v 0.723763 4.57034 1.28097 1 1 1
v -0.712523 4.55992 1.27826 1 1 1
v -0.704092 4.55145 1.27605 1 1 1
v -0.126888 4.56012 1.27831 1 1 1
v -0.121445 4.55145 1.27605 1 1 1
v -0.0878452 4.56412 1.27935 1 1 1
v -0.0797089 4.55145 1.27605 1 1 1
v 0.0878453 4.56412 1.27935 1 1 1
v 0.0797088 4.55145 1.27605 1 1 1
v 0.126888 4.56012 1.27831 1 1 1
v 0.121445 4.55145 1.27605 1 1 1
v 0.712523 4.55992 1.27826 1 1 1
v 0.704092 4.55145 1.27605 1 1 1
v -0.693001 4.54066 1.27324 1 1 1
v -0.684046 4.53255 1.27113 1 1 1
v -0.111462 4.53255 1.27113 1 1 1
v -0.0683241 4.53725 1.27236 1 1 1
v -0.0590313 4.53255 1.27113 1 1 1
v 0.0683241 4.53726 1.27236 1 1 1
v 0.0590312 4.53255 1.27113 1 1 1
v 0.111462 4.53255 1.27113 1 1 1
v 0.693002 4.54066 1.27324 1 1 1
v 0.684046 4.53255 1.27113 1 1 1
v -0.67348 4.52163 1.26829 1 1 1
v -0.665614 4.51366 1.26621 1 1 1
v -0.16593 4.51451 1.26643 1 1 1
v -0.173348 4.51366 1.26621 1 1 1
v -0.146409 4.51491 1.26654 1 1 1
v -0.126888 4.51492 1.26654 1 1 1
v -0.0488029 4.52789 1.26992 1 1 1
v -0.0292817 4.52941 1.27031 1 1 1
v -0.0097605 4.52893 1.27019 1 1 1
v 0.00976062 4.52893 1.27019 1 1 1
v 0.0292817 4.52941 1.27031 1 1 1
v 0.048803 4.52789 1.26992 1 1 1
v 0.126888 4.51492 1.26654 1 1 1
v 0.146409 4.51491 1.26654 1 1 1
v 0.16593 4.51451 1.26643 1 1 1
v 0.173348 4.51366 1.26621 1 1 1
v 0.67348 4.52163 1.26829 1 1 1
v 0.665614 4.51366 1.26621 1 1 1
v -0.653959 4.50179 1.26312 1 1 1
v -0.646288 4.49477 1.26129 1 1 1
v -0.263536 4.49501 1.26136 1 1 1
v -0.266402 4.49477 1.26129 1 1 1
v -0.244015 4.49641 1.26172 1 1 1
v -0.224493 4.4983 1.26221 1 1 1
v -0.204972 4.50222 1.26323 1 1 1
v -0.185451 4.50891 1.26498 1 1 1
v 0.185451 4.50891 1.26498 1 1 1
v 0.204972 4.50222 1.26323 1 1 1
v 0.224494 4.4983 1.26221 1 1 1
v 0.244015 4.49641 1.26172 1 1 1
v 0.263536 4.49501 1.26136 1 1 1
v 0.266402 4.49477 1.26129 1 1 1
v 0.653959 4.50179 1.26312 1 1 1
v 0.646288 4.49477 1.26129 1 1 1
v -0.634438 4.48441 1.2586 1 1 1
v -0.624607 4.47588 1.25638 1 1 1
v -0.361142 4.47644 1.25652 1 1 1
v -0.36829 4.47588 1.25638 1 1 1
v -0.34162 4.47802 1.25693 1 1 1
v -0.322099 4.47925 1.25725 1 1 1
v -0.302578 4.483 1.25823 1 1 1
v -0.283057 4.49079 1.26026 1 1 1
v 0.283057 4.49079 1.26026 1 1 1
v 0.302578 4.483 1.25823 1 1 1
v 0.322099 4.47925 1.25725 1 1 1
v 0.34162 4.47802 1.25693 1 1 1
v 0.361142 4.47644 1.25652 1 1 1
v 0.36829 4.47588 1.25638 1 1 1
v 0.634438 4.48441 1.2586 1 1 1
v 0.624607 4.47588 1.25638 1 1 1
v -0.614917 4.46662 1.25397 1 1 1
v -0.605234 4.45699 1.25146 1 1 1
v -0.458747 4.45755 1.2516 1 1 1
v -0.464355 4.45699 1.25146 1 1 1
v -0.439226 4.45918 1.25203 1 1 1
v -0.419705 4.46028 1.25231 1 1 1
v -0.400184 4.46528 1.25362 1 1 1
v -0.380663 4.47256 1.25551 1 1 1
v 0.380663 4.47256 1.25551 1 1 1
v 0.400184 4.46528 1.25362 1 1 1
v 0.419705 4.46028 1.25231 1 1 1
v 0.439226 4.45918 1.25203 1 1 1
v 0.458748 4.45755 1.2516 1 1 1
v 0.464355 4.45699 1.25146 1 1 1
v 0.614917 4.46662 1.25397 1 1 1
v 0.605234 4.45699 1.25146 1 1 1
v -0.595396 4.44652 1.24873 1 1 1
v -0.579379 4.4381 1.24654 1 1 1
v -0.556353 4.43895 1.24676 1 1 1
v -0.56743 4.4381 1.24654 1 1 1
v -0.536832 4.44081 1.24724 1 1 1
v -0.517311 4.44182 1.24751 1 1 1
v -0.49779 4.44632 1.24868 1 1 1
v -0.478269 4.45291 1.2504 1 1 1
v 0.478269 4.45291 1.2504 1 1 1
v 0.49779 4.44632 1.24868 1 1 1
v 0.517311 4.44182 1.24751 1 1 1
v 0.536832 4.44081 1.24724 1 1 1
v 0.556353 4.43895 1.24676 1 1 1
v 0.56743 4.4381 1.24654 1 1 1
v 0.595396 4.44653 1.24873 1 1 1
v 0.579379 4.4381 1.24654 1 1 1
v -0.575874 4.436 1.24599 1 1 1
v 0.575874 4.436 1.24599 1 1 1
v -0.302578 4.99074 1.22342 1 1 1
v -0.305343 4.98889 1.22293 1 1 1
v -0.283057 4.99558 1.22468 1 1 1
v -0.263536 4.99356 1.22415 1 1 1
v -0.244015 4.99129 1.22356 1 1 1
v -0.224493 4.99297 1.224 1 1 1
v -0.204972 4.99333 1.22409 1 1 1
v -0.185451 4.99534 1.22461 1 1 1
v -0.16593 4.99526 1.22459 1 1 1
v -0.146409 4.99562 1.22469 1 1 1
v -0.126888 4.99629 1.22486 1 1 1
v -0.107366 4.99612 1.22482 1 1 1
v -0.0878452 4.99591 1.22476 1 1 1
v -0.0683241 4.99578 1.22473 1 1 1
v -0.0488029 4.99561 1.22468 1 1 1
v -0.0292817 4.99536 1.22462 1 1 1
v -0.0097605 4.99602 1.22479 1 1 1
v 0.00976062 4.99602 1.22479 1 1 1
v 0.0292817 4.99536 1.22462 1 1 1
v 0.048803 4.99561 1.22468 1 1 1
v 0.0683241 4.99578 1.22473 1 1 1
v 0.0878453 4.99591 1.22476 1 1 1
v 0.107366 4.99612 1.22482 1 1 1
v 0.126888 4.99629 1.22486 1 1 1
v 0.146409 4.99562 1.22469 1 1 1
v 0.16593 4.99526 1.22459 1 1 1
v 0.185451 4.99534 1.22461 1 1 1
v 0.204972 4.99333 1.22409 1 1 1
v 0.224494 4.99297 1.224 1 1 1
v 0.244015 4.99129 1.22356 1 1 1
v 0.263536 4.99356 1.22415 1 1 1
v 0.283057 4.99558 1.22468 1 1 1
v 0.302578 4.99074 1.22342 1 1 1
v 0.305343 4.98889 1.22293 1 1 1
v -0.419705 4.97763 1.22 1 1 1
v -0.439101 4.97 1.21801 1 1 1
v -0.400184 4.98296 1.22139 1 1 1
v -0.380663 4.98688 1.22241 1 1 1
v -0.361142 4.98397 1.22165 1 1 1
v -0.346606 4.97 1.21801 1 1 1
v -0.303024 4.97 1.21801 1 1 1
v 0.303023 4.97 1.21801 1 1 1
v 0.361142 4.98397 1.22165 1 1 1
v 0.346606 4.97 1.21801 1 1 1
v 0.380663 4.98688 1.22241 1 1 1
v 0.400184 4.98296 1.22139 1 1 1
v 0.419705 4.97763 1.22 1 1 1
v 0.439102 4.97 1.21801 1 1 1
v -0.517311 4.95111 1.2131 1 1 1
v -0.49779 4.96148 1.2158 1 1 1
v -0.478269 4.9663 1.21705 1 1 1
v -0.458747 4.96828 1.21757 1 1 1
v -0.439226 4.96997 1.21801 1 1 1
v -0.34162 4.95265 1.2135 1 1 1
v -0.340826 4.9511 1.2131 1 1 1
v -0.302578 4.96936 1.21785 1 1 1
v -0.293884 4.9511 1.2131 1 1 1
v 0.302578 4.96936 1.21785 1 1 1
v 0.293884 4.9511 1.2131 1 1 1
v 0.34162 4.95265 1.2135 1 1 1
v 0.340826 4.9511 1.2131 1 1 1
v 0.439226 4.96997 1.21801 1 1 1
v 0.458748 4.96828 1.21757 1 1 1
v 0.478269 4.9663 1.21705 1 1 1
v 0.49779 4.96148 1.2158 1 1 1
v 0.517311 4.95111 1.2131 1 1 1
v -0.595396 4.93863 1.20985 1 1 1
v -0.608913 4.93221 1.20818 1 1 1
v -0.575874 4.94461 1.2114 1 1 1
v -0.556353 4.94814 1.21232 1 1 1
v -0.536832 4.94928 1.21262 1 1 1
v -0.325438 4.93221 1.20818 1 1 1
v -0.283057 4.93742 1.20953 1 1 1
v -0.28031 4.93221 1.20818 1 1 1
v 0.283057 4.93742 1.20953 1 1 1
v 0.28031 4.93221 1.20818 1 1 1
v 0.325438 4.93221 1.20818 1 1 1
v 0.536832 4.94928 1.21262 1 1 1
v 0.556353 4.94814 1.21232 1 1 1
v 0.575874 4.94461 1.2114 1 1 1
v 0.595396 4.93863 1.20985 1 1 1
v 0.608913 4.93221 1.20818 1 1 1
v -0.67348 4.92163 1.20542 1 1 1
v -0.689829 4.91332 1.20326 1 1 1
v -0.653959 4.92703 1.20683 1 1 1
v -0.634438 4.92942 1.20745 1 1 1
v -0.614917 4.93127 1.20793 1 1 1
v -0.322099 4.92502 1.2063 1 1 1
v -0.312709 4.91332 1.20326 1 1 1
v -0.267494 4.91332 1.20326 1 1 1
v 0.267494 4.91332 1.20326 1 1 1
v 0.322099 4.92502 1.2063 1 1 1
v 0.312709 4.91332 1.20326 1 1 1
v 0.614917 4.93127 1.20793 1 1 1
v 0.634438 4.92942 1.20745 1 1 1
v 0.653959 4.92703 1.20683 1 1 1
v 0.67348 4.92163 1.20542 1 1 1
v 0.689829 4.91332 1.20326 1 1 1
v -0.771086 4.89675 1.19894 1 1 1
v -0.777293 4.89443 1.19834 1 1 1
v -0.751565 4.90533 1.20118 1 1 1
v -0.732044 4.90875 1.20207 1 1 1
v -0.712523 4.91044 1.20251 1 1 1
v -0.693001 4.91271 1.2031 1 1 1
v -0.30368 4.89443 1.19834 1 1 1
v -0.263536 4.90853 1.20201 1 1 1
v -0.258595 4.89443 1.19834 1 1 1
v 0.263536 4.90853 1.20201 1 1 1
v 0.258595 4.89443 1.19834 1 1 1
v 0.30368 4.89443 1.19834 1 1 1
v 0.693002 4.91271 1.2031 1 1 1
v 0.712523 4.91044 1.20251 1 1 1
v 0.732044 4.90875 1.20207 1 1 1
v 0.751565 4.90533 1.20118 1 1 1
v 0.771086 4.89675 1.19894 1 1 1
v 0.777292 4.89443 1.19834 1 1 1
v -0.849171 4.88284 1.19532 1 1 1
v -0.865968 4.87554 1.19342 1 1 1
v -0.82965 4.88797 1.19666 1 1 1
v -0.810128 4.89101 1.19745 1 1 1
v -0.790607 4.89292 1.19795 1 1 1
v -0.302578 4.89245 1.19782 1 1 1
v -0.289537 4.87554 1.19342 1 1 1
v -0.246303 4.87554 1.19342 1 1 1
v 0.246303 4.87554 1.19342 1 1 1
v 0.302578 4.89245 1.19782 1 1 1
v 0.289537 4.87554 1.19342 1 1 1
v 0.790607 4.89292 1.19795 1 1 1
v 0.810129 4.89101 1.19745 1 1 1
v 0.82965 4.88797 1.19666 1 1 1
v 0.849171 4.88284 1.19532 1 1 1
v 0.865968 4.87554 1.19342 1 1 1
v -0.946777 4.85725 1.18866 1 1 1
v -0.948206 4.85665 1.1885 1 1 1
v -0.927255 4.86658 1.19109 1 1 1
v -0.907734 4.8703 1.19206 1 1 1
v -0.888213 4.87274 1.19269 1 1 1
v -0.868692 4.87508 1.1933 1 1 1
v -0.283057 4.85962 1.18928 1 1 1
v -0.280326 4.85665 1.1885 1 1 1
v -0.244015 4.87297 1.19275 1 1 1
v -0.236074 4.85665 1.1885 1 1 1
v 0.244015 4.87297 1.19275 1 1 1
v 0.236074 4.85665 1.1885 1 1 1
v 0.283057 4.85962 1.18928 1 1 1
v 0.280326 4.85665 1.1885 1 1 1
v 0.868692 4.87508 1.1933 1 1 1
v 0.888213 4.87274 1.19269 1 1 1
v 0.907734 4.8703 1.19206 1 1 1
v 0.927256 4.86658 1.19109 1 1 1
v 0.946777 4.85725 1.18866 1 1 1
v 0.948206 4.85665 1.1885 1 1 1
v -0.966298 4.84093 1.18441 1 1 1
v -0.96802 4.83776 1.18358 1 1 1
v -0.267394 4.83776 1.18358 1 1 1
v -0.224493 4.84027 1.18424 1 1 1
v -0.223235 4.83776 1.18358 1 1 1
v 0.224494 4.84027 1.18424 1 1 1
v 0.223235 4.83776 1.18358 1 1 1
v 0.267394 4.83776 1.18358 1 1 1
v 0.966298 4.84093 1.18441 1 1 1
v 0.96802 4.83776 1.18358 1 1 1
v -0.966298 4.8361 1.18315 1 1 1
v -0.948563 4.81886 1.17867 1 1 1
v -0.263536 4.82795 1.18103 1 1 1
v -0.257305 4.81886 1.17867 1 1 1
v -0.213797 4.81886 1.17867 1 1 1
v 0.213797 4.81886 1.17867 1 1 1
v 0.263536 4.82795 1.18103 1 1 1
v 0.257305 4.81886 1.17867 1 1 1
v 0.966298 4.8361 1.18315 1 1 1
v 0.948563 4.81886 1.17867 1 1 1
v -0.946777 4.81721 1.17824 1 1 1
v -0.927255 4.80022 1.17381 1 1 1
v -0.926965 4.79997 1.17375 1 1 1
v -0.24635 4.79997 1.17375 1 1 1
v -0.204972 4.80764 1.17574 1 1 1
v -0.201574 4.79997 1.17375 1 1 1
v 0.204972 4.80764 1.17574 1 1 1
v 0.201574 4.79997 1.17375 1 1 1
v 0.24635 4.79997 1.17375 1 1 1
v 0.927256 4.80022 1.17381 1 1 1
v 0.926965 4.79997 1.17375 1 1 1
v 0.946777 4.81721 1.17824 1 1 1
v -0.908219 4.78108 1.16883 1 1 1
v -0.244015 4.79532 1.17254 1 1 1
v -0.232879 4.78108 1.16883 1 1 1
v -0.190259 4.78108 1.16883 1 1 1
v 0.190259 4.78108 1.16883 1 1 1
v 0.244015 4.79532 1.17254 1 1 1
v 0.232878 4.78108 1.16883 1 1 1
v 0.908219 4.78108 1.16883 1 1 1
v -0.907734 4.78064 1.16871 1 1 1
v -0.888213 4.76225 1.16392 1 1 1
v -0.224838 4.76219 1.16391 1 1 1
v -0.185451 4.77544 1.16736 1 1 1
v -0.180102 4.76219 1.16391 1 1 1
v 0.185451 4.77544 1.16736 1 1 1
v 0.180102 4.76219 1.16391 1 1 1
v 0.224838 4.76219 1.16391 1 1 1
v 0.888213 4.76225 1.16392 1 1 1
v 0.907734 4.78064 1.16871 1 1 1
v -0.868692 4.74363 1.15908 1 1 1
v -0.868337 4.7433 1.15899 1 1 1
v -0.224493 4.76151 1.16373 1 1 1
v -0.210602 4.7433 1.15899 1 1 1
v -0.16593 4.74427 1.15924 1 1 1
v -0.165398 4.7433 1.15899 1 1 1
v 0.16593 4.74427 1.15924 1 1 1
v 0.165398 4.7433 1.15899 1 1 1
v 0.224494 4.76151 1.16373 1 1 1
v 0.210602 4.7433 1.15899 1 1 1
v 0.868692 4.74363 1.15908 1 1 1
v 0.868336 4.7433 1.15899 1 1 1
v -0.849171 4.72543 1.15434 1 1 1
v -0.848072 4.72441 1.15407 1 1 1
v -0.204972 4.72799 1.15501 1 1 1
v -0.202508 4.72441 1.15407 1 1 1
v -0.158384 4.72441 1.15407 1 1 1
v 0.158384 4.72441 1.15407 1 1 1
v 0.204972 4.72799 1.15501 1 1 1
v 0.202508 4.72441 1.15407 1 1 1
v 0.849171 4.72543 1.15434 1 1 1
v 0.848072 4.72441 1.15407 1 1 1
v -0.82965 4.70766 1.14971 1 1 1
v -0.827114 4.70552 1.14915 1 1 1
v -0.189307 4.70552 1.14915 1 1 1
v -0.146409 4.71032 1.1504 1 1 1
v -0.143797 4.70552 1.14915 1 1 1
v 0.146409 4.71032 1.1504 1 1 1
v 0.143797 4.70552 1.14915 1 1 1
v 0.189307 4.70552 1.14915 1 1 1
v 0.82965 4.70766 1.14971 1 1 1
v 0.827114 4.70552 1.14915 1 1 1
v -0.810128 4.68758 1.14448 1 1 1
v -0.809194 4.68663 1.14423 1 1 1
v -0.185451 4.69396 1.14615 1 1 1
v -0.18066 4.68663 1.14423 1 1 1
v -0.134708 4.68663 1.14423 1 1 1
v 0.134708 4.68663 1.14423 1 1 1
v 0.185451 4.69396 1.14615 1 1 1
v 0.180661 4.68663 1.14423 1 1 1
v 0.810129 4.68758 1.14448 1 1 1
v 0.809194 4.68663 1.14423 1 1 1
v -0.790607 4.67002 1.13991 1 1 1
v -0.788062 4.66773 1.13932 1 1 1
v -0.168403 4.66773 1.13932 1 1 1
v -0.126888 4.67421 1.141 1 1 1
v -0.124437 4.66773 1.13932 1 1 1
v 0.126888 4.67421 1.141 1 1 1
v 0.124437 4.66773 1.13932 1 1 1
v 0.168403 4.66773 1.13932 1 1 1
v 0.790607 4.67002 1.13991 1 1 1
v 0.788062 4.66773 1.13932 1 1 1
v -0.771086 4.65164 1.13513 1 1 1
v -0.767894 4.64884 1.1344 1 1 1
v -0.16593 4.66236 1.13792 1 1 1
v -0.15567 4.64884 1.1344 1 1 1
v -0.109829 4.64884 1.1344 1 1 1
v 0.109829 4.64884 1.1344 1 1 1
v 0.16593 4.66236 1.13792 1 1 1
v 0.15567 4.64884 1.1344 1 1 1
v 0.771086 4.65164 1.13513 1 1 1
v 0.767894 4.64884 1.1344 1 1 1
v -0.751565 4.63302 1.13028 1 1 1
v -0.748362 4.62995 1.12948 1 1 1
v -0.146959 4.62995 1.12948 1 1 1
v -0.107366 4.64442 1.13325 1 1 1
v -0.102831 4.62995 1.12948 1 1 1
v 0.107366 4.64442 1.13325 1 1 1
v 0.102831 4.62995 1.12948 1 1 1
v 0.146959 4.62995 1.12948 1 1 1
v 0.751565 4.63302 1.13028 1 1 1
v 0.748362 4.62995 1.12948 1 1 1
v -0.732044 4.61467 1.1255 1 1 1
v -0.727728 4.61106 1.12456 1 1 1
v -0.146409 4.62897 1.12922 1 1 1
v -0.133502 4.61106 1.12456 1 1 1
v -0.0879083 4.61106 1.12456 1 1 1
v 0.0879081 4.61106 1.12456 1 1 1
v 0.146409 4.62897 1.12922 1 1 1
v 0.133502 4.61106 1.12456 1 1 1
v 0.732044 4.61467 1.1255 1 1 1
v 0.727728 4.61106 1.12456 1 1 1
v -0.712523 4.59727 1.12097 1 1 1
v -0.707336 4.59217 1.11964 1 1 1
v -0.126888 4.59636 1.12073 1 1 1
v -0.123041 4.59217 1.11964 1 1 1
v -0.0878452 4.61099 1.12454 1 1 1
v -0.0787485 4.59217 1.11964 1 1 1
v 0.0878453 4.61099 1.12454 1 1 1
v 0.0787485 4.59217 1.11964 1 1 1
v 0.126888 4.59636 1.12073 1 1 1
v 0.123041 4.59217 1.11964 1 1 1
v 0.712523 4.59727 1.12097 1 1 1
v 0.707336 4.59217 1.11964 1 1 1
v -0.693001 4.57845 1.11607 1 1 1
v -0.687215 4.57328 1.11472 1 1 1
v -0.111138 4.57328 1.11472 1 1 1
v -0.0683241 4.578 1.11595 1 1 1
v -0.0597202 4.57328 1.11472 1 1 1
v 0.0683241 4.57801 1.11595 1 1 1
v 0.0597201 4.57328 1.11472 1 1 1
v 0.111138 4.57328 1.11472 1 1 1
v 0.693002 4.57845 1.11607 1 1 1
v 0.687215 4.57328 1.11472 1 1 1
v -0.67348 4.55936 1.1111 1 1 1
v -0.668471 4.55439 1.1098 1 1 1
v -0.16593 4.55505 1.10998 1 1 1
v -0.171535 4.55439 1.1098 1 1 1
v -0.146409 4.55532 1.11005 1 1 1
v -0.126888 4.55503 1.10997 1 1 1
v -0.0488029 4.56827 1.11342 1 1 1
v -0.0292817 4.56972 1.1138 1 1 1
v -0.0097605 4.56912 1.11364 1 1 1
v 0.00976062 4.56912 1.11364 1 1 1
v 0.0292817 4.56972 1.1138 1 1 1
v 0.048803 4.56827 1.11342 1 1 1
v 0.126888 4.55503 1.10997 1 1 1
v 0.146409 4.55532 1.11005 1 1 1
v 0.16593 4.55505 1.10998 1 1 1
v 0.171535 4.55439 1.1098 1 1 1
v 0.67348 4.55936 1.1111 1 1 1
v 0.668471 4.55439 1.1098 1 1 1
v -0.653959 4.53983 1.10601 1 1 1
v -0.649129 4.53549 1.10489 1 1 1
v -0.263536 4.53556 1.1049 1 1 1
v -0.264304 4.53549 1.10489 1 1 1
v -0.244015 4.53685 1.10524 1 1 1
v -0.224493 4.53858 1.10569 1 1 1
v -0.204972 4.54231 1.10666 1 1 1
v -0.185451 4.54869 1.10832 1 1 1
v 0.185451 4.54869 1.10832 1 1 1
v 0.204972 4.54231 1.10666 1 1 1
v 0.224494 4.53858 1.10569 1 1 1
v 0.244015 4.53685 1.10524 1 1 1
v 0.263536 4.53556 1.1049 1 1 1
v 0.264304 4.53549 1.10489 1 1 1
v 0.653959 4.53983 1.10601 1 1 1
v 0.649129 4.53549 1.10489 1 1 1
v -0.634438 4.52287 1.1016 1 1 1
v -0.627126 4.5166 1.09997 1 1 1
v -0.361142 4.51699 1.10007 1 1 1
v -0.365999 4.5166 1.09997 1 1 1
v -0.34162 4.51853 1.10047 1 1 1
v -0.322099 4.51957 1.10074 1 1 1
v -0.302578 4.52321 1.10169 1 1 1
v -0.283057 4.53076 1.10365 1 1 1
v 0.283057 4.53076 1.10365 1 1 1
v 0.302578 4.52321 1.10169 1 1 1
v 0.322099 4.51957 1.10074 1 1 1
v 0.34162 4.51853 1.10047 1 1 1
v 0.361142 4.51699 1.10007 1 1 1
v 0.365999 4.5166 1.09997 1 1 1
v 0.634438 4.52287 1.1016 1 1 1
v 0.627126 4.5166 1.09997 1 1 1
v -0.614917 4.50515 1.09698 1 1 1
v -0.607285 4.49771 1.09505 1 1 1
v -0.458747 4.49807 1.09514 1 1 1
v -0.462294 4.49771 1.09505 1 1 1
v -0.439226 4.49967 1.09556 1 1 1
v -0.419705 4.50067 1.09582 1 1 1
v -0.400184 4.50565 1.09711 1 1 1
v -0.380663 4.51264 1.09893 1 1 1
v 0.380663 4.51264 1.09893 1 1 1
v 0.400184 4.50565 1.09711 1 1 1
v 0.419705 4.50067 1.09582 1 1 1
v 0.439226 4.49967 1.09556 1 1 1
v 0.458748 4.49807 1.09514 1 1 1
v 0.462294 4.49771 1.09505 1 1 1
v 0.614917 4.50515 1.09698 1 1 1
v 0.607285 4.49771 1.09505 1 1 1
v -0.595396 4.48509 1.09176 1 1 1
v -0.58314 4.47882 1.09013 1 1 1
v -0.556353 4.47916 1.09022 1 1 1
v -0.560425 4.47882 1.09013 1 1 1
v -0.536832 4.48104 1.09071 1 1 1
v -0.517311 4.48198 1.09095 1 1 1
v -0.49779 4.48647 1.09212 1 1 1
v -0.478269 4.49306 1.09384 1 1 1
v 0.478269 4.49306 1.09384 1 1 1
v 0.49779 4.48647 1.09212 1 1 1
v 0.517311 4.48198 1.09095 1 1 1
v 0.536832 4.48104 1.09071 1 1 1
v 0.556353 4.47916 1.09022 1 1 1
v 0.560425 4.47882 1.09013 1 1 1
v 0.595396 4.48509 1.09176 1 1 1
v 0.583141 4.47882 1.09013 1 1 1
v -0.575874 4.47461 1.08903 1 1 1
v 0.575874 4.47461 1.08903 1 1 1
l 1 2
l 3 1
l 4 3
l 5 4
l 6 5
l 7 8
l 9 7
l 10 9
l 11 12
l 13 11
l 14 13
l 15 16
l 17 15
l 18 17
l 19 20
l 21 19
l 22 21
l 23 24
l 25 23
l 26 25
l 27 26
l 28 27
l 29 30
l 2 29
l 6 31
l 8 31
l 10 32
l 12 32
l 14 33
l 34 33
l 16 34
l 18 35
l 20 35
l 22 36
l 24 36
l 28 37
l 38 37
l 39 40
l 41 39
l 30 42
l 43 42
l 44 45
l 38 44
l 46 47
l 48 46
l 49 50
l 40 49
l 41 51
l 52 51
l 43 53
l 45 54
l 55 56
l 47 55
l 48 57
l 58 57
l 59 60
l 50 59
l 52 61
l 53 62
l 54 63
l 56 64
l 58 65
l 66 65
l 67 68
l 60 67
l 61 69
l 62 70
l 71 70
l 72 73
l 63 72
l 64 74
l 66 75
l 76 75
l 77 78
l 68 77
l 69 79
l 80 79
l 71 81
l 73 82
l 83 84
l 74 83
l 76 85
l 86 85
l 87 88
l 78 87
l 80 89
l 81 90
l 82 91
l 84 92
l 86 93
l 94 93
l 95 96
l 88 95
l 89 97
l 90 98
l 99 98
l 100 101
l 91 100
l 92 102
l 94 103
l 104 103
l 105 106
l 96 105
l 97 107
l 99 108
l 101 109
l 102 110
l 104 111
l 112 111
l 106 113
l 107 114
l 115 114
l 108 116
l 109 117
l 118 119
l 110 118
l 112 120
l 121 122
l 113 121
l 115 123
l 116 124
l 125 124
l 126 127
l 117 126
l 119 128
l 120 129
l 130 129
l 131 132
l 122 131
l 123 133
l 134 133
l 125 135
l 127 136
l 137 138
l 128 137
l 130 139
l 140 139
l 141 142
l 132 141
l 134 143
l 135 144
l 136 145
l 138 146
l 140 147
l 148 147
l 149 150
l 142 149
l 143 151
l 144 152
l 153 152
l 154 155
l 145 154
l 146 156
l 148 157
l 158 157
l 159 160
l 150 159
l 151 161
l 162 161
l 153 163
l 155 164
l 165 166
l 156 165
l 158 167
l 168 167
l 169 170
l 160 169
l 162 171
l 163 172
l 164 173
l 166 174
l 168 175
l 176 175
l 177 178
l 170 177
l 171 179
l 172 180
l 181 180
l 182 183
l 173 182
l 174 184
l 176 185
l 186 185
l 187 188
l 178 187
l 179 189
l 190 189
l 181 191
l 183 192
l 193 194
l 184 193
l 186 195
l 196 195
l 197 198
l 188 197
l 190 199
l 191 200
l 192 201
l 194 202
l 196 203
l 204 203
l 205 206
l 198 205
l 199 207
l 200 208
l 201 209
l 202 210
l 204 211
l 212 211
l 206 213
l 207 214
l 215 214
l 208 216
l 217 216
l 218 219
l 209 218
l 220 221
l 210 220
l 212 222
l 223 224
l 213 223
l 215 225
l 217 226
l 219 227
l 221 228
l 222 229
l 230 229
l 231 232
l 224 231
l 225 233
l 226 234
l 227 235
l 228 236
l 230 237
l 238 237
l 239 240
l 232 239
l 233 241
l 242 241
l 234 243
l 244 243
l 245 246
l 235 245
l 247 248
l 236 247
l 238 249
l 250 249
l 251 252
l 240 251
l 242 253
l 244 254
l 246 255
l 248 256
l 250 257
l 258 257
l 259 260
l 252 259
l 253 261
l 254 262
l 263 262
l 264 265
l 255 264
l 256 266
l 258 267
l 268 267
l 260 269
l 261 270
l 271 270
l 263 272
l 265 273
l 274 275
l 266 274
l 268 276
l 269 277
l 271 278
l 272 279
l 273 280
l 275 281
l 276 282
l 277 283
l 278 284
l 279 285
l 286 285
l 287 288
l 289 287
l 290 289
l 291 292
l 280 291
l 281 293
l 282 294
l 283 295
l 296 295
l 297 298
l 299 297
l 300 299
l 301 300
l 284 301
l 286 302
l 288 302
l 290 303
l 292 303
l 293 304
l 305 304
l 306 305
l 307 306
l 308 307
l 309 310
l 294 309
l 296 311
l 312 313
l 314 312
l 315 314
l 316 315
l 317 316
l 298 317
l 308 318
l 319 318
l 320 319
l 321 320
l 322 321
l 323 322
l 310 324
l 311 325
l 326 327
l 328 326
l 329 328
l 330 329
l 331 330
l 332 331
l 313 332
l 323 333
l 334 333
l 335 334
l 336 335
l 337 336
l 338 337
l 339 338
l 324 340
l 325 341
l 342 343
l 344 342
l 345 344
l 346 345
l 347 346
l 327 347
l 339 348
l 349 348
l 350 349
l 351 350
l 352 351
l 353 352
l 340 354
l 341 355
l 356 355
l 357 358
l 359 357
l 360 359
l 361 360
l 362 361
l 343 362
l 353 363
l 364 363
l 365 364
l 366 365
l 367 366
l 368 367
l 369 370
l 354 369
l 356 371
l 372 371
l 373 372
l 374 373
l 375 374
l 358 375
l 368 376
l 377 376
l 378 377
l 379 378
l 380 379
l 370 380
l 381 382
l 383 381
l 384 385
l 386 384
l 387 388
l 389 387
l 390 391
l 392 390
l 393 394
l 382 393
l 383 395
l 396 395
l 397 396
l 398 397
l 399 398
l 400 399
l 401 400
l 402 401
l 385 402
l 386 403
l 404 403
l 388 404
l 389 405
l 406 405
l 407 406
l 408 407
l 409 408
l 410 409
l 411 410
l 412 411
l 391 412
l 392 413
l 414 413
l 415 416
l 417 415
l 394 418
l 419 418
l 420 421
l 414 420
l 422 423
l 424 422
l 425 426
l 416 425
l 417 427
l 428 427
l 419 429
l 421 430
l 431 432
l 423 431
l 424 433
l 434 433
l 435 436
l 426 435
l 428 437
l 429 438
l 430 439
l 432 440
l 434 441
l 442 441
l 443 444
l 436 443
l 437 445
l 438 446
l 447 446
l 448 449
l 439 448
l 440 450
l 442 451
l 452 451
l 453 454
l 444 453
l 445 455
l 447 456
l 449 457
l 450 458
l 452 459
l 460 459
l 454 461
l 455 462
l 463 462
l 456 464
l 457 465
l 466 467
l 458 466
l 460 468
l 469 470
l 461 469
l 463 471
l 464 472
l 473 472
l 474 475
l 465 474
l 467 476
l 468 477
l 478 477
l 479 480
l 470 479
l 471 481
l 473 482
l 475 483
l 476 484
l 478 485
l 486 485
l 487 488
l 480 487
l 481 489
l 490 489
l 482 491
l 483 492
l 493 494
l 484 493
l 486 495
l 496 495
l 497 498
l 488 497
l 490 499
l 491 500
l 501 500
l 502 503
l 492 502
l 494 504
l 496 505
l 506 505
l 507 508
l 498 507
l 499 509
l 510 509
l 501 511
l 503 512
l 513 514
l 504 513
l 506 515
l 516 515
l 517 518
l 508 517
l 510 519
l 511 520
l 512 521
l 514 522
l 516 523
l 524 523
l 525 526
l 518 525
l 519 527
l 528 527
l 520 529
l 530 529
l 531 532
l 521 531
l 533 534
l 522 533
l 524 535
l 536 535
l 537 538
l 526 537
l 528 539
l 530 540
l 532 541
l 534 542
l 536 543
l 544 543
l 545 546
l 538 545
l 539 547
l 540 548
l 541 549
l 542 550
l 544 551
l 552 551
l 553 554
l 546 553
l 547 555
l 548 556
l 549 557
l 550 558
l 552 559
l 560 559
l 554 561
l 555 562
l 563 562
l 556 564
l 565 564
l 566 567
l 557 566
l 568 569
l 558 568
l 560 570
l 571 572
l 561 571
l 563 573
l 565 574
l 567 575
l 569 576
l 570 577
l 578 577
l 579 580
l 572 579
l 573 581
l 574 582
l 575 583
l 576 584
l 578 585
l 586 585
l 587 588
l 580 587
l 581 589
l 590 589
l 582 591
l 583 592
l 593 594
l 584 593
l 586 595
l 596 595
l 597 598
l 588 597
l 590 599
l 591 599
l 592 600
l 594 600
l 596 601
l 602 601
l 603 604
l 598 603
l 602 605
l 606 605
l 607 608
l 604 607
l 609 610
l 611 609
l 612 611
l 613 614
l 615 613
l 616 615
l 606 617
l 618 617
l 619 620
l 608 619
l 610 621
l 612 622
l 614 623
l 616 624
l 618 625
l 626 625
l 627 628
l 620 627
l 621 629
l 622 630
l 631 630
l 632 633
l 623 632
l 624 634
l 626 635
l 636 635
l 628 637
l 629 638
l 639 638
l 631 640
l 633 641
l 642 643
l 634 642
l 636 644
l 637 645
l 639 646
l 640 647
l 641 648
l 643 649
l 644 650
l 645 651
l 646 652
l 647 653
l 654 653
l 655 656
l 657 655
l 658 657
l 659 660
l 648 659
l 649 661
l 650 662
l 651 663
l 664 663
l 665 666
l 667 665
l 668 667
l 669 668
l 652 669
l 654 670
l 656 670
l 658 671
l 660 671
l 661 672
l 673 672
l 674 673
l 675 674
l 676 675
l 677 678
l 662 677
l 664 679
l 680 681
l 682 680
l 683 682
l 684 683
l 685 684
l 666 685
l 676 686
l 687 686
l 688 687
l 689 688
l 690 689
l 691 690
l 678 692
l 679 693
l 694 695
l 696 694
l 697 696
l 698 697
l 699 698
l 700 699
l 681 700
l 691 701
l 702 701
l 703 702
l 704 703
l 705 704
l 706 705
l 707 706
l 692 708
l 693 709
l 710 709
l 711 712
l 713 711
l 714 713
l 715 714
l 716 715
l 695 716
l 707 717
l 718 717
l 719 718
l 720 719
l 721 720
l 722 721
l 723 724
l 708 723
l 710 725
l 726 727
l 728 726
l 729 728
l 730 729
l 731 730
l 732 731
l 712 732
l 722 733
l 734 733
l 735 734
l 736 735
l 737 736
l 738 737
l 739 738
l 724 740
l 725 741
l 742 741
l 743 742
l 744 743
l 727 744
l 739 745
l 746 745
l 747 746
l 748 747
l 740 748
l 749 750
l 751 749
l 752 751
l 753 752
l 754 753
l 755 754
l 756 755
l 757 756
l 758 757
l 759 758
l 760 759
l 761 760
l 762 761
l 763 762
l 764 763
l 765 764
l 766 765
l 767 766
l 768 767
l 769 768
l 770 769
l 771 770
l 772 771
l 773 772
l 774 773
l 775 776
l 777 775
l 750 778
l 779 778
l 780 781
l 774 780
l 782 783
l 784 782
l 785 786
l 776 785
l 777 787
l 779 788
l 781 789
l 783 790
l 784 791
l 792 791
l 793 794
l 786 793
l 787 795
l 796 795
l 788 797
l 789 798
l 799 800
l 790 799
l 792 801
l 802 801
l 803 804
l 794 803
l 796 805
l 797 806
l 807 806
l 808 809
l 798 808
l 800 810
l 802 811
l 812 811
l 804 813
l 805 814
l 807 815
l 809 816
l 810 817
l 812 818
l 819 820
l 813 819
l 814 821
l 822 821
l 815 823
l 816 824
l 825 826
l 817 825
l 818 827
l 828 827
l 829 830
l 820 829
l 822 831
l 823 832
l 833 832
l 834 835
l 824 834
l 826 836
l 828 837
l 838 837
l 839 840
l 830 839
l 831 841
l 833 842
l 835 843
l 836 844
l 838 845
l 846 845
l 847 848
l 840 847
l 841 849
l 850 849
l 842 851
l 843 852
l 853 854
l 844 853
l 846 855
l 856 855
l 857 858
l 848 857
l 850 859
l 851 860
l 852 861
l 854 862
l 856 863
l 864 863
l 865 866
l 858 865
l 859 867
l 868 867
l 860 869
l 870 869
l 871 872
l 861 871
l 873 874
l 862 873
l 864 875
l 876 875
l 877 878
l 866 877
l 868 879
l 870 880
l 872 881
l 874 882
l 876 883
l 884 883
l 885 886
l 878 885
l 879 887
l 888 887
l 880 889
l 890 889
l 891 892
l 881 891
l 893 894
l 882 893
l 884 895
l 896 895
l 897 898
l 886 897
l 888 899
l 890 900
l 892 901
l 894 902
l 896 903
l 904 903
l 905 906
l 898 905
l 899 907
l 900 908
l 901 909
l 902 910
l 904 911
l 912 911
l 906 913
l 907 914
l 908 915
l 909 916
l 910 917
l 912 918
l 919 920
l 913 919
l 914 921
l 922 921
l 915 923
l 916 924
l 925 926
l 917 925
l 918 927
l 928 927
l 929 930
l 920 929
l 922 931
l 923 932
l 933 932
l 934 935
l 924 934
l 926 936
l 928 937
l 938 937
l 939 940
l 930 939
l 931 941
l 933 942
l 935 943
l 936 944
l 938 945
l 946 945
l 947 948
l 940 947
l 941 949
l 950 949
l 942 950
l 943 951
l 952 951
l 944 952
l 946 953
l 954 953
l 955 956
l 948 955
l 954 957
l 958 957
l 959 960
l 956 959
l 958 961
l 962 961
l 963 964
l 960 963
l 962 965
l 966 965
l 967 968
l 964 967
l 969 970
l 971 969
l 972 971
l 973 974
l 975 973
l 976 975
l 966 977
l 978 977
l 979 980
l 968 979
l 970 981
l 972 982
l 983 982
l 984 985
l 974 984
l 976 986
l 978 987
l 988 987
l 980 989
l 981 990
l 991 990
l 983 992
l 985 993
l 994 995
l 986 994
l 988 996
l 989 997
l 991 998
l 992 999
l 993 1000
l 995 1001
l 996 1002
l 997 1003
l 1004 1003
l 998 1005
l 999 1006
l 1007 1006
l 1008 1009
l 1010 1008
l 1011 1010
l 1012 1013
l 1000 1012
l 1001 1014
l 1015 1016
l 1002 1015
l 1004 1017
l 1018 1019
l 1020 1018
l 1021 1020
l 1022 1021
l 1023 1022
l 1005 1023
l 1007 1024
l 1009 1024
l 1011 1025
l 1013 1025
l 1014 1026
l 1027 1026
l 1028 1027
l 1029 1028
l 1030 1029
l 1031 1030
l 1016 1032
l 1017 1033
l 1034 1035
l 1036 1034
l 1037 1036
l 1038 1037
l 1039 1038
l 1019 1039
l 1031 1040
l 1041 1040
l 1042 1041
l 1043 1042
l 1044 1043
l 1045 1044
l 1032 1046
l 1033 1047
l 1048 1049
l 1050 1048
l 1051 1050
l 1052 1051
l 1053 1052
l 1035 1053
l 1045 1054
l 1055 1054
l 1056 1055
l 1057 1056
l 1058 1057
l 1059 1058
l 1046 1060
l 1047 1061
l 1062 1061
l 1063 1064
l 1065 1063
l 1066 1065
l 1067 1066
l 1068 1067
l 1049 1068
l 1059 1069
l 1070 1069
l 1071 1070
l 1072 1071
l 1073 1072
l 1074 1073
l 1075 1076
l 1060 1075
l 1062 1077
l 1078 1079
l 1080 1078
l 1081 1080
l 1082 1081
l 1083 1082
l 1084 1083
l 1064 1084
l 1074 1085
l 1086 1085
l 1087 1086
l 1088 1087
l 1089 1088
l 1090 1089
l 1091 1090
l 1076 1092
l 1077 1093
l 1094 1093
l 1095 1094
l 1096 1095
l 1079 1096
l 1091 1097
l 1098 1097
l 1099 1098
l 1100 1099
l 1092 1100
l 1101 1102
l 1103 1101
l 1104 1103
l 1105 1104
l 1106 1105
l 1107 1106
l 1108 1107
l 1109 1108
l 1110 1109
l 1111 1110
l 1112 1111
l 1113 1112
l 1114 1113
l 1115 1114
l 1116 1115
l 1117 1116
l 1118 1117
l 1119 1118
l 1120 1119
l 1121 1120
l 1122 1121
l 1123 1122
l 1124 1123
l 1125 1126
l 1127 1125
l 1102 1128
l 1124 1129
l 1130 1131
l 1132 1130
l 1133 1134
l 1126 1133
l 1127 1135
l 1128 1136
l 1129 1137
l 1131 1138
l 1132 1139
l 1140 1139
l 1141 1142
l 1134 1141
l 1135 1143
l 1144 1143
l 1136 1145
l 1146 1145
l 1147 1148
l 1137 1147
l 1149 1150
l 1138 1149
l 1140 1151
l 1152 1151
l 1142 1153
l 1144 1154
l 1146 1155
l 1148 1156
l 1150 1157
l 1152 1158
l 1159 1160
l 1153 1159
l 1154 1161
l 1155 1162
l 1156 1163
l 1157 1164
l 1158 1165
l 1166 1165
l 1167 1168
l 1160 1167
l 1161 1169
l 1170 1169
l 1162 1171
l 1163 1172
l 1173 1174
l 1164 1173
l 1166 1175
l 1176 1175
l 1177 1178
l 1168 1177
l 1170 1179
l 1171 1180
l 1181 1180
l 1182 1183
l 1172 1182
l 1174 1184
l 1176 1185
l 1186 1185
l 1187 1188
l 1178 1187
l 1179 1189
l 1181 1190
l 1183 1191
l 1184 1192
l 1186 1193
l 1194 1193
l 1195 1196
l 1188 1195
l 1189 1197
l 1198 1197
l 1190 1199
l 1191 1200
l 1201 1202
l 1192 1201
l 1194 1203
l 1204 1203
l 1205 1206
l 1196 1205
l 1198 1207
l 1199 1208
l 1200 1209
l 1202 1210
l 1204 1211
l 1212 1211
l 1213 1214
l 1206 1213
l 1207 1215
l 1216 1215
l 1208 1217
l 1218 1217
l 1219 1220
l 1209 1219
l 1221 1222
l 1210 1221
l 1212 1223
l 1224 1223
l 1225 1226
l 1214 1225
l 1216 1227
l 1228 1227
l 1218 1229
l 1220 1230
l 1231 1232
l 1222 1231
l 1224 1233
l 1234 1233
l 1235 1236
l 1226 1235
l 1228 1237
l 1229 1238
l 1239 1238
l 1240 1241
l 1230 1240
l 1232 1242
l 1234 1243
l 1244 1243
l 1245 1246
l 1236 1245
l 1237 1247
l 1239 1248
l 1241 1249
l 1242 1250
l 1244 1251
l 1252 1251
l 1246 1253
l 1247 1254
l 1248 1255
l 1249 1256
l 1250 1257
l 1252 1258
l 1259 1260
l 1253 1259
l 1254 1261
l 1255 1262
l 1256 1263
l 1257 1264
l 1258 1265
l 1266 1265
l 1267 1268
l 1260 1267
l 1261 1269
l 1270 1269
l 1262 1271
l 1263 1272
l 1273 1274
l 1264 1273
l 1266 1275
l 1276 1275
l 1277 1278
l 1268 1277
l 1270 1279
l 1271 1280
l 1272 1281
l 1274 1282
l 1276 1283
l 1284 1283
l 1285 1286
l 1278 1285
l 1279 1287
l 1280 1288
l 1281 1289
l 1282 1290
l 1284 1291
l 1292 1291
l 1293 1294
l 1286 1293
l 1287 1295
l 1288 1295
l 1289 1296
l 1290 1296
l 1292 1297
l 1298 1297
l 1299 1300
l 1294 1299
l 1298 1301
l 1302 1301
l 1303 1304
l 1300 1303
l 1302 1305
l 1306 1305
l 1307 1308
l 1304 1307
l 1306 1309
l 1310 1309
l 1311 1312
l 1308 1311
l 1313 1314
l 1315 1313
l 1316 1315
l 1317 1318
l 1319 1317
l 1320 1319
l 1310 1321
l 1322 1321
l 1323 1324
l 1312 1323
l 1314 1325
l 1316 1326
l 1327 1326
l 1328 1329
l 1318 1328
l 1320 1330
l 1322 1331
l 1332 1331
l 1324 1333
l 1325 1334
l 1335 1334
l 1327 1336
l 1329 1337
l 1338 1339
l 1330 1338
l 1332 1340
l 1333 1341
l 1335 1342
l 1336 1343
l 1337 1344
l 1339 1345
l 1340 1346
l 1341 1347
l 1348 1347
l 1342 1349
l 1343 1350
l 1351 1350
l 1352 1351
l 1353 1352
l 1354 1353
l 1355 1354
l 1344 1355
l 1345 1356
l 1357 1358
l 1346 1357
l 1348 1359
l 1360 1361
l 1362 1360
l 1363 1362
l 1364 1363
l 1365 1364
l 1349 1365
l 1356 1366
l 1367 1366
l 1368 1367
l 1369 1368
l 1370 1369
l 1371 1370
l 1358 1372
l 1359 1373
l 1374 1375
l 1376 1374
l 1377 1376
l 1378 1377
l 1379 1378
l 1361 1379
l 1371 1380
l 1381 1380
l 1382 1381
l 1383 1382
l 1384 1383
l 1385 1384
l 1372 1386
l 1373 1387
l 1388 1389
l 1390 1388
l 1391 1390
l 1392 1391
l 1393 1392
l 1375 1393
l 1385 1394
l 1395 1394
l 1396 1395
l 1397 1396
l 1398 1397
l 1399 1398
l 1386 1400
l 1387 1401
l 1402 1401
l 1403 1404
l 1405 1403
l 1406 1405
l 1407 1406
l 1408 1407
l 1409 1408
l 1389 1409
l 1399 1410
l 1411 1410
l 1412 1411
l 1413 1412
l 1414 1413
l 1415 1414
l 1416 1415
l 1417 1418
l 1400 1417
l 1402 1419
l 1420 1421
l 1422 1420
l 1423 1422
l 1424 1423
l 1425 1424
l 1404 1425
l 1416 1426
l 1427 1426
l 1428 1427
l 1429 1428
l 1430 1429
l 1431 1430
l 1418 1432
l 1419 1433
l 1434 1433
l 1435 1434
l 1436 1435
l 1421 1436
l 1431 1437
l 1438 1437
l 1439 1438
l 1440 1439
l 1432 1440
l 1441 1442
l 1443 1441
l 1444 1443
l 1445 1444
l 1446 1445
l 1447 1446
l 1448 1447
l 1449 1448
l 1450 1449
l 1451 1450
l 1452 1451
l 1453 1452
l 1454 1453
l 1455 1454
l 1456 1455
l 1457 1456
l 1458 1457
l 1459 1458
l 1460 1459
l 1461 1460
l 1462 1461
l 1463 1462
l 1464 1463
l 1465 1466
l 1467 1465
l 1442 1468
l 1464 1469
l 1470 1471
l 1472 1470
l 1473 1474
l 1466 1473
l 1467 1475
l 1468 1476
l 1469 1477
l 1471 1478
l 1472 1479
l 1480 1479
l 1474 1481
l 1475 1482
l 1483 1482
l 1476 1484
l 1485 1484
l 1486 1487
l 1477 1486
l 1488 1489
l 1478 1488
l 1480 1490
l 1491 1492
l 1481 1491
l 1483 1493
l 1485 1494
l 1487 1495
l 1489 1496
l 1490 1497
l 1498 1497
l 1499 1500
l 1492 1499
l 1493 1501
l 1494 1502
l 1495 1503
l 1496 1504
l 1498 1505
l 1506 1505
l 1507 1508
l 1500 1507
l 1501 1509
l 1510 1509
l 1502 1511
l 1512 1511
l 1513 1514
l 1503 1513
l 1515 1516
l 1504 1515
l 1506 1517
l 1518 1517
l 1519 1520
l 1508 1519
l 1510 1521
l 1512 1522
l 1514 1523
l 1516 1524
l 1518 1525
l 1526 1525
l 1527 1528
l 1520 1527
l 1521 1529
l 1522 1530
l 1523 1531
l 1524 1532
l 1526 1533
l 1534 1533
l 1535 1536
l 1528 1535
l 1529 1537
l 1538 1537
l 1530 1539
l 1531 1540
l 1541 1542
l 1532 1541
l 1534 1543
l 1544 1543
l 1545 1546
l 1536 1545
l 1538 1547
l 1539 1548
l 1540 1549
l 1542 1550
l 1544 1551
l 1552 1551
l 1553 1554
l 1546 1553
l 1547 1555
l 1556 1555
l 1548 1557
l 1558 1557
l 1559 1560
l 1549 1559
l 1561 1562
l 1550 1561
l 1552 1563
l 1564 1563
l 1565 1566
l 1554 1565
l 1556 1567
l 1568 1567
l 1558 1569
l 1560 1570
l 1571 1572
l 1562 1571
l 1564 1573
l 1574 1573
l 1566 1575
l 1568 1576
l 1569 1577
l 1578 1577
l 1579 1580
l 1570 1579
l 1572 1581
l 1574 1582
l 1583 1584
l 1575 1583
l 1576 1585
l 1578 1586
l 1580 1587
l 1581 1588
l 1582 1589
l 1590 1589
l 1591 1592
l 1584 1591
l 1585 1593
l 1586 1594
l 1587 1595
l 1588 1596
l 1590 1597
l 1598 1597
l 1599 1600
l 1592 1599
l 1593 1601
l 1594 1602
l 1595 1603
l 1596 1604
l 1598 1605
l 1606 1605
l 1607 1608
l 1600 1607
l 1601 1609
l 1610 1609
l 1602 1611
l 1603 1612
l 1613 1614
l 1604 1613
l 1606 1615
l 1616 1615
l 1617 1618
l 1608 1617
l 1610 1619
l 1611 1620
l 1612 1621
l 1614 1622
l 1616 1623
l 1624 1623
l 1625 1626
l 1618 1625
l 1619 1627
l 1620 1628
l 1621 1629
l 1622 1630
l 1624 1631
l 1632 1631
l 1633 1634
l 1626 1633
l 1627 1635
l 1628 1635
l 1629 1636
l 1630 1636
l 1632 1637
l 1638 1637
l 1639 1640
l 1634 1639
l 1638 1641
l 1642 1641
l 1643 1644
l 1640 1643
l 1642 1645
l 1646 1645
l 1647 1648
l 1644 1647
l 1646 1649
l 1650 1649
l 1648 1651
l 1652 1653
l 1654 1652
l 1655 1654
l 1656 1657
l 1658 1656
l 1659 1658
l 1650 1660
l 1661 1662
l 1651 1661
l 1653 1663
l 1655 1664
l 1665 1664
l 1666 1667
l 1657 1666
l 1659 1668
l 1660 1669
l 1670 1669
l 1671 1672
l 1662 1671
l 1663 1673
l 1674 1673
l 1665 1675
l 1667 1676
l 1677 1678
l 1668 1677
l 1670 1679
l 1680 1679
l 1672 1681
l 1674 1682
l 1675 1683
l 1684 1683
l 1685 1686
l 1676 1685
l 1678 1687
l 1680 1688
l 1681 1689
l 1690 1689
l 1682 1691
l 1684 1692
l 1693 1692
l 1694 1693
l 1695 1694
l 1686 1695
l 1687 1696
l 1697 1698
l 1688 1697
l 1690 1699
l 1700 1701
l 1702 1700
l 1703 1702
l 1704 1703
l 1705 1704
l 1691 1705
l 1696 1706
l 1707 1706
l 1708 1707
l 1709 1708
l 1710 1709
l 1711 1710
l 1698 1712
l 1699 1713
l 1714 1715
l 1716 1714
l 1717 1716
l 1718 1717
l 1719 1718
l 1701 1719
l 1711 1720
l 1721 1720
l 1722 1721
l 1723 1722
l 1724 1723
l 1725 1724
l 1712 1726
l 1713 1727
l 1728 1727
l 1729 1730
l 1731 1729
l 1732 1731
l 1733 1732
l 1734 1733
l 1735 1734
l 1715 1735
l 1725 1736
l 1737 1736
l 1738 1737
l 1739 1738
l 1740 1739
l 1741 1740
l 1742 1741
l 1743 1744
l 1726 1743
l 1728 1745
l 1746 1747
l 1748 1746
l 1749 1748
l 1750 1749
l 1751 1750
l 1730 1751
l 1742 1752
l 1753 1752
l 1754 1753
l 1755 1754
l 1756 1755
l 1757 1756
l 1744 1758
l 1745 1759
l 1760 1761
l 1762 1760
l 1763 1762
l 1764 1763
l 1765 1764
l 1766 1765
l 1747 1766
l 1757 1767
l 1768 1767
l 1769 1768
l 1770 1769
l 1771 1770
l 1772 1771
l 1773 1772
l 1758 1774
l 1759 1775
l 1776 1775
l 1777 1776
l 1761 1777
l 1773 1778
l 1779 1778
l 1780 1779
l 1774 1780
l 1781 1782
l 1783 1781
l 1784 1783
l 1785 1784
l 1786 1785
l 1787 1786
l 1788 1787
l 1789 1788
l 1790 1789
l 1791 1790
l 1792 1791
l 1793 1792
l 1794 1793
l 1795 1794
l 1796 1795
l 1797 1796
l 1798 1797
l 1799 1798
l 1800 1799
l 1801 1800
l 1802 1801
l 1803 1802
l 1804 1803
l 1805 1806
l 1807 1805
l 1782 1808
l 1804 1809
l 1810 1811
l 1812 1810
l 1806 1813
l 1807 1814
l 1808 1815
l 1809 1816
l 1811 1817
l 1812 1818
l 1819 1820
l 1813 1819
l 1814 1821
l 1822 1821
l 1815 1823
l 1824 1823
l 1825 1826
l 1816 1825
l 1827 1828
l 1817 1827
l 1818 1829
l 1830 1829
l 1831 1832
l 1820 1831
l 1822 1833
l 1824 1834
l 1826 1835
l 1828 1836
l 1830 1837
l 1838 1837
l 1839 1840
l 1832 1839
l 1833 1841
l 1834 1842
l 1835 1843
l 1836 1844
l 1838 1845
l 1846 1845
l 1847 1848
l 1840 1847
l 1841 1849
l 1850 1849
l 1842 1851
l 1852 1851
l 1853 1854
l 1843 1853
l 1855 1856
l 1844 1855
l 1846 1857
l 1858 1857
l 1859 1860
l 1848 1859
l 1850 1861
l 1852 1862
l 1854 1863
l 1856 1864
l 1858 1865
l 1866 1865
l 1867 1868
l 1860 1867
l 1861 1869
l 1862 1870
l 1863 1871
l 1864 1872
l 1866 1873
l 1874 1873
l 1875 1876
l 1868 1875
l 1869 1877
l 1878 1877
l 1870 1879
l 1871 1880
l 1881 1882
l 1872 1881
l 1874 1883
l 1884 1883
l 1885 1886
l 1876 1885
l 1878 1887
l 1879 1888
l 1880 1889
l 1882 1890
l 1884 1891
l 1892 1891
l 1893 1894
l 1886 1893
l 1887 1895
l 1896 1895
l 1897 1898
l 1899 1900
l 1901 1902
l 1890 1901
l 1892 1903
l 1904 1903
l 1905 1906
l 1894 1905
l 1907 1908
l 1897 1909
l 1900 1910
l 1911 1912
l 1904 1913
l 1914 1913
l 1906 1915
l 1908 1916
l 1909 1917
l 1918 1917
l 1919 1920
l 1910 1919
l 1912 1921
l 1914 1922
l 1923 1924
l 1915 1923
l 1916 1925
l 1918 1926
l 1920 1927
l 1921 1928
l 1922 1929
l 1930 1929
l 1931 1932
l 1924 1931
l 1925 1933
l 1926 1934
l 1927 1935
l 1928 1936
l 1930 1937
l 1938 1937
l 1939 1940
l 1932 1939
l 1933 1941
l 1934 1942
l 1935 1943
l 1936 1944
l 1938 1945
l 1946 1945
l 1947 1948
l 1940 1947
l 1941 1949
l 1942 1950
l 1943 1951
l 1944 1952
l 1946 1953
l 1954 1953
l 1955 1956
l 1948 1955
l 1949 1957
l 1958 1957
l 1950 1959
l 1951 1960
l 1961 1962
l 1952 1961
l 1954 1963
l 1964 1963
l 1965 1966
l 1956 1965
l 1958 1967
l 1959 1968
l 1960 1969
l 1962 1970
l 1964 1971
l 1972 1971
l 1973 1974
l 1966 1973
l 1967 1975
l 1968 1975
l 1969 1976
l 1970 1976
l 1972 1977
l 1978 1977
l 1979 1980
l 1974 1979
l 1978 1981
l 1982 1981
l 1983 1984
l 1980 1983
l 1982 1985
l 1986 1985
l 1987 1988
l 1984 1987
l 1986 1989
l 1990 1989
l 1988 1991
l 1992 1993
l 1994 1992
l 1995 1996
l 1997 1995
l 1990 1998
l 1999 2000
l 1991 1999
l 2001 2002
l 1993 2001
l 1994 2003
l 2004 2003
l 2005 2006
l 1996 2005
l 1997 2007
l 2008 2007
l 1998 2009
l 2010 2009
l 2011 2012
l 2000 2011
l 2002 2013
l 2014 2013
l 2004 2015
l 2006 2016
l 2017 2018
l 2008 2017
l 2010 2019
l 2020 2019
l 2012 2021
l 2014 2022
l 2015 2023
l 2024 2023
l 2025 2026
l 2016 2025
l 2018 2027
l 2020 2028
l 2021 2029
l 2030 2029
l 2022 2031
l 2024 2032
l 2033 2032
l 2034 2033
l 2035 2034
l 2026 2035
l 2027 2036
l 2037 2038
l 2028 2037
l 2030 2039
l 2040 2041
l 2042 2040
l 2043 2042
l 2044 2043
l 2045 2044
l 2031 2045
l 2036 2046
l 2047 2046
l 2048 2047
l 2049 2048
l 2050 2049
l 2051 2050
l 2038 2052
l 2039 2053
l 2054 2055
l 2056 2054
l 2057 2056
l 2058 2057
l 2059 2058
l 2060 2059
l 2041 2060
l 2051 2061
l 2062 2061
l 2063 2062
l 2064 2063
l 2065 2064
l 2066 2065
l 2067 2066
l 2052 2068
l 2053 2069
l 2070 2069
l 2071 2072
l 2073 2071
l 2074 2073
l 2075 2074
l 2076 2075
l 2055 2076
l 2067 2077
l 2078 2077
l 2079 2078
l 2080 2079
l 2081 2080
l 2082 2081
l 2083 2084
l 2068 2083
l 2070 2085
l 2086 2087
l 2088 2086
l 2089 2088
l 2090 2089
l 2091 2090
l 2072 2091
l 2082 2092
l 2093 2092
l 2094 2093
l 2095 2094
l 2096 2095
l 2097 2096
l 2084 2098
l 2085 2099
l 2100 2101
l 2102 2100
l 2103 2102
l 2104 2103
l 2105 2104
l 2106 2105
l 2087 2106
l 2097 2107
l 2108 2107
l 2109 2108
l 2110 2109
l 2111 2110
l 2112 2111
l 2113 2112
l 2098 2114
l 2099 2115
l 2116 2115
l 2117 2116
l 2101 2117
l 2113 2118
l 2119 2118
l 2120 2119
l 2114 2120
l 2121 2122
l 2123 2121
l 2124 2123
l 2125 2124
l 2126 2125
l 2127 2126
l 2128 2127
l 2129 2128
l 2130 2129
l 2131 2130
l 2132 2131
l 2133 2132
l 2134 2133
l 2135 2134
l 2136 2135
l 2137 2136
l 2138 2137
l 2139 2138
l 2140 2139
l 2141 2140
l 2142 2141
l 2143 2142
l 2144 2143
l 2122 2145
l 2144 2146
l 2147 2148
l 2149 2147
l 2145 2150
l 2146 2151
l 2152 2153
l 2154 2152
l 2155 2156
l 2148 2155
l 2149 2157
l 2150 2158
l 2159 2158
l 2160 2161
l 2151 2160
l 2153 2162
l 2154 2163
l 2164 2163
l 2165 2166
l 2156 2165
l 2157 2167
l 2168 2167
l 2159 2169
l 2161 2170
l 2171 2172
l 2162 2171
l 2164 2173
l 2174 2173
l 2175 2176
l 2166 2175
l 2168 2177
l 2169 2178
l 2170 2179
l 2172 2180
l 2174 2181
l 2182 2181
l 2183 2184
l 2176 2183
l 2177 2185
l 2186 2185
l 2178 2187
l 2188 2187
l 2189 2190
l 2179 2189
l 2191 2192
l 2180 2191
l 2182 2193
l 2194 2193
l 2195 2196
l 2184 2195
l 2186 2197
l 2188 2198
l 2190 2199
l 2192 2200
l 2194 2201
l 2202 2201
l 2203 2204
l 2196 2203
l 2197 2205
l 2198 2206
l 2199 2207
l 2200 2208
l 2202 2209
l 2210 2209
l 2211 2212
l 2204 2211
l 2205 2213
l 2214 2213
l 2206 2215
l 2207 2216
l 2217 2218
l 2208 2217
l 2210 2219
l 2220 2219
l 2221 2222
l 2212 2221
l 2214 2223
l 2215 2224
l 2216 2225
l 2218 2226
l 2220 2227
l 2228 2227
l 2229 2230
l 2222 2229
l 2223 2231
l 2232 2231
l 2233 2234
l 2235 2236
l 2237 2238
l 2226 2237
l 2228 2239
l 2240 2239
l 2230 2241
l 2242 2243
l 2233 2244
l 2236 2245
l 2246 2247
l 2240 2248
l 2249 2250
l 2241 2249
l 2243 2251
l 2244 2252
l 2253 2252
l 2254 2255
l 2245 2254
l 2247 2256
l 2248 2257
l 2258 2257
l 2259 2260
l 2250 2259
l 2251 2261
l 2253 2262
l 2255 2263
l 2256 2264
l 2258 2265
l 2266 2265
l 2267 2268
l 2260 2267
l 2261 2269
l 2262 2270
l 2263 2271
l 2264 2272
l 2266 2273
l 2274 2273
l 2275 2276
l 2268 2275
l 2269 2277
l 2270 2278
l 2271 2279
l 2272 2280
l 2274 2281
l 2282 2281
l 2283 2284
l 2276 2283
l 2277 2285
l 2278 2286
l 2279 2287
l 2280 2288
l 2282 2289
l 2290 2289
l 2291 2292
l 2284 2291
l 2285 2293
l 2294 2293
l 2286 2295
l 2287 2296
l 2297 2298
l 2288 2297
l 2290 2299
l 2300 2299
l 2301 2302
l 2292 2301
l 2294 2303
l 2295 2304
l 2296 2305
l 2298 2306
l 2300 2307
l 2308 2307
l 2309 2310
l 2302 2309
l 2303 2311
l 2304 2311
l 2305 2312
l 2306 2312
l 2308 2313
l 2314 2313
l 2315 2316
l 2310 2315
l 2314 2317
l 2318 2317
l 2319 2320
l 2316 2319
l 2318 2321
l 2322 2321
l 2320 2323
l 2322 2324
l 2325 2326
l 2323 2325
l 2327 2328
l 2329 2327
l 2330 2331
l 2332 2330
l 2324 2333
l 2334 2333
l 2335 2336
l 2326 2335
l 2337 2338
l 2328 2337
l 2329 2339
l 2340 2339
l 2341 2342
l 2331 2341
l 2332 2343
l 2344 2343
l 2334 2345
l 2346 2345
l 2347 2348
l 2336 2347
l 2338 2349
l 2350 2349
l 2340 2351
l 2342 2352
l 2353 2354
l 2344 2353
l 2346 2355
l 2356 2355
l 2348 2357
l 2358 2357
l 2350 2359
l 2351 2360
l 2361 2360
l 2362 2363
l 2352 2362
l 2354 2364
l 2365 2366
l 2356 2365
l 2358 2367
l 2359 2368
l 2361 2369
l 2370 2369
l 2371 2370
l 2372 2371
l 2363 2372
l 2364 2373
l 2366 2374
l 2367 2375
l 2376 2377
l 2378 2376
l 2379 2378
l 2380 2379
l 2381 2380
l 2368 2381
l 2373 2382
l 2383 2382
l 2384 2383
l 2385 2384
l 2386 2385
l 2387 2386
l 2374 2388
l 2375 2389
l 2390 2391
l 2392 2390
l 2393 2392
l 2394 2393
l 2395 2394
l 2396 2395
l 2377 2396
l 2387 2397
l 2398 2397
l 2399 2398
l 2400 2399
l 2401 2400
l 2402 2401
l 2403 2402
l 2388 2404
l 2389 2405
l 2406 2405
l 2407 2408
l 2409 2407
l 2410 2409
l 2411 2410
l 2412 2411
l 2391 2412
l 2403 2413
l 2414 2413
l 2415 2414
l 2416 2415
l 2417 2416
l 2418 2417
l 2419 2420
l 2404 2419
l 2406 2421
l 2422 2423
l 2424 2422
l 2425 2424
l 2426 2425
l 2427 2426
l 2408 2427
l 2418 2428
l 2429 2428
l 2430 2429
l 2431 2430
l 2432 2431
l 2433 2432
l 2420 2434
l 2421 2435
l 2436 2437
l 2438 2436
l 2439 2438
l 2440 2439
l 2441 2440
l 2442 2441
l 2443 2442
l 2423 2443
l 2433 2444
l 2445 2444
l 2446 2445
l 2447 2446
l 2448 2447
l 2449 2448
l 2450 2449
l 2451 2450
l 2434 2452
l 2435 2453
l 2454 2453
l 2437 2454
l 2451 2455
l 2456 2455
l 2452 2456
l 2457 2458
l 2459 2457
l 2460 2459
l 2461 2460
l 2462 2461
l 2463 2462
l 2464 2463
l 2465 2464
l 2466 2465
l 2467 2466
l 2468 2467
l 2469 2468
l 2470 2469
l 2471 2470
l 2472 2471
l 2473 2472
l 2474 2473
l 2475 2474
l 2476 2475
l 2477 2476
l 2478 2477
l 2479 2478
l 2480 2479
l 2458 2481
l 2480 2482
l 2483 2484
l 2485 2483
l 2481 2486
l 2482 2487
l 2488 2489
l 2490 2488
l 2491 2492
l 2484 2491
l 2485 2493
l 2486 2494
l 2495 2494
l 2496 2497
l 2487 2496
l 2489 2498
l 2490 2499
l 2500 2499
l 2501 2502
l 2492 2501
l 2493 2503
l 2504 2503
l 2495 2505
l 2497 2506
l 2507 2508
l 2498 2507
l 2500 2509
l 2510 2509
l 2511 2512
l 2502 2511
l 2504 2513
l 2505 2514
l 2506 2515
l 2508 2516
l 2510 2517
l 2518 2517
l 2519 2520
l 2512 2519
l 2513 2521
l 2522 2521
l 2514 2523
l 2524 2523
l 2525 2526
l 2515 2525
l 2527 2528
l 2516 2527
l 2518 2529
l 2530 2529
l 2531 2532
l 2520 2531
l 2522 2533
l 2524 2534
l 2526 2535
l 2528 2536
l 2530 2537
l 2538 2537
l 2539 2540
l 2532 2539
l 2533 2541
l 2534 2542
l 2535 2543
l 2536 2544
l 2538 2545
l 2546 2545
l 2547 2548
l 2540 2547
l 2541 2549
l 2550 2549
l 2542 2551
l 2543 2552
l 2553 2554
l 2544 2553
l 2546 2555
l 2556 2555
l 2548 2557
l 2550 2558
l 2551 2559
l 2552 2560
l 2554 2561
l 2556 2562
l 2563 2564
l 2557 2563
l 2558 2565
l 2566 2565
l 2567 2568
l 2569 2570
l 2571 2572
l 2561 2571
l 2562 2573
l 2574 2573
l 2575 2576
l 2564 2575
l 2577 2578
l 2567 2579
l 2570 2580
l 2581 2582
l 2574 2583
l 2584 2583
l 2585 2586
l 2576 2585
l 2578 2587
l 2579 2588
l 2589 2588
l 2590 2591
l 2580 2590
l 2582 2592
l 2584 2593
l 2594 2593
l 2595 2596
l 2586 2595
l 2587 2597
l 2589 2598
l 2591 2599
l 2592 2600
l 2594 2601
l 2602 2601
l 2603 2604
l 2596 2603
l 2597 2605
l 2598 2606
l 2599 2607
l 2600 2608
l 2602 2609
l 2610 2609
l 2611 2612
l 2604 2611
l 2605 2613
l 2606 2614
l 2607 2615
l 2608 2616
l 2610 2617
l 2618 2617
l 2619 2620
l 2612 2619
l 2613 2621
l 2614 2622
l 2615 2623
l 2616 2624
l 2618 2625
l 2626 2625
l 2627 2628
l 2620 2627
l 2621 2629
l 2630 2629
l 2622 2631
l 2623 2632
l 2633 2634
l 2624 2633
l 2626 2635
l 2636 2635
l 2637 2638
l 2628 2637
l 2630 2639
l 2631 2640
l 2632 2641
l 2634 2642
l 2636 2643
l 2644 2643
l 2645 2646
l 2638 2645
l 2639 2647
l 2640 2647
l 2641 2648
l 2642 2648
l 2644 2649
l 2650 2649
l 2646 2651
l 2650 2652
l 2653 2654
l 2651 2653
l 2652 2655
l 2656 2655
l 2657 2658
l 2654 2657
l 2656 2659
l 2660 2659
l 2661 2662
l 2658 2661
l 2663 2664
l 2665 2663
l 2666 2667
l 2668 2666
l 2660 2669
l 2670 2669
l 2671 2672
l 2662 2671
l 2673 2674
l 2664 2673
l 2665 2675
l 2676 2675
l 2677 2678
l 2667 2677
l 2668 2679
l 2680 2679
l 2670 2681
l 2682 2681
l 2683 2684
l 2672 2683
l 2674 2685
l 2676 2686
l 2678 2687
l 2680 2688
l 2682 2689
l 2690 2689
l 2684 2691
l 2692 2691
l 2685 2693
l 2694 2693
l 2686 2695
l 2696 2695
l 2697 2698
l 2687 2697
l 2699 2700
l 2688 2699
l 2701 2702
l 2690 2701
l 2692 2703
l 2704 2705
l 2694 2704
l 2696 2706
l 2707 2706
l 2708 2707
l 2709 2708
l 2698 2709
l 2700 2710
l 2711 2710
l 2702 2712
l 2703 2713
l 2714 2715
l 2716 2714
l 2717 2716
l 2718 2717
l 2719 2718
l 2705 2719
l 2711 2720
l 2721 2720
l 2722 2721
l 2723 2722
l 2724 2723
l 2725 2724
l 2712 2726
l 2713 2727
l 2728 2729
l 2730 2728
l 2731 2730
l 2732 2731
l 2733 2732
l 2715 2733
l 2725 2734
l 2735 2734
l 2736 2735
l 2737 2736
l 2738 2737
l 2739 2738
l 2726 2740
l 2727 2741
l 2742 2741
l 2743 2744
l 2745 2743
l 2746 2745
l 2747 2746
l 2748 2747
l 2729 2748
l 2739 2749
l 2750 2749
l 2751 2750
l 2752 2751
l 2753 2752
l 2754 2753
l 2755 2756
l 2740 2755
l 2742 2757
l 2758 2759
l 2760 2758
l 2761 2760
l 2762 2761
l 2763 2762
l 2764 2763
l 2744 2764
l 2754 2765
l 2766 2765
l 2767 2766
l 2768 2767
l 2769 2768
l 2770 2769
l 2771 2770
l 2756 2772
l 2757 2773
l 2774 2775
l 2776 2774
l 2777 2776
l 2778 2777
l 2779 2778
l 2780 2779
l 2759 2780
l 2771 2781
l 2782 2781
l 2783 2782
l 2784 2783
l 2785 2784
l 2786 2785
l 2787 2786
l 2772 2788
l 2773 2789
l 2790 2789
l 2775 2790
l 2787 2791
l 2792 2791
l 2788 2792
l 2793 2794
l 2795 2793
l 2796 2795
l 2797 2796
l 2798 2797
l 2799 2798
l 2800 2799
l 2801 2800
l 2802 2801
l 2803 2802
l 2804 2803
l 2805 2804
l 2806 2805
l 2807 2806
l 2808 2807
l 2809 2808
l 2810 2809
l 2811 2810
l 2812 2811
l 2813 2812
l 2814 2813
l 2815 2814
l 2816 2815
l 2794 2817
l 2816 2818
l 2819 2820
l 2821 2819
l 2817 2822
l 2823 2822
l 2824 2825
l 2818 2824
l 2826 2827
l 2828 2826
l 2829 2830
l 2820 2829
l 2821 2831
l 2823 2832
l 2825 2833
l 2827 2834
l 2828 2835
l 2836 2835
l 2837 2838
l 2830 2837
l 2831 2839
l 2840 2839
l 2832 2841
l 2833 2842
l 2843 2844
l 2834 2843
l 2836 2845
l 2846 2845
l 2847 2848
l 2838 2847
l 2840 2849
l 2841 2850
l 2842 2851
l 2844 2852
l 2846 2853
l 2854 2853
l 2855 2856
l 2848 2855
l 2849 2857
l 2858 2857
l 2850 2859
l 2860 2859
l 2861 2862
l 2851 2861
l 2863 2864
l 2852 2863
l 2854 2865
l 2866 2865
l 2867 2868
l 2856 2867
l 2858 2869
l 2860 2870
l 2862 2871
l 2864 2872
l 2866 2873
l 2874 2873
l 2875 2876
l 2868 2875
l 2869 2877
l 2870 2878
l 2871 2879
l 2872 2880
l 2874 2881
l 2882 2881
l 2876 2883
l 2877 2884
l 2885 2884
l 2878 2886
l 2879 2887
l 2888 2889
l 2880 2888
l 2882 2890
l 2891 2892
l 2883 2891
l 2885 2893
l 2886 2894
l 2887 2895
l 2889 2896
l 2890 2897
l 2898 2897
l 2899 2900
l 2892 2899
l 2893 2901
l 2902 2901
l 2903 2904
l 2905 2906
l 2907 2908
l 2896 2907
l 2898 2909
l 2910 2909
l 2911 2912
l 2900 2911
l 2913 2914
l 2903 2915
l 2916 2915
l 2917 2918
l 2906 2917
l 2919 2920
l 2910 2921
l 2922 2921
l 2923 2924
l 2912 2923
l 2914 2925
l 2916 2926
l 2918 2927
l 2920 2928
l 2922 2929
l 2930 2929
l 2931 2932
l 2924 2931
l 2925 2933
l 2926 2934
l 2927 2935
l 2928 2936
l 2930 2937
l 2938 2937
l 2939 2940
l 2932 2939
l 2933 2941
l 2934 2942
l 2935 2943
l 2936 2944
l 2938 2945
l 2946 2945
l 2947 2948
l 2940 2947
l 2941 2949
l 2942 2950
l 2943 2951
l 2944 2952
l 2946 2953
l 2954 2953
l 2955 2956
l 2948 2955
l 2949 2957
l 2950 2958
l 2951 2959
l 2952 2960
l 2954 2961
l 2962 2961
l 2963 2964
l 2956 2963
l 2957 2965
l 2966 2965
l 2958 2967
l 2959 2968
l 2969 2970
l 2960 2969
l 2962 2971
l 2972 2971
l 2964 2973
l 2966 2974
l 2967 2975
l 2968 2976
l 2970 2977
l 2972 2978
l 2979 2980
l 2973 2979
l 2974 2981
l 2975 2981
l 2976 2982
l 2977 2982
l 2978 2983
l 2984 2983
l 2985 2986
l 2980 2985
l 2984 2987
l 2988 2987
l 2989 2990
l 2986 2989
l 2988 2991
l 2992 2991
l 2993 2994
l 2990 2993
l 2992 2995
l 2996 2995
l 2997 2998
l 2994 2997
l 2999 3000
l 3001 2999
l 3002 3003
l 3004 3002
l 2996 3005
l 3006 3005
l 3007 3008
l 2998 3007
l 3009 3010
l 3000 3009
l 3001 3011
l 3012 3011
l 3013 3014
l 3003 3013
l 3004 3015
l 3016 3015
l 3006 3017
l 3018 3017
l 3008 3019
l 3010 3020
l 3012 3021
l 3014 3022
l 3016 3023
l 3018 3024
l 3019 3025
l 3020 3026
l 3027 3026
l 3021 3028
l 3029 3028
l 3030 3031
l 3022 3030
l 3032 3033
l 3023 3032
l 3024 3034
l 3025 3035
l 3036 3037
l 3027 3036
l 3029 3038
l 3039 3038
l 3040 3039
l 3041 3040
l 3031 3041
l 3033 3042
l 3043 3042
l 3034 3044
l 3035 3045
l 3046 3047
l 3048 3046
l 3049 3048
l 3050 3049
l 3051 3050
l 3037 3051
l 3043 3052
l 3053 3052
l 3054 3053
l 3055 3054
l 3056 3055
l 3057 3056
l 3044 3058
l 3045 3059
l 3060 3059
l 3061 3062
l 3063 3061
l 3064 3063
l 3065 3064
l 3066 3065
l 3047 3066
l 3057 3067
l 3068 3067
l 3069 3068
l 3070 3069
l 3071 3070
l 3072 3071
l 3073 3074
l 3058 3073
l 3060 3075
l 3076 3077
l 3078 3076
l 3079 3078
l 3080 3079
l 3081 3080
l 3062 3081
l 3072 3082
l 3083 3082
l 3084 3083
l 3085 3084
l 3086 3085
l 3087 3086
l 3074 3088
l 3075 3089
l 3090 3091
l 3092 3090
l 3093 3092
l 3094 3093
l 3095 3094
l 3096 3095
l 3077 3096
l 3087 3097
l 3098 3097
l 3099 3098
l 3100 3099
l 3101 3100
l 3102 3101
l 3103 3102
l 3088 3104
l 3089 3105
l 3106 3105
l 3107 3108
l 3109 3107
l 3110 3109
l 3111 3110
l 3112 3111
l 3113 3112
l 3091 3113
l 3103 3114
l 3115 3114
l 3116 3115
l 3117 3116
l 3118 3117
l 3119 3118
l 3120 3119
l 3121 3122
l 3104 3121
l 3106 3123
l 3108 3123
l 3120 3124
l 3122 3124
l 3125 3126
l 3127 3125
l 3128 3127
l 3129 3128
l 3130 3129
l 3131 3130
l 3132 3131
l 3133 3132
l 3134 3133
l 3135 3134
l 3136 3135
l 3137 3136
l 3138 3137
l 3139 3138
l 3140 3139
l 3141 3140
l 3142 3141
l 3143 3142
l 3144 3143
l 3145 3144
l 3146 3145
l 3147 3146
l 3148 3147
l 3126 3149
l 3148 3150
l 3151 3152
l 3153 3151
l 3149 3154
l 3155 3154
l 3156 3157
l 3150 3156
l 3158 3159
l 3160 3158
l 3161 3162
l 3152 3161
l 3153 3163
l 3155 3164
l 3157 3165
l 3159 3166
l 3160 3167
l 3168 3167
l 3169 3170
l 3162 3169
l 3163 3171
l 3172 3171
l 3164 3173
l 3165 3174
l 3175 3176
l 3166 3175
l 3168 3177
l 3178 3177
l 3179 3180
l 3170 3179
l 3172 3181
l 3173 3182
l 3174 3183
l 3176 3184
l 3178 3185
l 3186 3185
l 3187 3188
l 3180 3187
l 3181 3189
l 3182 3190
l 3191 3190
l 3192 3193
l 3183 3192
l 3184 3194
l 3186 3195
l 3196 3195
l 3188 3197
l 3189 3198
l 3199 3198
l 3191 3200
l 3193 3201
l 3202 3203
l 3194 3202
l 3196 3204
l 3205 3206
l 3197 3205
l 3199 3207
l 3200 3208
l 3201 3209
l 3203 3210
l 3204 3211
l 3212 3211
l 3213 3214
l 3206 3213
l 3207 3215
l 3216 3215
l 3208 3217
l 3209 3218
l 3219 3220
l 3210 3219
l 3212 3221
l 3222 3221
l 3223 3224
l 3214 3223
l 3216 3225
l 3217 3226
l 3218 3227
l 3220 3228
l 3222 3229
l 3230 3229
l 3231 3232
l 3224 3231
l 3225 3233
l 3234 3233
l 3226 3234
l 3227 3235
l 3236 3235
l 3228 3236
l 3230 3237
l 3238 3237
l 3239 3240
l 3232 3239
l 3241 3242
l 3243 3241
l 3244 3243
l 3245 3246
l 3247 3245
l 3248 3247
l 3238 3249
l 3250 3249
l 3251 3252
l 3240 3251
l 3242 3253
l 3244 3254
l 3246 3255
l 3248 3256
l 3250 3257
l 3258 3257
l 3259 3260
l 3252 3259
l 3253 3261
l 3254 3262
l 3255 3263
l 3256 3264
l 3258 3265
l 3266 3265
l 3267 3268
l 3260 3267
l 3261 3269
l 3262 3270
l 3263 3271
l 3264 3272
l 3266 3273
l 3274 3273
l 3275 3276
l 3268 3275
l 3269 3277
l 3270 3278
l 3271 3279
l 3272 3280
l 3274 3281
l 3282 3281
l 3283 3284
l 3276 3283
l 3277 3285
l 3278 3286
l 3279 3287
l 3280 3288
l 3282 3289
l 3290 3289
l 3284 3291
l 3285 3292
l 3293 3292
l 3286 3294
l 3287 3295
l 3296 3297
l 3288 3296
l 3290 3298
l 3299 3300
l 3291 3299
l 3293 3301
l 3294 3301
l 3295 3302
l 3297 3302
l 3298 3303
l 3304 3303
l 3305 3306
l 3300 3305
l 3304 3307
l 3308 3307
l 3309 3310
l 3306 3309
l 3308 3311
l 3312 3311
l 3313 3314
l 3310 3313
l 3312 3315
l 3316 3315
l 3317 3318
l 3314 3317
l 3316 3319
l 3320 3319
l 3321 3322
l 3318 3321
l 3320 3323
l 3324 3323
l 3325 3326
l 3322 3325
l 3327 3328
l 3329 3327
l 3330 3329
l 3331 3330
l 3332 3333
l 3334 3332
l 3335 3334
l 3336 3335
l 3324 3337
l 3338 3337
l 3326 3339
l 3328 3340
l 3331 3341
l 3333 3342
l 3336 3343
l 3338 3344
l 3339 3345
l 3340 3346
l 3347 3346
l 3341 3348
l 3349 3348
l 3350 3351
l 3342 3350
l 3352 3353
l 3343 3352
l 3344 3354
l 3345 3355
l 3356 3357
l 3347 3356
l 3349 3358
l 3359 3358
l 3360 3359
l 3361 3360
l 3351 3361
l 3353 3362
l 3363 3362
l 3354 3364
l 3355 3365
l 3366 3367
l 3368 3366
l 3369 3368
l 3370 3369
l 3371 3370
l 3357 3371
l 3363 3372
l 3373 3372
l 3374 3373
l 3375 3374
l 3376 3375
l 3377 3376
l 3364 3378
l 3365 3379
l 3380 3379
l 3381 3382
l 3383 3381
l 3384 3383
l 3385 3384
l 3386 3385
l 3367 3386
l 3377 3387
l 3388 3387
l 3389 3388
l 3390 3389
l 3391 3390
l 3392 3391
l 3393 3394
l 3378 3393
l 3380 3395
l 3396 3397
l 3398 3396
l 3399 3398
l 3400 3399
l 3401 3400
l 3382 3401
l 3392 3402
l 3403 3402
l 3404 3403
l 3405 3404
l 3406 3405
l 3407 3406
l 3394 3408
l 3395 3409
l 3410 3411
l 3412 3410
l 3413 3412
l 3414 3413
l 3415 3414
l 3416 3415
l 3397 3416
l 3407 3417
l 3418 3417
l 3419 3418
l 3420 3419
l 3421 3420
l 3422 3421
l 3423 3422
l 3408 3424
l 3409 3425
l 3426 3425
l 3427 3426
l 3428 3427
l 3429 3428
l 3430 3429
l 3431 3430
l 3432 3431
l 3411 3432
l 3423 3433
l 3434 3433
l 3435 3434
l 3436 3435
l 3437 3436
l 3438 3437
l 3439 3438
l 3440 3439
l 3424 3440
l 3441 3442
l 3443 3441
l 3444 3443
l 3445 3444
l 3446 3445
l 3447 3446
l 3448 3447
l 3449 3448
l 3450 3449
l 3451 3450
l 3452 3451
l 3453 3452
l 3454 3453
l 3455 3454
l 3456 3455
l 3457 3456
l 3458 3457
l 3459 3458
l 3460 3459
l 3461 3460
l 3462 3461
l 3463 3462
l 3464 3463
l 3442 3465
l 3464 3466
l 3467 3468
l 3469 3467
l 3465 3470
l 3471 3470
l 3472 3473
l 3466 3472
l 3474 3475
l 3476 3474
l 3477 3478
l 3468 3477
l 3469 3479
l 3471 3480
l 3473 3481
l 3475 3482
l 3476 3483
l 3484 3483
l 3485 3486
l 3478 3485
l 3479 3487
l 3488 3487
l 3480 3489
l 3481 3490
l 3491 3492
l 3482 3491
l 3484 3493
l 3494 3493
l 3495 3496
l 3486 3495
l 3488 3497
l 3489 3498
l 3490 3499
l 3492 3500
l 3494 3501
l 3502 3501
l 3496 3503
l 3497 3504
l 3498 3505
l 3506 3505
l 3507 3508
l 3499 3507
l 3500 3509
l 3502 3510
l 3511 3512
l 3503 3511
l 3504 3513
l 3514 3513
l 3506 3515
l 3508 3516
l 3517 3518
l 3509 3517
l 3510 3519
l 3520 3519
l 3521 3522
l 3512 3521
l 3514 3523
l 3515 3524
l 3516 3525
l 3518 3526
l 3520 3527
l 3528 3527
l 3529 3530
l 3522 3529
l 3523 3531
l 3532 3531
l 3524 3533
l 3525 3534
l 3535 3536
l 3526 3535
l 3528 3537
l 3538 3537
l 3539 3540
l 3530 3539
l 3532 3541
l 3533 3542
l 3534 3543
l 3536 3544
l 3538 3545
l 3546 3545
l 3547 3548
l 3540 3547
l 3541 3549
l 3550 3549
l 3542 3550
l 3543 3551
l 3552 3551
l 3544 3552
l 3546 3553
l 3554 3553
l 3555 3556
l 3548 3555
l 3557 3558
l 3559 3557
l 3560 3559
l 3561 3562
l 3563 3561
l 3564 3563
l 3554 3565
l 3566 3565
l 3567 3568
l 3556 3567
l 3558 3569
l 3560 3570
l 3562 3571
l 3564 3572
l 3566 3573
l 3574 3573
l 3575 3576
l 3568 3575
l 3569 3577
l 3570 3578
l 3571 3579
l 3572 3580
l 3574 3581
l 3582 3581
l 3583 3584
l 3576 3583
l 3577 3585
l 3578 3586
l 3579 3587
l 3580 3588
l 3582 3589
l 3590 3589
l 3591 3592
l 3584 3591
l 3585 3593
l 3586 3594
l 3587 3595
l 3588 3596
l 3590 3597
l 3598 3597
l 3592 3599
l 3593 3600
l 3594 3601
l 3595 3602
l 3596 3603
l 3598 3604
l 3605 3606
l 3599 3605
l 3600 3607
l 3608 3607
l 3601 3609
l 3602 3610
l 3611 3612
l 3603 3611
l 3604 3613
l 3614 3613
l 3615 3616
l 3606 3615
l 3608 3617
l 3609 3617
l 3610 3618
l 3612 3618
l 3614 3619
l 3620 3619
l 3621 3622
l 3616 3621
l 3620 3623
l 3624 3623
l 3625 3626
l 3622 3625
l 3624 3627
l 3628 3627
l 3629 3630
l 3626 3629
l 3628 3631
l 3632 3631
l 3633 3634
l 3630 3633
l 3632 3635
l 3636 3635
l 3637 3638
l 3634 3637
l 3636 3639
l 3640 3639
l 3641 3642
l 3638 3641
l 3643 3644
l 3645 3643
l 3646 3645
l 3647 3646
l 3648 3649
l 3650 3648
l 3651 3650
l 3652 3651
l 3640 3653
l 3654 3653
l 3642 3655
l 3644 3656
l 3647 3657
l 3649 3658
l 3652 3659
l 3654 3660
l 3655 3661
l 3656 3662
l 3663 3662
l 3657 3664
l 3665 3664
l 3666 3667
l 3658 3666
l 3668 3669
l 3659 3668
l 3660 3670
l 3661 3671
l 3672 3673
l 3663 3672
l 3665 3674
l 3675 3674
l 3676 3675
l 3677 3676
l 3667 3677
l 3669 3678
l 3679 3678
l 3670 3680
l 3671 3681
l 3682 3683
l 3684 3682
l 3685 3684
l 3686 3685
l 3687 3686
l 3673 3687
l 3679 3688
l 3689 3688
l 3690 3689
l 3691 3690
l 3692 3691
l 3693 3692
l 3680 3694
l 3681 3695
l 3696 3695
l 3697 3698
l 3699 3697
l 3700 3699
l 3701 3700
l 3702 3701
l 3703 3702
l 3683 3703
l 3693 3704
l 3705 3704
l 3706 3705
l 3707 3706
l 3708 3707
l 3709 3708
l 3710 3709
l 3711 3712
l 3694 3711
l 3696 3713
l 3714 3715
l 3716 3714
l 3717 3716
l 3718 3717
l 3719 3718
l 3698 3719
l 3710 3720
l 3721 3720
l 3722 3721
l 3723 3722
l 3724 3723
l 3725 3724
l 3712 3726
l 3713 3727
l 3728 3729
l 3730 3728
l 3731 3730
l 3732 3731
l 3733 3732
l 3715 3733
l 3725 3734
l 3735 3734
l 3736 3735
l 3737 3736
l 3738 3737
l 3739 3738
l 3726 3740
l 3727 3741
l 3742 3741
l 3743 3742
l 3744 3743
l 3745 3744
l 3746 3745
l 3747 3746
l 3748 3747
l 3729 3748
l 3739 3749
l 3750 3749
l 3751 3750
l 3752 3751
l 3753 3752
l 3754 3753
l 3755 3754
l 3756 3755
l 3740 3756
l 3757 3758
l 3759 3757
l 3760 3759
l 3761 3760
l 3762 3761
l 3763 3762
l 3764 3763
l 3765 3764
l 3766 3765
l 3767 3766
l 3768 3767
l 3769 3768
l 3770 3769
l 3771 3770
l 3772 3771
l 3773 3772
l 3774 3773
l 3775 3774
l 3776 3775
l 3777 3776
l 3778 3777
l 3779 3778
l 3780 3779
l 3758 3781
l 3780 3782
l 3783 3784
l 3785 3783
l 3781 3786
l 3787 3786
l 3788 3789
l 3782 3788
l 3790 3791
l 3792 3790
l 3793 3794
l 3784 3793
l 3785 3795
l 3787 3796
l 3789 3797
l 3791 3798
l 3792 3799
l 3800 3799
l 3801 3802
l 3794 3801
l 3795 3803
l 3804 3803
l 3796 3805
l 3797 3806
l 3807 3808
l 3798 3807
l 3800 3809
l 3810 3809
l 3802 3811
l 3804 3812
l 3805 3813
l 3806 3814
l 3808 3815
l 3810 3816
l 3817 3818
l 3811 3817
l 3812 3819
l 3813 3820
l 3821 3820
l 3822 3823
l 3814 3822
l 3815 3824
l 3816 3825
l 3826 3825
l 3827 3828
l 3818 3827
l 3819 3829
l 3830 3829
l 3821 3831
l 3823 3832
l 3833 3834
l 3824 3833
l 3826 3835
l 3836 3835
l 3837 3838
l 3828 3837
l 3830 3839
l 3831 3840
l 3832 3841
l 3834 3842
l 3836 3843
l 3844 3843
l 3845 3846
l 3838 3845
l 3839 3847
l 3848 3847
l 3840 3849
l 3841 3850
l 3851 3852
l 3842 3851
l 3844 3853
l 3854 3853
l 3855 3856
l 3846 3855
l 3848 3857
l 3849 3858
l 3850 3859
l 3852 3860
l 3854 3861
l 3862 3861
l 3863 3864
l 3856 3863
l 3857 3865
l 3866 3865
l 3858 3866
l 3859 3867
l 3868 3867
l 3860 3868
l 3862 3869
l 3870 3869
l 3871 3872
l 3864 3871
l 3873 3874
l 3875 3873
l 3876 3875
l 3877 3878
l 3879 3877
l 3880 3879
l 3870 3881
l 3882 3881
l 3883 3884
l 3872 3883
l 3874 3885
l 3876 3886
l 3878 3887
l 3880 3888
l 3882 3889
l 3890 3889
l 3891 3892
l 3884 3891
l 3885 3893
l 3886 3894
l 3887 3895
l 3888 3896
l 3890 3897
l 3898 3897
l 3892 3899
l 3893 3900
l 3894 3901
l 3895 3902
l 3896 3903
l 3898 3904
l 3905 3906
l 3899 3905
l 3900 3907
l 3901 3908
l 3902 3909
l 3903 3910
l 3904 3911
l 3912 3911
l 3913 3914
l 3906 3913
l 3907 3915
l 3908 3916
l 3909 3917
l 3910 3918
l 3912 3919
l 3920 3919
l 3921 3922
l 3914 3921
l 3915 3923
l 3924 3923
l 3916 3925
l 3917 3926
l 3927 3928
l 3918 3927
l 3920 3929
l 3930 3929
l 3931 3932
l 3922 3931
l 3924 3933
l 3925 3933
l 3926 3934
l 3928 3934
l 3930 3935
l 3936 3935
l 3937 3938
l 3932 3937
l 3936 3939
l 3940 3939
l 3941 3942
l 3938 3941
l 3940 3943
l 3944 3943
l 3945 3946
l 3942 3945
l 3944 3947
l 3948 3947
l 3949 3950
l 3946 3949
l 3948 3951
l 3952 3951
l 3953 3954
l 3950 3953
l 3952 3955
l 3956 3955
l 3957 3958
l 3954 3957
l 3959 3960
l 3961 3959
l 3962 3961
l 3963 3962
l 3964 3965
l 3966 3964
l 3967 3966
l 3968 3967
l 3956 3969
l 3970 3969
l 3958 3971
l 3960 3972
l 3963 3973
l 3965 3974
l 3968 3975
l 3970 3976
l 3971 3977
l 3972 3978
l 3979 3978
l 3973 3980
l 3981 3980
l 3982 3983
l 3974 3982
l 3984 3985
l 3975 3984
l 3976 3986
l 3977 3987
l 3988 3989
l 3979 3988
l 3981 3990
l 3991 3990
l 3992 3991
l 3993 3992
l 3983 3993
l 3985 3994
l 3995 3994
l 3986 3996
l 3987 3997
l 3998 3997
l 3999 4000
l 4001 3999
l 4002 4001
l 4003 4002
l 4004 4003
l 4005 4004
l 3989 4005
l 3995 4006
l 4007 4006
l 4008 4007
l 4009 4008
l 4010 4009
l 4011 4010
l 4012 4011
l 4013 4014
l 3996 4013
l 3998 4015
l 4016 4017
l 4018 4016
l 4019 4018
l 4020 4019
l 4021 4020
l 4000 4021
l 4012 4022
l 4023 4022
l 4024 4023
l 4025 4024
l 4026 4025
l 4027 4026
l 4014 4028
l 4015 4029
l 4030 4031
l 4032 4030
l 4033 4032
l 4034 4033
l 4035 4034
l 4017 4035
l 4027 4036
l 4037 4036
l 4038 4037
l 4039 4038
l 4040 4039
l 4041 4040
l 4028 4042
l 4029 4043
l 4044 4045
l 4046 4044
l 4047 4046
l 4048 4047
l 4049 4048
l 4050 4049
l 4031 4050
l 4041 4051
l 4052 4051
l 4053 4052
l 4054 4053
l 4055 4054
l 4056 4055
l 4057 4056
l 4042 4058
l 4043 4059
l 4060 4059
l 4061 4060
l 4062 4061
l 4063 4062
l 4064 4063
l 4065 4064
l 4045 4065
l 4057 4066
l 4067 4066
l 4068 4067
l 4069 4068
l 4070 4069
l 4071 4070
l 4072 4071
l 4058 4072
l 4073 4074
l 4075 4073
l 4076 4075
l 4077 4076
l 4078 4077
l 4079 4078
l 4080 4079
l 4081 4080
l 4082 4081
l 4083 4082
l 4084 4083
l 4085 4084
l 4086 4085
l 4087 4086
l 4088 4087
l 4089 4088
l 4090 4089
l 4091 4090
l 4092 4091
l 4093 4092
l 4094 4093
l 4095 4094
l 4096 4095
l 4074 4097
l 4096 4098
l 4097 4099
l 4100 4099
l 4101 4102
l 4098 4101
l 4103 4104
l 4105 4103
l 4106 4105
l 4100 4107
l 4102 4108
l 4109 4110
l 4111 4109
l 4112 4111
l 4104 4113
l 4106 4114
l 4107 4115
l 4108 4116
l 4110 4117
l 4112 4118
l 4119 4120
l 4113 4119
l 4114 4121
l 4122 4121
l 4115 4123
l 4116 4124
l 4125 4126
l 4117 4125
l 4118 4127
l 4128 4127
l 4129 4130
l 4120 4129
l 4122 4131
l 4123 4132
l 4133 4132
l 4134 4135
l 4124 4134
l 4126 4136
l 4128 4137
l 4138 4137
l 4139 4140
l 4130 4139
l 4131 4141
l 4142 4141
l 4133 4143
l 4135 4144
l 4145 4146
l 4136 4145
l 4138 4147
l 4148 4147
l 4149 4150
l 4140 4149
l 4142 4151
l 4143 4152
l 4144 4153
l 4146 4154
l 4148 4155
l 4156 4155
l 4157 4158
l 4150 4157
l 4151 4159
l 4160 4159
l 4152 4161
l 4153 4162
l 4163 4164
l 4154 4163
l 4156 4165
l 4166 4165
l 4167 4168
l 4158 4167
l 4160 4169
l 4161 4170
l 4162 4171
l 4164 4172
l 4166 4173
l 4174 4173
l 4175 4176
l 4168 4175
l 4169 4177
l 4178 4177
l 4170 4178
l 4171 4179
l 4180 4179
l 4172 4180
l 4174 4181
l 4182 4181
l 4183 4184
l 4176 4183
l 4185 4186
l 4187 4185
l 4188 4187
l 4189 4190
l 4191 4189
l 4192 4191
l 4182 4193
l 4194 4193
l 4184 4195
l 4186 4196
l 4188 4197
l 4190 4198
l 4192 4199
l 4194 4200
l 4201 4202
l 4195 4201
l 4196 4203
l 4197 4204
l 4198 4205
l 4199 4206
l 4200 4207
l 4208 4207
l 4209 4210
l 4202 4209
l 4203 4211
l 4204 4212
l 4205 4213
l 4206 4214
l 4208 4215
l 4216 4215
l 4217 4218
l 4210 4217
l 4211 4219
l 4212 4220
l 4213 4221
l 4214 4222
l 4216 4223
l 4224 4223
l 4225 4226
l 4218 4225
l 4219 4227
l 4220 4228
l 4221 4229
l 4222 4230
l 4224 4231
l 4232 4231
l 4233 4234
l 4226 4233
l 4227 4235
l 4236 4235
l 4228 4237
l 4229 4238
l 4239 4240
l 4230 4239
l 4232 4241
l 4242 4241
l 4243 4244
l 4234 4243
l 4236 4245
l 4237 4245
l 4238 4246
l 4240 4246
l 4242 4247
l 4248 4247
l 4249 4250
l 4244 4249
l 4248 4251
l 4252 4251
l 4253 4254
l 4250 4253
l 4252 4255
l 4256 4255
l 4257 4258
l 4254 4257
l 4256 4259
l 4260 4259
l 4261 4262
l 4258 4261
l 4260 4263
l 4264 4263
l 4262 4265
l 4264 4266
l 4267 4268
l 4265 4267
l 4269 4270
l 4271 4269
l 4272 4271
l 4273 4272
l 4274 4275
l 4276 4274
l 4277 4276
l 4278 4277
l 4266 4279
l 4280 4279
l 4281 4282
l 4268 4281
l 4270 4283
l 4273 4284
l 4275 4285
l 4278 4286
l 4280 4287
l 4288 4287
l 4282 4289
l 4283 4290
l 4291 4290
l 4284 4292
l 4293 4292
l 4294 4295
l 4285 4294
l 4296 4297
l 4286 4296
l 4288 4298
l 4289 4299
l 4300 4301
l 4291 4300
l 4293 4302
l 4303 4302
l 4304 4303
l 4305 4304
l 4295 4305
l 4297 4306
l 4307 4306
l 4298 4308
l 4299 4309
l 4310 4309
l 4311 4312
l 4313 4311
l 4314 4313
l 4315 4314
l 4316 4315
l 4317 4316
l 4301 4317
l 4307 4318
l 4319 4318
l 4320 4319
l 4321 4320
l 4322 4321
l 4323 4322
l 4324 4323
l 4325 4326
l 4308 4325
l 4310 4327
l 4328 4329
l 4330 4328
l 4331 4330
l 4332 4331
l 4333 4332
l 4312 4333
l 4324 4334
l 4335 4334
l 4336 4335
l 4337 4336
l 4338 4337
l 4339 4338
l 4326 4340
l 4327 4341
l 4342 4343
l 4344 4342
l 4345 4344
l 4346 4345
l 4347 4346
l 4329 4347
l 4339 4348
l 4349 4348
l 4350 4349
l 4351 4350
l 4352 4351
l 4353 4352
l 4340 4354
l 4341 4355
l 4356 4355
l 4357 4358
l 4359 4357
l 4360 4359
l 4361 4360
l 4362 4361
l 4363 4362
l 4364 4363
l 4343 4364
l 4353 4365
l 4366 4365
l 4367 4366
l 4368 4367
l 4369 4368
l 4370 4369
l 4371 4370
l 4372 4371
l 4373 4374
l 4354 4373
l 4356 4375
l 4376 4375
l 4377 4376
l 4378 4377
l 4379 4378
l 4358 4379
l 4372 4380
l 4381 4380
l 4382 4381
l 4383 4382
l 4384 4383
l 4374 4384
l 4385 4386
l 4387 4385
l 4388 4387
l 4389 4388
l 4390 4389
l 4391 4390
l 4392 4391
l 4393 4392
l 4394 4393
l 4395 4394
l 4396 4395
l 4397 4396
l 4398 4397
l 4399 4398
l 4400 4399
l 4401 4400
l 4402 4401
l 4403 4402
l 4404 4403
l 4405 4404
l 4406 4405
l 4407 4408
l 4386 4407
l 4406 4409
l 4410 4409
l 4408 4411
l 4412 4411
l 4413 4414
l 4410 4413
l 4415 4416
l 4417 4415
l 4412 4418
l 4414 4419
l 4420 4421
l 4422 4420
l 4423 4424
l 4416 4423
l 4417 4425
l 4418 4426
l 4419 4427
l 4421 4428
l 4422 4429
l 4430 4429
l 4431 4432
l 4424 4431
l 4425 4433
l 4434 4433
l 4426 4435
l 4436 4435
l 4437 4438
l 4427 4437
l 4439 4440
l 4428 4439
l 4430 4441
l 4442 4441
l 4443 4444
l 4432 4443
l 4434 4445
l 4436 4446
l 4438 4447
l 4440 4448
l 4442 4449
l 4450 4449
l 4451 4452
l 4444 4451
l 4445 4453
l 4454 4453
l 4446 4455
l 4447 4456
l 4457 4458
l 4448 4457
l 4450 4459
l 4460 4459
l 4461 4462
l 4452 4461
l 4454 4463
l 4455 4464
l 4456 4465
l 4458 4466
l 4460 4467
l 4468 4467
l 4469 4470
l 4462 4469
l 4463 4471
l 4472 4471
l 4464 4473
l 4465 4474
l 4475 4476
l 4466 4475
l 4468 4477
l 4478 4477
l 4479 4480
l 4470 4479
l 4472 4481
l 4473 4482
l 4474 4483
l 4476 4484
l 4478 4485
l 4486 4485
l 4487 4488
l 4480 4487
l 4481 4489
l 4490 4489
l 4482 4490
l 4483 4491
l 4492 4491
l 4484 4492
l 4486 4493
l 4494 4493
l 4488 4495
l 4496 4497
l 4498 4496
l 4499 4498
l 4500 4501
l 4502 4500
l 4503 4502
l 4494 4504
l 4505 4506
l 4495 4505
l 4497 4507
l 4499 4508
l 4501 4509
l 4503 4510
l 4504 4511
l 4512 4511
l 4513 4514
l 4506 4513
l 4507 4515
l 4508 4516
l 4509 4517
l 4510 4518
l 4512 4519
l 4520 4519
l 4521 4522
l 4514 4521
l 4515 4523
l 4516 4524
l 4517 4525
l 4518 4526
l 4520 4527
l 4528 4527
l 4529 4530
l 4522 4529
l 4523 4531
l 4524 4532
l 4525 4533
l 4526 4534
l 4528 4535
l 4536 4535
l 4537 4538
l 4530 4537
l 4531 4539
l 4532 4540
l 4533 4541
l 4534 4542
l 4536 4543
l 4544 4543
l 4545 4546
l 4538 4545
l 4539 4547
l 4548 4547
l 4540 4549
l 4541 4550
l 4551 4552
l 4542 4551
l 4544 4553
l 4554 4553
l 4555 4556
l 4546 4555
l 4548 4557
l 4549 4557
l 4550 4558
l 4552 4558
l 4554 4559
l 4560 4559
l 4561 4562
l 4556 4561
l 4560 4563
l 4564 4563
l 4565 4566
l 4562 4565
l 4564 4567
l 4568 4567
l 4569 4570
l 4566 4569
l 4568 4571
l 4572 4571
l 4570 4573
l 4572 4574
l 4575 4576
l 4573 4575
l 4574 4577
l 4578 4577
l 4579 4580
l 4576 4579
l 4581 4582
l 4583 4581
l 4584 4583
l 4585 4584
l 4586 4587
l 4588 4586
l 4589 4588
l 4590 4589
l 4578 4591
l 4592 4591
l 4593 4594
l 4580 4593
l 4582 4595
l 4585 4596
l 4587 4597
l 4590 4598
l 4592 4599
l 4600 4599
l 4594 4601
l 4595 4602
l 4596 4603
l 4604 4603
l 4605 4606
l 4597 4605
l 4598 4607
l 4600 4608
l 4601 4609
l 4610 4609
l 4602 4611
l 4604 4612
l 4613 4612
l 4614 4613
l 4615 4614
l 4606 4615
l 4607 4616
l 4617 4618
l 4608 4617
l 4610 4619
l 4620 4621
l 4622 4620
l 4623 4622
l 4624 4623
l 4625 4624
l 4626 4625
l 4611 4626
l 4616 4627
l 4628 4627
l 4629 4628
l 4630 4629
l 4631 4630
l 4632 4631
l 4633 4632
l 4618 4634
l 4619 4635
l 4636 4637
l 4638 4636
l 4639 4638
l 4640 4639
l 4641 4640
l 4621 4641
l 4633 4642
l 4643 4642
l 4644 4643
l 4645 4644
l 4646 4645
l 4647 4646
l 4634 4648
l 4635 4649
l 4650 4651
l 4652 4650
l 4653 4652
l 4654 4653
l 4655 4654
l 4637 4655
l 4647 4656
l 4657 4656
l 4658 4657
l 4659 4658
l 4660 4659
l 4661 4660
l 4648 4662
l 4649 4663
l 4664 4663
l 4665 4666
l 4667 4665
l 4668 4667
l 4669 4668
l 4670 4669
l 4671 4670
l 4672 4671
l 4651 4672
l 4661 4673
l 4674 4673
l 4675 4674
l 4676 4675
l 4677 4676
l 4678 4677
l 4679 4678
l 4680 4679
l 4681 4682
l 4662 4681
l 4664 4683
l 4684 4683
l 4685 4684
l 4686 4685
l 4687 4686
l 4666 4687
l 4680 4688
l 4689 4688
l 4690 4689
l 4691 4690
l 4692 4691
l 4682 4692
l 4693 4694
l 4695 4693
l 4696 4695
l 4697 4696
l 4698 4697
l 4699 4698
l 4700 4699
l 4701 4700
l 4702 4701
l 4703 4702
l 4704 4703
l 4705 4704
l 4706 4705
l 4707 4706
l 4708 4707
l 4709 4708
l 4710 4709
l 4711 4710
l 4712 4711
l 4713 4712
l 4714 4713
l 4694 4715
l 4714 4716
l 4715 4717
l 4716 4718
l 4719 4720
l 4721 4719
l 4717 4722
l 4718 4723
l 4724 4725
l 4726 4724
l 4727 4728
l 4720 4727
l 4721 4729
l 4722 4730
l 4723 4731
l 4725 4732
l 4726 4733
l 4734 4733
l 4735 4736
l 4728 4735
l 4729 4737
l 4738 4737
l 4730 4739
l 4740 4739
l 4741 4742
l 4731 4741
l 4743 4744
l 4732 4743
l 4734 4745
l 4746 4745
l 4747 4748
l 4736 4747
l 4738 4749
l 4740 4750
l 4742 4751
l 4744 4752
l 4746 4753
l 4754 4753
l 4755 4756
l 4748 4755
l 4749 4757
l 4758 4757
l 4750 4759
l 4751 4760
l 4761 4762
l 4752 4761
l 4754 4763
l 4764 4763
l 4765 4766
l 4756 4765
l 4758 4767
l 4759 4768
l 4760 4769
l 4762 4770
l 4764 4771
l 4772 4771
l 4773 4774
l 4766 4773
l 4767 4775
l 4768 4776
l 4769 4777
l 4770 4778
l 4772 4779
l 4780 4779
l 4781 4782
l 4774 4781
l 4775 4783
l 4784 4783
l 4776 4785
l 4777 4786
l 4787 4788
l 4778 4787
l 4780 4789
l 4790 4789
l 4782 4791
l 4784 4792
l 4793 4792
l 4785 4793
l 4786 4794
l 4795 4794
l 4788 4795
l 4790 4796
l 4797 4798
l 4791 4797
l 4799 4800
l 4801 4799
l 4802 4801
l 4803 4804
l 4805 4803
l 4806 4805
l 4796 4807
l 4808 4807
l 4809 4810
l 4798 4809
l 4800 4811
l 4802 4812
l 4804 4813
l 4806 4814
l 4808 4815
l 4816 4815
l 4817 4818
l 4810 4817
l 4811 4819
l 4812 4820
l 4813 4821
l 4814 4822
l 4816 4823
l 4824 4823
l 4825 4826
l 4818 4825
l 4819 4827
l 4820 4828
l 4821 4829
l 4822 4830
l 4824 4831
l 4832 4831
l 4833 4834
l 4826 4833
l 4827 4835
l 4828 4836
l 4829 4837
l 4830 4838
l 4832 4839
l 4840 4839
l 4841 4842
l 4834 4841
l 4835 4843
l 4836 4844
l 4837 4845
l 4838 4846
l 4840 4847
l 4848 4847
l 4849 4850
l 4842 4849
l 4843 4851
l 4852 4851
l 4844 4853
l 4845 4854
l 4855 4856
l 4846 4855
l 4848 4857
l 4858 4857
l 4859 4860
l 4850 4859
l 4852 4861
l 4853 4861
l 4854 4862
l 4856 4862
l 4858 4863
l 4864 4863
l 4865 4866
l 4860 4865
l 4864 4867
l 4868 4867
l 4866 4869
l 4868 4870
l 4871 4872
l 4869 4871
l 4870 4873
l 4874 4873
l 4875 4876
l 4872 4875
l 4874 4877
l 4878 4877
l 4879 4880
l 4876 4879
l 4878 4881
l 4882 4881
l 4883 4884
l 4880 4883
l 4885 4886
l 4887 4885
l 4888 4887
l 4889 4888
l 4890 4891
l 4892 4890
l 4893 4892
l 4894 4893
l 4882 4895
l 4896 4895
l 4897 4898
l 4884 4897
l 4886 4899
l 4889 4900
l 4891 4901
l 4894 4902
l 4896 4903
l 4904 4903
l 4898 4905
l 4899 4906
l 4900 4907
l 4908 4907
l 4909 4910
l 4901 4909
l 4902 4911
l 4904 4912
l 4905 4913
l 4914 4913
l 4915 4916
l 4906 4915
l 4908 4917
l 4918 4917
l 4919 4918
l 4920 4919
l 4910 4920
l 4911 4921
l 4922 4921
l 4923 4924
l 4912 4923
l 4914 4925
l 4926 4927
l 4928 4926
l 4929 4928
l 4930 4929
l 4931 4930
l 4916 4931
l 4922 4932
l 4933 4932
l 4934 4933
l 4935 4934
l 4936 4935
l 4937 4936
l 4924 4938
l 4925 4939
l 4940 4941
l 4942 4940
l 4943 4942
l 4944 4943
l 4945 4944
l 4927 4945
l 4937 4946
l 4947 4946
l 4948 4947
l 4949 4948
l 4950 4949
l 4951 4950
l 4938 4952
l 4939 4953
l 4954 4953
l 4955 4956
l 4957 4955
l 4958 4957
l 4959 4958
l 4960 4959
l 4961 4960
l 4941 4961
l 4951 4962
l 4963 4962
l 4964 4963
l 4965 4964
l 4966 4965
l 4967 4966
l 4968 4967
l 4969 4970
l 4952 4969
l 4954 4971
l 4972 4973
l 4974 4972
l 4975 4974
l 4976 4975
l 4977 4976
l 4978 4977
l 4979 4978
l 4980 4979
l 4956 4980
l 4968 4981
l 4982 4981
l 4983 4982
l 4984 4983
l 4985 4984
l 4986 4985
l 4987 4986
l 4988 4987
l 4989 4988
l 4970 4990
l 4971 4991
l 4992 4991
l 4993 4992
l 4973 4993
l 4989 4994
l 4995 4994
l 4996 4995
l 4990 4996
l 4997 4998
l 4999 4997
l 5000 4999
l 5001 5000
l 5002 5001
l 5003 5002
l 5004 5003
l 5005 5004
l 5006 5005
l 5007 5006
l 5008 5007
l 5009 5008
l 5010 5009
l 5011 5010
l 5012 5011
l 5013 5012
l 5014 5013
l 5015 5016
l 5017 5015
l 4998 5017
l 5014 5018
l 5019 5018
l 5020 5019
l 5016 5021
l 5020 5022
l 5021 5023
l 5022 5024
l 5025 5026
l 5027 5025
l 5028 5027
l 5023 5029
l 5024 5030
l 5031 5032
l 5033 5031
l 5034 5033
l 5035 5036
l 5026 5035
l 5028 5037
l 5029 5038
l 5039 5038
l 5040 5041
l 5030 5040
l 5032 5042
l 5034 5043
l 5044 5043
l 5045 5046
l 5036 5045
l 5037 5047
l 5048 5047
l 5039 5049
l 5041 5050
l 5051 5052
l 5042 5051
l 5044 5053
l 5054 5053
l 5055 5056
l 5046 5055
l 5048 5057
l 5049 5058
l 5050 5059
l 5052 5060
l 5054 5061
l 5062 5061
l 5063 5064
l 5056 5063
l 5057 5065
l 5066 5065
l 5058 5067
l 5059 5068
l 5069 5070
l 5060 5069
l 5062 5071
l 5072 5071
l 5064 5073
l 5066 5074
l 5067 5075
l 5068 5076
l 5070 5077
l 5072 5078
l 5079 5080
l 5073 5079
l 5074 5081
l 5082 5081
l 5075 5083
l 5076 5084
l 5085 5086
l 5077 5085
l 5078 5087
l 5088 5087
l 5089 5090
l 5080 5089
l 5082 5091
l 5092 5091
l 5083 5092
l 5084 5093
l 5094 5093
l 5086 5094
l 5088 5095
l 5096 5095
l 5097 5098
l 5090 5097
l 5099 5100
l 5101 5099
l 5102 5101
l 5103 5104
l 5105 5103
l 5106 5105
l 5096 5107
l 5108 5107
l 5109 5110
l 5098 5109
l 5100 5111
l 5102 5112
l 5104 5113
l 5106 5114
l 5108 5115
l 5116 5115
l 5117 5118
l 5110 5117
l 5111 5119
l 5112 5120
l 5113 5121
l 5114 5122
l 5116 5123
l 5124 5123
l 5125 5126
l 5118 5125
l 5119 5127
l 5120 5128
l 5121 5129
l 5122 5130
l 5124 5131
l 5132 5131
l 5133 5134
l 5126 5133
l 5127 5135
l 5128 5136
l 5129 5137
l 5130 5138
l 5132 5139
l 5140 5139
l 5141 5142
l 5134 5141
l 5135 5143
l 5136 5144
l 5137 5145
l 5138 5146
l 5140 5147
l 5148 5147
l 5142 5149
l 5143 5150
l 5151 5150
l 5144 5152
l 5145 5153
l 5154 5155
l 5146 5154
l 5148 5156
l 5157 5158
l 5149 5157
l 5151 5159
l 5152 5159
l 5153 5160
l 5155 5160
l 5156 5161
l 5162 5161
l 5163 5164
l 5158 5163
l 5162 5165
l 5166 5165
l 5167 5168
l 5164 5167
l 5166 5169
l 5170 5169
l 5171 5172
l 5168 5171
l 5170 5173
l 5174 5173
l 5175 5176
l 5172 5175
l 5174 5177
l 5178 5177
l 5179 5180
l 5176 5179
l 5178 5181
l 5182 5181
l 5183 5184
l 5180 5183
l 5185 5186
l 5187 5185
l 5188 5187
l 5189 5188
l 5190 5191
l 5192 5190
l 5193 5192
l 5194 5193
l 5182 5195
l 5196 5195
l 5197 5198
l 5184 5197
l 5186 5199
l 5189 5200
l 5191 5201
l 5194 5202
l 5196 5203
l 5204 5203
l 5198 5205
l 5206 5205
l 5199 5207
l 5200 5208
l 5209 5208
l 5210 5211
l 5201 5210
l 5202 5212
l 5213 5214
l 5204 5213
l 5206 5215
l 5216 5217
l 5207 5216
l 5209 5218
l 5219 5218
l 5220 5219
l 5221 5220
l 5211 5221
l 5212 5222
l 5223 5222
l 5214 5224
l 5215 5225
l 5226 5227
l 5228 5226
l 5229 5228
l 5230 5229
l 5231 5230
l 5232 5231
l 5217 5232
l 5223 5233
l 5234 5233
l 5235 5234
l 5236 5235
l 5237 5236
l 5238 5237
l 5239 5238
l 5224 5240
l 5225 5241
l 5242 5243
l 5244 5242
l 5245 5244
l 5246 5245
l 5247 5246
l 5227 5247
l 5239 5248
l 5249 5248
l 5250 5249
l 5251 5250
l 5252 5251
l 5253 5252
l 5240 5254
l 5241 5255
l 5256 5255
l 5257 5258
l 5259 5257
l 5260 5259
l 5261 5260
l 5262 5261
l 5243 5262
l 5253 5263
l 5264 5263
l 5265 5264
l 5266 5265
l 5267 5266
l 5268 5267
l 5269 5270
l 5254 5269
l 5256 5271
l 5272 5273
l 5274 5272
l 5275 5274
l 5276 5275
l 5277 5276
l 5278 5277
l 5279 5278
l 5280 5279
l 5281 5280
l 5258 5281
l 5268 5282
l 5283 5282
l 5284 5283
l 5285 5284
l 5286 5285
l 5287 5286
l 5288 5287
l 5289 5288
l 5290 5289
l 5291 5290
l 5270 5292
l 5271 5293
l 5294 5293
l 5273 5294
l 5291 5295
l 5296 5295
l 5292 5296
l 5297 5298
l 5299 5297
l 5300 5299
l 5301 5300
l 5302 5301
l 5303 5302
l 5304 5303
l 5305 5304
l 5306 5305
l 5307 5306
l 5308 5307
l 5309 5308
l 5310 5309
l 5311 5310
l 5312 5311
l 5313 5314
l 5315 5313
l 5316 5315
l 5298 5316
l 5312 5317
l 5318 5317
l 5319 5318
l 5320 5319
l 5314 5321
l 5320 5322
l 5321 5323
l 5322 5324
l 5325 5326
l 5327 5325
l 5328 5327
l 5323 5329
l 5330 5329
l 5331 5332
l 5324 5331
l 5333 5334
l 5335 5333
l 5336 5335
l 5337 5338
l 5326 5337
l 5328 5339
l 5330 5340
l 5332 5341
l 5334 5342
l 5336 5343
l 5344 5343
l 5345 5346
l 5338 5345
l 5339 5347
l 5348 5347
l 5340 5349
l 5341 5350
l 5351 5352
l 5342 5351
l 5344 5353
l 5354 5353
l 5346 5355
l 5348 5356
l 5349 5357
l 5350 5358
l 5352 5359
l 5354 5360
l 5361 5362
l 5355 5361
l 5356 5363
l 5364 5363
l 5357 5365
l 5358 5366
l 5367 5368
l 5359 5367
l 5360 5369
l 5370 5369
l 5371 5372
l 5362 5371
l 5364 5373
l 5365 5374
l 5366 5375
l 5368 5376
l 5370 5377
l 5378 5377
l 5379 5380
l 5372 5379
l 5373 5381
l 5382 5381
l 5374 5383
l 5375 5384
l 5385 5386
l 5376 5385
l 5378 5387
l 5388 5387
l 5389 5390
l 5380 5389
l 5382 5391
l 5392 5391
l 5383 5392
l 5384 5393
l 5394 5393
l 5386 5394
l 5388 5395
l 5396 5395
l 5397 5398
l 5390 5397
l 5399 5400
l 5401 5399
l 5402 5401
l 5403 5404
l 5405 5403
l 5406 5405
l 5396 5407
l 5408 5407
l 5409 5410
l 5398 5409
l 5400 5411
l 5402 5412
l 5404 5413
l 5406 5414
l 5408 5415
l 5416 5415
l 5417 5418
l 5410 5417
l 5411 5419
l 5412 5420
l 5413 5421
l 5414 5422
l 5416 5423
l 5424 5423
l 5425 5426
l 5418 5425
l 5419 5427
l 5420 5428
l 5421 5429
l 5422 5430
l 5424 5431
l 5432 5431
l 5426 5433
l 5427 5434
l 5428 5435
l 5429 5436
l 5430 5437
l 5432 5438
l 5439 5440
l 5433 5439
l 5434 5441
l 5435 5442
l 5436 5443
l 5437 5444
l 5438 5445
l 5446 5445
l 5447 5448
l 5440 5447
l 5441 5449
l 5450 5449
l 5442 5451
l 5443 5452
l 5453 5454
l 5444 5453
l 5446 5455
l 5456 5455
l 5457 5458
l 5448 5457
l 5450 5459
l 5451 5459
l 5452 5460
l 5454 5460
l 5456 5461
l 5462 5461
l 5463 5464
l 5458 5463
l 5462 5465
l 5466 5465
l 5467 5468
l 5464 5467
l 5466 5469
l 5470 5469
l 5471 5472
l 5468 5471
l 5470 5473
l 5474 5473
l 5475 5476
l 5472 5475
l 5474 5477
l 5478 5477
l 5479 5480
l 5476 5479
l 5478 5481
l 5482 5481
l 5483 5484
l 5480 5483
l 5485 5486
l 5487 5485
l 5488 5487
l 5489 5488
l 5490 5491
l 5492 5490
l 5493 5492
l 5494 5493
l 5482 5495
l 5496 5495
l 5484 5497
l 5486 5498
l 5489 5499
l 5491 5500
l 5494 5501
l 5496 5502
l 5497 5503
l 5498 5504
l 5499 5505
l 5506 5505
l 5507 5508
l 5500 5507
l 5501 5509
l 5502 5510
l 5503 5511
l 5512 5513
l 5514 5512
l 5504 5514
l 5506 5515
l 5516 5515
l 5517 5516
l 5518 5517
l 5508 5518
l 5509 5519
l 5520 5519
l 5521 5520
l 5510 5522
l 5511 5523
l 5524 5525
l 5526 5524
l 5527 5526
l 5528 5527
l 5529 5528
l 5513 5529
l 5521 5530
l 5531 5530
l 5532 5531
l 5533 5532
l 5534 5533
l 5535 5534
l 5522 5536
l 5523 5537
l 5538 5537
l 5539 5540
l 5541 5539
l 5542 5541
l 5543 5542
l 5544 5543
l 5525 5544
l 5535 5545
l 5546 5545
l 5547 5546
l 5548 5547
l 5549 5548
l 5550 5549
l 5551 5552
l 5536 5551
l 5538 5553
l 5554 5555
l 5556 5554
l 5557 5556
l 5558 5557
l 5559 5558
l 5540 5559
l 5550 5560
l 5561 5560
l 5562 5561
l 5563 5562
l 5564 5563
l 5565 5564
l 5552 5566
l 5553 5567
l 5568 5567
l 5569 5568
l 5570 5569
l 5571 5570
l 5572 5571
l 5573 5572
l 5574 5573
l 5575 5574
l 5576 5575
l 5577 5576
l 5555 5577
l 5565 5578
l 5579 5578
l 5580 5579
l 5581 5580
l 5582 5581
l 5583 5582
l 5584 5583
l 5585 5584
l 5586 5585
l 5587 5586
l 5588 5587
l 5566 5588
l 5589 5590
l 5591 5589
l 5592 5591
l 5593 5592
l 5594 5593
l 5595 5594
l 5596 5595
l 5597 5596
l 5598 5597
l 5599 5598
l 5600 5599
l 5601 5600
l 5602 5601
l 5603 5602
l 5604 5603
l 5605 5604
l 5606 5605
l 5607 5606
l 5608 5607
l 5609 5608
l 5610 5609
l 5590 5611
l 5610 5612
l 5611 5613
l 5614 5613
l 5615 5616
l 5612 5615
l 5617 5618
l 5619 5617
l 5620 5619
l 5614 5621
l 5616 5622
l 5623 5624
l 5625 5623
l 5626 5625
l 5618 5627
l 5620 5628
l 5621 5629
l 5622 5630
l 5624 5631
l 5626 5632
l 5633 5634
l 5627 5633
l 5628 5635
l 5636 5635
l 5629 5637
l 5630 5638
l 5639 5640
l 5631 5639
l 5632 5641
l 5642 5641
l 5643 5644
l 5634 5643
l 5636 5645
l 5637 5646
l 5638 5647
l 5640 5648
l 5642 5649
l 5650 5649
l 5651 5652
l 5644 5651
l 5645 5653
l 5654 5653
l 5646 5655
l 5647 5656
l 5657 5658
l 5648 5657
l 5650 5659
l 5660 5659
l 5661 5662
l 5652 5661
l 5654 5663
l 5655 5664
l 5656 5665
l 5658 5666
l 5660 5667
l 5668 5667
l 5669 5670
l 5662 5669
l 5663 5671
l 5672 5671
l 5664 5673
l 5665 5674
l 5675 5676
l 5666 5675
l 5668 5677
l 5678 5677
l 5679 5680
l 5670 5679
l 5672 5681
l 5682 5681
l 5673 5682
l 5674 5683
l 5684 5683
l 5676 5684
l 5678 5685
l 5686 5685
l 5687 5688
l 5680 5687
l 5689 5690
l 5691 5689
l 5692 5691
l 5693 5694
l 5695 5693
l 5696 5695
l 5686 5697
l 5698 5697
l 5699 5700
l 5688 5699
l 5690 5701
l 5692 5702
l 5694 5703
l 5696 5704
l 5698 5705
l 5706 5705
l 5700 5707
l 5701 5708
l 5702 5709
l 5703 5710
l 5704 5711
l 5706 5712
l 5713 5714
l 5707 5713
l 5708 5715
l 5709 5716
l 5710 5717
l 5711 5718
l 5712 5719
l 5720 5719
l 5721 5722
l 5714 5721
l 5715 5723
l 5716 5724
l 5717 5725
l 5718 5726
l 5720 5727
l 5728 5727
l 5729 5730
l 5722 5729
l 5723 5731
l 5724 5732
l 5725 5733
l 5726 5734
l 5728 5735
l 5736 5735
l 5737 5738
l 5730 5737
l 5731 5739
l 5740 5739
l 5732 5741
l 5733 5742
l 5743 5744
l 5734 5743
l 5736 5745
l 5746 5745
l 5747 5748
l 5738 5747
l 5740 5749
l 5741 5749
l 5742 5750
l 5744 5750
l 5746 5751
l 5752 5751
l 5753 5754
l 5748 5753
l 5752 5755
l 5756 5755
l 5757 5758
l 5754 5757
l 5756 5759
l 5760 5759
l 5761 5762
l 5758 5761
l 5760 5763
l 5764 5763
l 5765 5766
l 5762 5765
l 5764 5767
l 5768 5767
l 5766 5769
l 5768 5770
l 5771 5772
l 5769 5771
l 5773 5774
l 5775 5773
l 5776 5775
l 5777 5776
l 5778 5779
l 5780 5778
l 5781 5780
l 5782 5781
l 5770 5783
l 5784 5783
l 5785 5786
l 5772 5785
l 5774 5787
l 5777 5788
l 5779 5789
l 5782 5790
l 5784 5791
l 5792 5791
l 5786 5793
l 5787 5794
l 5788 5795
l 5796 5795
l 5797 5798
l 5789 5797
l 5790 5799
l 5792 5800
l 5793 5801
l 5802 5803
l 5804 5802
l 5805 5804
l 5794 5805
l 5796 5806
l 5807 5806
l 5808 5807
l 5809 5808
l 5798 5809
l 5799 5810
l 5811 5810
l 5812 5811
l 5813 5812
l 5800 5814
l 5801 5815
l 5816 5815
l 5817 5818
l 5819 5817
l 5820 5819
l 5821 5820
l 5803 5821
l 5813 5822
l 5823 5822
l 5824 5823
l 5825 5824
l 5826 5825
l 5827 5828
l 5814 5827
l 5816 5829
l 5830 5831
l 5832 5830
l 5833 5832
l 5834 5833
l 5835 5834
l 5818 5835
l 5826 5836
l 5837 5836
l 5838 5837
l 5839 5838
l 5840 5839
l 5841 5840
l 5828 5842
l 5829 5843
l 5844 5845
l 5846 5844
l 5847 5846
l 5848 5847
l 5849 5848
l 5850 5849
l 5831 5850
l 5841 5851
l 5852 5851
l 5853 5852
l 5854 5853
l 5855 5854
l 5856 5855
l 5857 5856
l 5842 5858
l 5843 5859
l 5860 5859
l 5861 5860
l 5862 5861
l 5863 5862
l 5864 5863
l 5865 5864
l 5866 5865
l 5867 5866
l 5868 5867
l 5845 5868
l 5857 5869
l 5870 5869
l 5871 5870
l 5872 5871
l 5873 5872
l 5874 5873
l 5875 5874
l 5876 5875
l 5877 5876
l 5878 5877
l 5858 5878
l 5879 5880
l 5881 5879
l 5882 5881
l 5883 5882
l 5884 5883
l 5885 5884
l 5886 5885
l 5887 5886
l 5888 5887
l 5889 5888
l 5890 5889
l 5891 5890
l 5892 5891
l 5893 5892
l 5894 5893
l 5895 5894
l 5896 5895
l 5897 5896
l 5898 5897
l 5899 5898
l 5900 5899
l 5880 5901
l 5900 5902
l 5901 5903
l 5904 5903
l 5905 5906
l 5902 5905
l 5904 5907
l 5906 5908
l 5909 5910
l 5911 5909
l 5912 5911
l 5907 5913
l 5908 5914
l 5915 5916
l 5917 5915
l 5918 5917
l 5919 5920
l 5910 5919
l 5912 5921
l 5913 5922
l 5914 5923
l 5916 5924
l 5918 5925
l 5926 5925
l 5927 5928
l 5920 5927
l 5921 5929
l 5930 5929
l 5922 5931
l 5923 5932
l 5933 5934
l 5924 5933
l 5926 5935
l 5936 5935
l 5937 5938
l 5928 5937
l 5930 5939
l 5940 5939
l 5931 5941
l 5932 5942
l 5943 5944
l 5934 5943
l 5936 5945
l 5946 5945
l 5947 5948
l 5938 5947
l 5940 5949
l 5941 5950
l 5942 5951
l 5944 5952
l 5946 5953
l 5954 5953
l 5955 5956
l 5948 5955
l 5949 5957
l 5958 5957
l 5950 5959
l 5951 5960
l 5961 5962
l 5952 5961
l 5954 5963
l 5964 5963
l 5956 5965
l 5958 5966
l 5967 5966
l 5959 5967
l 5960 5968
l 5969 5968
l 5962 5969
l 5964 5970
l 5971 5972
l 5965 5971
l 5973 5974
l 5975 5973
l 5976 5975
l 5977 5978
l 5979 5977
l 5980 5979
l 5970 5981
l 5982 5981
l 5983 5984
l 5972 5983
l 5974 5985
l 5976 5986
l 5978 5987
l 5980 5988
l 5982 5989
l 5990 5989
l 5991 5992
l 5984 5991
l 5985 5993
l 5986 5994
l 5987 5995
l 5988 5996
l 5990 5997
l 5998 5997
l 5999 6000
l 5992 5999
l 5993 6001
l 5994 6002
l 5995 6003
l 5996 6004
l 5998 6005
l 6006 6005
l 6007 6008
l 6000 6007
l 6001 6009
l 6002 6010
l 6003 6011
l 6004 6012
l 6006 6013
l 6014 6013
l 6015 6016
l 6008 6015
l 6009 6017
l 6010 6018
l 6011 6019
l 6012 6020
l 6014 6021
l 6022 6021
l 6023 6024
l 6016 6023
l 6017 6025
l 6026 6025
l 6018 6027
l 6019 6028
l 6029 6030
l 6020 6029
l 6022 6031
l 6032 6031
l 6033 6034
l 6024 6033
l 6026 6035
l 6027 6035
l 6028 6036
l 6030 6036
l 6032 6037
l 6038 6037
l 6039 6040
l 6034 6039
l 6038 6041
l 6042 6041
l 6043 6044
l 6040 6043
l 6042 6045
l 6046 6045
l 6044 6047
l 6046 6048
l 6049 6050
l 6047 6049
l 6048 6051
l 6052 6051
l 6053 6054
l 6050 6053
l 6052 6055
l 6056 6055
l 6057 6058
l 6054 6057
l 6059 6060
l 6061 6059
l 6062 6061
l 6063 6062
l 6064 6065
l 6066 6064
l 6067 6066
l 6068 6067
l 6056 6069
l 6070 6069
l 6071 6072
l 6058 6071
l 6060 6073
l 6063 6074
l 6075 6074
l 6076 6077
l 6065 6076
l 6068 6078
l 6070 6079
l 6080 6079
l 6072 6081
l 6073 6082
l 6075 6083
l 6077 6084
l 6078 6085
l 6080 6086
l 6081 6087
l 6088 6087
l 6089 6090
l 6091 6089
l 6092 6091
l 6082 6092
l 6083 6093
l 6094 6093
l 6095 6094
l 6096 6095
l 6084 6096
l 6085 6097
l 6098 6097
l 6099 6098
l 6100 6099
l 6101 6102
l 6086 6101
l 6088 6103
l 6104 6105
l 6106 6104
l 6107 6106
l 6108 6107
l 6109 6108
l 6090 6109
l 6100 6110
l 6111 6110
l 6112 6111
l 6113 6112
l 6114 6113
l 6115 6114
l 6102 6116
l 6103 6117
l 6118 6119
l 6120 6118
l 6121 6120
l 6122 6121
l 6123 6122
l 6105 6123
l 6115 6124
l 6125 6124
l 6126 6125
l 6127 6126
l 6128 6127
l 6129 6128
l 6116 6130
l 6117 6131
l 6132 6133
l 6134 6132
l 6135 6134
l 6136 6135
l 6137 6136
l 6119 6137
l 6129 6138
l 6139 6138
l 6140 6139
l 6141 6140
l 6142 6141
l 6143 6142
l 6130 6144
l 6131 6145
l 6146 6145
l 6147 6146
l 6148 6147
l 6149 6148
l 6150 6149
l 6151 6150
l 6152 6151
l 6153 6152
l 6154 6153
l 6133 6154
l 6143 6155
l 6156 6155
l 6157 6156
l 6158 6157
l 6159 6158
l 6160 6159
l 6161 6160
l 6162 6161
l 6163 6162
l 6164 6163
l 6144 6164
l 6165 6166
l 6167 6165
l 6168 6167
l 6169 6168
l 6170 6169
l 6171 6170
l 6172 6171
l 6173 6172
l 6174 6173
l 6175 6174
l 6176 6175
l 6177 6176
l 6178 6177
l 6179 6178
l 6180 6179
l 6181 6180
l 6182 6181
l 6183 6182
l 6184 6183
l 6185 6184
l 6186 6185
l 6166 6187
l 6188 6187
l 6189 6190
l 6186 6189
l 6188 6191
l 6190 6192
l 6191 6193
l 6192 6194
l 6195 6196
l 6197 6195
l 6198 6197
l 6193 6199
l 6194 6200
l 6201 6202
l 6203 6201
l 6204 6203
l 6205 6206
l 6196 6205
l 6198 6207
l 6199 6208
l 6200 6209
l 6202 6210
l 6204 6211
l 6212 6211
l 6213 6214
l 6206 6213
l 6207 6215
l 6216 6215
l 6208 6217
l 6209 6218
l 6219 6220
l 6210 6219
l 6212 6221
l 6222 6221
l 6223 6224
l 6214 6223
l 6216 6225
l 6217 6226
l 6218 6227
l 6220 6228
l 6222 6229
l 6230 6229
l 6224 6231
l 6225 6232
l 6233 6232
l 6226 6234
l 6227 6235
l 6236 6237
l 6228 6236
l 6230 6238
l 6239 6240
l 6231 6239
l 6233 6241
l 6242 6241
l 6243 6244
l 6234 6243
l 6235 6245
l 6246 6245
l 6247 6248
l 6237 6247
l 6238 6249
l 6250 6249
l 6251 6252
l 6240 6251
l 6242 6253
l 6244 6253
l 6254 6255
l 6256 6254
l 6257 6258
l 6259 6257
l 6246 6260
l 6248 6260
l 6250 6261
l 6262 6261
l 6263 6264
l 6252 6263
l 6265 6266
l 6255 6265
l 6256 6267
l 6258 6268
l 6259 6269
l 6270 6269
l 6262 6271
l 6272 6271
l 6273 6274
l 6264 6273
l 6266 6275
l 6267 6276
l 6268 6277
l 6270 6278
l 6272 6279
l 6280 6279
l 6281 6282
l 6274 6281
l 6275 6283
l 6276 6284
l 6277 6285
l 6278 6286
l 6280 6287
l 6288 6287
l 6289 6290
l 6282 6289
l 6283 6291
l 6284 6292
l 6285 6293
l 6286 6294
l 6288 6295
l 6296 6295
l 6297 6298
l 6290 6297
l 6291 6299
l 6292 6300
l 6293 6301
l 6294 6302
l 6296 6303
l 6304 6303
l 6298 6305
l 6299 6306
l 6300 6307
l 6301 6308
l 6302 6309
l 6304 6310
l 6311 6312
l 6305 6311
l 6306 6313
l 6314 6313
l 6307 6315
l 6308 6316
l 6317 6318
l 6309 6317
l 6310 6319
l 6320 6319
l 6321 6322
l 6312 6321
l 6314 6323
l 6315 6323
l 6316 6324
l 6318 6324
l 6320 6325
l 6326 6325
l 6327 6328
l 6322 6327
l 6326 6329
l 6330 6329
l 6331 6332
l 6328 6331
l 6330 6333
l 6334 6333
l 6335 6336
l 6332 6335
l 6334 6337
l 6338 6337
l 6339 6340
l 6336 6339
l 6338 6341
l 6342 6341
l 6343 6344
l 6340 6343
l 6342 6345
l 6346 6345
l 6347 6348
l 6344 6347
l 6349 6350
l 6351 6349
l 6352 6351
l 6353 6352
l 6354 6355
l 6356 6354
l 6357 6356
l 6358 6357
l 6346 6359
l 6360 6359
l 6348 6361
l 6350 6362
l 6353 6363
l 6364 6363
l 6365 6366
l 6355 6365
l 6358 6367
l 6360 6368
l 6361 6369
l 6362 6370
l 6364 6371
l 6366 6372
l 6367 6373
l 6368 6374
l 6369 6375
l 6376 6377
l 6378 6376
l 6379 6378
l 6380 6379
l 6370 6380
l 6371 6381
l 6382 6381
l 6383 6382
l 6384 6383
l 6372 6384
l 6373 6385
l 6386 6385
l 6387 6386
l 6388 6387
l 6389 6388
l 6374 6390
l 6375 6391
l 6392 6393
l 6394 6392
l 6395 6394
l 6396 6395
l 6377 6396
l 6389 6397
l 6398 6397
l 6399 6398
l 6400 6399
l 6401 6400
l 6390 6402
l 6391 6403
l 6404 6405
l 6406 6404
l 6407 6406
l 6408 6407
l 6409 6408
l 6393 6409
l 6401 6410
l 6411 6410
l 6412 6411
l 6413 6412
l 6414 6413
l 6415 6414
l 6402 6416
l 6403 6417
l 6418 6417
l 6419 6420
l 6421 6419
l 6422 6421
l 6423 6422
l 6424 6423
l 6425 6424
l 6405 6425
l 6415 6426
l 6427 6426
l 6428 6427
l 6429 6428
l 6430 6429
l 6431 6430
l 6432 6431
l 6433 6434
l 6416 6433
l 6418 6435
l 6436 6435
l 6437 6436
l 6438 6437
l 6439 6438
l 6440 6439
l 6441 6440
l 6442 6441
l 6420 6442
l 6432 6443
l 6444 6443
l 6445 6444
l 6446 6445
l 6447 6446
l 6448 6447
l 6449 6448
l 6450 6449
l 6434 6450
l 6451 6452
l 6453 6451
l 6454 6453
l 6455 6454
l 6456 6455
l 6457 6456
l 6458 6457
l 6459 6458
l 6460 6459
l 6461 6460
l 6462 6461
l 6463 6462
l 6464 6463
l 6465 6464
l 6466 6465
l 6467 6466
l 6468 6467
l 6469 6468
l 6470 6469
l 6452 6471
l 6470 6472
l 6471 6473
l 6472 6474
l 6473 6475
l 6474 6476
l 6477 6478
l 6479 6477
l 6475 6480
l 6476 6481
l 6482 6483
l 6484 6482
l 6478 6485
l 6479 6486
l 6487 6486
l 6480 6488
l 6481 6489
l 6490 6491
l 6483 6490
l 6484 6492
l 6493 6494
l 6485 6493
l 6487 6495
l 6496 6495
l 6488 6497
l 6489 6498
l 6499 6500
l 6491 6499
l 6492 6501
l 6502 6501
l 6503 6504
l 6494 6503
l 6496 6505
l 6497 6506
l 6498 6507
l 6500 6508
l 6502 6509
l 6510 6509
l 6511 6512
l 6504 6511
l 6505 6513
l 6514 6513
l 6506 6515
l 6507 6516
l 6517 6518
l 6508 6517
l 6510 6519
l 6520 6519
l 6521 6522
l 6512 6521
l 6514 6523
l 6524 6523
l 6525 6526
l 6515 6525
l 6516 6527
l 6528 6527
l 6529 6530
l 6518 6529
l 6520 6531
l 6532 6531
l 6533 6534
l 6522 6533
l 6524 6535
l 6526 6535
l 6536 6537
l 6538 6536
l 6539 6540
l 6541 6539
l 6528 6542
l 6530 6542
l 6532 6543
l 6544 6543
l 6545 6546
l 6534 6545
l 6547 6548
l 6537 6547
l 6538 6549
l 6540 6550
l 6541 6551
l 6552 6551
l 6544 6553
l 6554 6553
l 6546 6555
l 6548 6556
l 6549 6557
l 6550 6558
l 6552 6559
l 6554 6560
l 6561 6562
l 6555 6561
l 6556 6563
l 6557 6564
l 6558 6565
l 6559 6566
l 6560 6567
l 6568 6567
l 6569 6570
l 6562 6569
l 6563 6571
l 6564 6572
l 6565 6573
l 6566 6574
l 6568 6575
l 6576 6575
l 6577 6578
l 6570 6577
l 6571 6579
l 6572 6580
l 6573 6581
l 6574 6582
l 6576 6583
l 6584 6583
l 6585 6586
l 6578 6585
l 6579 6587
l 6580 6588
l 6581 6589
l 6582 6590
l 6584 6591
l 6592 6591
l 6593 6594
l 6586 6593
l 6587 6595
l 6588 6596
l 6589 6597
l 6590 6598
l 6592 6599
l 6600 6599
l 6601 6602
l 6594 6601
l 6595 6603
l 6604 6603
l 6596 6604
l 6597 6605
l 6606 6605
l 6598 6606
l 6600 6607
l 6608 6607
l 6609 6610
l 6602 6609
l 6608 6611
l 6612 6611
l 6613 6614
l 6610 6613
l 6612 6615
l 6616 6615
l 6617 6618
l 6614 6617
l 6616 6619
l 6620 6619
l 6621 6622
l 6618 6621
l 6620 6623
l 6624 6623
l 6625 6626
l 6622 6625
l 6624 6627
l 6628 6627
l 6626 6629
l 6630 6631
l 6632 6630
l 6633 6632
l 6634 6633
l 6635 6636
l 6637 6635
l 6638 6637
l 6639 6638
l 6628 6640
l 6641 6642
l 6629 6641
l 6631 6643
l 6634 6644
l 6645 6644
l 6646 6647
l 6636 6646
l 6639 6648
l 6640 6649
l 6650 6649
l 6642 6651
l 6643 6652
l 6645 6653
l 6654 6653
l 6655 6656
l 6647 6655
l 6648 6657
l 6650 6658
l 6651 6659
l 6660 6661
l 6662 6660
l 6663 6662
l 6664 6663
l 6652 6664
l 6654 6665
l 6666 6665
l 6656 6666
l 6657 6667
l 6668 6667
l 6669 6668
l 6670 6669
l 6671 6670
l 6658 6672
l 6659 6673
l 6674 6675
l 6676 6674
l 6677 6676
l 6678 6677
l 6679 6678
l 6661 6679
l 6671 6680
l 6681 6680
l 6682 6681
l 6683 6682
l 6684 6683
l 6685 6684
l 6672 6686
l 6673 6687
l 6688 6687
l 6689 6690
l 6691 6689
l 6692 6691
l 6693 6692
l 6694 6693
l 6675 6694
l 6685 6695
l 6696 6695
l 6697 6696
l 6698 6697
l 6699 6698
l 6700 6699
l 6701 6702
l 6686 6701
l 6688 6703
l 6704 6705
l 6706 6704
l 6707 6706
l 6708 6707
l 6709 6708
l 6710 6709
l 6690 6710
l 6700 6711
l 6712 6711
l 6713 6712
l 6714 6713
l 6715 6714
l 6716 6715
l 6717 6716
l 6702 6718
l 6703 6719
l 6720 6719
l 6721 6720
l 6722 6721
l 6723 6722
l 6724 6723
l 6725 6724
l 6705 6725
l 6717 6726
l 6727 6726
l 6728 6727
l 6729 6728
l 6730 6729
l 6731 6730
l 6732 6731
l 6718 6732
l 6733 6734
l 6735 6733
l 6736 6735
l 6737 6736
l 6738 6737
l 6739 6738
l 6740 6739
l 6741 6740
l 6742 6741
l 6743 6742
l 6744 6743
l 6745 6744
l 6746 6745
l 6747 6746
l 6748 6747
l 6749 6748
l 6750 6749
l 6751 6752
l 6734 6751
l 6750 6753
l 6754 6753
l 6752 6755
l 6754 6756
l 6755 6757
l 6756 6758
l 6757 6759
l 6758 6760
l 6761 6762
l 6763 6761
l 6764 6763
l 6759 6765
l 6760 6766
l 6767 6768
l 6769 6767
l 6770 6769
l 6771 6772
l 6762 6771
l 6764 6773
l 6765 6774
l 6766 6775
l 6768 6776
l 6770 6777
l 6778 6777
l 6779 6780
l 6772 6779
l 6773 6781
l 6782 6781
l 6774 6783
l 6775 6784
l 6785 6786
l 6776 6785
l 6778 6787
l 6788 6787
l 6789 6790
l 6780 6789
l 6782 6791
l 6792 6791
l 6783 6793
l 6784 6794
l 6795 6796
l 6786 6795
l 6788 6797
l 6798 6797
l 6799 6800
l 6790 6799
l 6792 6801
l 6802 6803
l 6793 6802
l 6794 6804
l 6805 6804
l 6796 6806
l 6798 6807
l 6808 6807
l 6800 6809
l 6801 6810
l 6811 6810
l 6803 6811
l 6812 6813
l 6814 6812
l 6815 6816
l 6817 6815
l 6805 6818
l 6819 6818
l 6806 6819
l 6808 6820
l 6821 6822
l 6809 6821
l 6823 6824
l 6813 6823
l 6814 6825
l 6816 6826
l 6817 6827
l 6828 6827
l 6820 6829
l 6830 6829
l 6831 6832
l 6822 6831
l 6824 6833
l 6825 6834
l 6826 6835
l 6828 6836
l 6830 6837
l 6838 6837
l 6839 6840
l 6832 6839
l 6833 6841
l 6834 6842
l 6835 6843
l 6836 6844
l 6838 6845
l 6846 6845
l 6847 6848
l 6840 6847
l 6841 6849
l 6842 6850
l 6843 6851
l 6844 6852
l 6846 6853
l 6854 6853
l 6855 6856
l 6848 6855
l 6849 6857
l 6850 6858
l 6851 6859
l 6852 6860
l 6854 6861
l 6862 6861
l 6863 6864
l 6856 6863
l 6857 6865
l 6858 6866
l 6859 6867
l 6860 6868
l 6862 6869
l 6870 6869
l 6864 6871
l 6865 6872
l 6866 6873
l 6867 6874
l 6868 6875
l 6870 6876
l 6877 6878
l 6871 6877
l 6872 6879
l 6880 6879
l 6873 6880
l 6874 6881
l 6882 6881
l 6875 6882
l 6876 6883
l 6884 6883
l 6885 6886
l 6878 6885
l 6884 6887
l 6888 6887
l 6889 6890
l 6886 6889
l 6888 6891
l 6892 6891
l 6893 6894
l 6890 6893
l 6892 6895
l 6896 6895
l 6897 6898
l 6894 6897
l 6896 6899
l 6900 6899
l 6901 6902
l 6898 6901
l 6900 6903
l 6904 6903
l 6905 6906
l 6902 6905
l 6907 6908
l 6909 6907
l 6910 6909
l 6911 6910
l 6912 6913
l 6914 6912
l 6915 6914
l 6916 6915
l 6904 6917
l 6918 6917
l 6919 6920
l 6906 6919
l 6908 6921
l 6911 6922
l 6923 6922
l 6924 6925
l 6913 6924
l 6916 6926
l 6918 6927
l 6928 6927
l 6920 6929
l 6921 6930
l 6923 6931
l 6932 6931
l 6933 6932
l 6934 6933
l 6925 6934
l 6926 6935
l 6928 6936
l 6929 6937
l 6938 6939
l 6940 6938
l 6941 6940
l 6942 6941
l 6943 6942
l 6930 6943
l 6935 6944
l 6945 6944
l 6946 6945
l 6947 6946
l 6948 6947
l 6949 6948
l 6936 6950
l 6937 6951
l 6952 6951
l 6953 6954
l 6955 6953
l 6956 6955
l 6957 6956
l 6958 6957
l 6939 6958
l 6949 6959
l 6960 6959
l 6961 6960
l 6962 6961
l 6963 6962
l 6964 6963
l 6965 6966
l 6950 6965
l 6952 6967
l 6968 6969
l 6970 6968
l 6971 6970
l 6972 6971
l 6954 6972
l 6964 6973
l 6974 6973
l 6975 6974
l 6976 6975
l 6977 6976
l 6966 6978
l 6967 6979
l 6980 6979
l 6981 6980
l 6982 6981
l 6983 6982
l 6984 6983
l 6985 6984
l 6986 6985
l 6987 6986
l 6988 6987
l 6989 6988
l 6990 6989
l 6991 6990
l 6969 6991
l 6977 6992
l 6993 6992
l 6994 6993
l 6995 6994
l 6996 6995
l 6997 6996
l 6998 6997
l 6999 6998
l 7000 6999
l 7001 7000
l 7002 7001
l 7003 7002
l 7004 7003
l 6978 7004
l 7005 7006
l 7007 7005
l 7008 7007
l 7009 7008
l 7010 7009
l 7011 7010
l 7012 7011
l 7013 7012
l 7014 7013
l 7015 7014
l 7016 7015
l 7017 7016
l 7018 7017
l 7019 7018
l 7020 7019
l 7021 7022
l 7023 7021
l 7006 7023
l 7020 7024
l 7025 7024
l 7026 7025
l 7022 7027
l 7026 7028
l 7027 7029
l 7028 7030
l 7029 7031
l 7030 7032
l 7034 7033
l 7031 7035
l 7032 7036
l 7037 7038
l 7039 7040
l 7033 7039
l 7034 7041
l 7042 7041
l 7035 7043
l 7044 7043
l 7045 7046
l 7036 7045
l 7047 7048
l 7038 7047
l 7037 7049
l 7050 7049
l 7040 7051
l 7042 7052
l 7044 7053
l 7046 7054
l 7048 7055
l 7050 7056
l 7057 7058
l 7051 7057
l 7052 7059
l 7060 7059
l 7061 7060
l 7062 7063
l 7053 7062
l 7054 7064
l 7065 7064
l 7066 7067
l 7068 7066
l 7055 7068
l 7056 7069
l 7070 7069
l 7071 7072
l 7058 7071
l 7061 7073
l 7074 7075
l 7063 7074
l 7065 7076
l 7077 7076
l 7067 7078
l 7070 7079
l 7080 7079
l 7081 7082
l 7072 7081
l 7073 7083
l 7084 7083
l 7075 7084
l 7085 7086
l 7087 7085
l 7088 7089
l 7090 7088
l 7077 7091
l 7092 7091
l 7078 7092
l 7080 7093
l 7094 7093
l 7095 7096
l 7082 7095
l 7097 7098
l 7086 7097
l 7087 7099
l 7089 7100
l 7090 7101
l 7102 7101
l 7094 7103
l 7104 7103
l 7105 7106
l 7096 7105
l 7098 7107
l 7099 7108
l 7100 7109
l 7102 7110
l 7104 7111
l 7112 7111
l 7106 7113
l 7107 7114
l 7108 7115
l 7109 7116
l 7110 7117
l 7112 7118
l 7119 7120
l 7113 7119
l 7114 7121
l 7115 7122
l 7116 7123
l 7117 7124
l 7118 7125
l 7126 7125
l 7127 7128
l 7120 7127
l 7121 7129
l 7122 7130
l 7123 7131
l 7124 7132
l 7126 7133
l 7134 7133
l 7135 7136
l 7128 7135
l 7129 7137
l 7130 7138
l 7131 7139
l 7132 7140
l 7134 7141
l 7142 7141
l 7143 7144
l 7136 7143
l 7137 7145
l 7138 7146
l 7139 7147
l 7140 7148
l 7142 7149
l 7150 7149
l 7151 7152
l 7144 7151
l 7145 7153
l 7154 7153
l 7146 7154
l 7147 7155
l 7156 7155
l 7148 7156
l 7150 7157
l 7158 7157
l 7159 7160
l 7152 7159
l 7158 7161
l 7162 7161
l 7163 7164
l 7160 7163
l 7162 7165
l 7166 7165
l 7167 7168
l 7164 7167
l 7166 7169
l 7170 7169
l 7171 7172
l 7168 7171
l 7170 7173
l 7174 7173
l 7175 7176
l 7172 7175
l 7174 7177
l 7178 7177
l 7176 7179
l 7180 7181
l 7182 7180
l 7183 7182
l 7184 7183
l 7185 7186
l 7187 7185
l 7188 7187
l 7189 7188
l 7178 7190
l 7191 7192
l 7179 7191
l 7181 7193
l 7184 7194
l 7195 7194
l 7196 7197
l 7186 7196
l 7189 7198
l 7190 7199
l 7200 7199
l 7192 7201
l 7193 7202
l 7195 7203
l 7204 7203
l 7205 7204
l 7206 7205
l 7197 7206
l 7198 7207
l 7200 7208
l 7201 7209
l 7210 7211
l 7212 7210
l 7213 7212
l 7214 7213
l 7215 7214
l 7202 7215
l 7207 7216
l 7217 7216
l 7218 7217
l 7219 7218
l 7220 7219
l 7221 7220
l 7208 7222
l 7209 7223
l 7224 7225
l 7226 7224
l 7227 7226
l 7228 7227
l 7229 7228
l 7211 7229
l 7221 7230
l 7231 7230
l 7232 7231
l 7233 7232
l 7234 7233
l 7235 7234
l 7222 7236
l 7223 7237
l 7238 7237
l 7239 7240
l 7241 7239
l 7242 7241
l 7243 7242
l 7244 7243
l 7225 7244
l 7235 7245
l 7246 7245
l 7247 7246
l 7248 7247
l 7249 7248
l 7250 7249
l 7251 7252
l 7236 7251
l 7238 7253
l 7254 7253
l 7255 7254
l 7256 7255
l 7257 7256
l 7258 7257
l 7259 7258
l 7260 7259
l 7261 7260
l 7262 7261
l 7263 7262
l 7240 7263
l 7250 7264
l 7265 7264
l 7266 7265
l 7267 7266
l 7268 7267
l 7269 7268
l 7270 7269
l 7271 7270
l 7272 7271
l 7273 7272
l 7274 7273
l 7252 7274
l 7275 7276
l 7277 7275
l 7278 7277
l 7279 7278
l 7280 7279
l 7281 7280
l 7282 7281
l 7283 7282
l 7284 7283
l 7285 7284
l 7286 7285
l 7287 7286
l 7288 7287
l 7289 7288
l 7290 7289
l 7291 7290
l 7292 7291
l 7276 7293
l 7292 7294
l 7293 7295
l 7294 7296
l 7295 7297
l 7296 7298
l 7297 7299
l 7298 7300
l 7301 7302
l 7303 7301
l 7299 7304
l 7300 7305
l 7306 7307
l 7308 7306
l 7309 7310
l 7302 7309
l 7303 7311
l 7312 7311
l 7304 7313
l 7305 7314
l 7315 7316
l 7307 7315
l 7308 7317
l 7318 7317
l 7319 7320
l 7310 7319
l 7312 7321
l 7322 7321
l 7323 7324
l 7313 7323
l 7314 7325
l 7326 7325
l 7327 7328
l 7316 7327
l 7318 7329
l 7330 7329
l 7320 7331
l 7322 7332
l 7333 7332
l 7334 7335
l 7324 7334
l 7326 7336
l 7337 7336
l 7338 7339
l 7328 7338
l 7330 7340
l 7341 7342
l 7331 7341
l 7333 7343
l 7344 7343
l 7335 7344
l 7345 7346
l 7347 7345
l 7348 7349
l 7350 7348
l 7337 7351
l 7352 7351
l 7339 7352
l 7340 7353
l 7354 7353
l 7355 7356
l 7342 7355
l 7357 7358
l 7346 7357
l 7347 7359
l 7349 7360
l 7350 7361
l 7362 7361
l 7354 7363
l 7364 7363
l 7365 7366
l 7356 7365
l 7358 7367
l 7359 7368
l 7360 7369
l 7362 7370
l 7364 7371
l 7372 7371
l 7373 7374
l 7366 7373
l 7367 7375
l 7368 7376
l 7369 7377
l 7370 7378
l 7372 7379
l 7380 7379
l 7381 7382
l 7374 7381
l 7375 7383
l 7376 7384
l 7377 7385
l 7378 7386
l 7380 7387
l 7388 7387
l 7389 7390
l 7382 7389
l 7383 7391
l 7384 7392
l 7385 7393
l 7386 7394
l 7388 7395
l 7396 7395
l 7390 7397
l 7391 7398
l 7392 7399
l 7393 7400
l 7394 7401
l 7396 7402
l 7403 7404
l 7397 7403
l 7398 7405
l 7399 7406
l 7400 7407
l 7401 7408
l 7402 7409
l 7410 7409
l 7411 7412
l 7404 7411
l 7405 7413
l 7414 7415
l 7406 7414
l 7407 7416
l 7417 7416
l 7408 7418
l 7410 7419
l 7420 7419
l 7421 7422
l 7412 7421
l 7413 7423
l 7415 7423
l 7417 7424
l 7418 7424
l 7420 7425
l 7426 7425
l 7427 7428
l 7422 7427
l 7426 7429
l 7430 7429
l 7431 7432
l 7428 7431
l 7430 7433
l 7434 7433
l 7435 7436
l 7432 7435
l 7434 7437
l 7438 7437
l 7439 7440
l 7436 7439
l 7438 7441
l 7442 7441
l 7443 7444
l 7440 7443
l 7445 7446
l 7447 7445
l 7448 7447
l 7449 7448
l 7450 7451
l 7452 7450
l 7453 7452
l 7454 7453
l 7442 7455
l 7456 7455
l 7444 7457
l 7446 7458
l 7449 7459
l 7460 7459
l 7461 7462
l 7451 7461
l 7454 7463
l 7456 7464
l 7465 7466
l 7457 7465
l 7467 7468
l 7458 7467
l 7460 7469
l 7470 7469
l 7471 7470
l 7472 7471
l 7462 7472
l 7463 7473
l 7474 7473
l 7464 7475
l 7476 7475
l 7466 7477
l 7478 7479
l 7480 7478
l 7481 7480
l 7482 7481
l 7483 7482
l 7484 7483
l 7468 7484
l 7474 7485
l 7486 7485
l 7487 7486
l 7488 7487
l 7489 7488
l 7490 7489
l 7491 7490
l 7476 7492
l 7477 7493
l 7494 7493
l 7495 7496
l 7497 7495
l 7498 7497
l 7479 7498
l 7491 7499
l 7500 7499
l 7501 7500
l 7502 7501
l 7503 7504
l 7492 7503
l 7494 7505
l 7506 7505
l 7507 7506
l 7508 7509
l 7510 7508
l 7511 7510
l 7512 7511
l 7513 7512
l 7496 7513
l 7502 7514
l 7515 7514
l 7516 7515
l 7517 7516
l 7518 7517
l 7519 7518
l 7520 7521
l 7522 7520
l 7504 7522
l 7507 7523
l 7524 7523
l 7525 7524
l 7526 7525
l 7527 7526
l 7528 7527
l 7529 7528
l 7530 7529
l 7531 7530
l 7509 7531
l 7519 7532
l 7533 7532
l 7534 7533
l 7535 7534
l 7536 7535
l 7537 7536
l 7538 7537
l 7539 7538
l 7540 7539
l 7521 7540
l 7541 7542
l 7543 7541
l 7544 7543
l 7545 7544
l 7546 7545
l 7547 7546
l 7548 7547
l 7549 7548
l 7550 7549
l 7551 7550
l 7552 7551
l 7553 7552
l 7554 7553
l 7555 7554
l 7556 7555
l 7557 7556
l 7558 7557
l 7542 7559
l 7558 7560
l 7559 7561
l 7560 7562
l 7561 7563
l 7562 7564
l 7563 7565
l 7564 7566
l 7565 7567
l 7566 7568
l 7569 7570
l 7571 7569
l 7567 7572
l 7568 7573
l 7574 7575
l 7576 7574
l 7577 7578
l 7570 7577
l 7571 7579
l 7580 7579
l 7581 7582
l 7572 7581
l 7573 7583
l 7584 7583
l 7585 7586
l 7575 7585
l 7576 7587
l 7588 7587
l 7589 7590
l 7578 7589
l 7580 7591
l 7592 7591
l 7593 7592
l 7594 7595
l 7582 7594
l 7584 7596
l 7597 7596
l 7598 7599
l 7600 7598
l 7586 7600
l 7588 7601
l 7602 7601
l 7603 7604
l 7590 7603
l 7593 7605
l 7606 7605
l 7595 7606
l 7607 7608
l 7609 7607
l 7610 7611
l 7612 7610
l 7597 7613
l 7614 7613
l 7599 7614
l 7602 7615
l 7616 7615
l 7604 7617
l 7618 7619
l 7608 7618
l 7609 7620
l 7611 7621
l 7612 7622
l 7623 7622
l 7616 7624
l 7625 7626
l 7617 7625
l 7619 7627
l 7620 7628
l 7621 7629
l 7623 7630
l 7624 7631
l 7632 7631
l 7633 7634
l 7626 7633
l 7627 7635
l 7628 7636
l 7629 7637
l 7630 7638
l 7632 7639
l 7640 7639
l 7641 7642
l 7634 7641
l 7635 7643
l 7636 7644
l 7637 7645
l 7638 7646
l 7640 7647
l 7648 7647
l 7649 7650
l 7642 7649
l 7643 7651
l 7644 7652
l 7645 7653
l 7646 7654
l 7648 7655
l 7656 7655
l 7657 7658
l 7650 7657
l 7651 7659
l 7652 7660
l 7653 7661
l 7654 7662
l 7656 7663
l 7664 7663
l 7665 7666
l 7658 7665
l 7659 7667
l 7660 7668
l 7661 7669
l 7662 7670
l 7664 7671
l 7672 7671
l 7673 7674
l 7666 7673
l 7667 7675
l 7676 7677
l 7668 7676
l 7669 7678
l 7679 7678
l 7670 7680
l 7672 7681
l 7682 7681
l 7674 7683
l 7675 7684
l 7677 7684
l 7679 7685
l 7680 7685
l 7682 7686
l 7687 7688
l 7683 7687
l 7686 7689
l 7690 7689
l 7691 7692
l 7688 7691
l 7690 7693
l 7694 7693
l 7695 7696
l 7692 7695
l 7694 7697
l 7698 7697
l 7699 7700
l 7696 7699
l 7698 7701
l 7702 7701
l 7703 7704
l 7700 7703
l 7705 7706
l 7707 7705
l 7708 7707
l 7709 7708
l 7710 7709
l 7711 7712
l 7713 7711
l 7714 7713
l 7715 7714
l 7716 7715
l 7702 7717
l 7718 7717
l 7719 7720
l 7704 7719
l 7706 7721
l 7710 7722
l 7723 7722
l 7724 7725
l 7712 7724
l 7716 7726
l 7718 7727
l 7728 7727
l 7720 7729
l 7730 7731
l 7721 7730
l 7723 7732
l 7733 7732
l 7734 7733
l 7735 7734
l 7725 7735
l 7726 7736
l 7737 7736
l 7728 7738
l 7729 7739
l 7740 7741
l 7742 7740
l 7743 7742
l 7744 7743
l 7745 7744
l 7731 7745
l 7737 7746
l 7747 7746
l 7748 7747
l 7749 7748
l 7750 7749
l 7751 7750
l 7738 7752
l 7739 7753
l 7754 7755
l 7756 7754
l 7757 7756
l 7758 7757
l 7741 7758
l 7751 7759
l 7760 7759
l 7761 7760
l 7762 7761
l 7763 7762
l 7752 7764
l 7753 7765
l 7766 7765
l 7767 7766
l 7768 7767
l 7769 7770
l 7771 7769
l 7772 7771
l 7773 7772
l 7774 7773
l 7755 7774
l 7763 7775
l 7776 7775
l 7777 7776
l 7778 7777
l 7779 7778
l 7780 7779
l 7781 7782
l 7783 7781
l 7784 7783
l 7764 7784
l 7768 7785
l 7786 7785
l 7787 7786
l 7788 7787
l 7789 7788
l 7790 7789
l 7791 7790
l 7770 7791
l 7780 7792
l 7793 7792
l 7794 7793
l 7795 7794
l 7796 7795
l 7797 7796
l 7798 7797
l 7782 7798
l 7799 7800
l 7801 7799
l 7802 7801
l 7803 7802
l 7804 7803
l 7805 7804
l 7806 7805
l 7807 7806
l 7808 7807
l 7809 7808
l 7810 7809
l 7811 7810
l 7812 7811
l 7813 7814
l 7815 7813
l 7800 7815
l 7812 7816
l 7817 7816
l 7818 7817
l 7814 7819
l 7818 7820
l 7819 7821
l 7822 7821
l 7823 7824
l 7820 7823
l 7822 7825
l 7824 7826
l 7827 7828
l 7825 7827
l 7826 7829
l 7830 7829
l 7828 7831
l 7830 7832
l 7833 7834
l 7835 7833
l 7836 7837
l 7831 7836
l 7832 7838
l 7839 7838
l 7840 7841
l 7842 7840
l 7843 7844
l 7834 7843
l 7835 7845
l 7846 7845
l 7847 7846
l 7848 7849
l 7837 7848
l 7839 7850
l 7851 7850
l 7852 7853
l 7854 7852
l 7841 7854
l 7842 7855
l 7856 7855
l 7857 7858
l 7844 7857
l 7847 7859
l 7860 7859
l 7861 7862
l 7849 7861
l 7863 7864
l 7865 7863
l 7866 7867
l 7868 7866
l 7851 7869
l 7870 7869
l 7871 7872
l 7853 7871
l 7856 7873
l 7874 7873
l 7875 7876
l 7858 7875
l 7860 7877
l 7862 7877
l 7878 7879
l 7864 7878
l 7865 7880
l 7867 7881
l 7868 7882
l 7883 7882
l 7870 7884
l 7872 7884
l 7874 7885
l 7886 7885
l 7876 7887
l 7879 7888
l 7880 7889
l 7881 7890
l 7883 7891
l 7886 7892
l 7893 7894
l 7887 7893
l 7888 7895
l 7889 7896
l 7890 7897
l 7891 7898
l 7892 7899
l 7900 7899
l 7901 7902
l 7894 7901
l 7895 7903
l 7896 7904
l 7897 7905
l 7898 7906
l 7900 7907
l 7908 7907
l 7909 7910
l 7902 7909
l 7903 7911
l 7904 7912
l 7905 7913
l 7906 7914
l 7908 7915
l 7916 7915
l 7917 7918
l 7910 7917
l 7911 7919
l 7912 7920
l 7913 7921
l 7914 7922
l 7916 7923
l 7924 7923
l 7925 7926
l 7918 7925
l 7919 7927
l 7920 7928
l 7921 7929
l 7922 7930
l 7924 7931
l 7932 7931
l 7933 7934
l 7926 7933
l 7927 7935
l 7936 7937
l 7928 7936
l 7929 7938
l 7939 7938
l 7930 7940
l 7932 7941
l 7942 7941
l 7934 7943
l 7935 7944
l 7937 7944
l 7939 7945
l 7940 7945
l 7942 7946
l 7947 7948
l 7949 7947
l 7943 7949
l 7946 7950
l 7951 7950
l 7952 7951
l 7953 7954
l 7948 7953
l 7952 7955
l 7956 7955
l 7954 7957
l 7956 7958
l 7959 7960
l 7957 7959
l 7958 7961
l 7962 7961
l 7963 7964
l 7960 7963
l 7965 7966
l 7967 7965
l 7968 7967
l 7969 7968
l 7970 7969
l 7971 7970
l 7972 7973
l 7974 7972
l 7975 7974
l 7976 7975
l 7977 7976
l 7978 7977
l 7962 7979
l 7980 7979
l 7981 7982
l 7964 7981
l 7966 7983
l 7971 7984
l 7985 7984
l 7986 7987
l 7973 7986
l 7978 7988
l 7980 7989
l 7990 7989
l 7991 7992
l 7982 7991
l 7993 7994
l 7995 7993
l 7996 7995
l 7983 7996
l 7985 7997
l 7998 7997
l 7987 7998
l 7988 7999
l 8000 7999
l 8001 8000
l 8002 8001
l 7990 8003
l 8004 8003
l 7992 8005
l 8006 8005
l 8007 8008
l 8009 8007
l 8010 8009
l 8011 8010
l 7994 8011
l 8002 8012
l 8013 8012
l 8014 8013
l 8015 8014
l 8016 8015
l 8017 8018
l 8004 8017
l 8006 8019
l 8020 8019
l 8021 8020
l 8022 8023
l 8024 8022
l 8025 8024
l 8026 8025
l 8027 8026
l 8008 8027
l 8016 8028
l 8029 8028
l 8030 8029
l 8031 8030
l 8032 8031
l 8033 8032
l 8034 8035
l 8036 8034
l 8018 8036
l 8021 8037
l 8038 8037
l 8039 8038
l 8040 8041
l 8042 8040
l 8043 8042
l 8044 8043
l 8045 8044
l 8046 8045
l 8023 8046
l 8033 8047
l 8048 8047
l 8049 8048
l 8050 8049
l 8051 8050
l 8052 8051
l 8053 8052
l 8054 8055
l 8056 8054
l 8035 8056
l 8039 8057
l 8058 8057
l 8041 8058
l 8053 8059
l 8060 8059
l 8055 8060
l 8061 8062
l 8063 8061
l 8064 8063
l 8065 8064
l 8066 8065
l 8067 8066
l 8068 8067
l 8069 8068
l 8070 8069
l 8071 8070
l 8072 8071
l 8073 8072
l 8074 8073
l 8075 8074
l 8076 8075
l 8062 8077
l 8076 8078
l 8077 8079
l 8078 8080
l 8079 8081
l 8080 8082
l 8083 8084
l 8081 8083
l 8082 8085
l 8086 8085
l 8084 8087
l 8086 8088
l 8089 8090
l 8087 8089
l 8088 8091
l 8092 8091
l 8093 8094
l 8090 8093
l 8095 8096
l 8097 8095
l 8098 8099
l 8100 8098
l 8092 8101
l 8102 8101
l 8103 8104
l 8105 8103
l 8106 8105
l 8107 8106
l 8108 8107
l 8109 8108
l 8110 8111
l 8094 8110
l 8096 8112
l 8097 8113
l 8099 8114
l 8100 8115
l 8102 8116
l 8117 8116
l 8118 8119
l 8120 8118
l 8121 8120
l 8122 8121
l 8123 8122
l 8124 8123
l 8125 8126
l 8104 8125
l 8109 8127
l 8111 8127
l 8128 8129
l 8112 8128
l 8113 8130
l 8114 8131
l 8115 8132
l 8133 8132
l 8117 8134
l 8119 8134
l 8124 8135
l 8136 8135
l 8137 8138
l 8126 8137
l 8129 8139
l 8130 8140
l 8131 8141
l 8133 8142
l 8136 8143
l 8144 8143
l 8138 8145
l 8139 8146
l 8140 8147
l 8141 8148
l 8142 8149
l 8144 8150
l 8151 8152
l 8145 8151
l 8146 8153
l 8147 8154
l 8148 8155
l 8149 8156
l 8150 8157
l 8158 8157
l 8159 8160
l 8152 8159
l 8153 8161
l 8154 8162
l 8155 8163
l 8156 8164
l 8158 8165
l 8166 8165
l 8167 8168
l 8160 8167
l 8161 8169
l 8162 8170
l 8163 8171
l 8164 8172
l 8166 8173
l 8174 8173
l 8175 8176
l 8168 8175
l 8169 8177
l 8170 8178
l 8171 8179
l 8172 8180
l 8174 8181
l 8182 8181
l 8183 8184
l 8176 8183
l 8177 8185
l 8186 8187
l 8178 8186
l 8179 8188
l 8189 8188
l 8180 8190
l 8182 8191
l 8192 8191
l 8193 8194
l 8184 8193
l 8185 8195
l 8187 8195
l 8189 8196
l 8190 8196
l 8192 8197
l 8198 8197
l 8194 8199
l 8198 8200
l 8201 8202
l 8199 8201
l 8200 8203
l 8204 8203
l 8205 8206
l 8202 8205
l 8204 8207
l 8208 8207
l 8209 8210
l 8211 8209
l 8206 8211
l 8208 8212
l 8213 8212
l 8214 8213
l 8210 8215
l 8216 8217
l 8218 8216
l 8219 8218
l 8220 8219
l 8221 8220
l 8222 8221
l 8223 8224
l 8225 8223
l 8226 8225
l 8227 8226
l 8228 8227
l 8229 8228
l 8214 8230
l 8231 8232
l 8215 8231
l 8233 8234
l 8217 8233
l 8222 8235
l 8236 8235
l 8237 8238
l 8224 8237
l 8229 8239
l 8240 8239
l 8230 8241
l 8242 8241
l 8232 8243
l 8244 8245
l 8246 8244
l 8247 8246
l 8248 8247
l 8234 8248
l 8236 8249
l 8250 8249
l 8238 8250
l 8240 8251
l 8252 8251
l 8253 8252
l 8254 8253
l 8255 8254
l 8242 8256
l 8243 8257
l 8258 8257
l 8259 8260
l 8261 8259
l 8262 8261
l 8245 8262
l 8255 8263
l 8264 8263
l 8265 8264
l 8266 8265
l 8267 8268
l 8256 8267
l 8258 8269
l 8270 8269
l 8271 8270
l 8272 8273
l 8274 8272
l 8275 8274
l 8276 8275
l 8260 8276
l 8266 8277
l 8278 8277
l 8279 8278
l 8280 8279
l 8281 8280
l 8282 8283
l 8284 8282
l 8268 8284
l 8271 8285
l 8286 8285
l 8287 8286
l 8288 8287
l 8289 8288
l 8290 8289
l 8291 8290
l 8292 8291
l 8273 8292
l 8281 8293
l 8294 8293
l 8295 8294
l 8296 8295
l 8297 8296
l 8298 8297
l 8299 8298
l 8300 8299
l 8283 8300
l 8301 8302
l 8303 8301
l 8304 8303
l 8305 8304
l 8306 8305
l 8307 8306
l 8308 8307
l 8309 8308
l 8310 8309
l 8311 8310
l 8312 8311
l 8313 8312
l 8314 8313
l 8302 8315
l 8314 8316
l 8315 8317
l 8316 8318
l 8319 8320
l 8317 8319
l 8318 8321
l 8322 8321
l 8320 8323
l 8322 8324
l 8325 8326
l 8327 8328
l 8329 8330
l 8331 8332
l 8333 8334
l 8326 8333
l 8335 8336
l 8327 8337
l 8330 8338
l 8339 8340
l 8331 8341
l 8342 8341
l 8343 8344
l 8334 8343
l 8345 8346
l 8336 8345
l 8337 8347
l 8338 8348
l 8340 8349
l 8350 8349
l 8342 8351
l 8352 8351
l 8353 8354
l 8344 8353
l 8346 8355
l 8347 8356
l 8348 8357
l 8350 8358
l 8352 8359
l 8360 8359
l 8361 8362
l 8363 8361
l 8364 8363
l 8365 8364
l 8366 8365
l 8354 8366
l 8355 8367
l 8368 8369
l 8356 8368
l 8357 8370
l 8371 8370
l 8358 8372
l 8360 8373
l 8374 8373
l 8375 8374
l 8376 8375
l 8377 8376
l 8378 8377
l 8379 8380
l 8362 8379
l 8381 8382
l 8367 8381
l 8369 8383
l 8371 8384
l 8372 8385
l 8386 8385
l 8378 8387
l 8388 8387
l 8389 8390
l 8380 8389
l 8382 8391
l 8383 8392
l 8384 8393
l 8386 8394
l 8388 8395
l 8396 8395
l 8397 8398
l 8390 8397
l 8391 8399
l 8392 8400
l 8393 8401
l 8394 8402
l 8396 8403
l 8404 8403
l 8405 8406
l 8398 8405
l 8399 8407
l 8400 8408
l 8401 8409
l 8402 8410
l 8404 8411
l 8412 8411
l 8406 8413
l 8407 8414
l 8408 8415
l 8409 8416
l 8410 8417
l 8412 8418
l 8419 8420
l 8413 8419
l 8414 8421
l 8415 8422
l 8416 8423
l 8417 8424
l 8418 8425
l 8426 8425
l 8427 8428
l 8420 8427
l 8421 8429
l 8430 8431
l 8422 8430
l 8423 8432
l 8433 8432
l 8424 8434
l 8426 8435
l 8436 8435
l 8437 8438
l 8428 8437
l 8439 8440
l 8431 8441
l 8433 8442
l 8443 8444
l 8436 8445
l 8446 8445
l 8447 8448
l 8438 8447
l 8440 8449
l 8450 8449
l 8451 8452
l 8443 8452
l 8446 8453
l 8454 8453
l 8455 8456
l 8448 8455
l 8457 8458
l 8459 8457
l 8460 8461
l 8462 8460
l 8454 8463
l 8464 8463
l 8465 8466
l 8456 8465
l 8458 8467
l 8459 8467
l 8461 8468
l 8462 8468
l 8464 8469
l 8470 8469
l 8471 8472
l 8466 8471
l 8470 8473
l 8474 8473
l 8475 8476
l 8472 8475
l 8477 8478
l 8479 8477
l 8480 8479
l 8481 8480
l 8482 8481
l 8483 8482
l 8484 8485
l 8486 8484
l 8487 8486
l 8488 8487
l 8489 8488
l 8490 8489
l 8474 8491
l 8492 8491
l 8476 8493
l 8494 8495
l 8496 8494
l 8497 8498
l 8478 8497
l 8483 8499
l 8500 8499
l 8501 8500
l 8502 8501
l 8485 8502
l 8490 8503
l 8504 8503
l 8505 8506
l 8507 8505
l 8492 8508
l 8493 8509
l 8510 8511
l 8512 8510
l 8513 8512
l 8495 8513
l 8496 8514
l 8498 8514
l 8504 8515
l 8506 8515
l 8507 8516
l 8517 8516
l 8518 8517
l 8519 8518
l 8508 8520
l 8509 8521
l 8522 8521
l 8523 8524
l 8525 8523
l 8526 8525
l 8527 8526
l 8511 8527
l 8519 8528
l 8529 8528
l 8530 8529
l 8531 8530
l 8532 8531
l 8533 8534
l 8520 8533
l 8522 8535
l 8536 8537
l 8538 8536
l 8539 8538
l 8540 8539
l 8541 8540
l 8542 8541
l 8543 8542
l 8524 8543
l 8532 8544
l 8545 8544
l 8546 8545
l 8547 8546
l 8548 8547
l 8549 8548
l 8550 8549
l 8551 8550
l 8534 8552
l 8535 8553
l 8554 8553
l 8555 8554
l 8537 8555
l 8551 8556
l 8557 8556
l 8558 8557
l 8552 8558
l 8559 8560
l 8561 8559
l 8562 8561
l 8563 8562
l 8564 8563
l 8565 8564
l 8566 8565
l 8567 8566
l 8568 8567
l 8569 8568
l 8570 8569
l 8571 8570
l 8572 8571
l 8560 8573
l 8572 8574
l 8573 8575
l 8574 8576
l 8575 8577
l 8576 8578
l 8577 8579
l 8578 8580
l 8581 8582
l 8583 8581
l 8579 8584
l 8580 8585
l 8586 8587
l 8588 8586
l 8589 8590
l 8582 8589
l 8583 8591
l 8584 8592
l 8585 8593
l 8587 8594
l 8588 8595
l 8596 8595
l 8597 8598
l 8590 8597
l 8591 8599
l 8592 8600
l 8593 8601
l 8594 8602
l 8596 8603
l 8604 8603
l 8605 8606
l 8598 8605
l 8599 8607
l 8608 8609
l 8600 8608
l 8601 8610
l 8611 8610
l 8602 8612
l 8604 8613
l 8614 8613
l 8615 8616
l 8617 8615
l 8606 8617
l 8618 8619
l 8607 8618
l 8609 8620
l 8611 8621
l 8612 8622
l 8623 8622
l 8614 8624
l 8625 8624
l 8626 8625
l 8627 8628
l 8616 8627
l 8619 8629
l 8620 8630
l 8621 8631
l 8623 8632
l 8626 8633
l 8634 8633
l 8635 8636
l 8637 8635
l 8628 8637
l 8629 8638
l 8630 8639
l 8631 8640
l 8632 8641
l 8634 8642
l 8643 8642
l 8644 8643
l 8645 8646
l 8636 8645
l 8638 8647
l 8639 8648
l 8640 8649
l 8641 8650
l 8644 8651
l 8652 8651
l 8653 8654
l 8646 8653
l 8655 8656
l 8647 8655
l 8648 8657
l 8649 8658
l 8650 8659
l 8660 8659
l 8652 8661
l 8662 8661
l 8654 8663
l 8656 8664
l 8665 8664
l 8666 8667
l 8657 8666
l 8658 8668
l 8669 8668
l 8670 8671
l 8660 8670
l 8662 8672
l 8673 8674
l 8663 8673
l 8675 8676
l 8665 8675
l 8667 8677
l 8669 8678
l 8671 8679
l 8680 8679
l 8672 8681
l 8682 8681
l 8683 8684
l 8674 8683
l 8676 8685
l 8677 8686
l 8678 8687
l 8680 8688
l 8682 8689
l 8690 8689
l 8691 8692
l 8684 8691
l 8685 8693
l 8694 8695
l 8686 8694
l 8687 8696
l 8697 8696
l 8688 8698
l 8690 8699
l 8700 8699
l 8701 8702
l 8692 8701
l 8693 8703
l 8695 8704
l 8697 8705
l 8698 8706
l 8700 8707
l 8708 8707
l 8709 8710
l 8702 8709
l 8703 8711
l 8704 8712
l 8705 8713
l 8706 8714
l 8708 8715
l 8716 8715
l 8717 8718
l 8710 8717
l 8711 8719
l 8712 8719
l 8713 8720
l 8714 8720
l 8716 8721
l 8722 8721
l 8718 8723
l 8724 8725
l 8726 8724
l 8727 8728
l 8729 8727
l 8730 8729
l 8731 8730
l 8732 8731
l 8733 8732
l 8734 8733
l 8735 8734
l 8736 8735
l 8737 8736
l 8738 8737
l 8739 8738
l 8740 8739
l 8741 8740
l 8742 8741
l 8743 8742
l 8744 8743
l 8745 8746
l 8747 8745
l 8722 8748
l 8749 8750
l 8723 8749
l 8751 8752
l 8753 8751
l 8754 8755
l 8756 8754
l 8725 8756
l 8726 8757
l 8728 8757
l 8744 8758
l 8746 8758
l 8747 8759
l 8760 8759
l 8761 8760
l 8762 8763
l 8764 8762
l 8748 8765
l 8766 8765
l 8767 8768
l 8750 8767
l 8769 8770
l 8771 8769
l 8772 8771
l 8752 8772
l 8753 8773
l 8755 8773
l 8761 8774
l 8763 8774
l 8764 8775
l 8776 8775
l 8777 8776
l 8778 8777
l 8766 8779
l 8780 8779
l 8768 8781
l 8782 8781
l 8783 8784
l 8785 8783
l 8786 8785
l 8770 8786
l 8778 8787
l 8788 8787
l 8789 8788
l 8790 8789
l 8791 8792
l 8780 8791
l 8782 8793
l 8794 8793
l 8795 8794
l 8796 8795
l 8797 8796
l 8798 8797
l 8784 8798
l 8790 8799
l 8800 8799
l 8801 8800
l 8802 8801
l 8803 8802
l 8804 8803
l 8792 8804
l 8805 8806
l 8807 8805
l 8808 8807
l 8809 8808
l 8810 8809
l 8811 8810
l 8812 8811
l 8813 8812
l 8814 8813
l 8815 8816
l 8806 8815
l 8814 8817
l 8818 8817
l 8816 8819
l 8818 8820
l 8819 8821
l 8820 8822
l 8823 8824
l 8825 8823
l 8826 8827
l 8821 8826
l 8822 8828
l 8829 8828
l 8830 8831
l 8832 8830
l 8833 8834
l 8824 8833
l 8825 8835
l 8827 8836
l 8829 8837
l 8831 8838
l 8832 8839
l 8840 8839
l 8841 8842
l 8834 8841
l 8835 8843
l 8836 8844
l 8837 8845
l 8838 8846
l 8840 8847
l 8848 8847
l 8849 8850
l 8842 8849
l 8843 8851
l 8844 8852
l 8845 8853
l 8846 8854
l 8848 8855
l 8856 8855
l 8850 8857
l 8858 8859
l 8851 8858
l 8852 8860
l 8853 8861
l 8854 8862
l 8863 8862
l 8856 8864
l 8865 8866
l 8857 8865
l 8859 8867
l 8868 8869
l 8860 8868
l 8861 8870
l 8871 8870
l 8863 8872
l 8864 8873
l 8874 8873
l 8875 8876
l 8866 8875
l 8867 8877
l 8869 8878
l 8871 8879
l 8872 8880
l 8874 8881
l 8882 8881
l 8883 8884
l 8876 8883
l 8877 8885
l 8878 8886
l 8879 8887
l 8880 8888
l 8882 8889
l 8890 8889
l 8891 8892
l 8884 8891
l 8893 8894
l 8885 8893
l 8886 8895
l 8887 8896
l 8888 8897
l 8898 8897
l 8890 8899
l 8900 8899
l 8901 8902
l 8892 8901
l 8894 8903
l 8904 8905
l 8895 8904
l 8896 8906
l 8907 8906
l 8898 8908
l 8900 8909
l 8910 8909
l 8911 8912
l 8902 8911
l 8903 8913
l 8905 8914
l 8907 8915
l 8908 8916
l 8910 8917
l 8918 8917
l 8919 8920
l 8912 8919
l 8913 8921
l 8914 8922
l 8915 8923
l 8916 8924
l 8918 8925
l 8926 8925
l 8927 8928
l 8920 8927
l 8921 8929
l 8922 8930
l 8923 8931
l 8924 8932
l 8926 8933
l 8934 8933
l 8928 8935
l 8929 8936
l 8930 8937
l 8931 8938
l 8932 8939
l 8934 8940
l 8941 8942
l 8935 8941
l 8943 8944
l 8936 8943
l 8945 8946
l 8937 8945
l 8938 8947
l 8948 8947
l 8939 8949
l 8950 8949
l 8940 8951
l 8952 8951
l 8953 8954
l 8942 8953
l 8944 8955
l 8946 8956
l 8948 8957
l 8950 8958
l 8952 8959
l 8960 8959
l 8961 8962
l 8954 8961
l 8963 8964
l 8955 8963
l 8956 8965
l 8966 8965
l 8967 8966
l 8968 8967
l 8969 8968
l 8970 8969
l 8971 8970
l 8972 8971
l 8973 8972
l 8974 8973
l 8975 8974
l 8976 8975
l 8977 8976
l 8978 8977
l 8979 8978
l 8980 8979
l 8981 8980
l 8982 8981
l 8957 8982
l 8958 8983
l 8984 8983
l 8960 8985
l 8986 8985
l 8987 8988
l 8962 8987
l 8989 8990
l 8991 8989
l 8992 8991
l 8964 8992
l 8984 8993
l 8994 8993
l 8995 8994
l 8996 8995
l 8986 8997
l 8998 8997
l 8999 9000
l 8988 8999
l 9001 9002
l 9003 9001
l 8990 9003
l 8996 9004
l 9005 9004
l 9006 9005
l 8998 9007
l 9008 9007
l 9000 9009
l 9010 9009
l 9011 9012
l 9013 9011
l 9014 9013
l 9015 9014
l 9016 9015
l 9002 9016
l 9006 9017
l 9018 9017
l 9019 9018
l 9020 9019
l 9021 9020
l 9022 9021
l 9023 9024
l 9008 9023
l 9010 9025
l 9026 9025
l 9012 9026
l 9022 9027
l 9028 9027
l 9024 9028
l 9029 9030
l 9031 9029
l 9032 9033
l 9034 9032
l 9035 9036
l 9030 9035
l 9031 9037
l 9038 9037
l 9039 9038
l 9040 9039
l 9041 9040
l 9042 9041
l 9033 9042
l 9034 9043
l 9044 9043
l 9036 9045
l 9044 9046
l 9045 9047
l 9046 9048
l 9049 9050
l 9051 9049
l 9052 9053
l 9047 9052
l 9048 9054
l 9055 9054
l 9056 9057
l 9058 9056
l 9059 9060
l 9050 9059
l 9051 9061
l 9053 9062
l 9055 9063
l 9057 9064
l 9058 9065
l 9066 9065
l 9067 9068
l 9060 9067
l 9061 9069
l 9062 9070
l 9063 9071
l 9064 9072
l 9066 9073
l 9074 9073
l 9075 9076
l 9068 9075
l 9069 9077
l 9078 9079
l 9070 9078
l 9071 9080
l 9081 9080
l 9072 9082
l 9074 9083
l 9084 9083
l 9076 9085
l 9086 9087
l 9077 9086
l 9079 9088
l 9081 9089
l 9082 9090
l 9091 9090
l 9084 9092
l 9093 9094
l 9085 9093
l 9087 9095
l 9088 9096
l 9089 9097
l 9091 9098
l 9092 9099
l 9100 9099
l 9101 9102
l 9094 9101
l 9095 9103
l 9096 9104
l 9097 9105
l 9098 9106
l 9100 9107
l 9108 9107
l 9109 9110
l 9102 9109
l 9103 9111
l 9104 9112
l 9105 9113
l 9106 9114
l 9108 9115
l 9116 9115
l 9117 9118
l 9110 9117
l 9119 9120
l 9111 9119
l 9112 9121
l 9113 9122
l 9114 9123
l 9124 9123
l 9116 9125
l 9126 9125
l 9127 9128
l 9118 9127
l 9120 9129
l 9130 9131
l 9121 9130
l 9122 9132
l 9133 9132
l 9124 9134
l 9126 9135
l 9136 9135
l 9137 9138
l 9128 9137
l 9129 9139
l 9131 9140
l 9133 9141
l 9134 9142
l 9136 9143
l 9144 9143
l 9138 9145
l 9139 9146
l 9140 9147
l 9141 9148
l 9142 9149
l 9144 9150
l 9151 9152
l 9145 9151
l 9146 9153
l 9147 9154
l 9148 9155
l 9149 9156
l 9150 9157
l 9158 9157
l 9159 9160
l 9152 9159
l 9161 9162
l 9153 9161
l 9154 9163
l 9155 9164
l 9156 9165
l 9166 9165
l 9158 9167
l 9168 9167
l 9169 9170
l 9160 9169
l 9162 9171
l 9172 9173
l 9163 9172
l 9164 9174
l 9175 9174
l 9166 9176
l 9168 9177
l 9178 9177
l 9179 9180
l 9170 9179
l 9171 9181
l 9173 9182
l 9175 9183
l 9176 9184
l 9178 9185
l 9186 9185
l 9187 9188
l 9180 9187
l 9189 9190
l 9181 9189
l 9182 9191
l 9192 9191
l 9193 9192
l 9194 9193
l 9195 9194
l 9196 9195
l 9197 9196
l 9198 9197
l 9199 9198
l 9200 9199
l 9201 9200
l 9202 9201
l 9203 9202
l 9204 9203
l 9205 9204
l 9206 9205
l 9207 9206
l 9208 9207
l 9183 9208
l 9184 9209
l 9210 9209
l 9186 9211
l 9212 9211
l 9213 9214
l 9188 9213
l 9215 9216
l 9217 9215
l 9218 9217
l 9190 9218
l 9210 9219
l 9220 9219
l 9221 9220
l 9222 9221
l 9212 9223
l 9224 9223
l 9214 9225
l 9226 9227
l 9228 9226
l 9229 9228
l 9230 9229
l 9216 9230
l 9222 9231
l 9232 9231
l 9233 9232
l 9234 9233
l 9235 9234
l 9224 9236
l 9225 9237
l 9238 9239
l 9240 9238
l 9241 9240
l 9227 9241
l 9235 9242
l 9243 9242
l 9244 9243
l 9245 9244
l 9236 9246
l 9237 9247
l 9248 9247
l 9239 9248
l 9245 9249
l 9250 9249
l 9246 9250
l 9251 9252
l 9253 9251
l 9254 9253
l 9255 9254
l 9256 9255
l 9257 9256
l 9258 9257
l 9259 9258
l 9260 9259
l 9261 9262
l 9252 9261
l 9260 9263
l 9264 9263
l 9265 9266
l 9262 9265
l 9264 9267
l 9268 9267
l 9269 9270
l 9271 9269
l 9272 9271
l 9266 9273
l 9268 9274
l 9275 9276
l 9277 9275
l 9278 9277
l 9270 9279
l 9272 9280
l 9273 9281
l 9274 9282
l 9276 9283
l 9278 9284
l 9285 9286
l 9279 9285
l 9280 9287
l 9281 9288
l 9282 9289
l 9283 9290
l 9284 9291
l 9292 9291
l 9293 9294
l 9286 9293
l 9295 9296
l 9288 9297
l 9289 9298
l 9299 9300
l 9292 9301
l 9302 9301
l 9294 9303
l 9296 9304
l 9305 9306
l 9307 9308
l 9299 9309
l 9302 9310
l 9303 9311
l 9312 9313
l 9304 9312
l 9306 9314
l 9308 9315
l 9309 9316
l 9317 9316
l 9318 9310
l 9319 9320
l 9311 9319
l 9313 9321
l 9314 9322
l 9315 9323
l 9317 9324
l 9318 9325
l 9326 9325
l 9327 9328
l 9320 9327
l 9321 9329
l 9322 9330
l 9323 9331
l 9324 9332
l 9326 9333
l 9334 9333
l 9335 9336
l 9328 9335
l 9337 9338
l 9329 9337
l 9330 9339
l 9331 9340
l 9332 9341
l 9342 9341
l 9334 9343
l 9344 9343
l 9345 9346
l 9347 9345
l 9336 9347
l 9338 9348
l 9339 9349
l 9340 9350
l 9342 9351
l 9344 9352
l 9353 9352
l 9354 9353
l 9355 9356
l 9357 9355
l 9346 9357
l 9348 9358
l 9359 9360
l 9349 9359
l 9350 9361
l 9362 9361
l 9351 9363
l 9354 9364
l 9365 9364
l 9366 9365
l 9367 9368
l 9356 9367
l 9358 9369
l 9360 9370
l 9362 9371
l 9363 9372
l 9366 9373
l 9374 9373
l 9368 9375
l 9369 9376
l 9370 9377
l 9371 9378
l 9372 9379
l 9374 9380
l 9381 9382
l 9375 9381
l 9376 9383
l 9377 9384
l 9378 9385
l 9379 9386
l 9380 9387
l 9388 9387
l 9389 9390
l 9382 9389
l 9383 9391
l 9384 9392
l 9385 9393
l 9386 9394
l 9388 9395
l 9396 9395
l 9390 9397
l 9391 9398
l 9399 9400
l 9392 9399
l 9393 9401
l 9402 9401
l 9394 9403
l 9396 9404
l 9405 9397
l 9406 9407
l 9398 9406
l 9400 9408
l 9402 9409
l 9403 9410
l 9411 9410
l 9404 9412
l 9413 9414
l 9405 9413
l 9415 9416
l 9407 9415
l 9408 9417
l 9418 9417
l 9419 9418
l 9420 9419
l 9421 9420
l 9422 9421
l 9423 9422
l 9424 9423
l 9425 9424
l 9426 9425
l 9427 9426
l 9428 9427
l 9429 9428
l 9430 9429
l 9431 9430
l 9432 9431
l 9433 9432
l 9434 9433
l 9409 9434
l 9411 9435
l 9436 9435
l 9412 9437
l 9438 9437
l 9439 9440
l 9414 9439
l 9441 9442
l 9443 9441
l 9444 9443
l 9416 9444
l 9436 9445
l 9446 9445
l 9447 9446
l 9448 9447
l 9438 9449
l 9450 9449
l 9451 9452
l 9440 9451
l 9453 9454
l 9455 9453
l 9456 9455
l 9457 9456
l 9442 9457
l 9448 9458
l 9459 9458
l 9460 9459
l 9461 9460
l 9462 9461
l 9450 9463
l 9464 9463
l 9452 9465
l 9466 9465
l 9467 9468
l 9469 9467
l 9470 9469
l 9454 9470
l 9462 9471
l 9472 9471
l 9473 9472
l 9474 9473
l 9475 9476
l 9464 9475
l 9466 9477
l 9478 9477
l 9468 9478
l 9474 9479
l 9480 9479
l 9476 9480
l 9481 9482
l 9483 9481
l 9484 9483
l 9485 9484
l 9486 9485
l 9487 9486
l 9488 9487
l 9489 9488
l 9490 9489
l 9491 9490
l 9492 9491
l 9493 9492
l 9494 9493
l 9482 9495
l 9494 9496
l 9497 9498
l 9499 9497
l 9500 9499
l 9495 9500
l 9496 9501
l 9502 9501
l 9503 9502
l 9504 9503
l 9505 9506
l 9498 9505
l 9504 9507
l 9508 9507
l 9506 9509
l 9508 9510
l 9509 9511
l 9510 9512
l 9513 9514
l 9511 9513
l 9512 9515
l 9516 9515
l 9514 9517
l 9518 9519
l 9520 9518
l 9521 9522
l 9523 9521
l 9516 9524
l 9525 9526
l 9517 9525
l 9519 9527
l 9520 9528
l 9522 9529
l 9523 9530
l 9524 9531
l 9532 9531
l 9533 9534
l 9526 9533
l 9535 9536
l 9527 9535
l 9528 9537
l 9529 9538
l 9530 9539
l 9540 9539
l 9532 9541
l 9542 9541
l 9543 9544
l 9545 9543
l 9546 9545
l 9547 9546
l 9534 9547
l 9536 9548
l 9537 9549
l 9538 9550
l 9540 9551
l 9542 9552
l 9553 9552
l 9554 9553
l 9555 9554
l 9556 9555
l 9557 9558
l 9544 9557
l 9559 9560
l 9548 9559
l 9549 9561
l 9550 9562
l 9551 9563
l 9564 9563
l 9556 9565
l 9566 9565
l 9567 9568
l 9569 9567
l 9570 9569
l 9558 9570
l 9560 9571
l 9561 9572
l 9562 9573
l 9564 9574
l 9566 9575
l 9576 9575
l 9577 9576
l 9578 9577
l 9579 9580
l 9581 9579
l 9568 9581
l 9571 9582
l 9583 9584
l 9572 9583
l 9573 9585
l 9586 9585
l 9574 9587
l 9578 9588
l 9589 9588
l 9590 9589
l 9591 9592
l 9580 9591
l 9582 9593
l 9584 9594
l 9586 9595
l 9587 9596
l 9590 9597
l 9598 9597
l 9592 9599
l 9600 9599
l 9593 9601
l 9594 9602
l 9595 9603
l 9596 9604
l 9605 9606
l 9598 9605
l 9607 9608
l 9600 9607
l 9601 9609
l 9602 9610
l 9603 9611
l 9604 9612
l 9606 9613
l 9614 9613
l 9608 9615
l 9609 9616
l 9610 9617
l 9611 9618
l 9612 9619
l 9614 9620
l 9615 9621
l 9616 9622
l 9623 9624
l 9617 9623
l 9618 9625
l 9626 9625
l 9619 9627
l 9620 9628
l 9629 9630
l 9621 9629
l 9622 9631
l 9624 9631
l 9626 9632
l 9627 9632
l 9628 9633
l 9634 9633
l 9630 9635
l 9636 9637
l 9638 9636
l 9639 9638
l 9640 9639
l 9641 9640
l 9642 9641
l 9643 9642
l 9644 9643
l 9645 9644
l 9646 9645
l 9647 9646
l 9648 9647
l 9649 9648
l 9650 9649
l 9651 9650
l 9652 9651
l 9653 9652
l 9654 9653
l 9655 9654
l 9656 9655
l 9657 9656
l 9658 9657
l 9659 9658
l 9660 9659
l 9661 9660
l 9634 9662
l 9635 9663
l 9664 9665
l 9666 9664
l 9667 9666
l 9637 9667
l 9661 9668
l 9669 9668
l 9670 9669
l 9671 9670
l 9662 9672
l 9663 9673
l 9674 9675
l 9676 9674
l 9665 9676
l 9671 9677
l 9678 9677
l 9679 9678
l 9672 9680
l 9673 9681
l 9682 9683
l 9684 9682
l 9685 9684
l 9686 9685
l 9687 9686
l 9675 9687
l 9679 9688
l 9689 9688
l 9690 9689
l 9691 9690
l 9692 9691
l 9693 9692
l 9680 9694
l 9681 9695
l 9696 9695
l 9697 9696
l 9683 9697
l 9693 9698
l 9699 9698
l 9700 9699
l 9694 9700
l 9701 9702
l 9703 9701
l 9704 9703
l 9705 9704
l 9706 9705
l 9707 9706
l 9708 9707
l 9709 9708
l 9710 9709
l 9711 9710
l 9712 9711
l 9713 9712
l 9714 9713
l 9715 9716
l 9717 9715
l 9718 9719
l 9702 9718
l 9714 9720
l 9721 9720
l 9722 9723
l 9724 9722
l 9725 9726
l 9716 9725
l 9717 9727
l 9719 9727
l 9721 9728
l 9723 9728
l 9724 9729
l 9730 9729
l 9726 9731
l 9730 9732
l 9731 9733
l 9732 9734
l 9733 9735
l 9734 9736
l 9737 9738
l 9735 9737
l 9736 9739
l 9740 9739
l 9738 9741
l 9740 9742
l 9743 9744
l 9741 9743
l 9742 9745
l 9746 9745
l 9747 9748
l 9749 9747
l 9750 9749
l 9751 9750
l 9744 9751
l 9752 9753
l 9754 9752
l 9755 9756
l 9757 9755
l 9746 9758
l 9759 9758
l 9760 9759
l 9761 9760
l 9762 9761
l 9763 9764
l 9765 9763
l 9766 9765
l 9767 9766
l 9768 9767
l 9769 9768
l 9770 9769
l 9771 9770
l 9748 9771
l 9772 9773
l 9754 9774
l 9756 9775
l 9776 9777
l 9762 9778
l 9779 9778
l 9780 9779
l 9781 9780
l 9782 9781
l 9783 9782
l 9784 9783
l 9785 9784
l 9786 9785
l 9787 9788
l 9789 9787
l 9764 9789
l 9790 9791
l 9773 9790
l 9792 9793
l 9794 9795
l 9776 9796
l 9797 9796
l 9786 9798
l 9799 9798
l 9800 9799
l 9801 9802
l 9788 9801
l 9791 9803
l 9793 9804
l 9805 9804
l 9806 9807
l 9795 9806
l 9797 9808
l 9800 9809
l 9810 9809
l 9802 9811
l 9803 9812
l 9805 9813
l 9807 9814
l 9808 9815
l 9810 9816
l 9811 9817
l 9812 9818
l 9813 9819
l 9820 9814
l 9815 9821
l 9816 9822
l 9817 9823
l 9818 9824
l 9819 9825
l 9820 9826
l 9821 9827
l 9822 9828
l 9823 9829
l 9824 9830
l 9825 9831
l 9826 9832
l 9827 9833
l 9828 9834
l 9835 9836
l 9829 9835
l 9830 9837
l 9838 9839
l 9831 9838
l 9832 9840
l 9841 9840
l 9833 9842
l 9834 9843
l 9844 9843
l 9836 9845
l 9846 9845
l 9837 9847
l 9839 9847
l 9841 9848
l 9842 9848
l 9849 9850
l 9844 9849
l 9846 9851
l 9850 9852
l 9851 9853
l 9854 9855
l 9856 9854
l 9857 9858
l 9859 9857
l 9860 9859
l 9861 9860
l 9862 9861
l 9863 9862
l 9864 9863
l 9865 9864
l 9866 9865
l 9867 9866
l 9868 9867
l 9869 9868
l 9870 9869
l 9871 9870
l 9872 9871
l 9873 9872
l 9874 9873
l 9875 9876
l 9877 9875
l 9852 9878
l 9853 9879
l 9880 9879
l 9881 9882
l 9883 9881
l 9884 9883
l 9885 9884
l 9855 9885
l 9856 9886
l 9858 9886
l 9874 9887
l 9876 9887
l 9877 9888
l 9889 9888
l 9890 9889
l 9891 9890
l 9892 9891
l 9893 9894
l 9878 9893
l 9895 9896
l 9880 9895
l 9897 9898
l 9899 9897
l 9900 9899
l 9882 9900
l 9892 9901
l 9902 9901
l 9903 9902
l 9904 9903
l 9894 9905
l 9906 9905
l 9896 9907
l 9908 9907
l 9909 9910
l 9911 9909
l 9912 9911
l 9913 9912
l 9914 9913
l 9898 9914
l 9904 9915
l 9916 9915
l 9917 9916
l 9918 9917
l 9919 9918
l 9920 9919
l 9921 9922
l 9906 9921
l 9908 9923
l 9924 9923
l 9925 9924
l 9926 9925
l 9910 9926
l 9920 9927
l 9928 9927
l 9929 9928
l 9930 9929
l 9922 9930
l 9931 9932
l 9933 9931
l 9934 9933
l 9935 9934
l 9936 9935
l 9937 9936
l 9938 9937
l 9939 9938
l 9940 9939
l 9941 9940
l 9942 9941
l 9943 9942
l 9944 9943
l 9945 9944
l 9946 9945
l 9947 9948
l 9949 9947
l 9950 9949
l 9932 9950
l 9946 9951
l 9952 9951
l 9953 9952
l 9954 9953
l 9948 9955
l 9954 9956
l 9957 9958
l 9955 9957
l 9956 9959
l 9960 9959
l 9958 9961
l 9960 9962
l 9961 9963
l 9962 9964
l 9963 9965
l 9964 9966
l 9965 9967
l 9966 9968
l 9969 9970
l 9971 9969
l 9972 9971
l 9973 9972
l 9974 9973
l 9975 9974
l 9976 9975
l 9977 9978
l 9967 9977
l 9968 9979
l 9980 9979
l 9981 9982
l 9983 9981
l 9984 9983
l 9985 9984
l 9986 9985
l 9987 9986
l 9988 9987
l 9989 9990
l 9970 9989
l 9976 9991
l 9992 9991
l 9993 9992
l 9994 9993
l 9995 9994
l 9996 9995
l 9978 9996
l 9980 9997
l 9998 9997
l 9999 9998
l 10000 9999
l 10001 10000
l 10002 10001
l 9982 10002
l 9988 10003
l 10004 10003
l 10005 10006
l 10007 10005
l 9990 10007
l 10008 10009
l 10010 10008
l 10011 10012
l 10013 10011
l 10004 10014
l 10015 10014
l 10016 10015
l 10017 10018
l 10019 10017
l 10006 10019
l 10020 10021
l 10009 10020
l 10010 10022
l 10012 10023
l 10013 10024
l 10025 10024
l 10016 10026
l 10027 10026
l 10028 10027
l 10018 10029
l 10021 10030
l 10022 10031
l 10032 10031
l 10033 10034
l 10023 10033
l 10025 10035
l 10028 10036
l 10029 10037
l 10030 10038
l 10032 10039
l 10034 10040
l 10035 10041
l 10036 10042
l 10037 10043
l 10038 10044
l 10045 10046
l 10039 10045
l 10040 10047
l 10048 10047
l 10041 10049
l 10042 10050
l 10043 10051
l 10044 10052
l 10046 10053
l 10048 10054
l 10049 10055
l 10050 10056
l 10051 10057
l 10052 10058
l 10053 10059
l 10054 10060
l 10055 10061
l 10056 10062
l 10057 10063
l 10058 10064
l 10065 10066
l 10059 10065
l 10060 10067
l 10068 10067
l 10061 10069
l 10062 10070
l 10063 10071
l 10072 10071
l 10064 10073
l 10066 10073
l 10068 10074
l 10069 10074
l 10075 10076
l 10070 10075
l 10077 10078
l 10072 10077
l 10076 10079
l 10080 10079
l 10078 10081
l 10082 10081
l 10083 10084
l 10085 10083
l 10086 10087
l 10088 10086
l 10089 10088
l 10090 10089
l 10091 10090
l 10092 10091
l 10093 10092
l 10094 10093
l 10095 10094
l 10096 10095
l 10097 10096
l 10098 10097
l 10099 10098
l 10100 10099
l 10101 10100
l 10102 10103
l 10104 10102
l 10105 10106
l 10080 10105
l 10082 10107
l 10108 10109
l 10110 10108
l 10111 10110
l 10112 10111
l 10084 10112
l 10085 10113
l 10114 10113
l 10087 10114
l 10101 10115
l 10116 10115
l 10103 10116
l 10104 10117
l 10118 10117
l 10119 10118
l 10120 10119
l 10121 10120
l 10106 10122
l 10107 10123
l 10124 10123
l 10125 10126
l 10127 10125
l 10128 10127
l 10109 10128
l 10121 10129
l 10130 10129
l 10131 10130
l 10132 10131
l 10133 10134
l 10122 10133
l 10124 10135
l 10136 10135
l 10137 10138
l 10139 10137
l 10140 10139
l 10141 10140
l 10142 10141
l 10126 10142
l 10132 10143
l 10144 10143
l 10145 10144
l 10146 10145
l 10147 10146
l 10148 10147
l 10149 10150
l 10134 10149
l 10136 10151
l 10152 10151
l 10153 10152
l 10154 10153
l 10138 10154
l 10148 10155
l 10156 10155
l 10157 10156
l 10158 10157
l 10150 10158
l 10159 10160
l 10161 10159
l 10162 10163
l 10164 10162
l 10165 10166
l 10160 10165
l 10161 10167
l 10168 10167
l 10169 10168
l 10170 10169
l 10171 10170
l 10172 10171
l 10173 10172
l 10174 10173
l 10175 10174
l 10176 10175
l 10163 10176
l 10164 10177
l 10178 10177
l 10179 10180
l 10181 10179
l 10182 10181
l 10183 10182
l 10166 10183
l 10178 10184
l 10185 10184
l 10186 10185
l 10187 10186
l 10188 10187
l 10180 10189
l 10188 10190
l 10189 10191
l 10190 10192
l 10191 10193
l 10192 10194
l 10193 10195
l 10194 10196
l 10197 10198
l 10199 10197
l 10195 10200
l 10196 10201
l 10202 10203
l 10204 10202
l 10205 10206
l 10207 10205
l 10198 10207
l 10199 10208
l 10209 10208
l 10210 10209
l 10211 10210
l 10212 10211
l 10200 10213
l 10201 10214
l 10215 10216
l 10217 10215
l 10218 10217
l 10219 10218
l 10203 10219
l 10204 10220
l 10221 10220
l 10222 10221
l 10223 10224
l 10225 10223
l 10206 10225
l 10212 10226
l 10227 10226
l 10228 10227
l 10229 10230
l 10213 10229
l 10214 10231
l 10232 10231
l 10233 10234
l 10235 10233
l 10216 10235
l 10222 10236
l 10237 10236
l 10238 10237
l 10239 10240
l 10241 10239
l 10224 10241
l 10228 10242
l 10243 10242
l 10244 10243
l 10230 10244
l 10232 10245
l 10246 10245
l 10247 10246
l 10234 10247
l 10238 10248
l 10249 10248
l 10250 10249
l 10251 10252
l 10253 10251
l 10240 10253
l 10254 10255
l 10256 10254
l 10257 10258
l 10259 10257
l 10250 10260
l 10261 10260
l 10262 10261
l 10263 10264
l 10252 10263
l 10265 10266
l 10255 10265
l 10256 10267
l 10258 10268
l 10259 10269
l 10270 10269
l 10262 10271
l 10272 10271
l 10264 10273
l 10266 10274
l 10267 10275
l 10276 10275
l 10277 10278
l 10268 10277
l 10270 10279
l 10272 10280
l 10273 10281
l 10274 10282
l 10276 10283
l 10278 10284
l 10279 10285
l 10280 10286
l 10281 10287
l 10282 10288
l 10289 10290
l 10283 10289
l 10284 10291
l 10292 10291
l 10285 10293
l 10286 10294
l 10287 10295
l 10296 10295
l 10288 10297
l 10290 10298
l 10292 10299
l 10293 10300
l 10301 10302
l 10294 10301
l 10296 10303
l 10297 10304
l 10305 10304
l 10298 10305
l 10299 10306
l 10307 10306
l 10300 10307
l 10302 10308
l 10303 10309
l 10308 10310
l 10309 10311
l 10310 10312
l 10311 10313
l 10312 10314
l 10313 10315
l 10316 10315
l 10317 10318
l 10319 10317
l 10320 10321
l 10322 10320
l 10323 10322
l 10324 10323
l 10325 10324
l 10326 10325
l 10327 10326
l 10328 10327
l 10329 10328
l 10330 10329
l 10331 10330
l 10332 10331
l 10333 10332
l 10334 10333
l 10335 10334
l 10336 10337
l 10338 10336
l 10339 10340
l 10314 10339
l 10316 10341
l 10342 10343
l 10344 10342
l 10345 10344
l 10346 10345
l 10318 10346
l 10319 10347
l 10348 10347
l 10321 10348
l 10335 10349
l 10350 10349
l 10337 10350
l 10338 10351
l 10352 10351
l 10353 10352
l 10354 10353
l 10355 10354
l 10340 10356
l 10341 10357
l 10358 10359
l 10360 10358
l 10361 10360
l 10343 10361
l 10355 10362
l 10363 10362
l 10364 10363
l 10365 10364
l 10356 10366
l 10357 10367
l 10368 10367
l 10369 10368
l 10370 10371
l 10372 10370
l 10373 10372
l 10374 10373
l 10375 10374
l 10359 10375
l 10365 10376
l 10377 10376
l 10378 10377
l 10379 10378
l 10380 10379
l 10381 10380
l 10382 10383
l 10384 10382
l 10366 10384
l 10369 10385
l 10386 10385
l 10387 10386
l 10388 10387
l 10389 10388
l 10371 10389
l 10381 10390
l 10391 10390
l 10392 10391
l 10393 10392
l 10394 10393
l 10383 10394
l 10395 10396
l 10397 10395
l 10398 10397
l 10399 10398
l 10400 10399
l 10401 10400
l 10402 10401
l 10403 10402
l 10404 10403
l 10405 10404
l 10406 10405
l 10407 10406
l 10408 10407
l 10409 10410
l 10411 10409
l 10412 10411
l 10396 10412
l 10408 10413
l 10414 10413
l 10415 10414
l 10416 10415
l 10417 10418
l 10419 10417
l 10410 10419
l 10416 10420
l 10421 10420
l 10422 10421
l 10418 10423
l 10422 10424
l 10423 10425
l 10424 10426
l 10425 10427
l 10426 10428
l 10429 10430
l 10431 10429
l 10432 10431
l 10427 10433
l 10428 10434
l 10435 10436
l 10437 10435
l 10438 10437
l 10439 10440
l 10441 10439
l 10430 10441
l 10432 10442
l 10443 10442
l 10444 10443
l 10433 10445
l 10434 10446
l 10447 10448
l 10449 10447
l 10436 10449
l 10438 10450
l 10451 10450
l 10452 10451
l 10453 10454
l 10455 10453
l 10456 10455
l 10440 10456
l 10444 10457
l 10458 10457
l 10459 10458
l 10445 10460
l 10446 10461
l 10462 10463
l 10464 10462
l 10448 10464
l 10452 10465
l 10466 10465
l 10467 10466
l 10468 10467
l 10469 10470
l 10471 10469
l 10454 10471
l 10459 10472
l 10473 10472
l 10474 10473
l 10475 10476
l 10460 10475
l 10461 10477
l 10478 10477
l 10479 10480
l 10481 10479
l 10463 10481
l 10468 10482
l 10483 10482
l 10484 10483
l 10485 10486
l 10470 10485
l 10474 10487
l 10488 10487
l 10476 10488
l 10478 10489
l 10490 10489
l 10480 10490
l 10484 10491
l 10492 10491
l 10493 10494
l 10495 10493
l 10496 10495
l 10486 10496
l 10497 10498
l 10499 10497
l 10500 10501
l 10502 10500
l 10492 10503
l 10504 10503
l 10505 10504
l 10506 10505
l 10494 10507
l 10508 10509
l 10498 10508
l 10499 10510
l 10501 10511
l 10502 10512
l 10513 10512
l 10506 10514
l 10507 10515
l 10516 10515
l 10509 10517
l 10510 10518
l 10511 10519
l 10513 10520
l 10521 10522
l 10514 10521
l 10516 10523
l 10517 10524
l 10518 10525
l 10526 10525
l 10527 10528
l 10519 10527
l 10520 10529
l 10522 10530
l 10523 10531
l 10524 10532
l 10533 10534
l 10526 10533
l 10528 10535
l 10536 10535
l 10529 10537
l 10530 10538
l 10531 10539
l 10540 10539
l 10532 10541
l 10534 10542
l 10536 10543
l 10537 10544
l 10545 10546
l 10538 10545
l 10540 10547
l 10541 10548
l 10549 10548
l 10542 10549
l 10543 10550
l 10551 10550
l 10544 10551
l 10546 10552
l 10547 10553
l 10552 10554
l 10553 10555
l 10554 10556
l 10555 10557
l 10558 10557
l 10559 10560
l 10556 10559
l 10558 10561
l 10562 10563
l 10564 10562
l 10565 10564
l 10566 10565
l 10567 10566
l 10568 10567
l 10569 10568
l 10570 10569
l 10571 10570
l 10572 10571
l 10573 10572
l 10574 10573
l 10575 10574
l 10576 10575
l 10577 10576
l 10560 10578
l 10561 10579
l 10580 10579
l 10581 10582
l 10583 10581
l 10584 10583
l 10585 10584
l 10586 10585
l 10587 10586
l 10588 10587
l 10563 10588
l 10577 10589
l 10590 10589
l 10591 10590
l 10592 10591
l 10593 10592
l 10594 10593
l 10595 10594
l 10596 10595
l 10597 10598
l 10578 10597
l 10580 10599
l 10600 10601
l 10602 10600
l 10603 10602
l 10582 10603
l 10596 10604
l 10605 10604
l 10606 10605
l 10607 10606
l 10598 10608
l 10599 10609
l 10610 10609
l 10611 10610
l 10612 10613
l 10614 10612
l 10615 10614
l 10616 10615
l 10617 10616
l 10601 10617
l 10607 10618
l 10619 10618
l 10620 10619
l 10621 10620
l 10622 10621
l 10623 10622
l 10624 10625
l 10626 10624
l 10608 10626
l 10611 10627
l 10628 10627
l 10629 10628
l 10630 10629
l 10631 10630
l 10613 10631
l 10623 10632
l 10633 10632
l 10634 10633
l 10635 10634
l 10636 10635
l 10625 10636
l 10637 10638
l 10639 10637
l 10640 10639
l 10641 10640
l 10642 10641
l 10643 10642
l 10644 10643
l 10645 10644
l 10646 10645
l 10647 10646
l 10648 10647
l 10649 10648
l 10650 10649
l 10651 10652
l 10653 10651
l 10654 10653
l 10655 10654
l 10656 10655
l 10638 10656
l 10650 10657
l 10658 10657
l 10659 10658
l 10660 10659
l 10661 10660
l 10662 10661
l 10663 10664
l 10652 10663
l 10662 10665
l 10666 10665
l 10664 10667
l 10666 10668
l 10667 10669
l 10670 10669
l 10671 10672
l 10668 10671
l 10673 10674
l 10675 10673
l 10676 10675
l 10670 10677
l 10672 10678
l 10679 10680
l 10681 10679
l 10682 10681
l 10683 10684
l 10685 10683
l 10674 10685
l 10676 10686
l 10687 10686
l 10677 10688
l 10678 10689
l 10690 10691
l 10680 10690
l 10682 10692
l 10693 10692
l 10694 10693
l 10695 10696
l 10697 10695
l 10698 10697
l 10684 10698
l 10687 10699
l 10700 10699
l 10701 10700
l 10688 10702
l 10689 10703
l 10704 10705
l 10706 10704
l 10691 10706
l 10694 10707
l 10708 10707
l 10709 10708
l 10710 10709
l 10711 10712
l 10713 10711
l 10696 10713
l 10701 10714
l 10715 10714
l 10716 10715
l 10702 10717
l 10703 10718
l 10719 10720
l 10721 10719
l 10705 10721
l 10710 10722
l 10723 10722
l 10724 10723
l 10725 10726
l 10727 10725
l 10712 10727
l 10716 10728
l 10729 10728
l 10730 10731
l 10717 10730
l 10718 10732
l 10733 10732
l 10734 10735
l 10720 10734
l 10724 10736
l 10737 10736
l 10738 10737
l 10739 10740
l 10741 10739
l 10726 10741
l 10729 10742
l 10743 10742
l 10731 10743
l 10733 10744
l 10745 10744
l 10735 10745
l 10738 10746
l 10747 10746
l 10748 10747
l 10749 10750
l 10751 10749
l 10740 10751
l 10752 10753
l 10754 10752
l 10755 10756
l 10757 10755
l 10748 10758
l 10759 10758
l 10760 10759
l 10750 10761
l 10762 10761
l 10763 10764
l 10753 10763
l 10754 10765
l 10756 10766
l 10757 10767
l 10768 10767
l 10769 10770
l 10760 10769
l 10762 10771
l 10764 10772
l 10765 10773
l 10766 10774
l 10768 10775
l 10770 10776
l 10771 10777
l 10778 10777
l 10772 10779
l 10773 10780
l 10781 10780
l 10782 10783
l 10774 10782
l 10775 10784
l 10785 10786
l 10776 10785
l 10778 10787
l 10779 10788
l 10789 10790
l 10781 10789
l 10783 10791
l 10792 10791
l 10784 10793
l 10786 10794
l 10787 10795
l 10788 10796
l 10790 10797
l 10792 10798
l 10793 10799
l 10794 10800
l 10795 10801
l 10802 10801
l 10796 10803
l 10804 10803
l 10797 10804
l 10798 10805
l 10806 10805
l 10799 10806
l 10807 10808
l 10800 10807
l 10802 10809
l 10808 10810
l 10809 10811
l 10812 10811
l 10813 10814
l 10810 10813
l 10812 10815
l 10814 10816
l 10815 10817
l 10818 10817
l 10819 10820
l 10821 10819
l 10822 10821
l 10823 10822
l 10824 10823
l 10825 10824
l 10826 10825
l 10827 10826
l 10828 10827
l 10829 10828
l 10830 10829
l 10831 10830
l 10832 10831
l 10833 10832
l 10834 10833
l 10835 10836
l 10816 10835
l 10818 10837
l 10838 10839
l 10840 10838
l 10841 10840
l 10842 10841
l 10843 10842
l 10820 10843
l 10834 10844
l 10845 10844
l 10846 10845
l 10847 10846
l 10848 10847
l 10849 10848
l 10836 10850
l 10837 10851
l 10852 10851
l 10853 10854
l 10855 10853
l 10856 10855
l 10857 10856
l 10858 10857
l 10839 10858
l 10849 10859
l 10860 10859
l 10861 10860
l 10862 10861
l 10863 10862
l 10864 10863
l 10865 10866
l 10850 10865
l 10852 10867
l 10868 10869
l 10870 10868
l 10871 10870
l 10872 10871
l 10854 10872
l 10864 10873
l 10874 10873
l 10875 10874
l 10876 10875
l 10877 10876
l 10866 10878
l 10867 10879
l 10880 10879
l 10881 10880
l 10882 10881
l 10883 10882
l 10884 10883
l 10885 10884
l 10886 10885
l 10869 10886
l 10877 10887
l 10888 10887
l 10889 10888
l 10890 10889
l 10891 10890
l 10892 10891
l 10893 10892
l 10894 10893
l 10878 10894
l 10895 10896
l 10897 10895
l 10898 10897
l 10899 10898
l 10900 10899
l 10901 10900
l 10902 10901
l 10903 10902
l 10904 10903
l 10905 10904
l 10906 10905
l 10907 10906
l 10908 10907
l 10909 10908
l 10910 10909
l 10911 10912
l 10913 10911
l 10914 10913
l 10915 10914
l 10916 10915
l 10896 10916
l 10910 10917
l 10918 10917
l 10919 10918
l 10920 10919
l 10921 10920
l 10922 10921
l 10912 10923
l 10922 10924
l 10923 10925
l 10924 10926
l 10927 10928
l 10929 10927
l 10925 10930
l 10926 10931
l 10932 10933
l 10934 10932
l 10935 10936
l 10937 10935
l 10938 10937
l 10928 10938
l 10929 10939
l 10940 10939
l 10930 10941
l 10942 10941
l 10943 10944
l 10931 10943
l 10945 10946
l 10933 10945
l 10934 10947
l 10948 10947
l 10949 10948
l 10950 10949
l 10951 10952
l 10953 10951
l 10936 10953
l 10940 10954
l 10955 10954
l 10956 10955
l 10942 10957
l 10944 10958
l 10959 10960
l 10961 10959
l 10946 10961
l 10950 10962
l 10963 10962
l 10964 10963
l 10965 10966
l 10967 10965
l 10952 10967
l 10956 10968
l 10969 10968
l 10957 10970
l 10958 10971
l 10972 10973
l 10960 10972
l 10964 10974
l 10975 10974
l 10976 10975
l 10977 10978
l 10979 10977
l 10980 10979
l 10966 10980
l 10969 10981
l 10982 10981
l 10970 10983
l 10971 10984
l 10985 10986
l 10973 10985
l 10976 10987
l 10988 10987
l 10989 10988
l 10990 10989
l 10991 10992
l 10993 10991
l 10978 10993
l 10982 10994
l 10995 10994
l 10996 10997
l 10983 10996
l 10984 10998
l 10999 10998
l 11000 11001
l 10986 11000
l 10990 11002
l 11003 11002
l 11004 11003
l 11005 11006
l 11007 11005
l 10992 11007
l 10995 11008
l 11009 11008
l 10997 11009
l 10999 11010
l 11011 11010
l 11001 11011
l 11004 11012
l 11013 11012
l 11014 11013
l 11015 11016
l 11006 11015
l 11014 11017
l 11018 11017
l 11016 11019
l 11020 11019
l 11021 11022
l 11023 11021
l 11024 11023
l 11025 11026
l 11027 11025
l 11028 11027
l 11029 11030
l 11018 11029
l 11020 11031
l 11022 11032
l 11024 11033
l 11026 11034
l 11028 11035
l 11030 11036
l 11031 11037
l 11038 11037
l 11032 11039
l 11033 11040
l 11041 11040
l 11042 11043
l 11034 11042
l 11035 11044
l 11045 11046
l 11036 11045
l 11038 11047
l 11039 11048
l 11049 11050
l 11041 11049
l 11043 11051
l 11052 11051
l 11044 11053
l 11046 11054
l 11047 11055
l 11056 11055
l 11048 11057
l 11058 11057
l 11050 11059
l 11052 11060
l 11061 11062
l 11053 11061
l 11063 11064
l 11054 11063
l 11056 11065
l 11058 11066
l 11059 11066
l 11060 11067
l 11062 11067
l 11064 11068
l 11065 11069
l 11070 11069
l 11071 11072
l 11068 11071
l 11070 11073
l 11072 11074
l 11073 11075
l 11076 11075
l 11077 11078
l 11074 11077
l 11076 11079
l 11080 11081
l 11082 11080
l 11083 11082
l 11084 11083
l 11085 11084
l 11086 11085
l 11087 11086
l 11088 11087
l 11089 11088
l 11090 11089
l 11091 11090
l 11092 11091
l 11093 11092
l 11094 11093
l 11095 11094
l 11078 11096
l 11079 11097
l 11098 11097
l 11099 11100
l 11101 11099
l 11102 11101
l 11103 11102
l 11104 11103
l 11081 11104
l 11095 11105
l 11106 11105
l 11107 11106
l 11108 11107
l 11109 11108
l 11110 11109
l 11111 11112
l 11096 11111
l 11098 11113
l 11114 11115
l 11116 11114
l 11117 11116
l 11118 11117
l 11119 11118
l 11100 11119
l 11110 11120
l 11121 11120
l 11122 11121
l 11123 11122
l 11124 11123
l 11125 11124
l 11112 11126
l 11113 11127
l 11128 11127
l 11129 11130
l 11131 11129
l 11132 11131
l 11133 11132
l 11115 11133
l 11125 11134
l 11135 11134
l 11136 11135
l 11137 11136
l 11138 11137
l 11139 11140
l 11126 11139
l 11128 11141
l 11142 11141
l 11143 11142
l 11144 11143
l 11145 11144
l 11146 11145
l 11147 11146
l 11148 11147
l 11130 11148
l 11138 11149
l 11150 11149
l 11151 11150
l 11152 11151
l 11153 11152
l 11154 11153
l 11155 11154
l 11156 11155
l 11140 11156
l 11157 11158
l 11159 11157
l 11160 11159
l 11161 11160
l 11162 11161
l 11163 11162
l 11164 11163
l 11165 11164
l 11166 11165
l 11167 11166
l 11168 11167
l 11169 11168
l 11170 11169
l 11171 11170
l 11172 11171
l 11173 11174
l 11175 11173
l 11176 11175
l 11177 11176
l 11178 11177
l 11158 11178
l 11172 11179
l 11180 11179
l 11181 11180
l 11182 11181
l 11183 11182
l 11184 11183
l 11174 11185
l 11184 11186
l 11185 11187
l 11186 11188
l 11189 11190
l 11191 11189
l 11192 11191
l 11193 11192
l 11194 11193
l 11187 11195
l 11188 11196
l 11197 11198
l 11199 11197
l 11200 11199
l 11201 11200
l 11202 11201
l 11203 11204
l 11205 11203
l 11190 11205
l 11194 11206
l 11207 11206
l 11195 11208
l 11209 11208
l 11210 11211
l 11196 11210
l 11212 11213
l 11198 11212
l 11202 11214
l 11215 11214
l 11216 11215
l 11217 11218
l 11219 11217
l 11204 11219
l 11207 11220
l 11221 11220
l 11209 11222
l 11211 11223
l 11224 11225
l 11213 11224
l 11216 11226
l 11227 11226
l 11228 11227
l 11229 11230
l 11231 11229
l 11232 11231
l 11218 11232
l 11221 11233
l 11234 11233
l 11222 11235
l 11223 11236
l 11237 11238
l 11225 11237
l 11228 11239
l 11240 11239
l 11241 11240
l 11242 11241
l 11243 11244
l 11245 11243
l 11246 11245
l 11230 11246
l 11234 11247
l 11248 11247
l 11235 11249
l 11236 11250
l 11251 11252
l 11238 11251
l 11242 11253
l 11254 11253
l 11255 11254
l 11256 11255
l 11257 11258
l 11259 11257
l 11244 11259
l 11248 11260
l 11261 11260
l 11262 11261
l 11263 11264
l 11249 11263
l 11250 11265
l 11266 11265
l 11267 11268
l 11269 11267
l 11252 11269
l 11256 11270
l 11271 11270
l 11272 11271
l 11273 11274
l 11275 11273
l 11258 11275
l 11262 11276
l 11264 11276
l 11266 11277
l 11268 11277
l 11272 11278
l 11279 11278
l 11280 11279
l 11274 11281
l 11280 11282
l 11281 11283
l 11284 11283
l 11285 11286
l 11287 11285
l 11288 11287
l 11289 11290
l 11291 11289
l 11292 11291
l 11293 11294
l 11282 11293
l 11284 11295
l 11286 11296
l 11288 11297
l 11290 11298
l 11292 11299
l 11294 11300
l 11295 11301
l 11302 11301
l 11296 11303
l 11297 11304
l 11305 11304
l 11306 11307
l 11298 11306
l 11299 11308
l 11309 11310
l 11300 11309
l 11302 11311
l 11303 11312
l 11313 11314
l 11305 11313
l 11307 11315
l 11316 11315
l 11308 11317
l 11310 11318
l 11311 11319
l 11320 11319
l 11312 11321
l 11322 11321
l 11314 11323
l 11316 11324
l 11325 11326
l 11317 11325
l 11327 11328
l 11318 11327
l 11320 11329
l 11322 11330
l 11323 11330
l 11324 11331
l 11326 11331
l 11328 11332
l 11329 11333
l 11334 11333
l 11335 11336
l 11332 11335
l 11334 11337
l 11336 11338
l 11337 11339
l 11340 11339
l 11341 11342
l 11338 11341
l 11340 11343
l 11344 11343
l 11345 11346
l 11347 11345
l 11348 11347
l 11349 11348
l 11350 11349
l 11351 11350
l 11352 11351
l 11353 11352
l 11354 11353
l 11355 11354
l 11356 11355
l 11357 11356
l 11358 11357
l 11359 11358
l 11360 11359
l 11361 11362
l 11342 11361
l 11344 11363
l 11364 11365
l 11366 11364
l 11367 11366
l 11368 11367
l 11369 11368
l 11346 11369
l 11360 11370
l 11371 11370
l 11372 11371
l 11373 11372
l 11374 11373
l 11375 11374
l 11362 11376
l 11363 11377
l 11378 11377
l 11379 11380
l 11381 11379
l 11382 11381
l 11383 11382
l 11384 11383
l 11365 11384
l 11375 11385
l 11386 11385
l 11387 11386
l 11388 11387
l 11389 11388
l 11390 11389
l 11391 11392
l 11376 11391
l 11378 11393
l 11394 11393
l 11395 11396
l 11397 11395
l 11398 11397
l 11399 11398
l 11380 11399
l 11390 11400
l 11401 11400
l 11402 11401
l 11403 11402
l 11404 11403
l 11405 11406
l 11392 11405
l 11394 11407
l 11408 11407
l 11409 11408
l 11410 11409
l 11411 11410
l 11412 11411
l 11413 11412
l 11414 11413
l 11396 11414
l 11404 11415
l 11416 11415
l 11417 11416
l 11418 11417
l 11419 11418
l 11420 11419
l 11421 11420
l 11422 11421
l 11406 11422
l 11423 11424
l 11425 11423
l 11426 11425
l 11427 11426
l 11428 11427
l 11429 11428
l 11430 11429
l 11431 11430
l 11432 11431
l 11433 11432
l 11434 11433
l 11435 11434
l 11436 11435
l 11437 11436
l 11438 11437
l 11439 11438
l 11440 11439
l 11441 11442
l 11443 11441
l 11444 11443
l 11445 11444
l 11446 11445
l 11424 11446
l 11440 11447
l 11448 11447
l 11449 11448
l 11450 11449
l 11451 11450
l 11452 11451
l 11442 11453
l 11454 11453
l 11455 11456
l 11452 11455
l 11457 11458
l 11459 11457
l 11454 11460
l 11456 11461
l 11462 11463
l 11464 11462
l 11465 11466
l 11467 11465
l 11468 11467
l 11458 11468
l 11459 11469
l 11470 11469
l 11460 11471
l 11461 11472
l 11473 11474
l 11463 11473
l 11464 11475
l 11476 11475
l 11477 11476
l 11478 11477
l 11479 11480
l 11481 11479
l 11466 11481
l 11470 11482
l 11483 11482
l 11484 11483
l 11471 11485
l 11472 11486
l 11487 11488
l 11489 11487
l 11474 11489
l 11478 11490
l 11491 11490
l 11492 11491
l 11493 11494
l 11495 11493
l 11496 11495
l 11480 11496
l 11484 11497
l 11498 11497
l 11485 11499
l 11500 11499
l 11501 11502
l 11486 11501
l 11503 11504
l 11488 11503
l 11492 11505
l 11506 11505
l 11507 11506
l 11508 11507
l 11509 11510
l 11511 11509
l 11512 11511
l 11494 11512
l 11498 11513
l 11514 11513
l 11500 11515
l 11502 11516
l 11517 11518
l 11504 11517
l 11508 11519
l 11520 11519
l 11521 11520
l 11522 11521
l 11523 11524
l 11525 11523
l 11510 11525
l 11514 11526
l 11527 11526
l 11515 11528
l 11516 11529
l 11530 11531
l 11518 11530
l 11522 11532
l 11533 11532
l 11534 11533
l 11535 11536
l 11537 11535
l 11538 11537
l 11524 11538
l 11527 11539
l 11540 11539
l 11541 11542
l 11528 11541
l 11529 11543
l 11544 11543
l 11545 11546
l 11531 11545
l 11534 11547
l 11548 11547
l 11549 11548
l 11550 11549
l 11551 11552
l 11536 11551
l 11540 11553
l 11542 11553
l 11544 11554
l 11546 11554
l 11550 11555
l 11556 11555
l 11552 11557
l 11556 11558
l 11557 11559
l 11560 11559
l 11561 11562
l 11563 11561
l 11564 11563
l 11565 11566
l 11567 11565
l 11568 11567
l 11569 11570
l 11558 11569
l 11560 11571
l 11572 11571
l 11562 11573
l 11564 11574
l 11566 11575
l 11568 11576
l 11577 11578
l 11570 11577
l 11572 11579
l 11573 11580
l 11574 11581
l 11582 11581
l 11583 11584
l 11575 11583
l 11576 11585
l 11578 11586
l 11579 11587
l 11588 11587
l 11580 11589
l 11590 11591
l 11582 11590
l 11584 11592
l 11593 11592
l 11585 11594
l 11595 11596
l 11586 11595
l 11588 11597
l 11589 11598
l 11599 11598
l 11591 11600
l 11593 11601
l 11602 11603
l 11594 11602
l 11596 11604
l 11597 11605
l 11606 11605
l 11599 11607
l 11600 11607
l 11601 11608
l 11603 11608
l 11609 11610
l 11604 11609
l 11606 11611
l 11610 11612
l 11611 11613
l 11614 11613
l 11615 11616
l 11612 11615
l 11614 11617
l 11618 11617
l 11619 11620
l 11616 11619
l 11618 11621
l 11622 11623
l 11624 11622
l 11625 11624
l 11626 11625
l 11627 11626
l 11628 11627
l 11629 11628
l 11630 11629
l 11631 11630
l 11632 11631
l 11633 11632
l 11634 11633
l 11635 11634
l 11636 11635
l 11637 11636
l 11620 11638
l 11621 11639
l 11640 11639
l 11641 11642
l 11643 11641
l 11644 11643
l 11645 11644
l 11623 11645
l 11637 11646
l 11647 11646
l 11648 11647
l 11649 11648
l 11650 11649
l 11651 11652
l 11638 11651
l 11640 11653
l 11654 11653
l 11655 11656
l 11657 11655
l 11658 11657
l 11659 11658
l 11660 11659
l 11661 11660
l 11642 11661
l 11650 11662
l 11663 11662
l 11664 11663
l 11665 11664
l 11666 11665
l 11667 11666
l 11668 11667
l 11669 11670
l 11652 11669
l 11654 11671
l 11672 11673
l 11674 11672
l 11675 11674
l 11676 11675
l 11656 11676
l 11668 11677
l 11678 11677
l 11679 11678
l 11680 11679
l 11681 11680
l 11670 11682
l 11671 11683
l 11684 11683
l 11685 11684
l 11686 11685
l 11687 11686
l 11688 11687
l 11689 11688
l 11690 11689
l 11691 11690
l 11673 11691
l 11681 11692
l 11693 11692
l 11694 11693
l 11695 11694
l 11696 11695
l 11697 11696
l 11698 11697
l 11699 11698
l 11700 11699
l 11682 11700
l 11701 11702
l 11703 11701
l 11704 11703
l 11705 11704
l 11706 11705
l 11707 11706
l 11708 11707
l 11709 11708
l 11710 11709
l 11711 11710
l 11712 11711
l 11713 11712
l 11714 11713
l 11715 11714
l 11716 11715
l 11717 11716
l 11718 11717
l 11719 11718
l 11720 11719
l 11721 11722
l 11723 11721
l 11724 11723
l 11725 11724
l 11702 11725
l 11720 11726
l 11727 11726
l 11728 11727
l 11729 11728
l 11730 11729
l 11722 11731
l 11730 11732
l 11733 11734
l 11735 11733
l 11736 11735
l 11737 11736
l 11731 11738
l 11739 11738
l 11740 11741
l 11732 11740
l 11742 11743
l 11744 11742
l 11745 11744
l 11746 11745
l 11747 11748
l 11749 11747
l 11750 11749
l 11734 11750
l 11737 11751
l 11752 11751
l 11739 11753
l 11741 11754
l 11755 11756
l 11743 11755
l 11746 11757
l 11758 11757
l 11759 11758
l 11760 11759
l 11761 11762
l 11763 11761
l 11764 11763
l 11748 11764
l 11752 11765
l 11766 11765
l 11753 11767
l 11754 11768
l 11769 11770
l 11756 11769
l 11760 11771
l 11772 11771
l 11773 11772
l 11774 11773
l 11775 11776
l 11777 11775
l 11778 11777
l 11762 11778
l 11766 11779
l 11780 11779
l 11767 11781
l 11782 11781
l 11783 11784
l 11768 11783
l 11785 11786
l 11770 11785
l 11774 11787
l 11788 11787
l 11789 11788
l 11790 11789
l 11791 11792
l 11793 11791
l 11776 11793
l 11780 11794
l 11795 11794
l 11782 11796
l 11784 11797
l 11798 11799
l 11786 11798
l 11790 11800
l 11801 11800
l 11802 11801
l 11803 11804
l 11805 11803
l 11806 11805
l 11792 11806
l 11795 11807
l 11808 11807
l 11796 11809
l 11797 11810
l 11811 11812
l 11799 11811
l 11802 11813
l 11814 11813
l 11815 11814
l 11816 11815
l 11817 11818
l 11819 11817
l 11820 11819
l 11804 11820
l 11808 11821
l 11822 11821
l 11823 11824
l 11809 11823
l 11810 11825
l 11826 11825
l 11827 11828
l 11812 11827
l 11816 11829
l 11830 11829
l 11831 11830
l 11832 11831
l 11818 11833
l 11822 11834
l 11824 11834
l 11826 11835
l 11828 11835
l 11832 11836
l 11833 11837
l 11838 11837
l 11839 11840
l 11836 11839
l 11838 11841
l 11842 11843
l 11844 11842
l 11845 11844
l 11846 11847
l 11848 11846
l 11849 11848
l 11840 11850
l 11841 11851
l 11852 11851
l 11843 11853
l 11845 11854
l 11847 11855
l 11849 11856
l 11857 11858
l 11850 11857
l 11852 11859
l 11853 11860
l 11854 11861
l 11862 11861
l 11863 11864
l 11855 11863
l 11856 11865
l 11858 11866
l 11859 11867
l 11868 11867
l 11860 11869
l 11870 11871
l 11862 11870
l 11864 11872
l 11873 11872
l 11865 11874
l 11875 11876
l 11866 11875
l 11868 11877
l 11878 11877
l 11869 11879
l 11880 11879
l 11871 11881
l 11873 11882
l 11883 11884
l 11874 11883
l 11885 11886
l 11876 11885
l 11878 11887
l 11880 11888
l 11881 11888
l 11882 11889
l 11884 11889
l 11886 11890
l 11887 11891
l 11892 11891
l 11893 11894
l 11890 11893
l 11892 11895
l 11896 11895
l 11897 11898
l 11894 11897
l 11896 11899
l 11898 11900
l 11899 11901
l 11902 11901
l 11903 11904
l 11905 11903
l 11906 11905
l 11907 11906
l 11908 11907
l 11909 11908
l 11910 11909
l 11911 11910
l 11912 11911
l 11913 11912
l 11914 11913
l 11915 11914
l 11916 11915
l 11917 11918
l 11900 11917
l 11902 11919
l 11920 11919
l 11921 11922
l 11923 11921
l 11924 11923
l 11925 11924
l 11926 11925
l 11904 11926
l 11916 11927
l 11928 11927
l 11929 11928
l 11930 11929
l 11931 11930
l 11932 11931
l 11933 11934
l 11918 11933
l 11920 11935
l 11936 11937
l 11938 11936
l 11939 11938
l 11940 11939
l 11941 11940
l 11922 11941
l 11932 11942
l 11943 11942
l 11944 11943
l 11945 11944
l 11946 11945
l 11947 11946
l 11934 11948
l 11935 11949
l 11950 11949
l 11951 11952
l 11953 11951
l 11954 11953
l 11955 11954
l 11937 11955
l 11947 11956
l 11957 11956
l 11958 11957
l 11959 11958
l 11960 11959
l 11961 11962
l 11948 11961
l 11950 11963
l 11964 11963
l 11965 11964
l 11966 11965
l 11967 11966
l 11968 11967
l 11969 11968
l 11970 11969
l 11971 11970
l 11972 11971
l 11952 11972
l 11960 11973
l 11974 11973
l 11975 11974
l 11976 11975
l 11977 11976
l 11978 11977
l 11979 11978
l 11980 11979
l 11981 11980
l 11982 11981
l 11962 11982
l 11983 11984
l 11985 11983
l 11986 11985
l 11987 11986
l 11988 11987
l 11989 11988
l 11990 11989
l 11991 11990
l 11992 11991
l 11993 11992
l 11994 11993
l 11995 11994
l 11996 11995
l 11997 11996
l 11998 11997
l 11999 11998
l 12000 11999
l 12001 12000
l 12002 12001
l 12003 12004
l 12005 12003
l 12006 12005
l 12007 12006
l 11984 12007
l 12002 12008
l 12009 12008
l 12010 12009
l 12011 12010
l 12012 12011
l 12004 12013
l 12012 12014
l 12015 12016
l 12017 12015
l 12018 12017
l 12019 12018
l 12020 12019
l 12013 12021
l 12022 12021
l 12023 12024
l 12014 12023
l 12025 12026
l 12027 12025
l 12028 12027
l 12029 12028
l 12030 12029
l 12031 12032
l 12033 12031
l 12034 12033
l 12016 12034
l 12020 12035
l 12036 12035
l 12022 12037
l 12024 12038
l 12039 12040
l 12026 12039
l 12030 12041
l 12042 12041
l 12043 12042
l 12044 12043
l 12045 12046
l 12047 12045
l 12048 12047
l 12032 12048
l 12036 12049
l 12050 12049
l 12037 12051
l 12038 12052
l 12053 12054
l 12040 12053
l 12044 12055
l 12056 12055
l 12057 12056
l 12058 12057
l 12059 12060
l 12061 12059
l 12062 12061
l 12046 12062
l 12050 12063
l 12064 12063
l 12051 12065
l 12066 12065
l 12067 12068
l 12052 12067
l 12069 12070
l 12054 12069
l 12058 12071
l 12072 12071
l 12073 12072
l 12074 12073
l 12075 12076
l 12077 12075
l 12078 12077
l 12060 12078
l 12064 12079
l 12080 12079
l 12066 12081
l 12068 12082
l 12083 12084
l 12070 12083
l 12074 12085
l 12086 12085
l 12087 12086
l 12088 12087
l 12089 12090
l 12091 12089
l 12092 12091
l 12076 12092
l 12080 12093
l 12094 12093
l 12081 12095
l 12082 12096
l 12097 12098
l 12084 12097
l 12088 12099
l 12100 12099
l 12101 12100
l 12102 12101
l 12103 12104
l 12105 12103
l 12090 12105
l 12094 12106
l 12107 12106
l 12108 12109
l 12095 12108
l 12096 12110
l 12111 12110
l 12112 12113
l 12098 12112
l 12102 12114
l 12115 12114
l 12116 12115
l 12104 12117
l 12107 12118
l 12109 12118
l 12111 12119
l 12113 12119
l 12116 12120
l 12117 12121
l 12122 12121
l 12123 12124
l 12120 12123
l 12122 12125
l 12126 12127
l 12128 12126
l 12129 12128
l 12130 12131
l 12132 12130
l 12133 12132
l 12124 12134
l 12125 12135
l 12136 12135
l 12127 12137
l 12129 12138
l 12131 12139
l 12133 12140
l 12141 12142
l 12134 12141
l 12136 12143
l 12144 12143
l 12137 12145
l 12138 12146
l 12147 12146
l 12148 12149
l 12139 12148
l 12140 12150
l 12151 12152
l 12142 12151
l 12144 12153
l 12154 12153
l 12145 12155
l 12156 12157
l 12147 12156
l 12149 12158
l 12159 12158
l 12150 12160
l 12161 12162
l 12152 12161
l 12154 12163
l 12155 12164
l 12165 12164
l 12157 12166
l 12159 12167
l 12168 12169
l 12160 12168
l 12162 12170
l 12163 12171
l 12172 12171
l 12165 12173
l 12166 12173
l 12167 12174
l 12169 12174
l 12175 12176
l 12170 12175
l 12172 12177
l 12178 12177
l 12179 12180
l 12176 12179
l 12178 12181
l 12180 12182
l 12181 12183
l 12184 12183
l 12185 12186
l 12182 12185
l 12184 12187
l 12188 12187
l 12189 12190
l 12191 12189
l 12192 12191
l 12193 12192
l 12194 12193
l 12195 12194
l 12196 12195
l 12197 12196
l 12198 12197
l 12199 12198
l 12200 12199
l 12201 12200
l 12202 12201
l 12203 12204
l 12186 12203
l 12188 12205
l 12206 12207
l 12208 12206
l 12209 12208
l 12210 12209
l 12211 12210
l 12190 12211
l 12202 12212
l 12213 12212
l 12214 12213
l 12215 12214
l 12216 12215
l 12217 12216
l 12204 12218
l 12205 12219
l 12220 12219
l 12221 12222
l 12223 12221
l 12224 12223
l 12225 12224
l 12226 12225
l 12207 12226
l 12217 12227
l 12228 12227
l 12229 12228
l 12230 12229
l 12231 12230
l 12232 12231
l 12233 12234
l 12218 12233
l 12220 12235
l 12236 12235
l 12237 12238
l 12239 12237
l 12240 12239
l 12241 12240
l 12222 12241
l 12232 12242
l 12243 12242
l 12244 12243
l 12245 12244
l 12246 12245
l 12247 12248
l 12234 12247
l 12236 12249
l 12250 12249
l 12251 12250
l 12252 12251
l 12253 12252
l 12254 12253
l 12255 12254
l 12256 12255
l 12257 12256
l 12258 12257
l 12238 12258
l 12246 12259
l 12260 12259
l 12261 12260
l 12262 12261
l 12263 12262
l 12264 12263
l 12265 12264
l 12266 12265
l 12267 12266
l 12268 12267
l 12248 12268
l 12269 12270
l 12271 12269
l 12272 12271
l 12273 12272
l 12274 12273
l 12275 12274
l 12276 12275
l 12277 12276
l 12278 12277
l 12279 12278
l 12280 12279
l 12281 12280
l 12282 12281
l 12283 12282
l 12284 12283
l 12285 12284
l 12286 12285
l 12287 12286
l 12288 12287
l 12289 12288
l 12290 12289
l 12291 12290
l 12292 12291
l 12293 12292
l 12294 12293
l 12295 12296
l 12270 12295
l 12294 12297
l 12298 12297
l 12299 12300
l 12301 12299
l 12302 12301
l 12296 12303
l 12298 12304
l 12305 12306
l 12307 12305
l 12308 12307
l 12309 12310
l 12311 12309
l 12312 12311
l 12300 12312
l 12302 12313
l 12314 12313
l 12303 12315
l 12316 12315
l 12317 12318
l 12304 12317
l 12319 12320
l 12306 12319
l 12308 12321
l 12322 12321
l 12323 12322
l 12324 12323
l 12325 12326
l 12327 12325
l 12328 12327
l 12310 12328
l 12314 12329
l 12330 12329
l 12316 12331
l 12318 12332
l 12333 12334
l 12320 12333
l 12324 12335
l 12336 12335
l 12337 12336
l 12338 12337
l 12339 12340
l 12341 12339
l 12342 12341
l 12326 12342
l 12330 12343
l 12331 12344
l 12332 12345
l 12334 12346
l 12338 12347
l 12348 12347
l 12349 12348
l 12350 12349
l 12351 12352
l 12353 12351
l 12354 12353
l 12340 12354
l 12343 12355
l 12356 12355
l 12344 12357
l 12358 12357
l 12359 12360
l 12345 12359
l 12361 12362
l 12346 12361
l 12350 12363
l 12364 12363
l 12365 12364
l 12366 12365
l 12367 12368
l 12369 12367
l 12370 12369
l 12352 12370
l 12356 12371
l 12372 12371
l 12358 12373
l 12360 12374
l 12375 12376
l 12362 12375
l 12366 12377
l 12378 12377
l 12379 12378
l 12380 12379
l 12381 12382
l 12383 12381
l 12384 12383
l 12368 12384
l 12372 12385
l 12386 12385
l 12373 12387
l 12374 12388
l 12389 12390
l 12376 12389
l 12380 12391
l 12392 12391
l 12393 12392
l 12394 12393
l 12395 12396
l 12397 12395
l 12382 12397
l 12386 12398
l 12399 12398
l 12400 12401
l 12387 12400
l 12388 12402
l 12403 12402
l 12404 12405
l 12390 12404
l 12394 12406
l 12407 12406
l 12408 12407
l 12396 12409
l 12399 12410
l 12401 12410
l 12403 12411
l 12405 12411
l 12408 12412
l 12409 12413
l 12414 12413
l 12415 12416
l 12412 12415
l 12414 12417
l 12418 12417
l 12419 12420
l 12421 12419
l 12422 12421
l 12423 12424
l 12425 12423
l 12426 12425
l 12427 12428
l 12416 12427
l 12418 12429
l 12430 12429
l 12420 12431
l 12422 12432
l 12424 12433
l 12426 12434
l 12435 12436
l 12428 12435
l 12430 12437
l 12431 12438
l 12432 12439
l 12440 12439
l 12441 12442
l 12433 12441
l 12434 12443
l 12436 12444
l 12437 12445
l 12446 12445
l 12438 12447
l 12448 12449
l 12440 12448
l 12442 12450
l 12451 12450
l 12443 12452
l 12453 12454
l 12444 12453
l 12446 12455
l 12456 12455
l 12447 12457
l 12458 12457
l 12449 12459
l 12451 12460
l 12461 12462
l 12452 12461
l 12463 12464
l 12454 12463
l 12456 12465
l 12458 12466
l 12459 12466
l 12460 12467
l 12462 12467
l 12464 12468
l 12465 12469
l 12470 12469
l 12471 12472
l 12468 12471
l 12470 12473
l 12474 12473
l 12475 12476
l 12472 12475
l 12474 12477
l 12478 12477
l 12479 12480
l 12476 12479
l 12478 12481
l 12482 12483
l 12484 12482
l 12485 12484
l 12486 12485
l 12487 12486
l 12488 12487
l 12489 12488
l 12490 12489
l 12491 12490
l 12492 12491
l 12493 12492
l 12494 12493
l 12495 12494
l 12480 12496
l 12481 12497
l 12498 12497
l 12499 12500
l 12501 12499
l 12502 12501
l 12503 12502
l 12504 12503
l 12483 12504
l 12495 12505
l 12506 12505
l 12507 12506
l 12508 12507
l 12509 12508
l 12510 12509
l 12511 12512
l 12496 12511
l 12498 12513
l 12514 12513
l 12515 12516
l 12517 12515
l 12518 12517
l 12519 12518
l 12520 12519
l 12500 12520
l 12510 12521
l 12522 12521
l 12523 12522
l 12524 12523
l 12525 12524
l 12526 12525
l 12527 12528
l 12512 12527
l 12514 12529
l 12530 12529
l 12531 12532
l 12533 12531
l 12534 12533
l 12535 12534
l 12516 12535
l 12526 12536
l 12537 12536
l 12538 12537
l 12539 12538
l 12540 12539
l 12541 12542
l 12528 12541
l 12530 12543
l 12544 12543
l 12545 12546
l 12547 12545
l 12548 12547
l 12549 12548
l 12550 12549
l 12551 12550
l 12532 12551
l 12540 12552
l 12553 12552
l 12554 12553
l 12555 12554
l 12556 12555
l 12557 12556
l 12558 12557
l 12559 12560
l 12542 12559
l 12544 12561
l 12562 12561
l 12563 12562
l 12546 12563
l 12558 12564
l 12565 12564
l 12566 12565
l 12560 12566
l 12567 12568
l 12569 12567
l 12570 12569
l 12571 12570
l 12572 12571
l 12573 12572
l 12574 12573
l 12575 12574
l 12576 12575
l 12577 12576
l 12578 12577
l 12579 12578
l 12580 12579
l 12581 12580
l 12582 12581
l 12583 12582
l 12584 12583
l 12585 12584
l 12586 12585
l 12587 12586
l 12588 12587
l 12589 12588
l 12590 12589
l 12591 12590
l 12592 12591
l 12593 12592
l 12594 12593
l 12568 12595
l 12594 12596
l 12597 12598
l 12599 12597
l 12600 12599
l 12601 12600
l 12595 12602
l 12596 12603
l 12604 12605
l 12606 12604
l 12607 12606
l 12608 12607
l 12609 12610
l 12611 12609
l 12612 12611
l 12598 12612
l 12601 12613
l 12614 12613
l 12602 12615
l 12603 12616
l 12617 12618
l 12605 12617
l 12608 12619
l 12620 12619
l 12621 12620
l 12622 12621
l 12623 12624
l 12625 12623
l 12626 12625
l 12610 12626
l 12614 12627
l 12628 12627
l 12615 12629
l 12630 12629
l 12631 12632
l 12616 12631
l 12633 12634
l 12618 12633
l 12622 12635
l 12636 12635
l 12637 12636
l 12638 12637
l 12639 12640
l 12641 12639
l 12642 12641
l 12624 12642
l 12628 12643
l 12644 12643
l 12630 12645
l 12632 12646
l 12647 12648
l 12634 12647
l 12638 12649
l 12650 12649
l 12651 12650
l 12652 12651
l 12653 12654
l 12655 12653
l 12656 12655
l 12640 12656
l 12644 12657
l 12645 12658
l 12659 12658
l 12660 12661
l 12646 12660
l 12648 12662
l 12652 12663
l 12664 12663
l 12665 12664
l 12666 12665
l 12667 12668
l 12669 12667
l 12670 12669
l 12671 12670
l 12654 12671
l 12657 12672
l 12673 12672
l 12659 12674
l 12661 12675
l 12676 12677
l 12662 12676
l 12666 12678
l 12679 12678
l 12680 12679
l 12681 12680
l 12682 12681
l 12683 12684
l 12685 12683
l 12686 12685
l 12668 12686
l 12673 12687
l 12688 12687
l 12674 12689
l 12675 12690
l 12691 12692
l 12677 12691
l 12682 12693
l 12694 12693
l 12695 12694
l 12696 12695
l 12697 12698
l 12684 12697
l 12688 12699
l 12700 12699
l 12701 12702
l 12689 12701
l 12690 12703
l 12704 12703
l 12705 12706
l 12692 12705
l 12696 12707
l 12708 12707
l 12698 12709
l 12710 12709
l 12700 12711
l 12702 12711
l 12704 12712
l 12706 12712
l 12713 12714
l 12708 12713
l 12710 12715
l 12716 12715
l 12717 12718
l 12714 12717
l 12716 12719
l 12720 12721
l 12722 12720
l 12723 12722
l 12724 12725
l 12726 12724
l 12727 12726
l 12718 12728
l 12719 12729
l 12730 12729
l 12721 12731
l 12723 12732
l 12725 12733
l 12727 12734
l 12735 12736
l 12728 12735
l 12730 12737
l 12738 12737
l 12731 12739
l 12732 12740
l 12741 12740
l 12742 12743
l 12733 12742
l 12734 12744
l 12745 12746
l 12736 12745
l 12738 12747
l 12748 12747
l 12739 12749
l 12750 12751
l 12741 12750
l 12743 12752
l 12753 12752
l 12744 12754
l 12755 12756
l 12746 12755
l 12748 12757
l 12749 12758
l 12759 12758
l 12751 12760
l 12753 12761
l 12762 12763
l 12754 12762
l 12756 12764
l 12757 12765
l 12766 12765
l 12759 12767
l 12760 12767
l 12761 12768
l 12763 12768
l 12769 12770
l 12764 12769
l 12766 12771
l 12772 12771
l 12773 12774
l 12770 12773
l 12772 12775
l 12776 12775
l 12777 12778
l 12774 12777
l 12776 12779
l 12778 12780
l 12779 12781
l 12782 12781
l 12783 12784
l 12785 12783
l 12786 12785
l 12787 12786
l 12788 12787
l 12789 12788
l 12790 12789
l 12791 12790
l 12792 12791
l 12793 12792
l 12794 12793
l 12795 12794
l 12796 12795
l 12797 12798
l 12780 12797
l 12782 12799
l 12800 12799
l 12801 12802
l 12803 12801
l 12804 12803
l 12805 12804
l 12806 12805
l 12784 12806
l 12796 12807
l 12808 12807
l 12809 12808
l 12810 12809
l 12811 12810
l 12812 12811
l 12813 12814
l 12798 12813
l 12800 12815
l 12816 12815
l 12817 12818
l 12819 12817
l 12820 12819
l 12821 12820
l 12822 12821
l 12802 12822
l 12812 12823
l 12824 12823
l 12825 12824
l 12826 12825
l 12827 12826
l 12828 12827
l 12829 12830
l 12814 12829
l 12816 12831
l 12832 12831
l 12833 12834
l 12835 12833
l 12836 12835
l 12837 12836
l 12818 12837
l 12828 12838
l 12839 12838
l 12840 12839
l 12841 12840
l 12842 12841
l 12843 12844
l 12830 12843
l 12832 12845
l 12846 12845
l 12847 12848
l 12849 12847
l 12850 12849
l 12851 12850
l 12852 12851
l 12853 12852
l 12834 12853
l 12842 12854
l 12855 12854
l 12856 12855
l 12857 12856
l 12858 12857
l 12859 12858
l 12860 12859
l 12861 12862
l 12844 12861
l 12846 12863
l 12864 12863
l 12865 12864
l 12848 12865
l 12860 12866
l 12867 12866
l 12868 12867
l 12862 12868
l 12869 12870
l 12871 12869
l 12872 12871
l 12873 12872
l 12874 12873
l 12875 12874
l 12876 12875
l 12877 12876
l 12878 12877
l 12879 12878
l 12880 12879
l 12881 12880
l 12882 12881
l 12883 12882
l 12884 12883
l 12885 12884
l 12886 12885
l 12887 12886
l 12888 12887
l 12889 12888
l 12890 12889
l 12891 12890
l 12892 12891
l 12893 12892
l 12894 12893
l 12895 12894
l 12896 12895
l 12897 12896
l 12898 12897
l 12870 12899
l 12898 12900
l 12901 12902
l 12903 12901
l 12904 12903
l 12905 12904
l 12906 12905
l 12899 12907
l 12908 12907
l 12909 12910
l 12900 12909
l 12911 12912
l 12913 12911
l 12914 12913
l 12915 12914
l 12916 12915
l 12917 12918
l 12919 12917
l 12920 12919
l 12902 12920
l 12906 12921
l 12922 12921
l 12908 12923
l 12910 12924
l 12925 12926
l 12912 12925
l 12916 12927
l 12928 12927
l 12929 12928
l 12930 12929
l 12931 12932
l 12933 12931
l 12934 12933
l 12918 12934
l 12922 12935
l 12936 12935
l 12923 12937
l 12938 12937
l 12939 12940
l 12924 12939
l 12941 12942
l 12926 12941
l 12930 12943
l 12944 12943
l 12945 12944
l 12946 12945
l 12947 12948
l 12949 12947
l 12950 12949
l 12932 12950
l 12936 12951
l 12952 12951
l 12938 12953
l 12940 12954
l 12955 12956
l 12942 12955
l 12946 12957
l 12958 12957
l 12959 12958
l 12960 12959
l 12961 12962
l 12963 12961
l 12964 12963
l 12965 12964
l 12948 12965
l 12952 12966
l 12953 12967
l 12968 12967
l 12969 12970
l 12954 12969
l 12956 12971
l 12960 12972
l 12973 12972
l 12974 12973
l 12975 12974
l 12976 12975
l 12977 12978
l 12979 12977
l 12980 12979
l 12962 12980
l 12966 12981
l 12982 12981
l 12968 12983
l 12970 12984
l 12985 12986
l 12971 12985
l 12976 12987
l 12988 12987
l 12989 12988
l 12990 12989
l 12991 12992
l 12993 12991
l 12994 12993
l 12978 12994
l 12982 12995
l 12996 12995
l 12983 12997
l 12984 12998
l 12999 13000
l 12986 12999
l 12990 13001
l 13002 13001
l 13003 13002
l 13004 13003
l 13005 13006
l 12992 13005
l 12996 13007
l 13008 13007
l 13009 13010
l 12997 13009
l 12998 13011
l 13012 13011
l 13013 13014
l 13000 13013
l 13004 13015
l 13016 13015
l 13006 13017
l 13018 13017
l 13008 13019
l 13010 13019
l 13012 13020
l 13014 13020
l 13021 13022
l 13016 13021
l 13018 13023
l 13024 13023
l 13025 13026
l 13022 13025
l 13024 13027
l 13028 13027
l 13029 13030
l 13031 13029
l 13032 13031
l 13033 13034
l 13035 13033
l 13036 13035
l 13037 13038
l 13026 13037
l 13028 13039
l 13040 13039
l 13030 13041
l 13032 13042
l 13034 13043
l 13036 13044
l 13045 13046
l 13038 13045
l 13040 13047
l 13041 13048
l 13042 13049
l 13050 13049
l 13051 13052
l 13043 13051
l 13044 13053
l 13046 13054
l 13047 13055
l 13056 13055
l 13048 13057
l 13058 13059
l 13050 13058
l 13052 13060
l 13061 13060
l 13053 13062
l 13063 13064
l 13054 13063
l 13056 13065
l 13066 13065
l 13057 13067
l 13068 13067
l 13059 13069
l 13061 13070
l 13071 13072
l 13062 13071
l 13073 13074
l 13064 13073
l 13066 13075
l 13076 13075
l 13068 13077
l 13069 13077
l 13070 13078
l 13072 13078
l 13079 13080
l 13074 13079
l 13076 13081
l 13082 13081
l 13083 13084
l 13080 13083
l 13082 13085
l 13084 13086
l 13085 13087
l 13088 13087
l 13089 13090
l 13086 13089
l 13088 13091
l 13092 13091
l 13093 13094
l 13095 13093
l 13096 13095
l 13097 13096
l 13098 13097
l 13099 13098
l 13100 13099
l 13101 13100
l 13102 13101
l 13103 13102
l 13104 13103
l 13105 13104
l 13106 13105
l 13107 13108
l 13090 13107
l 13092 13109
l 13110 13109
l 13111 13112
l 13113 13111
l 13114 13113
l 13115 13114
l 13116 13115
l 13094 13116
l 13106 13117
l 13118 13117
l 13119 13118
l 13120 13119
l 13121 13120
l 13122 13121
l 13123 13124
l 13108 13123
l 13110 13125
l 13126 13125
l 13127 13128
l 13129 13127
l 13130 13129
l 13131 13130
l 13132 13131
l 13112 13132
l 13122 13133
l 13134 13133
l 13135 13134
l 13136 13135
l 13137 13136
l 13138 13137
l 13139 13140
l 13124 13139
l 13126 13141
l 13142 13141
l 13143 13144
l 13145 13143
l 13146 13145
l 13147 13146
l 13128 13147
l 13138 13148
l 13149 13148
l 13150 13149
l 13151 13150
l 13152 13151
l 13153 13154
l 13140 13153
l 13142 13155
l 13156 13157
l 13158 13156
l 13159 13158
l 13160 13159
l 13161 13160
l 13144 13161
l 13152 13162
l 13163 13162
l 13164 13163
l 13165 13164
l 13166 13165
l 13167 13166
l 13154 13168
l 13155 13169
l 13170 13169
l 13171 13170
l 13172 13171
l 13173 13172
l 13157 13173
l 13167 13174
l 13175 13174
l 13176 13175
l 13177 13176
l 13178 13177
l 13168 13178
l 13179 13180
l 13181 13179
l 13182 13181
l 13183 13182
l 13184 13183
l 13185 13184
l 13186 13185
l 13187 13186
l 13188 13187
l 13189 13188
l 13190 13189
l 13191 13190
l 13192 13191
l 13193 13192
l 13194 13193
l 13195 13194
l 13196 13195
l 13197 13196
l 13198 13197
l 13199 13198
l 13200 13199
l 13201 13200
l 13202 13201
l 13203 13202
l 13204 13203
l 13205 13204
l 13206 13205
l 13207 13206
l 13208 13207
l 13209 13210
l 13211 13209
l 13180 13212
l 13208 13213
l 13214 13215
l 13216 13214
l 13217 13218
l 13219 13217
l 13220 13219
l 13210 13220
l 13211 13221
l 13222 13221
l 13212 13223
l 13224 13223
l 13225 13226
l 13213 13225
l 13227 13228
l 13215 13227
l 13216 13229
l 13230 13229
l 13231 13230
l 13232 13231
l 13233 13234
l 13235 13233
l 13236 13235
l 13237 13236
l 13218 13237
l 13222 13238
l 13224 13239
l 13226 13240
l 13228 13241
l 13232 13242
l 13243 13242
l 13244 13243
l 13245 13244
l 13246 13245
l 13247 13248
l 13249 13247
l 13250 13249
l 13234 13250
l 13238 13251
l 13252 13251
l 13239 13253
l 13254 13253
l 13255 13256
l 13240 13255
l 13257 13258
l 13241 13257
l 13246 13259
l 13260 13259
l 13261 13260
l 13262 13261
l 13263 13264
l 13265 13263
l 13266 13265
l 13267 13266
l 13248 13267
l 13252 13268
l 13269 13268
l 13254 13270
l 13256 13271
l 13272 13273
l 13258 13272
l 13262 13274
l 13275 13274
l 13276 13275
l 13277 13276
l 13278 13277
l 13279 13280
l 13281 13279
l 13282 13281
l 13264 13282
l 13269 13283
l 13284 13283
l 13270 13285
l 13271 13286
l 13287 13288
l 13273 13287
l 13278 13289
l 13290 13289
l 13291 13290
l 13292 13291
l 13293 13294
l 13295 13293
l 13296 13295
l 13280 13296
l 13284 13297
l 13285 13298
l 13299 13298
l 13300 13301
l 13286 13300
l 13288 13302
l 13292 13303
l 13304 13303
l 13305 13304
l 13306 13305
l 13307 13308
l 13309 13307
l 13310 13309
l 13294 13310
l 13297 13311
l 13312 13311
l 13299 13313
l 13301 13314
l 13315 13316
l 13302 13315
l 13306 13317
l 13318 13317
l 13319 13318
l 13320 13319
l 13308 13321
l 13312 13322
l 13323 13322
l 13324 13325
l 13313 13324
l 13314 13326
l 13327 13326
l 13328 13329
l 13316 13328
l 13320 13330
l 13321 13331
l 13332 13331
l 13323 13333
l 13325 13333
l 13327 13334
l 13329 13334
l 13335 13336
l 13330 13335
l 13332 13337
l 13338 13337
l 13339 13340
l 13336 13339
l 13338 13341
l 13342 13343
l 13344 13342
l 13345 13344
l 13346 13347
l 13348 13346
l 13349 13348
l 13340 13350
l 13341 13351
l 13352 13351
l 13343 13353
l 13345 13354
l 13347 13355
l 13349 13356
l 13357 13358
l 13350 13357
l 13352 13359
l 13360 13359
l 13353 13361
l 13354 13362
l 13363 13362
l 13364 13365
l 13355 13364
l 13356 13366
l 13367 13368
l 13358 13367
l 13360 13369
l 13370 13369
l 13361 13371
l 13372 13373
l 13363 13372
l 13365 13374
l 13375 13374
l 13366 13376
l 13377 13378
l 13368 13377
l 13370 13379
l 13380 13379
l 13371 13381
l 13382 13381
l 13373 13383
l 13375 13384
l 13385 13386
l 13376 13385
l 13387 13388
l 13378 13387
l 13380 13389
l 13382 13390
l 13383 13390
l 13384 13391
l 13386 13391
l 13388 13392
l 13389 13393
l 13394 13393
l 13395 13396
l 13392 13395
l 13394 13397
l 13398 13397
l 13399 13400
l 13396 13399
l 13398 13401
l 13402 13401
l 13403 13404
l 13400 13403
l 13402 13405
l 13406 13405
l 13407 13408
l 13409 13407
l 13410 13409
l 13411 13410
l 13412 13411
l 13413 13412
l 13414 13413
l 13415 13414
l 13416 13415
l 13417 13416
l 13418 13417
l 13419 13418
l 13420 13419
l 13421 13422
l 13404 13421
l 13406 13423
l 13424 13423
l 13425 13426
l 13427 13425
l 13428 13427
l 13429 13428
l 13408 13429
l 13420 13430
l 13431 13430
l 13432 13431
l 13433 13432
l 13434 13433
l 13435 13436
l 13422 13435
l 13424 13437
l 13438 13437
l 13439 13440
l 13441 13439
l 13442 13441
l 13443 13442
l 13444 13443
l 13426 13444
l 13434 13445
l 13446 13445
l 13447 13446
l 13448 13447
l 13449 13448
l 13450 13449
l 13451 13452
l 13436 13451
l 13438 13453
l 13454 13455
l 13456 13454
l 13457 13456
l 13458 13457
l 13459 13458
l 13440 13459
l 13450 13460
l 13461 13460
l 13462 13461
l 13463 13462
l 13464 13463
l 13465 13464
l 13452 13466
l 13453 13467
l 13468 13467
l 13469 13470
l 13471 13469
l 13472 13471
l 13473 13472
l 13474 13473
l 13455 13474
l 13465 13475
l 13476 13475
l 13477 13476
l 13478 13477
l 13479 13478
l 13480 13479
l 13481 13482
l 13466 13481
l 13468 13483
l 13484 13483
l 13485 13484
l 13486 13485
l 13487 13486
l 13470 13487
l 13480 13488
l 13489 13488
l 13490 13489
l 13491 13490
l 13492 13491
l 13482 13492
l 13493 13494
l 13495 13493
l 13496 13495
l 13497 13496
l 13498 13497
l 13499 13498
l 13500 13499
l 13501 13500
l 13502 13501
l 13503 13502
l 13504 13503
l 13505 13504
l 13506 13505
l 13507 13506
l 13508 13507
l 13509 13508
l 13510 13509
l 13511 13510
l 13512 13511
l 13513 13512
l 13514 13513
l 13515 13514
l 13516 13515
l 13517 13516
l 13518 13517
l 13519 13518
l 13520 13519
l 13521 13520
l 13522 13521
l 13523 13524
l 13525 13523
l 13526 13525
l 13494 13527
l 13522 13528
l 13529 13530
l 13531 13529
l 13532 13531
l 13533 13534
l 13535 13533
l 13536 13535
l 13524 13536
l 13526 13537
l 13538 13537
l 13527 13539
l 13540 13539
l 13541 13542
l 13528 13541
l 13543 13544
l 13530 13543
l 13532 13545
l 13546 13545
l 13547 13546
l 13548 13547
l 13549 13550
l 13551 13549
l 13552 13551
l 13553 13552
l 13534 13553
l 13538 13554
l 13555 13554
l 13540 13556
l 13542 13557
l 13558 13559
l 13544 13558
l 13548 13560
l 13561 13560
l 13562 13561
l 13563 13562
l 13564 13563
l 13565 13566
l 13567 13565
l 13568 13567
l 13550 13568
l 13555 13569
l 13556 13570
l 13571 13570
l 13572 13573
l 13557 13572
l 13559 13574
l 13564 13575
l 13576 13575
l 13577 13576
l 13578 13577
l 13579 13580
l 13581 13579
l 13582 13581
l 13583 13582
l 13566 13583
l 13569 13584
l 13585 13584
l 13571 13586
l 13573 13587
l 13588 13589
l 13574 13588
l 13578 13590
l 13591 13590
l 13592 13591
l 13593 13592
l 13594 13593
l 13595 13596
l 13597 13595
l 13598 13597
l 13580 13598
l 13585 13599
l 13600 13599
l 13586 13601
l 13587 13602
l 13603 13604
l 13589 13603
l 13594 13605
l 13606 13605
l 13607 13606
l 13608 13607
l 13609 13610
l 13611 13609
l 13612 13611
l 13596 13612
l 13600 13613
l 13614 13613
l 13601 13615
l 13616 13615
l 13617 13618
l 13602 13617
l 13619 13620
l 13604 13619
l 13608 13621
l 13622 13621
l 13623 13622
l 13624 13623
l 13625 13626
l 13627 13625
l 13628 13627
l 13610 13628
l 13614 13629
l 13616 13630
l 13618 13631
l 13620 13632
l 13624 13633
l 13634 13633
l 13635 13634
l 13636 13635
l 13626 13637
l 13629 13638
l 13639 13638
l 13640 13641
l 13630 13640
l 13631 13642
l 13643 13642
l 13644 13645
l 13632 13644
l 13636 13646
l 13637 13647
l 13648 13647
l 13639 13649
l 13641 13649
l 13643 13650
l 13645 13650
l 13651 13652
l 13646 13651
l 13648 13653
l 13654 13653
l 13655 13656
l 13652 13655
l 13654 13657
l 13658 13657
l 13659 13660
l 13661 13659
l 13662 13661
l 13663 13664
l 13665 13663
l 13666 13665
l 13667 13668
l 13656 13667
l 13658 13669
l 13670 13669
l 13660 13671
l 13662 13672
l 13664 13673
l 13666 13674
l 13675 13676
l 13668 13675
l 13670 13677
l 13678 13677
l 13671 13679
l 13672 13680
l 13681 13680
l 13682 13683
l 13673 13682
l 13674 13684
l 13685 13686
l 13676 13685
l 13678 13687
l 13688 13687
l 13679 13689
l 13681 13690
l 13683 13691
l 13684 13692
l 13693 13694
l 13686 13693
l 13688 13695
l 13689 13696
l 13697 13696
l 13698 13699
l 13690 13698
l 13691 13700
l 13701 13700
l 13702 13703
l 13692 13702
l 13694 13704
l 13695 13705
l 13706 13705
l 13697 13707
l 13699 13707
l 13701 13708
l 13703 13708
l 13709 13710
l 13704 13709
l 13706 13711
l 13712 13711
l 13713 13714
l 13710 13713
l 13712 13715
l 13716 13715
l 13717 13718
l 13714 13717
l 13716 13719
l 13720 13719
l 13721 13722
l 13718 13721
l 13720 13723
l 13724 13723
l 13725 13726
l 13727 13725
l 13728 13727
l 13729 13728
l 13730 13729
l 13731 13730
l 13732 13731
l 13733 13732
l 13734 13733
l 13735 13734
l 13736 13735
l 13737 13736
l 13738 13737
l 13739 13740
l 13722 13739
l 13724 13741
l 13742 13741
l 13743 13744
l 13745 13743
l 13746 13745
l 13747 13746
l 13726 13747
l 13738 13748
l 13749 13748
l 13750 13749
l 13751 13750
l 13752 13751
l 13753 13754
l 13740 13753
l 13742 13755
l 13756 13757
l 13758 13756
l 13759 13758
l 13760 13759
l 13761 13760
l 13744 13761
l 13752 13762
l 13763 13762
l 13764 13763
l 13765 13764
l 13766 13765
l 13767 13766
l 13754 13768
l 13755 13769
l 13770 13769
l 13771 13772
l 13773 13771
l 13774 13773
l 13775 13774
l 13776 13775
l 13757 13776
l 13767 13777
l 13778 13777
l 13779 13778
l 13780 13779
l 13781 13780
l 13782 13781
l 13783 13784
l 13768 13783
l 13770 13785
l 13786 13785
l 13787 13788
l 13789 13787
l 13790 13789
l 13791 13790
l 13792 13791
l 13772 13792
l 13782 13793
l 13794 13793
l 13795 13794
l 13796 13795
l 13797 13796
l 13798 13797
l 13799 13800
l 13784 13799
l 13786 13801
l 13802 13801
l 13803 13802
l 13804 13803
l 13805 13804
l 13788 13805
l 13798 13806
l 13807 13806
l 13808 13807
l 13809 13808
l 13810 13809
l 13800 13810
l 13811 13812
l 13813 13811
l 13814 13813
l 13815 13814
l 13816 13815
l 13817 13816
l 13818 13817
l 13819 13818
l 13820 13819
l 13821 13820
l 13822 13821
l 13823 13822
l 13824 13823
l 13825 13824
l 13826 13825
l 13827 13826
l 13828 13827
l 13829 13828
l 13830 13829
l 13831 13830
l 13832 13831
l 13833 13832
l 13834 13833
l 13835 13834
l 13836 13835
l 13837 13836
l 13838 13837
l 13839 13838
l 13840 13839
l 13841 13842
l 13843 13841
l 13844 13843
l 13812 13845
l 13840 13846
l 13847 13848
l 13849 13847
l 13850 13849
l 13851 13852
l 13853 13851
l 13854 13853
l 13855 13854
l 13842 13855
l 13844 13856
l 13857 13856
l 13845 13858
l 13859 13858
l 13860 13861
l 13846 13860
l 13862 13863
l 13848 13862
l 13850 13864
l 13865 13864
l 13866 13865
l 13867 13866
l 13868 13867
l 13869 13870
l 13871 13869
l 13872 13871
l 13852 13872
l 13857 13873
l 13874 13873
l 13859 13875
l 13861 13876
l 13877 13878
l 13863 13877
l 13868 13879
l 13880 13879
l 13881 13880
l 13882 13881
l 13883 13884
l 13885 13883
l 13886 13885
l 13887 13886
l 13870 13887
l 13874 13888
l 13875 13889
l 13890 13889
l 13891 13892
l 13876 13891
l 13878 13893
l 13882 13894
l 13895 13894
l 13896 13895
l 13897 13896
l 13898 13897
l 13899 13900
l 13901 13899
l 13902 13901
l 13884 13902
l 13888 13903
l 13904 13903
l 13890 13905
l 13892 13906
l 13907 13908
l 13893 13907
l 13898 13909
l 13910 13909
l 13911 13910
l 13912 13911
l 13913 13914
l 13915 13913
l 13916 13915
l 13917 13916
l 13900 13917
l 13904 13918
l 13919 13918
l 13905 13920
l 13906 13921
l 13922 13923
l 13908 13922
l 13912 13924
l 13925 13924
l 13926 13925
l 13927 13926
l 13928 13927
l 13929 13930
l 13931 13929
l 13932 13931
l 13933 13932
l 13914 13933
l 13919 13934
l 13935 13934
l 13920 13936
l 13937 13936
l 13938 13939
l 13921 13938
l 13940 13941
l 13923 13940
l 13928 13942
l 13943 13942
l 13944 13943
l 13945 13944
l 13946 13945
l 13947 13948
l 13949 13947
l 13930 13949
l 13935 13950
l 13937 13951
l 13939 13952
l 13941 13953
l 13946 13954
l 13955 13954
l 13956 13955
l 13948 13957
l 13958 13957
l 13950 13959
l 13960 13959
l 13961 13962
l 13951 13961
l 13952 13963
l 13964 13963
l 13965 13966
l 13953 13965
l 13967 13968
l 13956 13967
l 13958 13969
l 13970 13969
l 13960 13971
l 13962 13971
l 13964 13972
l 13966 13972
l 13973 13974
l 13968 13973
l 13970 13975
l 13976 13975
l 13977 13978
l 13974 13977
l 13976 13979
l 13980 13979
l 13981 13982
l 13983 13981
l 13984 13983
l 13985 13986
l 13987 13985
l 13988 13987
l 13989 13990
l 13978 13989
l 13980 13991
l 13982 13992
l 13984 13993
l 13986 13994
l 13988 13995
l 13990 13996
l 13991 13997
l 13998 13997
l 13992 13999
l 13993 14000
l 14001 14000
l 14002 14003
l 13994 14002
l 13995 14004
l 14005 14006
l 13996 14005
l 13998 14007
l 14008 14007
l 13999 14009
l 14001 14010
l 14003 14011
l 14004 14012
l 14013 14014
l 14006 14013
l 14008 14015
l 14016 14015
l 14009 14017
l 14018 14017
l 14019 14020
l 14010 14019
l 14011 14021
l 14022 14021
l 14023 14024
l 14012 14023
l 14025 14026
l 14014 14025
l 14016 14027
l 14028 14027
l 14018 14029
l 14020 14029
l 14022 14030
l 14024 14030
l 14031 14032
l 14026 14031
l 14028 14033
l 14034 14033
l 14035 14036
l 14032 14035
l 14034 14037
l 14038 14037
l 14039 14040
l 14036 14039
l 14038 14041
l 14042 14041
l 14043 14044
l 14040 14043
l 14042 14045
l 14046 14047
l 14048 14046
l 14049 14048
l 14050 14049
l 14051 14050
l 14052 14051
l 14053 14052
l 14054 14053
l 14055 14054
l 14056 14055
l 14057 14056
l 14058 14057
l 14059 14058
l 14044 14060
l 14045 14061
l 14062 14061
l 14063 14064
l 14065 14063
l 14066 14065
l 14067 14066
l 14047 14067
l 14059 14068
l 14069 14068
l 14070 14069
l 14071 14070
l 14072 14071
l 14073 14074
l 14060 14073
l 14062 14075
l 14076 14075
l 14077 14078
l 14079 14077
l 14080 14079
l 14081 14080
l 14082 14081
l 14064 14082
l 14072 14083
l 14084 14083
l 14085 14084
l 14086 14085
l 14087 14086
l 14088 14087
l 14089 14090
l 14074 14089
l 14076 14091
l 14092 14091
l 14093 14094
l 14095 14093
l 14096 14095
l 14097 14096
l 14098 14097
l 14078 14098
l 14088 14099
l 14100 14099
l 14101 14100
l 14102 14101
l 14103 14102
l 14104 14103
l 14105 14106
l 14090 14105
l 14092 14107
l 14108 14107
l 14109 14110
l 14111 14109
l 14112 14111
l 14113 14112
l 14114 14113
l 14094 14114
l 14104 14115
l 14116 14115
l 14117 14116
l 14118 14117
l 14119 14118
l 14120 14119
l 14121 14122
l 14106 14121
l 14108 14123
l 14124 14123
l 14125 14124
l 14126 14125
l 14127 14126
l 14110 14127
l 14120 14128
l 14129 14128
l 14130 14129
l 14131 14130
l 14132 14131
l 14122 14132
l 14133 14134
l 14135 14133
l 14136 14135
l 14137 14136
l 14138 14137
l 14139 14138
l 14140 14139
l 14141 14140
l 14142 14141
l 14143 14142
l 14144 14143
l 14145 14144
l 14146 14145
l 14147 14146
l 14148 14147
l 14149 14148
l 14150 14149
l 14151 14150
l 14152 14151
l 14153 14152
l 14154 14153
l 14155 14154
l 14156 14155
l 14157 14156
l 14158 14157
l 14159 14158
l 14160 14159
l 14161 14160
l 14162 14161
l 14163 14164
l 14165 14163
l 14166 14165
l 14167 14166
l 14168 14167
l 14134 14169
l 14162 14170
l 14171 14172
l 14173 14171
l 14174 14173
l 14175 14174
l 14176 14175
l 14177 14178
l 14179 14177
l 14180 14179
l 14164 14180
l 14168 14181
l 14169 14182
l 14183 14182
l 14184 14185
l 14170 14184
l 14172 14186
l 14176 14187
l 14188 14187
l 14189 14188
l 14190 14189
l 14191 14192
l 14193 14191
l 14194 14193
l 14195 14194
l 14178 14195
l 14181 14196
l 14197 14196
l 14183 14198
l 14185 14199
l 14200 14201
l 14186 14200
l 14190 14202
l 14203 14202
l 14204 14203
l 14205 14204
l 14206 14205
l 14207 14208
l 14209 14207
l 14210 14209
l 14211 14210
l 14192 14211
l 14197 14212
l 14198 14213
l 14199 14214
l 14201 14215
l 14206 14216
l 14217 14216
l 14218 14217
l 14219 14218
l 14220 14219
l 14221 14222
l 14223 14221
l 14224 14223
l 14208 14224
l 14225 14212
l 14213 14226
l 14227 14226
l 14228 14229
l 14214 14228
l 14215 14230
l 14220 14231
l 14232 14231
l 14233 14232
l 14234 14233
l 14235 14236
l 14237 14235
l 14238 14237
l 14239 14238
l 14222 14239
l 14225 14240
l 14241 14240
l 14227 14242
l 14229 14243
l 14244 14245
l 14230 14244
l 14234 14246
l 14247 14246
l 14248 14247
l 14249 14248
l 14250 14249
l 14251 14252
l 14253 14251
l 14254 14253
l 14255 14254
l 14236 14255
l 14241 14256
l 14257 14256
l 14242 14258
l 14259 14258
l 14260 14261
l 14243 14260
l 14262 14263
l 14245 14262
l 14250 14264
l 14265 14264
l 14266 14265
l 14267 14266
l 14268 14267
l 14269 14270
l 14252 14269
l 14257 14271
l 14259 14272
l 14261 14273
l 14263 14274
l 14268 14275
l 14276 14275
l 14270 14277
l 14271 14278
l 14279 14278
l 14280 14281
l 14272 14280
l 14273 14282
l 14283 14282
l 14284 14285
l 14274 14284
l 14276 14286
l 14277 14287
l 14288 14287
l 14279 14289
l 14281 14289
l 14283 14290
l 14285 14290
l 14291 14292
l 14286 14291
l 14288 14293
l 14294 14293
l 14295 14296
l 14292 14295
l 14294 14297
l 14298 14297
l 14299 14300
l 14301 14299
l 14302 14301
l 14303 14304
l 14305 14303
l 14306 14305
l 14307 14308
l 14296 14307
l 14298 14309
l 14310 14309
l 14300 14311
l 14302 14312
l 14304 14313
l 14306 14314
l 14315 14316
l 14308 14315
l 14310 14317
l 14318 14317
l 14311 14319
l 14312 14320
l 14321 14320
l 14322 14323
l 14313 14322
l 14314 14324
l 14325 14326
l 14316 14325
l 14318 14327
l 14328 14327
l 14319 14329
l 14330 14329
l 14321 14331
l 14323 14332
l 14333 14334
l 14324 14333
l 14335 14336
l 14326 14335
l 14328 14337
l 14338 14337
l 14330 14339
l 14340 14341
l 14331 14340
l 14332 14342
l 14343 14342
l 14334 14344
l 14345 14346
l 14336 14345
l 14338 14347
l 14348 14347
l 14339 14349
l 14341 14349
l 14343 14350
l 14344 14350
l 14351 14352
l 14346 14351
l 14348 14353
l 14354 14353
l 14355 14356
l 14352 14355
l 14354 14357
l 14358 14357
l 14359 14360
l 14356 14359
l 14358 14361
l 14360 14362
l 14361 14363
l 14364 14363
l 14365 14366
l 14367 14365
l 14368 14367
l 14369 14368
l 14370 14371
l 14372 14370
l 14373 14372
l 14374 14373
l 14375 14374
l 14376 14377
l 14378 14376
l 14379 14378
l 14380 14379
l 14381 14382
l 14362 14381
l 14364 14383
l 14384 14383
l 14385 14386
l 14387 14385
l 14388 14387
l 14389 14388
l 14366 14389
l 14369 14390
l 14371 14390
l 14375 14391
l 14377 14391
l 14380 14392
l 14393 14392
l 14394 14393
l 14395 14394
l 14396 14395
l 14397 14398
l 14382 14397
l 14384 14399
l 14400 14399
l 14401 14402
l 14403 14401
l 14404 14403
l 14405 14404
l 14406 14405
l 14386 14406
l 14396 14407
l 14408 14407
l 14409 14408
l 14410 14409
l 14411 14410
l 14412 14411
l 14413 14414
l 14398 14413
l 14400 14415
l 14416 14415
l 14417 14418
l 14419 14417
l 14420 14419
l 14421 14420
l 14422 14421
l 14402 14422
l 14412 14423
l 14424 14423
l 14425 14424
l 14426 14425
l 14427 14426
l 14428 14427
l 14429 14430
l 14414 14429
l 14416 14431
l 14432 14431
l 14433 14434
l 14435 14433
l 14436 14435
l 14437 14436
l 14438 14437
l 14418 14438
l 14428 14439
l 14440 14439
l 14441 14440
l 14442 14441
l 14443 14442
l 14444 14443
l 14445 14446
l 14430 14445
l 14432 14447
l 14448 14447
l 14449 14448
l 14450 14449
l 14451 14450
l 14434 14451
l 14444 14452
l 14453 14452
l 14454 14453
l 14455 14454
l 14456 14455
l 14446 14456
l 14457 14458
l 14459 14457
l 14460 14459
l 14461 14460
l 14462 14461
l 14463 14462
l 14464 14463
l 14465 14464
l 14466 14465
l 14467 14466
l 14468 14467
l 14469 14468
l 14470 14469
l 14471 14470
l 14472 14471
l 14473 14472
l 14474 14473
l 14475 14474
l 14476 14475
l 14477 14476
l 14478 14477
l 14479 14478
l 14480 14479
l 14481 14480
l 14482 14481
l 14483 14482
l 14484 14483
l 14485 14484
l 14486 14485
l 14487 14488
l 14489 14487
l 14490 14489
l 14491 14490
l 14492 14491
l 14458 14493
l 14486 14494
l 14495 14496
l 14497 14495
l 14498 14497
l 14499 14498
l 14500 14499
l 14501 14502
l 14503 14501
l 14504 14503
l 14505 14504
l 14488 14505
l 14492 14506
l 14493 14507
l 14494 14508
l 14496 14509
l 14500 14510
l 14511 14510
l 14512 14511
l 14513 14512
l 14514 14513
l 14515 14516
l 14517 14515
l 14518 14517
l 14519 14518
l 14502 14519
l 14506 14520
l 14521 14520
l 14507 14522
l 14523 14522
l 14524 14525
l 14508 14524
l 14526 14527
l 14509 14526
l 14514 14528
l 14529 14528
l 14530 14529
l 14531 14530
l 14532 14531
l 14533 14534
l 14535 14533
l 14536 14535
l 14537 14536
l 14516 14537
l 14521 14538
l 14539 14538
l 14523 14540
l 14525 14541
l 14542 14543
l 14527 14542
l 14532 14544
l 14545 14544
l 14546 14545
l 14547 14546
l 14548 14547
l 14549 14550
l 14551 14549
l 14552 14551
l 14534 14552
l 14539 14553
l 14540 14554
l 14555 14554
l 14556 14557
l 14541 14556
l 14543 14558
l 14548 14559
l 14560 14559
l 14561 14560
l 14562 14561
l 14563 14564
l 14565 14563
l 14566 14565
l 14567 14566
l 14550 14567
l 14553 14568
l 14569 14568
l 14555 14570
l 14557 14571
l 14572 14573
l 14558 14572
l 14562 14574
l 14575 14574
l 14576 14575
l 14577 14576
l 14578 14577
l 14579 14580
l 14581 14579
l 14582 14581
l 14583 14582
l 14564 14583
l 14569 14584
l 14585 14584
l 14570 14586
l 14587 14586
l 14588 14589
l 14571 14588
l 14590 14591
l 14573 14590
l 14578 14592
l 14593 14592
l 14594 14593
l 14595 14594
l 14596 14595
l 14597 14598
l 14580 14597
l 14585 14599
l 14587 14600
l 14589 14601
l 14591 14602
l 14596 14603
l 14604 14603
l 14598 14605
l 14606 14605
l 14599 14607
l 14608 14607
l 14609 14610
l 14600 14609
l 14601 14611
l 14612 14611
l 14613 14614
l 14602 14613
l 14615 14616
l 14604 14615
l 14606 14617
l 14618 14617
l 14608 14619
l 14610 14619
l 14612 14620
l 14614 14620
l 14621 14622
l 14616 14621
l 14618 14623
l 14624 14623
l 14625 14626
l 14622 14625
l 14624 14627
l 14628 14627
l 14629 14630
l 14631 14629
l 14632 14631
l 14633 14634
l 14635 14633
l 14636 14635
l 14637 14638
l 14626 14637
l 14628 14639
l 14640 14639
l 14630 14641
l 14632 14642
l 14634 14643
l 14636 14644
l 14645 14646
l 14638 14645
l 14640 14647
l 14648 14647
l 14641 14649
l 14642 14650
l 14651 14650
l 14652 14653
l 14643 14652
l 14644 14654
l 14655 14656
l 14646 14655
l 14648 14657
l 14658 14657
l 14649 14659
l 14660 14659
l 14651 14661
l 14653 14662
l 14663 14664
l 14654 14663
l 14665 14666
l 14656 14665
l 14658 14667
l 14668 14667
l 14660 14669
l 14670 14671
l 14661 14670
l 14662 14672
l 14673 14672
l 14664 14674
l 14675 14676
l 14666 14675
l 14668 14677
l 14678 14677
l 14669 14679
l 14671 14679
l 14673 14680
l 14674 14680
l 14681 14682
l 14676 14681
l 14678 14683
l 14682 14684
l 14683 14685
l 14686 14685
l 14687 14688
l 14684 14687
l 14686 14689
l 14690 14689
l 14691 14692
l 14688 14691
l 14690 14693
l 14694 14693
l 14695 14696
l 14697 14695
l 14698 14697
l 14699 14698
l 14700 14701
l 14702 14700
l 14703 14702
l 14704 14703
l 14705 14704
l 14706 14707
l 14708 14706
l 14709 14708
l 14710 14709
l 14711 14712
l 14692 14711
l 14694 14713
l 14714 14713
l 14715 14716
l 14717 14715
l 14718 14717
l 14719 14718
l 14696 14719
l 14699 14720
l 14701 14720
l 14705 14721
l 14707 14721
l 14710 14722
l 14723 14722
l 14724 14723
l 14725 14724
l 14726 14725
l 14727 14728
l 14712 14727
l 14714 14729
l 14730 14729
l 14731 14732
l 14733 14731
l 14734 14733
l 14735 14734
l 14736 14735
l 14716 14736
l 14726 14737
l 14738 14737
l 14739 14738
l 14740 14739
l 14741 14740
l 14742 14741
l 14743 14744
l 14728 14743
l 14730 14745
l 14746 14745
l 14747 14748
l 14749 14747
l 14750 14749
l 14751 14750
l 14752 14751
l 14732 14752
l 14742 14753
l 14754 14753
l 14755 14754
l 14756 14755
l 14757 14756
l 14758 14757
l 14759 14760
l 14744 14759
l 14746 14761
l 14762 14761
l 14763 14764
l 14765 14763
l 14766 14765
l 14767 14766
l 14768 14767
l 14748 14768
l 14758 14769
l 14770 14769
l 14771 14770
l 14772 14771
l 14773 14772
l 14774 14773
l 14775 14776
l 14760 14775
l 14762 14777
l 14778 14777
l 14779 14778
l 14780 14779
l 14781 14780
l 14764 14781
l 14774 14782
l 14783 14782
l 14784 14783
l 14785 14784
l 14786 14785
l 14776 14786
l 14787 14788
l 14789 14787
l 14790 14789
l 14791 14790
l 14792 14791
l 14793 14792
l 14794 14793
l 14795 14794
l 14796 14795
l 14797 14796
l 14798 14797
l 14799 14798
l 14800 14799
l 14801 14800
l 14802 14801
l 14803 14802
l 14804 14803
l 14805 14804
l 14806 14805
l 14807 14806
l 14808 14807
l 14809 14808
l 14810 14809
l 14811 14810
l 14812 14811
l 14813 14812
l 14814 14813
l 14815 14814
l 14816 14815
l 14817 14816
l 14818 14817
l 14819 14820
l 14821 14819
l 14822 14821
l 14823 14822
l 14824 14823
l 14825 14824
l 14788 14826
l 14827 14826
l 14828 14829
l 14818 14828
l 14830 14831
l 14832 14830
l 14833 14832
l 14834 14833
l 14835 14834
l 14836 14835
l 14837 14838
l 14839 14837
l 14840 14839
l 14841 14840
l 14820 14841
l 14825 14842
l 14827 14843
l 14829 14844
l 14831 14845
l 14836 14846
l 14847 14846
l 14848 14847
l 14849 14848
l 14850 14849
l 14851 14852
l 14853 14851
l 14854 14853
l 14838 14854
l 14842 14855
l 14856 14855
l 14843 14857
l 14858 14857
l 14859 14860
l 14844 14859
l 14861 14862
l 14845 14861
l 14850 14863
l 14864 14863
l 14865 14864
l 14866 14865
l 14867 14868
l 14869 14867
l 14870 14869
l 14871 14870
l 14852 14871
l 14856 14872
l 14873 14872
l 14858 14874
l 14860 14875
l 14876 14877
l 14862 14876
l 14866 14878
l 14879 14878
l 14880 14879
l 14881 14880
l 14882 14881
l 14883 14884
l 14885 14883
l 14886 14885
l 14887 14886
l 14868 14887
l 14873 14888
l 14874 14889
l 14890 14889
l 14891 14892
l 14875 14891
l 14877 14893
l 14882 14894
l 14895 14894
l 14896 14895
l 14897 14896
l 14898 14897
l 14899 14900
l 14901 14899
l 14902 14901
l 14903 14902
l 14884 14903
l 14888 14904
l 14905 14904
l 14890 14906
l 14892 14907
l 14908 14909
l 14893 14908
l 14898 14910
l 14911 14910
l 14912 14911
l 14913 14912
l 14914 14913
l 14915 14916
l 14917 14915
l 14918 14917
l 14919 14918
l 14900 14919
l 14905 14920
l 14921 14920
l 14906 14922
l 14923 14922
l 14924 14925
l 14907 14924
l 14926 14927
l 14909 14926
l 14914 14928
l 14929 14928
l 14930 14929
l 14931 14930
l 14932 14931
l 14916 14933
l 14921 14934
l 14923 14935
l 14925 14936
l 14927 14937
l 14932 14938
l 14933 14939
l 14940 14939
l 14934 14941
l 14942 14941
l 14943 14944
l 14935 14943
l 14936 14945
l 14946 14945
l 14947 14948
l 14937 14947
l 14949 14950
l 14938 14949
l 14940 14951
l 14952 14951
l 14942 14953
l 14944 14953
l 14946 14954
l 14948 14954
l 14955 14956
l 14950 14955
l 14952 14957
l 14958 14957
l 14959 14960
l 14961 14959
l 14962 14963
l 14964 14962
l 14965 14966
l 14956 14965
l 14958 14967
l 14968 14967
l 14960 14969
l 14961 14970
l 14971 14970
l 14972 14973
l 14963 14972
l 14964 14974
l 14975 14976
l 14966 14975
l 14968 14977
l 14978 14977
l 14969 14979
l 14971 14980
l 14973 14981
l 14974 14982
l 14983 14984
l 14976 14983
l 14978 14985
l 14979 14986
l 14980 14987
l 14988 14987
l 14989 14990
l 14981 14989
l 14982 14991
l 14984 14992
l 14993 14985
l 14986 14994
l 14995 14994
l 14988 14996
l 14990 14997
l 14998 14999
l 14991 14998
l 14992 15000
l 14993 15001
l 15002 15001
l 14995 15003
l 15004 15005
l 14996 15004
l 14997 15006
l 15007 15006
l 14999 15008
l 15009 15010
l 15000 15009
l 15002 15011
l 15012 15011
l 15003 15013
l 15005 15013
l 15007 15014
l 15008 15014
l 15015 15016
l 15010 15015
l 15012 15017
l 15018 15017
l 15019 15020
l 15016 15019
l 15018 15021
l 15022 15021
l 15023 15024
l 15020 15023
l 15022 15025
l 15026 15025
l 15027 15028
l 15024 15027
l 15026 15029
l 15030 15029
l 15031 15032
l 15033 15031
l 15034 15033
l 15035 15034
l 15036 15037
l 15038 15036
l 15039 15038
l 15040 15039
l 15041 15040
l 15042 15043
l 15044 15042
l 15045 15044
l 15046 15045
l 15047 15048
l 15028 15047
l 15030 15049
l 15050 15049
l 15051 15052
l 15053 15051
l 15054 15053
l 15055 15054
l 15032 15055
l 15035 15056
l 15037 15056
l 15041 15057
l 15043 15057
l 15046 15058
l 15059 15058
l 15060 15059
l 15061 15060
l 15062 15061
l 15063 15064
l 15048 15063
l 15050 15065
l 15066 15065
l 15067 15068
l 15069 15067
l 15070 15069
l 15071 15070
l 15072 15071
l 15052 15072
l 15062 15073
l 15074 15073
l 15075 15074
l 15076 15075
l 15077 15076
l 15078 15077
l 15079 15080
l 15064 15079
l 15066 15081
l 15082 15081
l 15083 15084
l 15085 15083
l 15086 15085
l 15087 15086
l 15088 15087
l 15068 15088
l 15078 15089
l 15090 15089
l 15091 15090
l 15092 15091
l 15093 15092
l 15094 15093
l 15095 15096
l 15080 15095
l 15082 15097
l 15098 15097
l 15099 15100
l 15101 15099
l 15102 15101
l 15103 15102
l 15104 15103
l 15084 15104
l 15094 15105
l 15106 15105
l 15107 15106
l 15108 15107
l 15109 15108
l 15110 15109
l 15111 15112
l 15096 15111
l 15098 15113
l 15114 15113
l 15115 15114
l 15116 15115
l 15117 15116
l 15100 15117
l 15110 15118
l 15119 15118
l 15120 15119
l 15121 15120
l 15122 15121
l 15112 15122
l 15123 15124
l 15125 15123
l 15126 15127
l 15128 15126
l 15129 15128
l 15130 15129
l 15131 15130
l 15132 15131
l 15133 15132
l 15134 15133
l 15135 15134
l 15136 15135
l 15137 15136
l 15138 15137
l 15139 15138
l 15140 15139
l 15141 15140
l 15142 15141
l 15143 15142
l 15144 15143
l 15145 15144
l 15146 15145
l 15147 15146
l 15148 15147
l 15149 15148
l 15150 15149
l 15151 15150
l 15152 15151
l 15153 15152
l 15154 15153
l 15155 15154
l 15156 15155
l 15157 15156
l 15158 15159
l 15160 15158
l 15161 15162
l 15163 15161
l 15164 15163
l 15124 15164
l 15125 15165
l 15166 15165
l 15127 15167
l 15168 15167
l 15169 15170
l 15157 15169
l 15171 15172
l 15159 15171
l 15160 15173
l 15174 15173
l 15175 15174
l 15176 15175
l 15177 15178
l 15179 15177
l 15180 15179
l 15181 15180
l 15162 15181
l 15166 15182
l 15183 15182
l 15168 15184
l 15170 15185
l 15186 15187
l 15172 15186
l 15176 15188
l 15189 15188
l 15190 15189
l 15191 15190
l 15192 15191
l 15193 15194
l 15195 15193
l 15196 15195
l 15197 15196
l 15178 15197
l 15183 15198
l 15184 15199
l 15200 15199
l 15201 15202
l 15185 15201
l 15187 15203
l 15192 15204
l 15205 15204
l 15206 15205
l 15207 15206
l 15208 15207
l 15209 15210
l 15211 15209
l 15212 15211
l 15213 15212
l 15194 15213
l 15198 15214
l 15215 15214
l 15200 15216
l 15202 15217
l 15218 15219
l 15203 15218
l 15208 15220
l 15221 15220
l 15222 15221
l 15223 15222
l 15224 15223
l 15225 15226
l 15227 15225
l 15228 15227
l 15229 15228
l 15210 15229
l 15215 15230
l 15231 15230
l 15216 15232
l 15233 15232
l 15234 15235
l 15217 15234
l 15236 15237
l 15219 15236
l 15224 15238
l 15239 15238
l 15240 15239
l 15241 15240
l 15242 15241
l 15243 15244
l 15245 15243
l 15246 15245
l 15247 15246
l 15226 15247
l 15231 15248
l 15233 15249
l 15235 15250
l 15237 15251
l 15242 15252
l 15253 15252
l 15254 15253
l 15255 15254
l 15256 15255
l 15257 15258
l 15259 15257
l 15260 15259
l 15261 15260
l 15244 15261
l 15248 15262
l 15263 15262
l 15249 15264
l 15265 15264
l 15266 15267
l 15250 15266
l 15268 15269
l 15251 15268
l 15256 15270
l 15271 15270
l 15272 15271
l 15273 15272
l 15274 15273
l 15258 15275
l 15276 15275
l 15263 15277
l 15265 15278
l 15267 15279
l 15269 15280
l 15281 15282
l 15274 15281
l 15276 15283
l 15277 15284
l 15285 15284
l 15286 15287
l 15278 15286
l 15279 15288
l 15289 15288
l 15290 15291
l 15280 15290
l 15282 15292
l 15283 15293
l 15294 15293
l 15285 15295
l 15287 15295
l 15289 15296
l 15291 15296
l 15297 15298
l 15292 15297
l 15294 15299
l 15300 15299
l 15301 15302
l 15303 15301
l 15304 15305
l 15306 15304
l 15307 15308
l 15298 15307
l 15300 15309
l 15310 15309
l 15302 15311
l 15303 15312
l 15313 15312
l 15314 15315
l 15305 15314
l 15306 15316
l 15317 15318
l 15308 15317
l 15310 15319
l 15320 15319
l 15311 15321
l 15313 15322
l 15315 15323
l 15316 15324
l 15325 15326
l 15318 15325
l 15320 15327
l 15328 15327
l 15321 15329
l 15322 15330
l 15331 15330
l 15332 15333
l 15323 15332
l 15324 15334
l 15335 15336
l 15326 15335
l 15328 15337
l 15338 15337
l 15329 15339
l 15340 15339
l 15331 15341
l 15333 15342
l 15343 15344
l 15334 15343
l 15345 15346
l 15336 15345
l 15338 15347
l 15348 15347
l 15340 15349
l 15341 15350
l 15342 15351
l 15344 15352
l 15353 15354
l 15346 15353
l 15348 15355
l 15356 15355
l 15349 15357
l 15358 15357
l 15350 15358
l 15351 15359
l 15360 15359
l 15352 15360
l 15361 15362
l 15354 15361
l 15356 15363
l 15364 15363
l 15365 15366
l 15362 15365
l 15364 15367
l 15368 15367
l 15369 15370
l 15366 15369
l 15368 15371
l 15372 15371
l 15373 15374
l 15375 15373
l 15376 15375
l 15377 15378
l 15379 15377
l 15380 15379
l 15381 15382
l 15370 15381
l 15372 15383
l 15384 15383
l 15374 15385
l 15376 15386
l 15387 15386
l 15388 15389
l 15390 15388
l 15391 15390
l 15392 15393
l 15378 15392
l 15380 15394
l 15395 15396
l 15382 15395
l 15384 15397
l 15398 15397
l 15399 15400
l 15401 15399
l 15402 15401
l 15403 15402
l 15385 15403
l 15387 15404
l 15405 15404
l 15389 15405
l 15391 15406
l 15407 15406
l 15393 15407
l 15394 15408
l 15409 15408
l 15410 15409
l 15411 15410
l 15412 15411
l 15413 15414
l 15396 15413
l 15398 15415
l 15416 15415
l 15417 15418
l 15419 15417
l 15420 15419
l 15421 15420
l 15422 15421
l 15400 15422
l 15412 15423
l 15424 15423
l 15425 15424
l 15426 15425
l 15427 15426
l 15428 15427
l 15429 15430
l 15414 15429
l 15416 15431
l 15432 15431
l 15433 15434
l 15435 15433
l 15436 15435
l 15437 15436
l 15438 15437
l 15418 15438
l 15428 15439
l 15440 15439
l 15441 15440
l 15442 15441
l 15443 15442
l 15444 15443
l 15445 15446
l 15430 15445
l 15432 15447
l 15448 15447
l 15449 15450
l 15451 15449
l 15452 15451
l 15453 15452
l 15434 15453
l 15444 15454
l 15455 15454
l 15456 15455
l 15457 15456
l 15458 15457
l 15459 15460
l 15446 15459
l 15448 15461
l 15462 15461
l 15463 15462
l 15464 15463
l 15465 15464
l 15466 15465
l 15450 15466
l 15458 15467
l 15468 15467
l 15469 15468
l 15470 15469
l 15471 15470
l 15472 15471
l 15460 15472
l 15473 15474
l 15475 15473
l 15476 15475
l 15477 15478
l 15479 15477
l 15480 15479
l 15481 15480
l 15482 15481
l 15483 15482
l 15484 15483
l 15485 15486
l 15487 15485
l 15488 15487
l 15489 15490
l 15491 15489
l 15492 15493
l 15494 15492
l 15495 15494
l 15496 15495
l 15497 15496
l 15498 15497
l 15499 15498
l 15500 15499
l 15501 15500
l 15474 15501
l 15476 15502
l 15478 15502
l 15484 15503
l 15486 15503
l 15488 15504
l 15505 15504
l 15506 15505
l 15507 15506
l 15508 15507
l 15509 15508
l 15510 15509
l 15511 15510
l 15512 15511
l 15513 15512
l 15514 15515
l 15516 15514
l 15517 15518
l 15519 15517
l 15520 15519
l 15521 15520
l 15490 15521
l 15491 15522
l 15523 15522
l 15493 15524
l 15525 15524
l 15526 15527
l 15513 15526
l 15528 15529
l 15515 15528
l 15516 15530
l 15531 15530
l 15532 15531
l 15533 15532
l 15534 15533
l 15535 15536
l 15537 15535
l 15538 15537
l 15539 15538
l 15518 15539
l 15523 15540
l 15541 15540
l 15525 15542
l 15527 15543
l 15544 15545
l 15529 15544
l 15534 15546
l 15547 15546
l 15548 15547
l 15549 15548
l 15550 15549
l 15551 15552
l 15553 15551
l 15554 15553
l 15555 15554
l 15536 15555
l 15541 15556
l 15542 15557
l 15558 15557
l 15559 15560
l 15543 15559
l 15545 15561
l 15550 15562
l 15563 15562
l 15564 15563
l 15565 15564
l 15566 15565
l 15567 15568
l 15569 15567
l 15570 15569
l 15571 15570
l 15552 15571
l 15556 15572
l 15573 15572
l 15558 15574
l 15560 15575
l 15576 15577
l 15561 15576
l 15566 15578
l 15579 15578
l 15580 15579
l 15581 15580
l 15582 15581
l 15583 15584
l 15585 15583
l 15586 15585
l 15587 15586
l 15568 15587
l 15573 15588
l 15589 15588
l 15574 15590
l 15591 15590
l 15592 15593
l 15575 15592
l 15594 15595
l 15577 15594
l 15582 15596
l 15597 15596
l 15598 15597
l 15599 15598
l 15600 15599
l 15601 15602
l 15603 15601
l 15604 15603
l 15605 15604
l 15584 15605
l 15589 15606
l 15591 15607
l 15593 15608
l 15595 15609
l 15600 15610
l 15611 15610
l 15612 15611
l 15613 15612
l 15614 15613
l 15615 15616
l 15617 15615
l 15618 15617
l 15602 15618
l 15606 15619
l 15620 15619
l 15607 15621
l 15622 15621
l 15623 15624
l 15608 15623
l 15625 15626
l 15609 15625
l 15614 15627
l 15628 15627
l 15629 15628
l 15630 15629
l 15616 15631
l 15620 15632
l 15633 15632
l 15622 15634
l 15624 15635
l 15636 15637
l 15626 15636
l 15630 15638
l 15631 15639
l 15640 15639
l 15633 15641
l 15642 15643
l 15634 15642
l 15635 15644
l 15645 15644
l 15637 15646
l 15647 15648
l 15638 15647
l 15640 15649
l 15650 15649
l 15641 15651
l 15643 15651
l 15645 15652
l 15646 15652
l 15653 15654
l 15648 15653
l 15650 15655
l 15656 15655
l 15657 15658
l 15659 15657
l 15660 15661
l 15662 15660
l 15663 15664
l 15654 15663
l 15656 15665
l 15666 15665
l 15658 15667
l 15659 15668
l 15669 15668
l 15670 15671
l 15661 15670
l 15662 15672
l 15673 15674
l 15664 15673
l 15666 15675
l 15676 15675
l 15667 15677
l 15669 15678
l 15671 15679
l 15672 15680
l 15681 15682
l 15674 15681
l 15676 15683
l 15684 15683
l 15677 15685
l 15678 15686
l 15687 15686
l 15688 15689
l 15679 15688
l 15680 15690
l 15691 15692
l 15682 15691
l 15684 15693
l 15694 15693
l 15685 15695
l 15696 15695
l 15687 15697
l 15689 15698
l 15699 15700
l 15690 15699
l 15701 15702
l 15692 15701
l 15694 15703
l 15704 15703
l 15696 15705
l 15697 15706
l 15698 15707
l 15700 15708
l 15709 15710
l 15702 15709
l 15704 15711
l 15712 15711
l 15705 15713
l 15714 15713
l 15706 15714
l 15707 15715
l 15716 15715
l 15708 15716
l 15717 15718
l 15710 15717
l 15712 15719
l 15720 15719
l 15721 15722
l 15718 15721
l 15720 15723
l 15724 15723
l 15725 15726
l 15722 15725
l 15724 15727
l 15728 15727
l 15729 15730
l 15731 15729
l 15732 15731
l 15733 15734
l 15735 15733
l 15736 15735
l 15737 15738
l 15726 15737
l 15728 15739
l 15740 15739
l 15730 15741
l 15732 15742
l 15743 15742
l 15744 15745
l 15734 15744
l 15736 15746
l 15747 15748
l 15738 15747
l 15740 15749
l 15750 15749
l 15751 15752
l 15753 15751
l 15754 15753
l 15755 15754
l 15741 15755
l 15743 15756
l 15757 15756
l 15758 15757
l 15759 15758
l 15760 15759
l 15761 15760
l 15745 15761
l 15746 15762
l 15763 15762
l 15764 15763
l 15765 15764
l 15766 15765
l 15767 15768
l 15748 15767
l 15750 15769
l 15770 15769
l 15771 15772
l 15773 15771
l 15774 15773
l 15775 15774
l 15776 15775
l 15752 15776
l 15766 15777
l 15778 15777
l 15779 15778
l 15780 15779
l 15781 15780
l 15782 15781
l 15783 15784
l 15768 15783
l 15770 15785
l 15786 15785
l 15787 15788
l 15789 15787
l 15790 15789
l 15791 15790
l 15792 15791
l 15772 15792
l 15782 15793
l 15794 15793
l 15795 15794
l 15796 15795
l 15797 15796
l 15798 15797
l 15799 15800
l 15784 15799
l 15786 15801
l 15802 15801
l 15803 15804
l 15805 15803
l 15806 15805
l 15807 15806
l 15788 15807
l 15798 15808
l 15809 15808
l 15810 15809
l 15811 15810
l 15812 15811
l 15813 15814
l 15800 15813
l 15802 15815
l 15816 15815
l 15817 15816
l 15818 15817
l 15819 15818
l 15820 15819
l 15804 15820
l 15812 15821
l 15822 15821
l 15823 15822
l 15824 15823
l 15825 15824
l 15826 15825
l 15814 15826
l 15827 15828
l 15829 15827
l 15830 15829
l 15831 15830
l 15832 15831
l 15833 15832
l 15834 15833
l 15835 15834
l 15836 15835
l 15837 15836
l 15838 15837
l 15839 15838
l 15840 15839
l 15841 15840
l 15842 15841
l 15843 15844
l 15845 15843
l 15846 15847
l 15848 15846
l 15849 15848
l 15850 15849
l 15851 15850
l 15852 15851
l 15853 15852
l 15854 15853
l 15828 15854
l 15842 15855
l 15856 15855
l 15857 15856
l 15858 15857
l 15859 15858
l 15860 15859
l 15861 15860
l 15862 15861
l 15863 15862
l 15864 15865
l 15866 15864
l 15867 15868
l 15869 15867
l 15870 15869
l 15871 15870
l 15844 15871
l 15845 15872
l 15873 15872
l 15847 15874
l 15875 15874
l 15876 15877
l 15863 15876
l 15878 15879
l 15865 15878
l 15866 15880
l 15881 15880
l 15882 15881
l 15883 15882
l 15884 15883
l 15885 15886
l 15887 15885
l 15888 15887
l 15889 15888
l 15868 15889
l 15873 15890
l 15891 15890
l 15875 15892
l 15877 15893
l 15894 15895
l 15879 15894
l 15884 15896
l 15897 15896
l 15898 15897
l 15899 15898
l 15900 15899
l 15901 15902
l 15903 15901
l 15904 15903
l 15905 15904
l 15886 15905
l 15891 15906
l 15892 15907
l 15908 15907
l 15909 15910
l 15893 15909
l 15895 15911
l 15900 15912
l 15913 15912
l 15914 15913
l 15915 15914
l 15916 15915
l 15917 15918
l 15919 15917
l 15920 15919
l 15921 15920
l 15922 15921
l 15902 15922
l 15906 15923
l 15924 15923
l 15908 15925
l 15910 15926
l 15927 15928
l 15911 15927
l 15916 15929
l 15930 15929
l 15931 15930
l 15932 15931
l 15933 15932
l 15934 15933
l 15935 15936
l 15937 15935
l 15938 15937
l 15918 15938
l 15924 15939
l 15940 15939
l 15925 15941
l 15942 15941
l 15943 15944
l 15926 15943
l 15945 15946
l 15928 15945
l 15934 15947
l 15948 15947
l 15949 15948
l 15950 15949
l 15951 15952
l 15953 15951
l 15954 15953
l 15955 15954
l 15936 15955
l 15940 15956
l 15942 15957
l 15944 15958
l 15946 15959
l 15950 15960
l 15961 15960
l 15962 15961
l 15963 15962
l 15964 15963
l 15965 15966
l 15967 15965
l 15968 15967
l 15969 15968
l 15952 15969
l 15956 15970
l 15971 15970
l 15957 15972
l 15973 15972
l 15974 15975
l 15958 15974
l 15976 15977
l 15959 15976
l 15964 15978
l 15979 15978
l 15980 15979
l 15981 15980
l 15982 15981
l 15966 15983
l 15984 15983
l 15971 15985
l 15986 15985
l 15973 15987
l 15975 15988
l 15989 15990
l 15977 15989
l 15991 15992
l 15982 15991
l 15984 15993
l 15994 15993
l 15986 15995
l 15987 15996
l 15988 15997
l 15990 15998
l 15999 16000
l 15992 15999
l 15994 16001
l 16002 16001
l 15995 16003
l 16004 16003
l 15996 16004
l 15997 16005
l 16006 16005
l 15998 16006
l 16007 16008
l 16000 16007
l 16002 16009
l 16010 16009
l 16011 16012
l 16013 16011
l 16014 16015
l 16016 16014
l 16017 16018
l 16008 16017
l 16010 16019
l 16020 16019
l 16012 16021
l 16013 16022
l 16023 16022
l 16024 16025
l 16015 16024
l 16016 16026
l 16027 16028
l 16018 16027
l 16020 16029
l 16030 16029
l 16021 16031
l 16023 16032
l 16025 16033
l 16026 16034
l 16035 16036
l 16028 16035
l 16030 16037
l 16038 16037
l 16031 16039
l 16032 16040
l 16041 16040
l 16042 16043
l 16033 16042
l 16034 16044
l 16045 16046
l 16036 16045
l 16038 16047
l 16048 16047
l 16039 16049
l 16050 16049
l 16041 16051
l 16043 16052
l 16053 16054
l 16044 16053
l 16055 16056
l 16046 16055
l 16048 16057
l 16058 16057
l 16050 16059
l 16051 16060
l 16052 16061
l 16054 16062
l 16063 16064
l 16056 16063
l 16058 16065
l 16066 16065
l 16059 16067
l 16068 16067
l 16060 16068
l 16061 16069
l 16070 16069
l 16062 16070
l 16071 16072
l 16064 16071
l 16066 16073
l 16074 16073
l 16075 16076
l 16072 16075
l 16074 16077
l 16078 16077
l 16079 16080
l 16076 16079
l 16078 16081
l 16082 16081
l 16083 16084
l 16085 16083
l 16086 16085
l 16087 16088
l 16089 16087
l 16090 16089
l 16091 16092
l 16080 16091
l 16082 16093
l 16094 16093
l 16084 16095
l 16086 16096
l 16097 16096
l 16098 16099
l 16088 16098
l 16090 16100
l 16101 16102
l 16092 16101
l 16094 16103
l 16104 16103
l 16105 16106
l 16107 16105
l 16108 16107
l 16095 16108
l 16097 16109
l 16110 16109
l 16111 16110
l 16112 16111
l 16113 16112
l 16114 16113
l 16099 16114
l 16100 16115
l 16116 16115
l 16117 16116
l 16118 16117
l 16119 16120
l 16102 16119
l 16104 16121
l 16122 16121
l 16123 16124
l 16125 16123
l 16126 16125
l 16127 16126
l 16128 16127
l 16106 16128
l 16118 16129
l 16130 16129
l 16131 16130
l 16132 16131
l 16133 16132
l 16134 16133
l 16135 16136
l 16120 16135
l 16122 16137
l 16138 16137
l 16139 16140
l 16141 16139
l 16142 16141
l 16143 16142
l 16144 16143
l 16124 16144
l 16134 16145
l 16146 16145
l 16147 16146
l 16148 16147
l 16149 16148
l 16150 16149
l 16151 16152
l 16136 16151
l 16138 16153
l 16154 16155
l 16156 16154
l 16157 16156
l 16158 16157
l 16159 16158
l 16140 16159
l 16150 16160
l 16161 16160
l 16162 16161
l 16163 16162
l 16164 16163
l 16165 16164
l 16152 16166
l 16153 16167
l 16168 16167
l 16169 16168
l 16170 16169
l 16171 16170
l 16172 16171
l 16173 16172
l 16155 16173
l 16165 16174
l 16175 16174
l 16176 16175
l 16177 16176
l 16178 16177
l 16179 16178
l 16180 16179
l 16166 16180
l 16181 16182
l 16183 16181
l 16184 16183
l 16185 16184
l 16186 16185
l 16187 16186
l 16188 16187
l 16189 16188
l 16190 16189
l 16191 16190
l 16192 16191
l 16193 16192
l 16194 16193
l 16195 16194
l 16196 16195
l 16197 16196
l 16198 16197
l 16199 16200
l 16201 16199
l 16202 16201
l 16203 16202
l 16204 16205
l 16206 16204
l 16207 16206
l 16208 16207
l 16209 16208
l 16210 16209
l 16211 16210
l 16182 16211
l 16198 16212
l 16213 16212
l 16214 16213
l 16215 16214
l 16216 16215
l 16217 16216
l 16218 16217
l 16219 16218
l 16220 16221
l 16222 16220
l 16223 16222
l 16224 16223
l 16225 16226
l 16227 16225
l 16228 16227
l 16229 16228
l 16200 16229
l 16203 16230
l 16205 16231
l 16219 16232
l 16221 16233
l 16224 16234
l 16235 16234
l 16236 16235
l 16237 16236
l 16238 16237
l 16239 16240
l 16241 16239
l 16242 16241
l 16243 16242
l 16226 16243
l 16230 16244
l 16245 16244
l 16231 16246
l 16247 16246
l 16248 16249
l 16232 16248
l 16250 16251
l 16233 16250
l 16238 16252
l 16253 16252
l 16254 16253
l 16255 16254
l 16256 16255
l 16257 16258
l 16259 16257
l 16260 16259
l 16261 16260
l 16240 16261
l 16245 16262
l 16247 16263
l 16264 16263
l 16265 16266
l 16249 16265
l 16251 16267
l 16256 16268
l 16269 16268
l 16270 16269
l 16271 16270
l 16272 16271
l 16273 16274
l 16275 16273
l 16276 16275
l 16277 16276
l 16258 16277
l 16262 16278
l 16279 16278
l 16264 16280
l 16266 16281
l 16282 16283
l 16267 16282
l 16272 16284
l 16285 16284
l 16286 16285
l 16287 16286
l 16288 16287
l 16289 16290
l 16291 16289
l 16292 16291
l 16293 16292
l 16274 16293
l 16279 16294
l 16295 16294
l 16280 16296
l 16297 16296
l 16298 16299
l 16281 16298
l 16300 16301
l 16283 16300
l 16288 16302
l 16303 16302
l 16304 16303
l 16305 16304
l 16306 16305
l 16307 16308
l 16309 16307
l 16310 16309
l 16311 16310
l 16290 16311
l 16295 16312
l 16297 16313
l 16299 16314
l 16301 16315
l 16306 16316
l 16317 16316
l 16318 16317
l 16319 16318
l 16320 16319
l 16321 16322
l 16323 16321
l 16324 16323
l 16308 16324
l 16312 16325
l 16326 16325
l 16313 16327
l 16328 16327
l 16329 16330
l 16314 16329
l 16331 16332
l 16315 16331
l 16320 16333
l 16334 16333
l 16335 16334
l 16336 16335
l 16322 16337
l 16338 16337
l 16326 16339
l 16340 16339
l 16328 16341
l 16330 16342
l 16343 16344
l 16332 16343
l 16345 16346
l 16336 16345
l 16338 16347
l 16348 16347
l 16340 16349
l 16341 16350
l 16342 16351
l 16344 16352
l 16353 16354
l 16346 16353
l 16348 16355
l 16356 16355
l 16349 16357
l 16358 16357
l 16350 16358
l 16351 16359
l 16360 16359
l 16352 16360
l 16361 16362
l 16354 16361
l 16356 16363
l 16364 16363
l 16365 16366
l 16367 16365
l 16368 16369
l 16370 16368
l 16371 16372
l 16362 16371
l 16364 16373
l 16374 16373
l 16366 16375
l 16367 16376
l 16377 16376
l 16378 16379
l 16369 16378
l 16370 16380
l 16381 16382
l 16372 16381
l 16374 16383
l 16384 16383
l 16375 16385
l 16377 16386
l 16379 16387
l 16380 16388
l 16389 16390
l 16382 16389
l 16384 16391
l 16392 16391
l 16385 16393
l 16386 16394
l 16395 16394
l 16396 16397
l 16387 16396
l 16388 16398
l 16399 16400
l 16390 16399
l 16392 16401
l 16402 16401
l 16393 16403
l 16404 16403
l 16395 16405
l 16397 16406
l 16407 16408
l 16398 16407
l 16409 16410
l 16400 16409
l 16402 16411
l 16412 16411
l 16404 16413
l 16405 16414
l 16406 16415
l 16408 16416
l 16417 16418
l 16410 16417
l 16412 16419
l 16420 16419
l 16413 16421
l 16422 16421
l 16414 16423
l 16415 16424
l 16425 16426
l 16416 16425
l 16427 16428
l 16418 16427
l 16420 16429
l 16430 16429
l 16422 16431
l 16423 16431
l 16424 16432
l 16426 16432
l 16433 16434
l 16428 16433
l 16430 16435
l 16436 16435
l 16437 16438
l 16434 16437
l 16436 16439
l 16440 16441
l 16442 16440
l 16443 16442
l 16444 16445
l 16446 16444
l 16447 16446
l 16438 16448
l 16439 16449
l 16450 16449
l 16441 16451
l 16443 16452
l 16453 16452
l 16454 16455
l 16445 16454
l 16447 16456
l 16457 16458
l 16448 16457
l 16450 16459
l 16460 16459
l 16461 16462
l 16463 16461
l 16464 16463
l 16451 16464
l 16453 16465
l 16466 16465
l 16467 16466
l 16468 16467
l 16469 16468
l 16470 16469
l 16455 16470
l 16456 16471
l 16472 16471
l 16473 16472
l 16474 16473
l 16475 16476
l 16458 16475
l 16460 16477
l 16478 16477
l 16479 16480
l 16481 16479
l 16482 16481
l 16483 16482
l 16484 16483
l 16462 16484
l 16474 16485
l 16486 16485
l 16487 16486
l 16488 16487
l 16489 16488
l 16490 16489
l 16491 16492
l 16476 16491
l 16478 16493
l 16494 16493
l 16495 16496
l 16497 16495
l 16498 16497
l 16499 16498
l 16500 16499
l 16480 16500
l 16490 16501
l 16502 16501
l 16503 16502
l 16504 16503
l 16505 16504
l 16506 16505
l 16507 16508
l 16492 16507
l 16494 16509
l 16510 16509
l 16511 16512
l 16513 16511
l 16514 16513
l 16515 16514
l 16516 16515
l 16496 16516
l 16506 16517
l 16518 16517
l 16519 16518
l 16520 16519
l 16521 16520
l 16522 16521
l 16523 16524
l 16508 16523
l 16510 16525
l 16526 16525
l 16527 16526
l 16528 16527
l 16529 16528
l 16530 16529
l 16531 16530
l 16512 16531
l 16522 16532
l 16533 16532
l 16534 16533
l 16535 16534
l 16536 16535
l 16537 16536
l 16538 16537
l 16524 16538
l 16539 16540
l 16541 16539
l 16542 16541
l 16543 16542
l 16544 16543
l 16545 16544
l 16546 16545
l 16547 16546
l 16548 16547
l 16549 16548
l 16550 16549
l 16551 16550
l 16552 16551
l 16553 16552
l 16554 16553
l 16555 16554
l 16556 16555
l 16557 16556
l 16558 16557
l 16559 16558
l 16560 16559
l 16561 16562
l 16563 16561
l 16564 16563
l 16565 16564
l 16566 16567
l 16568 16566
l 16569 16568
l 16570 16569
l 16571 16570
l 16540 16571
l 16560 16572
l 16573 16572
l 16574 16573
l 16575 16574
l 16576 16575
l 16577 16576
l 16578 16579
l 16580 16578
l 16581 16580
l 16582 16581
l 16583 16584
l 16585 16583
l 16586 16585
l 16587 16586
l 16562 16587
l 16565 16588
l 16567 16589
l 16577 16590
l 16579 16591
l 16582 16592
l 16593 16592
l 16594 16593
l 16595 16594
l 16596 16595
l 16597 16598
l 16599 16597
l 16600 16599
l 16601 16600
l 16584 16601
l 16588 16602
l 16603 16602
l 16589 16604
l 16605 16604
l 16606 16607
l 16590 16606
l 16608 16609
l 16591 16608
l 16596 16610
l 16611 16610
l 16612 16611
l 16613 16612
l 16614 16613
l 16615 16616
l 16617 16615
l 16618 16617
l 16619 16618
l 16620 16619
l 16598 16620
l 16603 16621
l 16622 16621
l 16605 16623
l 16624 16623
l 16625 16626
l 16607 16625
l 16627 16628
l 16609 16627
l 16614 16629
l 16630 16629
l 16631 16630
l 16632 16631
l 16633 16632
l 16634 16633
l 16635 16636
l 16637 16635
l 16638 16637
l 16639 16638
l 16616 16639
l 16622 16640
l 16624 16641
l 16626 16642
l 16628 16643
l 16634 16644
l 16645 16644
l 16646 16645
l 16647 16646
l 16648 16647
l 16649 16650
l 16651 16649
l 16652 16651
l 16653 16652
l 16636 16653
l 16640 16654
l 16655 16654
l 16641 16656
l 16657 16656
l 16658 16659
l 16642 16658
l 16660 16661
l 16643 16660
l 16648 16662
l 16663 16662
l 16664 16663
l 16665 16664
l 16666 16665
l 16667 16668
l 16669 16667
l 16670 16669
l 16671 16670
l 16650 16671
l 16655 16672
l 16657 16673
l 16659 16674
l 16661 16675
l 16666 16676
l 16677 16676
l 16678 16677
l 16679 16678
l 16680 16679
l 16681 16682
l 16683 16681
l 16684 16683
l 16668 16684
l 16672 16685
l 16686 16685
l 16673 16687
l 16688 16687
l 16689 16690
l 16674 16689
l 16691 16692
l 16675 16691
l 16680 16693
l 16694 16693
l 16695 16694
l 16696 16695
l 16682 16697
l 16698 16697
l 16686 16699
l 16700 16699
l 16688 16701
l 16690 16702
l 16703 16704
l 16692 16703
l 16705 16706
l 16696 16705
l 16698 16707
l 16708 16707
l 16700 16709
l 16701 16710
l 16702 16711
l 16704 16712
l 16713 16714
l 16706 16713
l 16708 16715
l 16716 16715
l 16709 16717
l 16718 16717
l 16710 16718
l 16711 16719
l 16720 16719
l 16712 16720
l 16721 16722
l 16714 16721
l 16716 16723
l 16724 16723
l 16725 16726
l 16727 16725
l 16728 16729
l 16730 16728
l 16731 16732
l 16722 16731
l 16724 16733
l 16734 16733
l 16726 16735
l 16727 16736
l 16737 16736
l 16738 16739
l 16729 16738
l 16730 16740
l 16741 16742
l 16732 16741
l 16734 16743
l 16744 16743
l 16735 16745
l 16737 16746
l 16739 16747
l 16740 16748
l 16749 16750
l 16742 16749
l 16744 16751
l 16752 16751
l 16745 16753
l 16746 16754
l 16755 16754
l 16756 16757
l 16747 16756
l 16748 16758
l 16759 16760
l 16750 16759
l 16752 16761
l 16762 16761
l 16753 16763
l 16764 16763
l 16755 16765
l 16757 16766
l 16767 16768
l 16758 16767
l 16769 16770
l 16760 16769
l 16762 16771
l 16772 16771
l 16764 16773
l 16765 16774
l 16766 16775
l 16768 16776
l 16777 16778
l 16770 16777
l 16772 16779
l 16780 16779
l 16773 16781
l 16782 16781
l 16774 16783
l 16775 16784
l 16785 16786
l 16776 16785
l 16787 16788
l 16778 16787
l 16780 16789
l 16790 16789
l 16782 16791
l 16783 16791
l 16784 16792
l 16786 16792
l 16793 16794
l 16788 16793
l 16790 16795
l 16796 16795
l 16797 16798
l 16794 16797
l 16796 16799
l 16800 16799
l 16801 16802
l 16803 16801
l 16804 16803
l 16805 16806
l 16807 16805
l 16808 16807
l 16809 16810
l 16798 16809
l 16800 16811
l 16812 16811
l 16802 16813
l 16804 16814
l 16815 16814
l 16816 16817
l 16806 16816
l 16808 16818
l 16819 16820
l 16810 16819
l 16812 16821
l 16822 16821
l 16823 16824
l 16825 16823
l 16826 16825
l 16813 16826
l 16815 16827
l 16828 16827
l 16829 16828
l 16830 16829
l 16831 16830
l 16832 16831
l 16817 16832
l 16818 16833
l 16834 16833
l 16835 16834
l 16836 16835
l 16837 16838
l 16820 16837
l 16822 16839
l 16840 16839
l 16841 16842
l 16843 16841
l 16844 16843
l 16845 16844
l 16846 16845
l 16824 16846
l 16836 16847
l 16848 16847
l 16849 16848
l 16850 16849
l 16851 16850
l 16852 16851
l 16853 16854
l 16838 16853
l 16840 16855
l 16856 16855
l 16857 16858
l 16859 16857
l 16860 16859
l 16861 16860
l 16862 16861
l 16842 16862
l 16852 16863
l 16864 16863
l 16865 16864
l 16866 16865
l 16867 16866
l 16868 16867
l 16869 16870
l 16854 16869
l 16856 16871
l 16872 16871
l 16873 16874
l 16875 16873
l 16876 16875
l 16877 16876
l 16878 16877
l 16858 16878
l 16868 16879
l 16880 16879
l 16881 16880
l 16882 16881
l 16883 16882
l 16884 16883
l 16885 16886
l 16870 16885
l 16872 16887
l 16888 16887
l 16889 16888
l 16890 16889
l 16891 16890
l 16892 16891
l 16893 16892
l 16874 16893
l 16884 16894
l 16895 16894
l 16896 16895
l 16897 16896
l 16898 16897
l 16899 16898
l 16900 16899
l 16886 16900
l 16901 16902
l 16903 16901
l 16904 16905
l 16906 16904
l 16907 16906
l 16908 16907
l 16909 16908
l 16910 16909
l 16911 16910
l 16912 16911
l 16913 16912
l 16914 16913
l 16915 16914
l 16916 16915
l 16917 16916
l 16918 16917
l 16919 16918
l 16920 16919
l 16921 16920
l 16922 16921
l 16923 16922
l 16924 16923
l 16925 16924
l 16926 16927
l 16928 16926
l 16929 16930
l 16931 16929
l 16932 16931
l 16933 16932
l 16934 16933
l 16902 16935
l 16903 16936
l 16937 16936
l 16938 16937
l 16939 16938
l 16905 16939
l 16925 16940
l 16941 16940
l 16942 16941
l 16943 16942
l 16927 16943
l 16928 16944
l 16945 16946
l 16947 16945
l 16948 16947
l 16949 16948
l 16950 16949
l 16951 16952
l 16953 16951
l 16954 16953
l 16955 16954
l 16930 16955
l 16934 16956
l 16935 16957
l 16944 16958
l 16946 16959
l 16950 16960
l 16961 16960
l 16962 16961
l 16963 16962
l 16964 16963
l 16965 16966
l 16967 16965
l 16968 16967
l 16969 16968
l 16952 16969
l 16956 16970
l 16971 16970
l 16957 16972
l 16973 16972
l 16974 16975
l 16958 16974
l 16976 16977
l 16959 16976
l 16964 16978
l 16979 16978
l 16980 16979
l 16981 16980
l 16982 16981
l 16983 16984
l 16985 16983
l 16986 16985
l 16987 16986
l 16966 16987
l 16971 16988
l 16989 16988
l 16973 16990
l 16991 16990
l 16992 16993
l 16975 16992
l 16994 16995
l 16977 16994
l 16982 16996
l 16997 16996
l 16998 16997
l 16999 16998
l 17000 16999
l 17001 17002
l 17003 17001
l 17004 17003
l 17005 17004
l 16984 17005
l 16989 17006
l 16991 17007
l 16993 17008
l 16995 17009
l 17000 17010
l 17011 17010
l 17012 17011
l 17013 17012
l 17014 17013
l 17015 17016
l 17017 17015
l 17018 17017
l 17019 17018
l 17020 17019
l 17002 17020
l 17006 17021
l 17022 17021
l 17007 17023
l 17024 17023
l 17025 17026
l 17008 17025
l 17027 17028
l 17009 17027
l 17014 17029
l 17030 17029
l 17031 17030
l 17032 17031
l 17033 17032
l 17034 17033
l 17035 17036
l 17037 17035
l 17038 17037
l 17039 17038
l 17016 17039
l 17022 17040
l 17024 17041
l 17026 17042
l 17028 17043
l 17034 17044
l 17045 17044
l 17046 17045
l 17047 17046
l 17048 17047
l 17049 17050
l 17051 17049
l 17036 17051
l 17040 17052
l 17053 17052
l 17041 17054
l 17055 17054
l 17056 17057
l 17042 17056
l 17058 17059
l 17043 17058
l 17048 17060
l 17061 17060
l 17062 17061
l 17050 17063
l 17064 17063
l 17053 17065
l 17066 17065
l 17055 17067
l 17057 17068
l 17069 17070
l 17059 17069
l 17071 17072
l 17062 17071
l 17064 17073
l 17074 17073
l 17066 17075
l 17067 17076
l 17068 17077
l 17070 17078
l 17079 17080
l 17072 17079
l 17074 17081
l 17082 17081
l 17075 17083
l 17084 17083
l 17076 17084
l 17077 17085
l 17086 17085
l 17078 17086
l 17087 17088
l 17080 17087
l 17082 17089
l 17090 17089
l 17091 17092
l 17093 17091
l 17094 17093
l 17095 17096
l 17097 17095
l 17098 17097
l 17099 17100
l 17088 17099
l 17090 17101
l 17102 17101
l 17092 17103
l 17104 17103
l 17094 17105
l 17106 17105
l 17107 17108
l 17096 17107
l 17109 17110
l 17098 17109
l 17111 17112
l 17100 17111
l 17102 17113
l 17114 17113
l 17104 17115
l 17106 17116
l 17108 17117
l 17110 17118
l 17119 17120
l 17112 17119
l 17114 17121
l 17122 17121
l 17115 17123
l 17116 17124
l 17125 17124
l 17126 17127
l 17117 17126
l 17118 17128
l 17129 17130
l 17120 17129
l 17122 17131
l 17132 17131
l 17123 17133
l 17134 17133
l 17125 17135
l 17127 17136
l 17137 17138
l 17128 17137
l 17139 17140
l 17130 17139
l 17132 17141
l 17142 17141
l 17134 17143
l 17135 17144
l 17136 17145
l 17138 17146
l 17147 17148
l 17140 17147
l 17142 17149
l 17150 17149
l 17143 17151
l 17152 17151
l 17144 17153
l 17145 17154
l 17155 17156
l 17146 17155
l 17157 17158
l 17148 17157
l 17150 17159
l 17160 17159
l 17152 17161
l 17162 17161
l 17153 17162
l 17154 17163
l 17164 17163
l 17156 17164
l 17165 17166
l 17158 17165
l 17160 17167
l 17168 17167
l 17169 17170
l 17171 17169
l 17172 17173
l 17174 17172
l 17175 17176
l 17166 17175
l 17168 17177
l 17178 17177
l 17170 17179
l 17171 17180
l 17181 17180
l 17182 17183
l 17173 17182
l 17174 17184
l 17185 17186
l 17176 17185
l 17178 17187
l 17188 17187
l 17179 17189
l 17181 17190
l 17191 17190
l 17192 17193
l 17183 17192
l 17184 17194
l 17195 17196
l 17186 17195
l 17188 17197
l 17198 17197
l 17199 17200
l 17201 17199
l 17202 17201
l 17189 17202
l 17191 17203
l 17204 17203
l 17205 17204
l 17206 17205
l 17207 17206
l 17208 17207
l 17193 17208
l 17194 17209
l 17210 17209
l 17211 17210
l 17212 17211
l 17213 17214
l 17196 17213
l 17198 17215
l 17216 17215
l 17217 17218
l 17219 17217
l 17220 17219
l 17221 17220
l 17222 17221
l 17200 17222
l 17212 17223
l 17224 17223
l 17225 17224
l 17226 17225
l 17227 17226
l 17228 17227
l 17229 17230
l 17214 17229
l 17216 17231
l 17232 17231
l 17233 17234
l 17235 17233
l 17236 17235
l 17237 17236
l 17238 17237
l 17218 17238
l 17228 17239
l 17240 17239
l 17241 17240
l 17242 17241
l 17243 17242
l 17244 17243
l 17245 17246
l 17230 17245
l 17232 17247
l 17248 17247
l 17249 17250
l 17251 17249
l 17252 17251
l 17253 17252
l 17254 17253
l 17234 17254
l 17244 17255
l 17256 17255
l 17257 17256
l 17258 17257
l 17259 17258
l 17260 17259
l 17261 17262
l 17246 17261
l 17248 17263
l 17264 17263
l 17265 17264
l 17266 17265
l 17267 17266
l 17268 17267
l 17269 17268
l 17250 17269
l 17260 17270
l 17271 17270
l 17272 17271
l 17273 17272
l 17274 17273
l 17275 17274
l 17276 17275
l 17262 17276
l 17277 17278
l 17279 17277
l 17280 17279
l 17281 17282
l 17283 17281
l 17284 17283
l 17285 17284
l 17286 17285
l 17287 17286
l 17288 17287
l 17289 17288
l 17290 17289
l 17291 17290
l 17292 17291
l 17293 17292
l 17294 17293
l 17295 17294
l 17296 17295
l 17297 17296
l 17298 17297
l 17299 17298
l 17300 17299
l 17301 17300
l 17302 17301
l 17303 17302
l 17304 17303
l 17305 17304
l 17306 17305
l 17307 17308
l 17309 17307
l 17310 17309
l 17311 17312
l 17313 17311
l 17314 17313
l 17315 17314
l 17316 17315
l 17278 17317
l 17280 17318
l 17282 17318
l 17306 17319
l 17308 17319
l 17310 17320
l 17321 17322
l 17323 17321
l 17324 17323
l 17325 17324
l 17326 17325
l 17327 17328
l 17329 17327
l 17330 17329
l 17331 17330
l 17312 17331
l 17316 17332
l 17317 17333
l 17320 17334
l 17322 17335
l 17326 17336
l 17337 17336
l 17338 17337
l 17339 17338
l 17340 17339
l 17341 17342
l 17343 17341
l 17344 17343
l 17345 17344
l 17328 17345
l 17332 17346
l 17347 17346
l 17333 17348
l 17349 17348
l 17350 17351
l 17334 17350
l 17352 17353
l 17335 17352
l 17340 17354
l 17355 17354
l 17356 17355
l 17357 17356
l 17358 17357
l 17359 17360
l 17361 17359
l 17362 17361
l 17363 17362
l 17364 17363
l 17342 17364
l 17347 17365
l 17366 17365
l 17349 17367
l 17351 17368
l 17369 17370
l 17353 17369
l 17358 17371
l 17372 17371
l 17373 17372
l 17374 17373
l 17375 17374
l 17376 17375
l 17377 17378
l 17379 17377
l 17380 17379
l 17381 17380
l 17360 17381
l 17366 17382
l 17367 17383
l 17384 17383
l 17385 17386
l 17368 17385
l 17370 17387
l 17376 17388
l 17389 17388
l 17390 17389
l 17391 17390
l 17392 17391
l 17393 17394
l 17395 17393
l 17396 17395
l 17397 17396
l 17378 17397
l 17382 17398
l 17399 17398
l 17384 17400
l 17386 17401
l 17402 17403
l 17387 17402
l 17392 17404
l 17405 17404
l 17406 17405
l 17407 17406
l 17408 17407
l 17409 17410
l 17411 17409
l 17412 17411
l 17413 17412
l 17414 17413
l 17394 17414
l 17399 17415
l 17416 17415
l 17400 17417
l 17418 17417
l 17419 17420
l 17401 17419
l 17421 17422
l 17403 17421
l 17408 17423
l 17424 17423
l 17425 17424
l 17426 17425
l 17427 17426
l 17428 17427
l 17429 17430
l 17410 17429
l 17416 17431
l 17418 17432
l 17433 17432
l 17434 17435
l 17420 17434
l 17422 17436
l 17428 17437
l 17438 17437
l 17430 17439
l 17440 17439
l 17431 17441
l 17442 17441
l 17433 17443
l 17435 17444
l 17445 17446
l 17436 17445
l 17447 17448
l 17438 17447
l 17440 17449
l 17450 17449
l 17442 17451
l 17443 17452
l 17453 17452
l 17454 17455
l 17444 17454
l 17446 17456
l 17457 17458
l 17448 17457
l 17450 17459
l 17460 17459
l 17451 17461
l 17462 17461
l 17453 17463
l 17455 17464
l 17465 17466
l 17456 17465
l 17467 17468
l 17458 17467
l 17460 17469
l 17470 17469
l 17462 17471
l 17472 17471
l 17463 17473
l 17474 17473
l 17475 17476
l 17464 17475
l 17477 17478
l 17466 17477
l 17479 17480
l 17468 17479
l 17470 17481
l 17482 17481
l 17472 17483
l 17474 17484
l 17485 17484
l 17486 17487
l 17476 17486
l 17478 17488
l 17489 17490
l 17480 17489
l 17482 17491
l 17492 17491
l 17483 17493
l 17494 17493
l 17485 17495
l 17487 17496
l 17497 17498
l 17488 17497
l 17499 17500
l 17490 17499
l 17492 17501
l 17502 17501
l 17494 17503
l 17495 17504
l 17505 17504
l 17506 17507
l 17496 17506
l 17498 17508
l 17509 17510
l 17500 17509
l 17502 17511
l 17512 17511
l 17503 17513
l 17514 17513
l 17505 17515
l 17507 17516
l 17517 17518
l 17508 17517
l 17519 17520
l 17510 17519
l 17512 17521
l 17522 17521
l 17514 17523
l 17515 17524
l 17516 17525
l 17518 17526
l 17527 17528
l 17520 17527
l 17522 17529
l 17530 17529
l 17523 17531
l 17532 17531
l 17524 17533
l 17534 17533
l 17535 17536
l 17525 17535
l 17537 17538
l 17526 17537
l 17539 17540
l 17528 17539
l 17530 17541
l 17542 17541
l 17532 17543
l 17544 17543
l 17534 17545
l 17536 17546
l 17547 17548
l 17538 17547
l 17549 17550
l 17540 17549
l 17542 17551
l 17552 17551
l 17544 17553
l 17545 17554
l 17555 17554
l 17556 17557
l 17546 17556
l 17548 17558
l 17559 17560
l 17550 17559
l 17552 17561
l 17562 17561
l 17553 17563
l 17564 17563
l 17555 17565
l 17566 17565
l 17567 17568
l 17557 17567
l 17569 17570
l 17558 17569
l 17571 17572
l 17560 17571
l 17562 17573
l 17574 17573
l 17564 17575
l 17566 17576
l 17577 17576
l 17578 17579
l 17568 17578
l 17570 17580
l 17581 17582
l 17572 17581
l 17574 17583
l 17584 17583
l 17585 17586
l 17587 17585
l 17588 17587
l 17575 17588
l 17577 17589
l 17590 17589
l 17591 17590
l 17592 17591
l 17593 17592
l 17594 17593
l 17579 17594
l 17580 17595
l 17596 17595
l 17597 17596
l 17598 17597
l 17599 17600
l 17582 17599
l 17584 17601
l 17602 17601
l 17603 17604
l 17605 17603
l 17606 17605
l 17607 17606
l 17608 17607
l 17586 17608
l 17598 17609
l 17610 17609
l 17611 17610
l 17612 17611
l 17613 17612
l 17614 17613
l 17615 17616
l 17600 17615
l 17602 17617
l 17618 17617
l 17619 17620
l 17621 17619
l 17622 17621
l 17623 17622
l 17624 17623
l 17604 17624
l 17614 17625
l 17626 17625
l 17627 17626
l 17628 17627
l 17629 17628
l 17630 17629
l 17631 17632
l 17616 17631
l 17618 17633
l 17634 17633
l 17635 17636
l 17637 17635
l 17638 17637
l 17639 17638
l 17640 17639
l 17620 17640
l 17630 17641
l 17642 17641
l 17643 17642
l 17644 17643
l 17645 17644
l 17646 17645
l 17647 17648
l 17632 17647
l 17634 17649
l 17650 17649
l 17651 17652
l 17653 17651
l 17654 17653
l 17655 17654
l 17656 17655
l 17636 17656
l 17646 17657
l 17658 17657
l 17659 17658
l 17660 17659
l 17661 17660
l 17662 17661
l 17663 17664
l 17648 17663
l 17650 17665
l 17652 17665
l 17662 17666
l 17664 17666
l 17667 17668
l 17669 17667
l 17670 17669
l 17671 17670
l 17672 17671
l 17673 17672
l 17674 17673
l 17675 17674
l 17676 17675
l 17677 17676
l 17678 17677
l 17679 17678
l 17680 17679
l 17681 17680
l 17682 17681
l 17683 17682
l 17684 17683
l 17685 17684
l 17686 17685
l 17687 17686
l 17688 17687
l 17689 17688
l 17690 17689
l 17691 17690
l 17692 17691
l 17693 17692
l 17694 17693
l 17695 17694
l 17696 17695
l 17697 17696
l 17698 17697
l 17699 17698
l 17700 17699
l 17701 17702
l 17703 17701
l 17704 17703
l 17705 17704
l 17706 17705
l 17668 17707
l 17700 17708
l 17709 17710
l 17711 17709
l 17712 17711
l 17713 17712
l 17714 17713
l 17716 17715
l 17717 17716
l 17718 17717
l 17719 17718
l 17702 17719
l 17706 17720
l 17721 17720
l 17707 17722
l 17723 17722
l 17724 17725
l 17708 17724
l 17726 17727
l 17710 17726
l 17714 17728
l 17729 17728
l 17730 17729
l 17731 17730
l 17732 17731
l 17733 17734
l 17735 17733
l 17736 17735
l 17737 17736
l 17715 17737
l 17721 17738
l 17723 17739
l 17740 17739
l 17741 17742
l 17725 17741
l 17727 17743
l 17732 17744
l 17745 17744
l 17746 17745
l 17747 17746
l 17748 17747
l 17749 17750
l 17751 17749
l 17752 17751
l 17753 17752
l 17734 17753
l 17738 17754
l 17755 17754
l 17740 17756
l 17742 17757
l 17758 17759
l 17743 17758
l 17748 17760
l 17761 17760
l 17762 17761
l 17763 17762
l 17764 17763
l 17765 17766
l 17767 17765
l 17768 17767
l 17769 17768
l 17770 17769
l 17750 17770
l 17755 17771
l 17756 17772
l 17773 17772
l 17774 17775
l 17757 17774
l 17759 17776
l 17764 17777
l 17778 17777
l 17779 17778
l 17780 17779
l 17781 17780
l 17782 17781
l 17783 17784
l 17785 17783
l 17786 17785
l 17787 17786
l 17766 17787
l 17771 17788
l 17789 17788
l 17773 17790
l 17775 17791
l 17792 17793
l 17776 17792
l 17782 17794
l 17795 17794
l 17796 17795
l 17797 17796
l 17798 17797
l 17799 17800
l 17801 17799
l 17802 17801
l 17803 17802
l 17804 17803
l 17784 17804
l 17789 17805
l 17806 17805
l 17790 17807
l 17808 17807
l 17809 17810
l 17791 17809
l 17811 17812
l 17793 17811
l 17798 17813
l 17814 17813
l 17815 17814
l 17816 17815
l 17817 17816
l 17818 17817
l 17819 17820
l 17800 17819
l 17806 17821
l 17808 17822
l 17823 17822
l 17824 17825
l 17810 17824
l 17812 17826
l 17818 17827
l 17828 17827
l 17820 17829
l 17830 17829
l 17821 17831
l 17832 17831
l 17823 17833
l 17825 17834
l 17835 17836
l 17826 17835
l 17837 17838
l 17828 17837
l 17830 17839
l 17840 17839
l 17841 17840
l 17832 17842
l 17833 17843
l 17844 17843
l 17845 17846
l 17834 17845
l 17836 17847
l 17848 17849
l 17850 17848
l 17838 17850
l 17841 17851
l 17842 17852
l 17853 17852
l 17844 17854
l 17846 17855
l 17856 17857
l 17847 17856
l 17849 17858
l 17851 17859
l 17860 17859
l 17853 17861
l 17854 17862
l 17863 17862
l 17864 17865
l 17855 17864
l 17857 17866
l 17868 17867
l 17858 17868
l 17860 17869
l 17870 17869
l 17861 17871
l 17872 17871
l 17863 17873
l 17874 17873
l 17875 17876
l 17865 17875
l 17877 17878
l 17866 17877
l 17879 17880
l 17867 17879
l 17870 17881
l 17882 17881
l 17872 17883
l 17884 17883
l 17874 17885
l 17876 17886
l 17887 17888
l 17878 17887
l 17889 17890
l 17880 17889
l 17882 17891
l 17892 17891
l 17884 17893
l 17885 17894
l 17895 17894
l 17896 17897
l 17886 17896
l 17888 17898
l 17899 17900
l 17890 17899
l 17892 17901
l 17902 17901
l 17893 17903
l 17904 17903
l 17895 17905
l 17897 17906
l 17907 17908
l 17898 17907
l 17909 17910
l 17900 17909
l 17902 17911
l 17912 17911
l 17904 17913
l 17905 17914
l 17915 17914
l 17916 17917
l 17906 17916
l 17908 17918
l 17919 17920
l 17910 17919
l 17912 17921
l 17922 17921
l 17913 17923
l 17924 17923
l 17915 17925
l 17917 17926
l 17927 17928
l 17918 17927
l 17929 17930
l 17920 17929
l 17922 17931
l 17932 17931
l 17924 17933
l 17925 17934
l 17935 17934
l 17936 17937
l 17926 17936
l 17928 17938
l 17939 17940
l 17930 17939
l 17932 17941
l 17942 17941
l 17933 17943
l 17944 17943
l 17935 17945
l 17937 17946
l 17947 17948
l 17938 17947
l 17949 17950
l 17940 17949
l 17942 17951
l 17952 17951
l 17944 17953
l 17954 17953
l 17945 17955
l 17956 17955
l 17957 17958
l 17946 17957
l 17959 17960
l 17948 17959
l 17961 17962
l 17950 17961
l 17952 17963
l 17964 17963
l 17954 17965
l 17956 17966
l 17967 17966
l 17968 17969
l 17958 17968
l 17960 17970
l 17971 17972
l 17962 17971
l 17964 17973
l 17974 17973
l 17975 17976
l 17977 17975
l 17978 17977
l 17965 17978
l 17967 17979
l 17980 17979
l 17981 17980
l 17982 17981
l 17983 17982
l 17984 17983
l 17969 17984
l 17970 17985
l 17986 17985
l 17987 17986
l 17988 17987
l 17989 17990
l 17972 17989
l 17974 17991
l 17992 17991
l 17993 17994
l 17995 17993
l 17996 17995
l 17997 17996
l 17998 17997
l 17976 17998
l 17988 17999
l 18000 17999
l 18001 18000
l 18002 18001
l 18003 18002
l 18004 18003
l 18005 18006
l 17990 18005
l 17992 18007
l 18008 18007
l 18009 18010
l 18011 18009
l 18012 18011
l 18013 18012
l 18014 18013
l 17994 18014
l 18004 18015
l 18016 18015
l 18017 18016
l 18018 18017
l 18019 18018
l 18020 18019
l 18021 18022
l 18006 18021
l 18008 18023
l 18024 18023
l 18025 18026
l 18027 18025
l 18028 18027
l 18029 18028
l 18030 18029
l 18010 18030
l 18020 18031
l 18032 18031
l 18033 18032
l 18034 18033
l 18035 18034
l 18036 18035
l 18037 18038
l 18022 18037
l 18024 18039
l 18040 18039
l 18041 18042
l 18043 18041
l 18044 18043
l 18045 18044
l 18046 18045
l 18026 18046
l 18036 18047
l 18048 18047
l 18049 18048
l 18050 18049
l 18051 18050
l 18052 18051
l 18053 18054
l 18038 18053
l 18040 18055
l 18042 18055
l 18052 18056
l 18054 18056
